account_id,account_number,customer_id,account_type,product_name,branch_code,branch_name,branch_province,open_date,close_date,status,current_balance,available_balance,ledger_balance,interest_rate,interest_type,currency,credit_limit,last_transaction_date
ae0af86c-b7f4-462b-afe9-f12f61f68957,3705292285,7bfaa120-090a-4fb9-8675-9dc0fc952ff3,Fixed Deposit,PCB Fixed 12M,641958,PCB Queenstown Branch,Eastern Cape,2024-02-11,,Active,167551.2,160622.31,167127.42,0.1716,Prime-linked,ZAR,0.0,2024-10-09
d18e1089-a842-43b7-969c-6d1d1f295c36,5631937550,c978e671-abb7-4632-8b23-ab955c9acf81,Savings Account,PCB Goal Saver,234430,PCB Nelspruit Branch,Mpumalanga,2024-12-30,,Active,17213.73,16381.75,16952.62,0.1496,Fixed,ZAR,0.0,2024-12-31
10deeddf-bfe5-4913-ad0f-078933bd1db7,3185637929,a230f313-bffe-4fb1-884a-180392f85ad8,Fixed Deposit,PCB Fixed 36M,107945,PCB Brits Branch,North West,2024-12-24,,Active,39324.55,38318.65,39429.57,0.0211,Prime-linked,ZAR,0.0,2024-12-29
d74c8c65-75dd-49a9-b0a2-026d520ecaf2,7235827508,a12a2645-12e2-4598-80ad-c5ef43c7195e,Savings Account,PCB Goal Saver,781673,PCB Thohoyandou Branch,Limpopo,2019-10-24,,Active,359.63,340.04,-61.32,0.1671,Prime-linked,ZAR,0.0,2021-08-11
772e3d34-d43e-4895-aef2-18b73d4c324a,9791329940,17c491c0-b59f-4e9f-8213-df727ebad8dc,Cheque Account,PCB Premier Cheque,569511,PCB Umhlanga Branch,KwaZulu-Natal,2020-01-08,,Active,18104.49,17394.07,17970.24,0.1375,Prime-linked,ZAR,329921.04,2022-04-02
53e99d47-7fff-49fd-b03c-33b8a0720d63,2338991451,816dc65f-d7ce-4214-a3f0-1291f7e1b5bc,Savings Account,PCB Flexi Save,168034,PCB Midrand Branch,Gauteng,2018-08-13,,Active,11686.01,11682.86,11471.07,0.1343,Fixed,ZAR,0.0,2022-02-08
97b2bf7b-0706-4b97-9b55-941b9fbbfc0d,1765410735,ba514b81-7ce2-4fc4-8c11-312504268c01,Savings Account,PCB Goal Saver,466975,PCB Bellville Branch,Western Cape,2024-08-23,,Active,10420.0,9383.77,10168.64,0.2081,Fixed,ZAR,0.0,2024-09-30
6bc1ea0e-480b-468a-8821-8d680beb68b0,7501470331,60e9b09c-e343-401f-9e56-3f88d8ea072a,Fixed Deposit,PCB Fixed 12M,144693,PCB Potchefstroom Branch,North West,2021-03-21,,Active,42592.22,40962.56,42861.17,0.1738,Fixed,ZAR,0.0,2022-07-22
f84582bd-160f-41e9-8e4c-01cea251f754,5945877165,60e9b09c-e343-401f-9e56-3f88d8ea072a,Credit Card,PCB Infinite Credit Card,670816,PCB Mokopane Branch,Limpopo,2024-01-10,,Active,-2574.02,22605.25,-3052.98,0.1029,Variable,ZAR,36314.17,2024-01-16
09b303a1-dbce-4dec-b754-740cda3947ca,6311714868,1be44988-6b94-488c-8b74-8099fcf311ad,Cheque Account,PCB Premier Cheque,442505,PCB Louis Trichardt Branch,Limpopo,2023-01-26,,Active,2035.32,1966.54,2506.15,0.0891,Variable,ZAR,31716.4,2024-10-01
d804a65d-0427-41ad-882b-3ff9a511629a,9678690201,85b82117-2d26-41b2-a71e-0b9a810d82e6,Savings Account,PCB Flexi Save,224413,PCB Newcastle Branch,KwaZulu-Natal,2024-03-17,,Active,337.76,331.0,770.3,0.1381,Variable,ZAR,0.0,2024-08-17
9c219ddb-5da5-48b0-92a1-3bc7d177d20e,9772728905,f4be94ff-f06b-46a4-8cba-1a36fadcbac4,Business Account,PCB Enterprise Account,786981,PCB Queenstown Branch,Eastern Cape,2024-10-26,,Active,382233.12,363603.77,382238.71,0.2173,Fixed,ZAR,672977.75,2024-12-26
15433078-5938-4180-b955-3c30515cd4b9,1955019735,17c491c0-b59f-4e9f-8213-df727ebad8dc,Money Market,PCB Money Market Call,949833,PCB Bellville Branch,Western Cape,2024-10-09,,Active,4896287.32,4545890.04,4896386.81,0.1403,Fixed,ZAR,0.0,2024-12-28
2b856080-7195-4ecf-8ee8-a8dc8fa247f5,7601853764,d02aaa23-8d0f-485d-be99-dd27de191080,Cheque Account,PCB Plus Cheque,178589,PCB East London Branch,Eastern Cape,2017-06-16,,Active,2109.53,1917.46,2420.29,0.0883,Variable,ZAR,16220.94,2021-03-20
5d4df3a3-420b-4f1f-8676-c915f882f32d,2732065338,f555d33d-f80b-4502-ab66-8e64ef1b51f0,Cheque Account,PCB Premier Cheque,555275,PCB Soweto Branch,Gauteng,2017-03-05,,Active,4869.37,4789.99,4768.71,0.046,Prime-linked,ZAR,8075.03,2018-06-04
74ff7689-2554-458f-94ad-acfa3ea5790c,3912505621,2f418199-1049-4389-83b4-2ea755610f9d,Cheque Account,PCB Premier Cheque,486469,PCB Thohoyandou Branch,Limpopo,2021-09-27,,Dormant,10098.65,9419.78,9757.58,0.009,Fixed,ZAR,56212.73,2024-05-17
47541f2e-5f8f-465b-b73d-cbe5a9e76a05,4392849534,7bebd5d3-e468-4e58-8ba1-a51e5494d51f,Savings Account,PCB Flexi Save,488904,PCB Centurion Branch,Gauteng,2024-05-20,,Active,13133.63,11883.34,12996.99,0.0663,Variable,ZAR,0.0,2024-11-21
c0289eef-258a-4d7e-953a-2f26de856b9b,6464483966,27b64371-9beb-43d4-b155-f5264a48d714,Cheque Account,PCB Gold Cheque,341016,PCB East London Branch,Eastern Cape,2019-11-11,,Active,184.08,182.61,434.8,0.0686,Variable,ZAR,12140.68,2024-06-22
4c821eef-220b-4049-905b-2db203a164d4,4963606672,99bb606a-d40c-4df5-9890-d18086d5f335,Credit Card,PCB Infinite Credit Card,332612,PCB Kroonstad Branch,Free State,2024-12-24,,Active,-109.89,5720.99,-361.69,0.1597,Fixed,ZAR,14310.83,2024-12-30
91ca2a02-96fd-4f3e-aa22-ef0e7e0d3ff9,5852195828,90de2424-c3c9-493f-a5c9-9bb234518d61,Money Market,PCB Money Market 32-Day,542981,PCB Bethlehem Branch,Free State,2024-08-08,,Active,488230.4,481499.27,488114.77,0.1678,Variable,ZAR,0.0,2024-08-12
b5dc4269-fbe9-489c-a309-cc3252c9a46e,2689514409,cd2e6f39-f46e-4121-baa3-933966d859b5,Business Account,PCB Business Premium,584175,PCB Paarl Branch,Western Cape,2024-11-04,2024-12-05,Closed,454071.9,412894.41,454088.84,0.0157,Fixed,ZAR,231080.14,2024-12-05
a6235eb3-fb7d-4905-a0ac-f67bc3265630,9966732169,175ee67e-b6bf-4c61-ab3e-60cb4c9c4bac,Cheque Account,PCB Plus Cheque,844836,PCB Durban Branch,KwaZulu-Natal,2022-10-17,,Active,12777.92,12223.39,12286.28,0.0147,Fixed,ZAR,15130.97,2024-08-03
7867629d-04e0-4401-8c0b-ad6a57d69ac8,1708277937,9a3f7ed0-8efc-4452-905c-031240e0733f,Credit Card,PCB Infinite Credit Card,391431,PCB Durban Branch,KwaZulu-Natal,2023-02-25,,Active,-8129.02,12858.65,-8618.07,0.0526,Fixed,ZAR,35707.38,2024-10-23
e1fd2535-42c6-463e-84ac-3d2fa55c1357,8546155028,ba5dd48f-c112-4397-bc7a-8933ff5b11dc,Credit Card,PCB Gold Credit Card,341016,PCB East London Branch,Eastern Cape,2018-03-09,,Active,-145678.13,-143345.48,-145915.84,0.0398,Prime-linked,ZAR,100090.21,2023-05-06
b90f6827-19e5-4ff1-aa5b-d36146f8d145,1178928449,8acfa629-f833-45b6-9bd2-7eaf52e81aff,Cheque Account,PCB Prestige Cheque,202161,PCB Cape Town Branch,Western Cape,2018-10-15,,Active,16401.35,16022.04,16013.46,0.1478,Prime-linked,ZAR,39490.48,2023-03-10
200536da-3c80-4e75-8129-5e0e2a49b7d5,6676575488,4cfc8c61-65a0-4af9-b76e-627bb3429f67,Cheque Account,PCB Prestige Cheque,878160,PCB Queenstown Branch,Eastern Cape,2024-05-06,,Active,42980.64,38824.38,42829.46,0.1842,Variable,ZAR,66556.97,2024-12-31
1e53b0a6-0291-4e94-a0a2-29e0e92309fe,8273466105,2e55a89e-d749-4d86-862c-9b529be6064f,Savings Account,PCB Goal Saver,532613,PCB Upington Branch,Northern Cape,2024-11-29,,Active,59083.59,55594.49,58720.65,0.0752,Fixed,ZAR,0.0,2024-12-17
03ac280c-2885-425c-810f-34640340c550,6966953621,052a0fcd-ee38-4e04-92e9-1ae87b732a42,Savings Account,PCB Goal Saver,605258,PCB Welkom Branch,Free State,2024-06-12,,Active,43938.93,41681.37,43563.29,0.0086,Prime-linked,ZAR,0.0,2024-12-12
15d836c5-2708-4af9-a150-80a32e17257e,2593410040,f47cf1a9-3dd7-4779-925a-8b00d4d9459b,Fixed Deposit,PCB Fixed 36M,602867,PCB Secunda Branch,Mpumalanga,2022-09-25,,Active,129182.74,117733.08,129528.01,0.1727,Variable,ZAR,0.0,2023-11-14
9eb2861b-88c5-4fd2-90cf-dd5e43b539a9,5894286038,6ccbeb87-4cd6-46b3-81bc-6bc4ddb7301d,Cheque Account,PCB Plus Cheque,916190,PCB Soweto Branch,Gauteng,2023-04-27,,Active,7624.94,7585.04,7824.35,0.0886,Fixed,ZAR,43335.55,2024-06-18
24f0f41c-da50-4f98-aac7-d7517824a6d1,2744207811,e468483b-cf18-479d-8b10-3fc7f309a13a,Savings Account,PCB Flexi Save,980432,PCB Sandton Branch,Gauteng,2018-06-14,,Active,5621.49,5369.85,5417.82,0.195,Fixed,ZAR,0.0,2023-03-06
529d21f1-ce86-44e2-8070-5e6002e39d95,5101233476,7bebd5d3-e468-4e58-8ba1-a51e5494d51f,Money Market,PCB Money Market Call,371955,PCB Welkom Branch,Free State,2022-02-02,,Active,539679.4,486018.8,539545.37,0.0853,Fixed,ZAR,0.0,2024-03-09
ac69762d-252b-47d9-a5a5-23fc46fdcd28,5698219254,4899ed45-9c58-43fc-a9b1-110f1e0da786,Savings Account,PCB SaveSmart,850437,PCB Tzaneen Branch,Limpopo,2023-12-09,,Active,55086.82,52656.28,55266.21,0.1447,Variable,ZAR,0.0,2024-07-12
0a910acd-e3af-4d38-8a85-1e97329e38d0,6393018908,b51de595-a81c-4f1a-b6bd-8d8c8b2114ac,Savings Account,PCB Flexi Save,786981,PCB Queenstown Branch,Eastern Cape,2023-02-20,,Active,25220.7,24345.89,25160.74,0.0186,Fixed,ZAR,0.0,2023-08-22
e02b4cf0-c002-43de-9198-69dde51b94a9,8342913134,5c256c19-19f1-4458-9097-1493fe628d0c,Savings Account,PCB SaveSmart,916338,PCB Queenstown Branch,Eastern Cape,2020-12-18,,Active,10753.16,10489.39,10579.56,0.1023,Variable,ZAR,0.0,2021-04-12
610f1d22-f0ec-4784-a40a-fe69fd76e5ca,5528674657,0197d7ef-b2fb-457c-9bdd-b76dc3b0d59e,Cheque Account,PCB Premier Cheque,131962,PCB Polokwane Branch,Limpopo,2020-04-17,,Active,28146.82,27545.06,28326.83,0.0754,Fixed,ZAR,190245.02,2023-07-26
0cbf64fb-539c-4389-bdf0-0fce6d0f96aa,7003761377,f1223908-ced9-4191-98a2-7223e90fc330,Business Account,PCB Enterprise Account,543745,PCB Bethlehem Branch,Free State,2024-12-06,,Active,65938.58,65411.39,66081.57,0.1204,Variable,ZAR,125307.29,2024-12-23
526cd0f9-8455-4ce4-a30e-3b6875f0038d,2009538345,ea7e11b4-f9f8-4196-811a-38bd00b09c13,Savings Account,PCB Goal Saver,569511,PCB Umhlanga Branch,KwaZulu-Natal,2021-02-23,,Active,536.54,514.83,251.35,0.0776,Fixed,ZAR,0.0,2024-04-02
ae757f7d-80a3-4353-aa43-45dd08756f67,3013083040,fe1a8c18-0675-4320-8f1e-042b27d85a51,Cheque Account,PCB Premier Cheque,484034,PCB Umhlanga Branch,KwaZulu-Natal,2024-09-15,,Active,3538.07,3444.72,3708.62,0.1062,Variable,USD,33786.78,2024-09-15
2c7010ea-e15c-4612-ab64-06496e195c72,2139709122,7b6b59d2-c460-4e97-b24f-535647c53c9c,Savings Account,PCB PocketSave,744089,PCB Soweto Branch,Gauteng,2021-07-12,,Active,30695.47,27644.89,30889.53,0.1915,Variable,ZAR,0.0,2024-07-26
6d0f96db-bb74-4fd4-8f9e-bee6bd93e02a,1932067501,c046d20f-f8d8-4553-bbfd-4056d99a8e05,Cheque Account,PCB Plus Cheque,205253,PCB Upington Branch,Northern Cape,2023-02-05,,Active,18157.72,17820.7,17683.25,0.0842,Variable,ZAR,49647.04,2023-10-10
7d892f2f-a0ca-4968-a82c-b4bad3abea2a,7033881481,d289ca96-2681-47e6-97d3-3e049227ddd7,Savings Account,PCB PocketSave,113766,PCB Johannesburg Branch,Gauteng,2024-12-19,,Active,4579.68,4256.14,4778.28,0.0518,Fixed,ZAR,0.0,2024-12-21
c6a19e57-fdf4-4409-bc45-021eb6ccf5a9,9435963050,d287f928-f6d1-4afa-9353-7914edfdc45e,Savings Account,PCB Goal Saver,949833,PCB Bellville Branch,Western Cape,2019-12-26,,Active,6984.1,6854.17,7044.77,0.0343,Variable,ZAR,0.0,2024-04-05
f8a4dc98-7a81-47c8-aaf2-082ae5b61c61,1684848224,122bed0b-4808-451c-bd47-58db96f860bc,Cheque Account,PCB Prestige Cheque,945253,PCB Johannesburg Branch,Gauteng,2017-09-17,,Active,4899.53,4579.72,4657.82,0.1016,Fixed,ZAR,57972.85,2024-09-07
2e72bfad-8c73-4837-ab65-169bbeebbb9f,1000571208,76b85659-01fe-405a-84a4-11f51d8dba1b,Cheque Account,PCB Premier Cheque,518002,PCB Ekurhuleni Branch,Gauteng,2020-03-13,,Dormant,19957.91,19685.16,20143.92,0.0098,Fixed,ZAR,22660.72,2021-08-09
41a78a7c-9cb7-4be1-8e57-fff2c096a4bd,9424695859,a027a9f3-e762-474c-a0df-f665d2a25956,Fixed Deposit,PCB Fixed 60M,127939,PCB Port Elizabeth Branch,Eastern Cape,2020-11-16,,Active,385908.75,356535.48,385583.94,0.0664,Fixed,ZAR,0.0,2022-01-25
d60e9eae-5b22-48a3-9889-6f7ce0e658ff,7370602194,bc102d0c-3acf-4601-878f-8dfa75aa8f45,Savings Account,PCB Flexi Save,900529,PCB Stellenbosch Branch,Western Cape,2024-10-22,,Active,4693.18,4660.05,4784.17,0.0379,Prime-linked,ZAR,0.0,2024-10-23
2101ea33-fa20-49e5-9f17-f87cf327ec9e,6684850729,489a6541-a54b-4982-ab84-00aa5d9b5247,Money Market,PCB Money Market 32-Day,462009,PCB Mafikeng Branch,North West,2016-03-08,,Active,167486.56,162985.71,167328.66,0.2023,Variable,ZAR,0.0,2021-02-22
18fc1a80-db9f-47d2-a61d-14318ef64f61,5229174084,c78a0d18-6aa0-49e8-8fae-3d1bafc78948,Cheque Account,PCB Plus Cheque,178589,PCB East London Branch,Eastern Cape,2020-12-25,,Active,43049.33,42097.35,42578.78,0.1627,Prime-linked,ZAR,116903.16,2022-07-30
18908ba3-5781-4af6-b03a-b5a7d1d8e3de,7225126959,c978e671-abb7-4632-8b23-ab955c9acf81,Business Account,PCB Business Current,544392,PCB Polokwane Branch,Limpopo,2020-05-26,,Active,81589.1,78060.4,81714.52,0.1764,Prime-linked,ZAR,135453.02,2023-03-01
184dd988-5dfd-4605-8d44-5ce0e4a3622c,3053606263,14407c92-24a5-4b5f-9183-82abcbe690e4,Cheque Account,PCB Prestige Cheque,126891,PCB Polokwane Branch,Limpopo,2018-11-26,,Active,6776.89,6725.77,7163.59,0.1164,Fixed,ZAR,31492.2,2023-05-15
5645f1bd-c1bc-408a-82b9-6dd8df48a4ea,2345149145,04485172-9859-4d78-ab90-1473d401724d,Cheque Account,PCB Prestige Cheque,303060,PCB Johannesburg Branch,Gauteng,2019-08-03,,Active,26680.75,25716.22,26418.79,0.1805,Fixed,ZAR,75874.33,2023-01-12
a4341b92-e767-4d9a-a8bc-a1cd5c3cac45,7425524442,e48bf09c-1d7e-4a66-9946-31e8e782c08e,Credit Card,PCB Platinum Credit Card,248770,PCB Soweto Branch,Gauteng,2021-08-05,,Active,-18491.28,-8265.77,-18350.97,0.179,Fixed,ZAR,12408.22,2021-11-22
d6737ea7-cd08-4e65-8521-3373efaa0745,5886470640,19720c0b-051e-47ea-b902-9b819c88f5ca,Business Account,PCB Business Current,544392,PCB Polokwane Branch,Limpopo,2020-11-29,,Active,325761.86,300303.53,325628.68,0.0417,Prime-linked,ZAR,375112.58,2023-04-08
f265ce5c-3442-4629-97c2-f86ddcb24bb7,5599797330,2ecc888d-d15b-4f39-b160-3e1801da08c9,Fixed Deposit,PCB Fixed 12M,525239,PCB Brits Branch,North West,2019-03-16,,Active,166250.89,166021.57,165790.9,0.1604,Variable,ZAR,0.0,2024-11-26
16ba55ca-e80c-4b37-90bc-e750491e50c7,8336093893,1281fa70-afeb-4ce9-824d-8e9dca3d47e0,Cheque Account,PCB Prestige Cheque,391431,PCB Durban Branch,KwaZulu-Natal,2019-01-11,,Active,2903.52,2762.5,2989.72,0.028,Variable,ZAR,33153.16,2024-06-17
2143fcc5-c0dd-4d9a-91a9-c397c3668087,2346827425,e67fb514-f205-44b3-8ad0-92adffde1fbe,Credit Card,PCB Standard Credit Card,342018,PCB King William's Town Branch,Eastern Cape,2022-05-02,,Active,-20062.9,30216.54,-19973.62,0.1414,Variable,ZAR,117681.74,2024-08-12
1548c47b-bc81-4e5f-b221-ff7b6c016b8b,1547861672,87805b14-50da-45b2-b8d0-37963f00a73b,Credit Card,PCB Platinum Credit Card,921664,PCB Klerksdorp Branch,North West,2021-05-10,,Dormant,-44669.96,-25025.86,-44753.01,0.1969,Fixed,ZAR,137445.85,2022-07-27
1571d760-b60a-4a6e-a3ca-535d3e12029b,9910467285,08e86fa6-91bc-46ac-a63a-ccbb741f22be,Savings Account,PCB PocketSave,935986,PCB Johannesburg Branch,Gauteng,2016-10-05,,Active,4999.18,4870.57,4880.19,0.0338,Fixed,ZAR,0.0,2024-10-26
ee052a66-b4aa-49db-85df-8b8b30ebc314,9607474241,91d4ac74-7434-41a2-ba19-73c7da83ea78,Savings Account,PCB SaveSmart,236301,PCB Pinetown Branch,KwaZulu-Natal,2019-04-28,,Active,3636.57,3412.59,3698.95,0.0797,Fixed,ZAR,0.0,2019-07-03
386b4e13-e2a6-4f59-9168-3aeba46bb133,4906784169,79a9ad0b-9d69-468e-ac89-6261e5263044,Savings Account,PCB SaveSmart,236664,PCB Centurion Branch,Gauteng,2023-07-26,,Active,16841.84,15688.08,16778.78,0.1588,Prime-linked,ZAR,0.0,2023-12-13
ea015bf1-17f5-4e65-b20c-70edcd91274c,3111814708,77595890-46d2-4f84-ba33-d6e12b874937,Cheque Account,PCB Premier Cheque,464938,PCB King William's Town Branch,Eastern Cape,2024-05-14,,Active,14728.94,13511.28,15158.08,0.0406,Variable,ZAR,44988.29,2024-11-13
ef3ca94b-d20a-4472-bf74-bf40d613f2e7,8936326783,a1dfb36c-cd18-4be2-bef0-9cfb5f7cdf0d,Savings Account,PCB PocketSave,575774,PCB Centurion Branch,Gauteng,2020-09-19,,Active,83727.52,82010.86,83753.38,0.1251,Variable,ZAR,0.0,2021-01-15
3beb0eab-120c-4697-87d4-49d061e8caa6,8054199537,b50188f4-7953-4ae2-923a-3ba84c79c311,Cheque Account,PCB Plus Cheque,332612,PCB Kroonstad Branch,Free State,2020-04-24,,Active,1367.77,1315.19,944.8,0.1659,Fixed,ZAR,84544.1,2023-07-16
d0f74bed-9d4b-4b9e-9c0b-e0f32e84d161,8213174875,79ed2e81-d033-4bea-a3d9-faeb7e9b80e5,Money Market,PCB Money Market 32-Day,552168,PCB Mthatha Branch,Eastern Cape,2020-06-19,,Active,709294.87,639816.47,709394.33,0.2189,Variable,ZAR,0.0,2022-08-29
f204a453-cbb5-46ea-83bd-0d60fa26cc40,5170693360,9a189484-cd9f-435c-b424-c12d0a715eb2,Credit Card,PCB Infinite Credit Card,670816,PCB Mokopane Branch,Limpopo,2023-03-26,,Active,-83426.58,-16545.0,-83539.76,0.1994,Variable,ZAR,86293.87,2023-11-28
84f76d86-3d55-446b-b8d0-6ee04eadf2f8,2791778069,b50188f4-7953-4ae2-923a-3ba84c79c311,Cheque Account,PCB Prestige Cheque,676396,PCB Standerton Branch,Mpumalanga,2023-11-19,2024-02-29,Closed,36010.58,33115.38,35561.28,0.1245,Prime-linked,ZAR,58008.11,2024-02-29
2394630b-f57c-4ba1-8501-c26889763147,9379838736,802e7e56-190c-41fd-a9d0-3d2880dd2cc3,Credit Card,PCB Infinite Credit Card,399322,PCB Middelburg Branch,Mpumalanga,2024-04-25,,Active,-43379.58,-35072.86,-42978.71,0.1661,Prime-linked,ZAR,25745.17,2024-08-07
27c5735d-2b24-4438-820d-da31e3eef36d,8553340053,e7095fef-429f-48cc-8b19-165c99b972fa,Savings Account,PCB Goal Saver,464938,PCB King William's Town Branch,Eastern Cape,2019-06-06,,Active,2641.89,2466.07,2664.63,0.0927,Variable,EUR,0.0,2023-08-23
126f9c8c-bf2f-4335-b43f-3eabdbe2a403,1024570953,1fecb188-f348-4185-a3b2-43db92f007c6,Savings Account,PCB Flexi Save,459022,PCB Kroonstad Branch,Free State,2020-11-09,,Active,9333.92,9240.7,9799.98,0.061,Variable,ZAR,0.0,2022-05-25
b943a203-e518-4411-99ba-87b6285b3dc4,4675788083,d7243b67-f245-405d-aa9e-5320dfd3fe49,Savings Account,PCB SaveSmart,107945,PCB Brits Branch,North West,2020-07-27,,Active,1533.15,1452.85,1370.73,0.1781,Fixed,ZAR,0.0,2023-07-19
04571bb1-a347-42cc-a58e-6d1b930c2b0c,6594352061,52c43632-653a-46c0-a7af-cb4c3a1026a2,Cheque Account,PCB Premier Cheque,144693,PCB Potchefstroom Branch,North West,2017-10-08,,Active,2333.54,2316.9,2216.15,0.0612,Variable,ZAR,14528.56,2019-06-30
25c73836-cca0-4494-b417-b0606da94f03,4578515141,30a09d30-c046-45de-bf2e-c137e0b6d6f9,Savings Account,PCB SaveSmart,144512,PCB Pinetown Branch,KwaZulu-Natal,2022-09-05,,Active,20984.78,19909.75,21096.4,0.2102,Prime-linked,ZAR,0.0,2023-01-30
420d23be-6e87-472c-ad3e-e0d077b0ba0b,4724866120,27cf3535-ec87-4531-ae61-98411ccdf94e,Business Account,PCB Business Current,602867,PCB Secunda Branch,Mpumalanga,2021-04-25,,Active,2062352.67,1974537.57,2062365.23,0.0563,Variable,ZAR,2684391.15,2023-12-13
ea34d363-9e19-4716-b4ed-637fc112975f,2150111350,d2367ea1-c1ad-4362-85ba-3f1645a7dde8,Money Market,PCB Treasury Plus,325043,PCB Sandton Branch,Gauteng,2024-05-14,,Active,229054.47,207103.46,228962.68,0.015,Fixed,ZAR,0.0,2024-07-29
565958dc-8f13-437c-a130-b874a0b9f288,1959232992,85ad99d1-6a69-48ec-9dab-cef2a6e2dc73,Business Account,PCB Business Current,984479,PCB Queenstown Branch,Eastern Cape,2023-07-03,,Active,323278.94,321817.0,323472.63,0.1659,Prime-linked,ZAR,191104.63,2024-12-31
3277d790-8aeb-4a40-899f-0f9d90edd359,7903739080,209811af-6b34-4403-a553-a4aed09aaf0e,Cheque Account,PCB Premier Cheque,838516,PCB Soweto Branch,Gauteng,2021-02-11,,Active,1510.32,1469.68,1588.71,0.1335,Prime-linked,ZAR,59472.9,2024-09-09
e8372e44-ac47-4339-88e8-ac1379279387,2154170102,122bed0b-4808-451c-bd47-58db96f860bc,Savings Account,PCB Flexi Save,681898,PCB Centurion Branch,Gauteng,2016-10-09,,Active,7201.43,6569.4,6836.36,0.065,Variable,ZAR,0.0,2022-12-31
6aace404-3878-4cc8-bd1d-9fdc693412bc,2993031008,c046d20f-f8d8-4553-bbfd-4056d99a8e05,Savings Account,PCB PocketSave,373743,PCB Standerton Branch,Mpumalanga,2022-02-19,,Dormant,54149.84,52042.11,53920.14,0.0079,Prime-linked,ZAR,0.0,2022-05-16
f9df52b7-a106-4bca-a3d3-12346701ec5a,7756142058,c3d68512-ee39-41cc-9791-0586599d9721,Savings Account,PCB Goal Saver,163755,PCB Soweto Branch,Gauteng,2024-04-16,,Active,590.8,545.3,842.59,0.1133,Fixed,ZAR,0.0,2024-04-23
a2813cd1-0266-4141-adf7-6bf5bbd76db6,1193949527,124ec93d-f7de-4fe4-9ff8-56fcac806005,Cheque Account,PCB Prestige Cheque,341016,PCB East London Branch,Eastern Cape,2024-03-14,,Active,6306.55,6166.06,6057.76,0.0091,Variable,ZAR,19876.03,2024-12-19
797461f3-8d51-487e-a78d-bf138e38d20a,5163742778,97996329-6e3f-48fe-bc36-b36c88817145,Money Market,PCB Treasury Plus,525239,PCB Brits Branch,North West,2018-07-12,,Active,5539.43,5142.13,5290.4,0.0374,Prime-linked,ZAR,0.0,2021-02-21
cc22f465-e0dd-4770-a0df-58588741115c,3012809947,e47078f3-ad8c-4911-9a05-d5760dcfd8a7,Cheque Account,PCB Premier Cheque,602867,PCB Secunda Branch,Mpumalanga,2024-10-17,,Active,8455.91,7810.97,8288.03,0.0667,Variable,ZAR,70619.38,2024-10-19
5417d7cd-bc0e-4945-b19a-a42f4daf059d,7318605516,35467d6b-f1b1-4241-815d-df93767762c1,Savings Account,PCB Goal Saver,676396,PCB Standerton Branch,Mpumalanga,2024-08-29,,Active,5126.42,5105.47,4722.79,0.1687,Variable,ZAR,0.0,2024-10-26
71bddbd5-e2bb-4e6c-8c2a-382628c2ab10,9876381804,c90b10fd-a511-488a-9e8d-0fbec48e1af4,Savings Account,PCB Flexi Save,543745,PCB Bethlehem Branch,Free State,2024-10-30,,Active,2112.02,2035.44,1977.32,0.2137,Variable,ZAR,0.0,2024-11-18
fafc33ea-40db-4d16-a2c7-eea56b35465f,4109164567,f08a0cb8-0801-4ed0-bad6-d7251ed2fea2,Cheque Account,PCB Prestige Cheque,854757,PCB Umhlanga Branch,KwaZulu-Natal,2015-01-25,2020-10-06,Closed,1201.34,1092.13,1224.02,0.04,Fixed,ZAR,21221.35,2020-10-06
0e3b8097-ce34-4e25-8620-48a7c6ce0cb3,7745467498,2ea14f7d-a56a-4f64-86f9-a70de9fdfd34,Savings Account,PCB Goal Saver,205253,PCB Upington Branch,Northern Cape,2020-11-06,,Active,888.26,842.07,784.69,0.1181,Prime-linked,ZAR,0.0,2021-06-11
2ea7dac7-fa6a-45e6-abb4-7397b21b87d9,7651341812,3313d442-8fb2-442e-8b5b-105ae70e7556,Money Market,PCB Money Market Call,744089,PCB Soweto Branch,Gauteng,2024-09-12,,Active,3251179.05,3179723.63,3251650.12,0.0995,Variable,ZAR,0.0,2024-12-03
a3b82fbe-d225-4985-b790-d97c139dced8,5305652480,0f56db33-98fd-4cf3-a1b3-5cbfb0f72301,Cheque Account,PCB Premier Cheque,484502,PCB Sandton Branch,Gauteng,2019-05-03,,Dormant,1000.98,917.03,793.52,0.1186,Variable,ZAR,52541.29,2024-04-22
55e0075a-a469-496e-be56-a1e83e8fdeb5,5682923514,3acebc57-2f2f-4565-9336-7b9605009e45,Cheque Account,PCB Prestige Cheque,236664,PCB Centurion Branch,Gauteng,2023-10-25,,Active,45813.98,44835.23,46280.59,0.2062,Variable,ZAR,1198818.18,2024-05-02
96704af9-a65d-4adc-8ecc-8c63123cd16a,4590487682,66a5b361-8f0b-41dc-80c4-bc7aaa6cf6c6,Cheque Account,PCB Gold Cheque,853759,PCB Nelspruit Branch,Mpumalanga,2023-12-30,,Active,6314.16,5754.5,6637.49,0.1858,Fixed,ZAR,29599.35,2024-06-06
f7c6fcb1-0138-44c5-8d82-3b0dc493d2cb,5806270760,1a66d7ba-014a-4a92-a941-d9d48ae44bbd,Savings Account,PCB Flexi Save,676396,PCB Standerton Branch,Mpumalanga,2022-06-04,,Active,9314.13,9094.72,9274.3,0.0368,Prime-linked,ZAR,0.0,2023-10-02
4085320e-e917-449f-bd6b-15654080aaf2,9744173587,ca32bc99-ff8b-4b9d-9ca0-72f790ef992c,Savings Account,PCB SaveSmart,476455,PCB Bloemfontein Branch,Free State,2024-01-22,,Active,137568.51,125408.78,137296.51,0.1544,Variable,ZAR,0.0,2024-02-19
58a758a2-fc7f-4a4e-9081-30748ef57276,7666601977,bed3e96b-6b34-4f69-a6b3-76fa24c840c0,Cheque Account,PCB Prestige Cheque,719511,PCB Bloemfontein Branch,Free State,2024-05-22,,Active,110469.39,100826.28,110683.86,0.1431,Prime-linked,ZAR,506236.46,2024-06-05
5d46670a-5225-449b-86c3-a18bc4e72537,3254133368,148694da-57d4-425a-9f97-96d8293011be,Credit Card,PCB Infinite Credit Card,770919,PCB Pinetown Branch,KwaZulu-Natal,2024-04-23,,Active,-20953.75,-15360.91,-20662.69,0.0976,Variable,ZAR,79217.25,2024-07-12
d0ae8a4d-0de1-43bb-8147-cfe82c9e4a9a,3587838782,e2ecc6fb-55cd-42e1-be41-3182bc1305ad,Cheque Account,PCB Plus Cheque,573404,PCB Sandton Branch,Gauteng,2019-06-24,,Active,1670.97,1593.64,1237.28,0.1333,Prime-linked,ZAR,71336.94,2022-03-31
8c3df183-e48d-4079-ad3d-5e8ecb7fc3d0,7466193325,52c43632-653a-46c0-a7af-cb4c3a1026a2,Credit Card,PCB Platinum Credit Card,967977,PCB Stellenbosch Branch,Western Cape,2022-09-28,,Active,-24503.61,13739.75,-24613.0,0.0941,Prime-linked,ZAR,53696.93,2023-05-01
69d574ec-1d3c-4d31-ab3c-417f6f445b03,7352199325,aa99ad02-e5e4-4906-9b2b-94fdb2a88683,Savings Account,PCB Flexi Save,161496,PCB East London Branch,Eastern Cape,2020-01-15,,Active,6820.49,6680.42,6343.34,0.0392,Variable,ZAR,0.0,2023-11-18
4b004718-d836-4fb6-b039-83e1b568947f,9709580819,d008e9b4-a86d-491e-bb43-dcf5c491c1cc,Credit Card,PCB Standard Credit Card,476455,PCB Bloemfontein Branch,Free State,2024-02-05,,Active,-38110.23,-33704.22,-38495.71,0.144,Fixed,ZAR,40506.06,2024-12-09
40c56482-2285-47fa-8229-53334c50c1c0,4274560148,2e55a89e-d749-4d86-862c-9b529be6064f,Cheque Account,PCB Premier Cheque,854757,PCB Umhlanga Branch,KwaZulu-Natal,2024-08-29,,Active,12652.07,11540.59,12698.89,0.039,Fixed,ZAR,80285.57,2024-11-19
9f4d5338-37a0-442d-811f-8464f8d1e7ee,1508617313,35467d6b-f1b1-4241-815d-df93767762c1,Cheque Account,PCB Gold Cheque,498978,PCB Paarl Branch,Western Cape,2024-12-05,,Active,1384.86,1317.22,1800.27,0.0904,Fixed,ZAR,22126.2,2024-12-24
b1db6708-83c6-4011-9b8c-452726076f11,1991999034,e54eb950-2764-4ad5-bf06-ee2957c26cf5,Cheque Account,PCB Prestige Cheque,224266,PCB Pinetown Branch,KwaZulu-Natal,2024-06-19,,Active,2176.04,2071.36,1822.77,0.1271,Variable,ZAR,7601.58,2024-11-07
a9b886d8-bca1-4828-98e9-fdaa43e9ae9a,2357994892,58b6ea81-b316-4f19-a7eb-6ad8b9be5b12,Money Market,PCB Money Market 32-Day,862066,PCB Bellville Branch,Western Cape,2021-12-29,,Active,12906676.93,11706747.13,12906613.59,0.0718,Fixed,ZAR,0.0,2022-04-02
9a600c4d-776f-4c52-90b3-f6d118669431,5185077893,27e72397-804b-4346-a95f-d29af20c2e6b,Savings Account,PCB Flexi Save,809957,PCB Klerksdorp Branch,North West,2024-06-02,,Active,11724.07,11339.63,11735.1,0.096,Fixed,ZAR,0.0,2024-12-19
e30b871a-e722-48c2-b64a-1ba0dd8a6a50,5725108456,5dc3590a-e85a-47c0-a0be-edad14fb1ddb,Business Account,PCB Business Premium,459022,PCB Kroonstad Branch,Free State,2023-07-30,,Active,1040417.75,989766.22,1040153.88,0.0273,Prime-linked,ZAR,540917.93,2024-03-09
6b5beec5-7655-45d5-9fc4-e94ed71d1c64,2535349454,66a5b361-8f0b-41dc-80c4-bc7aaa6cf6c6,Savings Account,PCB Goal Saver,656843,PCB Bloemfontein Branch,Free State,2023-04-22,,Active,2554.1,2392.65,2735.45,0.1739,Variable,ZAR,0.0,2023-05-25
dcceb023-4549-47b3-afc6-cd973fb12106,8826151973,b6d87c10-28ea-453a-9463-3da693da5073,Fixed Deposit,PCB Fixed 12M,363487,PCB Potchefstroom Branch,North West,2019-08-01,,Active,96209.79,90403.49,96586.96,0.054,Prime-linked,ZAR,0.0,2023-07-26
55ead5bf-22a0-4ca2-a4f6-d424a8a5c438,5569378780,6a4cf21c-e0b7-404e-89fe-d84429dbcf21,Cheque Account,PCB Premier Cheque,878160,PCB Queenstown Branch,Eastern Cape,2017-08-31,,Active,16970.08,15303.86,17007.47,0.028,Variable,ZAR,126109.5,2021-02-26
c1458b6c-12f6-4f48-b146-c922e0c3db24,4654294642,310ce0a8-71d7-4cb8-88fe-eca99f973241,Cheque Account,PCB Prestige Cheque,786981,PCB Queenstown Branch,Eastern Cape,2024-03-08,,Active,55470.55,51578.95,55723.09,0.211,Fixed,ZAR,144868.66,2024-08-20
63082938-4002-4e82-a4cc-daa74fcdf859,3584455732,6a2a6c9d-bc95-4782-9f4c-bb6fda12996e,Cheque Account,PCB Gold Cheque,399322,PCB Middelburg Branch,Mpumalanga,2024-02-06,,Active,12183.3,11642.4,12007.6,0.17,Fixed,ZAR,32412.55,2024-11-05
3beaad72-957c-4804-aeb0-c2b5af985a9a,9476215612,a4743f65-c55e-4a81-a1a0-ff9b8aea3402,Cheque Account,PCB Plus Cheque,906519,PCB Paarl Branch,Western Cape,2022-11-24,,Active,8153.34,7437.2,8103.67,0.1032,Variable,ZAR,100964.82,2023-04-18
a39ebdeb-c66b-4f39-84e0-246f8e2b4f08,5250625050,ea388ea5-57ca-4b6e-aa00-840efed21569,Cheque Account,PCB Premier Cheque,434952,PCB Midrand Branch,Gauteng,2022-04-27,,Active,69655.62,67622.22,69567.63,0.1091,Fixed,ZAR,105307.04,2022-05-22
7160ce9f-b5cb-4c0e-8be2-9bb007915cdc,7928452221,fad584d7-e349-456b-9979-82653a51d413,Cheque Account,PCB Prestige Cheque,255327,PCB Soweto Branch,Gauteng,2022-06-28,,Active,39336.61,35584.77,39651.01,0.0196,Prime-linked,ZAR,69881.97,2022-11-12
6337e401-ee1e-46e7-a310-5122c77e818b,4938469976,07fa5644-7fcb-437a-a066-665b06bf8685,Cheque Account,PCB Prestige Cheque,126891,PCB Polokwane Branch,Limpopo,2024-10-05,,Active,4675.53,4438.93,4383.84,0.0312,Variable,ZAR,59486.26,2024-11-20
80b1eed0-4a7f-4627-8153-3e885365ffe7,1162117256,b1cff421-174d-47d7-9eb4-7458889b02c5,Business Account,PCB Enterprise Account,862066,PCB Bellville Branch,Western Cape,2024-09-20,,Active,3363331.81,3284790.81,3363340.85,0.2166,Variable,ZAR,5024210.9,2024-12-24
9af9b443-f5bb-4241-89de-502556ecb8b4,6046802796,66a5b361-8f0b-41dc-80c4-bc7aaa6cf6c6,Cheque Account,PCB Plus Cheque,236301,PCB Pinetown Branch,KwaZulu-Natal,2022-02-09,,Active,2532.0,2298.61,2693.89,0.1464,Prime-linked,ZAR,24514.02,2023-05-19
5a870365-af3d-4a7e-8930-be9fb8b3306c,7799268020,52c43632-653a-46c0-a7af-cb4c3a1026a2,Credit Card,PCB Standard Credit Card,762421,PCB Richards Bay Branch,KwaZulu-Natal,2022-08-08,,Active,-7273.18,-3017.97,-7426.22,0.1676,Prime-linked,ZAR,61694.23,2023-04-18
9202ce26-699c-4e6b-9e8c-75a30dbd3b67,2669781107,f72d813d-996f-430d-ae57-13eb80207635,Credit Card,PCB Infinite Credit Card,498978,PCB Paarl Branch,Western Cape,2024-12-22,,Active,-133164.44,249708.66,-132869.73,0.1912,Fixed,ZAR,1276707.07,2024-12-26
63762b8a-fa67-4a15-8c27-e38c6bf1cc7b,7988390920,1290affb-ecab-4eb6-867d-b61a9ccbe467,Money Market,PCB Treasury Plus,339980,PCB Polokwane Branch,Limpopo,2019-09-19,,Active,175961.57,164837.46,175818.31,0.0674,Variable,ZAR,0.0,2024-11-18
7f7734c7-695a-4e33-8b26-1db77e6b2c27,1711181390,bb3745a9-3830-4172-8ac8-eec5251a31cf,Cheque Account,PCB Premier Cheque,213436,PCB Ekurhuleni Branch,Gauteng,2018-08-21,,Active,10131.76,9190.43,9746.66,0.019,Variable,ZAR,82373.36,2022-05-31
588890e2-ad5d-4efd-a271-6cbae858019e,5288239645,90de2424-c3c9-493f-a5c9-9bb234518d61,Money Market,PCB Treasury Plus,612737,PCB Bellville Branch,Western Cape,2024-08-04,2024-12-26,Closed,51551.45,48641.14,51123.26,0.1885,Variable,ZAR,0.0,2024-12-26
ca560f5b-2001-4cdc-a763-ae7550420379,3415715960,76b85659-01fe-405a-84a4-11f51d8dba1b,Savings Account,PCB PocketSave,304981,PCB Queenstown Branch,Eastern Cape,2023-08-04,,Active,25043.74,24292.8,24817.2,0.1105,Fixed,ZAR,0.0,2023-10-02
56c28595-2ad9-4711-b65a-60e209ba344f,7597132211,a6f2e94d-f410-4243-a848-ecf52b593958,Business Account,PCB Enterprise Account,718788,PCB Newcastle Branch,KwaZulu-Natal,2024-09-27,,Active,4063763.51,3764693.27,4063391.97,0.1833,Variable,ZAR,3786217.86,2024-10-13
b86c0ade-442c-4880-a0f1-e63637de3278,8019758555,0164c302-4300-4edf-bd9b-380907bfda6a,Cheque Account,PCB Premier Cheque,612737,PCB Bellville Branch,Western Cape,2022-04-02,2023-07-10,Closed,17015.91,16605.21,16717.19,0.2105,Variable,ZAR,37024.43,2023-07-10
69ed581f-8460-4fb0-867b-1205d9304df4,6914649199,35467d6b-f1b1-4241-815d-df93767762c1,Credit Card,PCB Standard Credit Card,681898,PCB Centurion Branch,Gauteng,2023-04-30,,Suspended,-13699.55,13595.36,-14012.39,0.1277,Variable,ZAR,38602.29,2024-06-28
8baa1183-1e19-4534-918f-57e4a24a6aaa,1006423822,3b306728-de33-45da-8613-34f78fd3ca6a,Savings Account,PCB Flexi Save,339980,PCB Polokwane Branch,Limpopo,2022-01-12,,Active,2427.69,2282.08,2305.24,0.0964,Variable,ZAR,0.0,2022-06-20
6c618dea-46ab-4bc4-8435-6b95b0f769f2,4600414984,5427a72c-adea-4248-901b-4111111cdd4b,Cheque Account,PCB Premier Cheque,838516,PCB Soweto Branch,Gauteng,2022-04-25,,Active,19769.35,19293.88,19443.25,0.214,Fixed,ZAR,141760.14,2022-09-09
f2e0e2d9-22b9-4ce9-99c1-ecf9a4a03100,5245865771,459d70ae-5ef9-4801-b372-a47c6f8b9336,Savings Account,PCB PocketSave,144693,PCB Potchefstroom Branch,North West,2024-03-30,,Active,19474.53,18113.36,19194.71,0.14,Fixed,ZAR,0.0,2024-04-19
590fcdf1-cae2-4a8b-a0f3-bb567d44dc55,5604921414,93c73736-9251-4422-849a-28d5d4bdc725,Business Account,PCB Enterprise Account,691845,PCB Stellenbosch Branch,Western Cape,2018-10-14,,Active,4861148.91,4427970.33,4861137.13,0.1408,Prime-linked,ZAR,6468196.62,2019-11-02
0a4f83c3-8f28-484c-977a-852a540dd0f9,3649055939,f08a0cb8-0801-4ed0-bad6-d7251ed2fea2,Savings Account,PCB PocketSave,680746,PCB Bellville Branch,Western Cape,2018-04-27,,Active,4836.05,4688.83,5150.3,0.0315,Variable,ZAR,0.0,2018-08-15
a0aa4516-22c6-4353-a834-4b7342466f6b,2319284655,3cf71fd4-b2c6-4ecc-899f-6afc30c1c359,Savings Account,PCB PocketSave,744089,PCB Soweto Branch,Gauteng,2020-11-18,,Active,2209.94,2038.26,2060.4,0.1057,Prime-linked,ZAR,0.0,2022-11-26
455e0b09-8028-4b87-ba72-7e983ea95547,1937098678,94a3fefa-e23a-42f5-927c-f729e92aef60,Savings Account,PCB Flexi Save,786981,PCB Queenstown Branch,Eastern Cape,2018-11-16,,Active,9547.61,9442.54,9431.34,0.1127,Fixed,ZAR,0.0,2023-02-17
5370ffed-87c6-40ff-af00-d7e4a32c7b95,3746025078,5c30c669-985f-41d5-9d16-cc9d5ced03b3,Cheque Account,PCB Premier Cheque,854757,PCB Umhlanga Branch,KwaZulu-Natal,2024-12-26,,Active,36722.39,35321.83,36834.73,0.0787,Prime-linked,ZAR,182597.47,2024-12-27
7dab3c80-2641-4a99-a5b8-ab98ad26c8d9,2388890968,1983098f-8a8b-4466-8a07-40ccff077da1,Cheque Account,PCB Prestige Cheque,670816,PCB Mokopane Branch,Limpopo,2021-11-27,,Dormant,6551.9,5994.46,6314.61,0.0254,Fixed,ZAR,13519.69,2022-01-19
f6a9f5f7-c81c-43d5-b687-623539220a93,8642840847,b2a41524-5f95-4187-a0bd-d30fa615eeb7,Savings Account,PCB PocketSave,459366,PCB Pinetown Branch,KwaZulu-Natal,2020-11-14,,Active,18972.6,17451.79,18815.88,0.1653,Prime-linked,ZAR,0.0,2022-05-23
db617c72-425e-437c-a34a-66b127cb489e,4242821832,aa0cf632-0446-46d5-9ce0-006948caa2ce,Credit Card,PCB Platinum Credit Card,949438,PCB Ekurhuleni Branch,Gauteng,2021-04-08,,Active,-300334.9,-7164.17,-300298.96,0.131,Variable,ZAR,549579.96,2023-11-24
2a7f4c64-9054-40d4-8067-a473a0ab249f,7366007984,b2de4f88-ac8a-44df-8297-4c40d7d082e9,Savings Account,PCB PocketSave,325043,PCB Sandton Branch,Gauteng,2024-08-16,,Active,6261.26,6103.04,6122.46,0.0882,Prime-linked,ZAR,0.0,2024-09-06
7120625f-8f83-463d-86c2-61f078fe07f4,1917646670,a5b3d0e7-1c37-41b2-8e9b-c9b78f83cb2d,Credit Card,PCB Gold Credit Card,476455,PCB Bloemfontein Branch,Free State,2023-07-22,,Active,-32120.09,-20728.55,-32031.73,0.1207,Variable,ZAR,16351.13,2024-06-10
8d039ef6-8817-4daf-8557-6afd37468d93,9996919595,3b306728-de33-45da-8613-34f78fd3ca6a,Credit Card,PCB Gold Credit Card,113766,PCB Johannesburg Branch,Gauteng,2022-01-12,,Active,-148788.42,-130470.48,-149044.56,0.114,Fixed,ZAR,56847.29,2024-05-31
8fd4a71b-f5a9-4402-8203-5dcbcb3e2d8b,5663364256,97ddac20-2ab1-412a-aa23-deabd20e4497,Credit Card,PCB Gold Credit Card,786981,PCB Queenstown Branch,Eastern Cape,2024-12-26,,Active,-150817.47,69089.91,-151257.7,0.1641,Variable,ZAR,438020.24,2024-12-27
5550e500-a0a0-4a21-a1bb-16274eab35c2,2771900786,0da3aca3-eeff-48be-9870-f0b2cd2d53c6,Cheque Account,PCB Gold Cheque,906519,PCB Paarl Branch,Western Cape,2021-09-06,,Active,1631.96,1616.93,1196.88,0.0553,Fixed,USD,6594.4,2024-09-05
6aa9866e-5efd-426d-9c5d-9c457b3da0f3,6669715485,a254cce0-f0f6-4979-bc16-bdd50b601ff9,Cheque Account,PCB Plus Cheque,484541,PCB Middelburg Branch,Mpumalanga,2024-03-23,,Active,6557.27,6197.6,6606.06,0.0264,Variable,ZAR,27421.58,2024-10-16
cd0214f0-8fd3-44db-82b3-f0954e4b8abe,1850071074,1b11cb58-1fc0-4e6b-862b-67d24124c2ba,Fixed Deposit,PCB Fixed 36M,575774,PCB Centurion Branch,Gauteng,2024-10-07,,Active,66803.03,63769.23,66355.91,0.1463,Fixed,ZAR,0.0,2024-10-07
5535c015-162e-4d7c-a9ae-4db5bfe0112f,1226747793,88f0857d-3184-452d-9502-038eb4a61091,Money Market,PCB Treasury Plus,799348,PCB East London Branch,Eastern Cape,2024-08-19,,Active,189282.43,184299.04,189489.16,0.0482,Variable,ZAR,0.0,2024-08-27
562742d0-bd33-4cc0-9193-454a4a62c33c,9670967243,c39e3656-040a-45bc-a4f4-b3d763b675a8,Credit Card,PCB Gold Credit Card,786981,PCB Queenstown Branch,Eastern Cape,2022-11-30,,Dormant,-122247.08,-30885.84,-121770.27,0.1571,Variable,ZAR,104498.98,2024-11-11
e31c8057-f8e4-4718-a220-bfc4ae9a6d93,5412256411,7a82fc95-2e3f-4291-bcd9-16146d4b26f8,Savings Account,PCB Goal Saver,388842,PCB Sandton Branch,Gauteng,2024-07-29,,Active,7214.69,7093.34,7455.59,0.0261,Fixed,ZAR,0.0,2024-09-06
7e26de31-fe6a-469d-a98b-cae8447fd088,3432625682,eaf88bf2-93bd-40fc-bc6a-c6a64d63c873,Savings Account,PCB Flexi Save,488904,PCB Centurion Branch,Gauteng,2024-02-20,,Active,7615.56,7587.64,7430.6,0.0613,Fixed,ZAR,0.0,2024-12-17
531367a1-b7d5-477e-8316-93037999b09d,1552869643,a5b3d0e7-1c37-41b2-8e9b-c9b78f83cb2d,Cheque Account,PCB Plus Cheque,828299,PCB Pietermaritzburg Branch,KwaZulu-Natal,2023-11-07,,Active,923.18,886.09,1316.02,0.0503,Variable,ZAR,27724.4,2024-01-18
73535cd6-e26a-4c14-9f8f-6cccd952103d,3855462767,838bbd02-157b-4453-ab40-9da0e6d4a59e,Cheque Account,PCB Gold Cheque,728167,PCB Klerksdorp Branch,North West,2024-03-09,,Active,4679.83,4215.96,4411.94,0.22,Variable,ZAR,8495.72,2024-06-11
0ca1c635-2021-42af-9a17-b60d1e548fee,1324380192,2b230825-6b17-4ffe-9620-5f77ec1c9594,Cheque Account,PCB Plus Cheque,817696,PCB Johannesburg Branch,Gauteng,2024-12-25,,Active,2785.23,2602.79,2380.84,0.1509,Prime-linked,ZAR,37491.04,2024-12-31
a262774e-e611-4b57-aa95-a7a1b9670517,2561723987,a947356f-b250-4f75-b46b-22635efa9d45,Cheque Account,PCB Gold Cheque,342018,PCB King William's Town Branch,Eastern Cape,2024-12-29,,Active,2453.75,2402.45,2529.63,0.0473,Variable,ZAR,81168.88,2024-12-29
1c669c4b-1db8-47c7-aed8-75a741c670a4,6511766895,6ccbeb87-4cd6-46b3-81bc-6bc4ddb7301d,Cheque Account,PCB Prestige Cheque,914075,PCB George Branch,Western Cape,2024-04-24,,Active,1753.02,1725.27,1985.96,0.0609,Fixed,ZAR,50324.78,2024-10-14
491eed32-e46e-4b4d-a27e-8a842507e5c0,1021374018,5a59e0f6-712f-461e-8506-d79ff0bf9914,Fixed Deposit,PCB Fixed 24M,126891,PCB Polokwane Branch,Limpopo,2022-05-27,,Active,184654.73,175410.96,184453.13,0.1819,Variable,ZAR,0.0,2023-08-23
37e86a8d-69c5-4ce0-8cb5-ee7924b11e98,6358045657,60e9b09c-e343-401f-9e56-3f88d8ea072a,Credit Card,PCB Platinum Credit Card,906519,PCB Paarl Branch,Western Cape,2024-04-07,,Active,-24400.06,-16882.79,-24154.64,0.1655,Variable,ZAR,28089.06,2024-10-06
33e8f73e-0a0a-4b1c-a17e-4383868fa8c1,7979693581,ee7269b4-5c6a-47bd-abbc-c9fa164cc8dd,Cheque Account,PCB Prestige Cheque,680746,PCB Bellville Branch,Western Cape,2023-08-21,,Active,91.41,85.7,458.38,0.0584,Fixed,ZAR,214544.21,2024-06-09
bc1846a2-b799-46f3-b2a9-200c1a65e14b,3956474517,97996329-6e3f-48fe-bc36-b36c88817145,Savings Account,PCB PocketSave,872468,PCB Midrand Branch,Gauteng,2019-01-24,,Active,8927.58,8506.29,8659.63,0.094,Fixed,ZAR,0.0,2022-10-25
27694b18-1d7b-484c-9e6b-3ffc544ddc4a,9850118010,447d47dd-c3d3-4915-91f1-c57c342584de,Fixed Deposit,PCB Fixed 60M,133956,PCB Newcastle Branch,KwaZulu-Natal,2021-11-01,,Active,224443.01,216979.93,224790.07,0.0639,Variable,USD,0.0,2022-09-19
fe27adba-5b13-4809-bd40-71b191da460a,8292722149,8fba209e-c55a-4360-b9f8-88afbea95510,Fixed Deposit,PCB Fixed 60M,230751,PCB Secunda Branch,Mpumalanga,2021-08-25,,Active,182187.34,177330.21,182470.1,0.0863,Variable,ZAR,0.0,2023-12-01
88fcd419-afb8-498a-8393-2030dc1539b7,6297091582,96a0dd93-d9ee-4528-9173-61228081da8c,Credit Card,PCB Gold Credit Card,164506,PCB Ekurhuleni Branch,Gauteng,2020-08-17,,Active,-6092.15,143994.76,-5668.35,0.0916,Fixed,USD,158157.33,2024-05-13
37a9d97c-89ca-46b4-b2f8-52876e3aa206,9109870866,239ae69f-6fe0-4b40-91cf-cea7b0f8cec4,Savings Account,PCB PocketSave,555275,PCB Soweto Branch,Gauteng,2021-05-05,,Active,12048.18,11348.71,12237.58,0.2087,Fixed,ZAR,0.0,2024-11-23
a584a1fa-784b-497f-acf1-ff049f8a047d,5942367242,9fae9dde-abd5-48cd-90df-e0d091beca4e,Savings Account,PCB PocketSave,676396,PCB Standerton Branch,Mpumalanga,2021-11-09,2024-09-15,Closed,14915.46,14483.45,15292.89,0.1606,Variable,ZAR,0.0,2024-09-15
3f380cf4-9aec-40dd-8d6d-0fff7cceba1f,6259640788,0e35e1c3-d868-43bc-bb7a-d750d53414b9,Savings Account,PCB SaveSmart,395068,PCB Rustenburg Branch,North West,2023-04-02,,Active,2097.42,1997.83,1754.07,0.1057,Variable,ZAR,0.0,2023-10-20
ac67aa7f-8834-4801-890e-4744f79860a7,5407212847,4899ed45-9c58-43fc-a9b1-110f1e0da786,Money Market,PCB Money Market 32-Day,263756,PCB Pinetown Branch,KwaZulu-Natal,2024-05-30,,Active,4703921.51,4569098.09,4703970.04,0.115,Fixed,ZAR,0.0,2024-08-01
868e4222-f8da-41bd-adf8-7993d06f9976,3822966125,6f7c7fc1-83b4-4940-94af-fdb7c6f73e64,Cheque Account,PCB Plus Cheque,835262,PCB Cape Town Branch,Western Cape,2021-02-12,,Active,478.76,471.72,544.27,0.1349,Variable,ZAR,27012.25,2024-07-27
caeabf86-d9f0-4c33-9c33-682d56837f1f,8278415650,e2036727-9aa9-4d66-8e3c-ecf418907d7b,Business Account,PCB Business Premium,828299,PCB Pietermaritzburg Branch,KwaZulu-Natal,2024-02-16,,Active,541409.68,490173.89,540992.98,0.0916,Prime-linked,ZAR,453108.52,2024-05-26
00fe6982-263c-4b58-8179-a46e1275ec98,4321155158,c1dc20be-75a1-4a1d-ac08-a8936903ed07,Credit Card,PCB Standard Credit Card,980432,PCB Sandton Branch,Gauteng,2023-06-18,,Active,-37757.84,-23226.0,-38127.04,0.018,Prime-linked,ZAR,69791.06,2023-12-05
c520a08b-e12a-49c8-af32-bdede5ae0f16,5895996264,04485172-9859-4d78-ab90-1473d401724d,Cheque Account,PCB Plus Cheque,274432,PCB Klerksdorp Branch,North West,2023-10-23,,Dormant,517.95,496.01,499.92,0.1269,Prime-linked,ZAR,111162.24,2023-11-01
e81083a2-3207-463c-9f68-c68049d5a301,8594420165,12f2f83e-8dda-4197-ad36-0a7ffee58769,Cheque Account,PCB Premier Cheque,146266,PCB Bellville Branch,Western Cape,2022-04-26,,Active,429.05,423.39,51.54,0.0678,Fixed,ZAR,6705.06,2023-12-23
84b5a267-594a-4e46-8c30-e5f466be0fb4,8312316146,e4058409-133d-4f37-90a4-b3078d106b2c,Fixed Deposit,PCB Fixed 60M,844836,PCB Durban Branch,KwaZulu-Natal,2024-06-15,,Active,37604.76,35188.86,37943.09,0.1697,Variable,ZAR,0.0,2024-07-27
7e65a038-eed2-47de-8327-3db48927db50,9157338139,65fe26e8-06a8-4528-96e9-13c2d67b977c,Fixed Deposit,PCB Fixed 36M,163755,PCB Soweto Branch,Gauteng,2020-05-30,,Active,245059.31,222583.42,244750.56,0.029,Prime-linked,ZAR,0.0,2024-08-09
106632ba-a015-467a-abf6-07cc736faf5e,8052469993,639ca5b5-8ec9-4282-83ae-1b8ccff312f7,Cheque Account,PCB Plus Cheque,126891,PCB Polokwane Branch,Limpopo,2019-06-15,,Active,12046.91,11357.03,12052.54,0.1513,Fixed,ZAR,19479.08,2020-06-20
4fefb954-b2b4-4f2f-9e34-de2fb716e004,3365255336,dc0c602b-3ae4-4693-9a3a-8741991aff33,Cheque Account,PCB Prestige Cheque,569511,PCB Umhlanga Branch,KwaZulu-Natal,2021-11-23,,Active,876.3,835.98,996.72,0.1043,Prime-linked,USD,10043.31,2024-03-15
01ff2947-c51c-477e-b7d9-34a1bc696167,3453367814,a5b3d0e7-1c37-41b2-8e9b-c9b78f83cb2d,Cheque Account,PCB Gold Cheque,236301,PCB Pinetown Branch,KwaZulu-Natal,2021-11-21,,Active,2044.02,2021.34,1648.9,0.0907,Variable,USD,13471.91,2023-11-07
afe10e8e-e849-4a43-8880-0f7096c37c84,4239911168,baeeb0d1-b8c2-4ec7-838f-f9142ad97ae9,Money Market,PCB Money Market Call,399322,PCB Middelburg Branch,Mpumalanga,2016-05-25,,Active,389154.98,379546.8,389256.61,0.1659,Prime-linked,EUR,0.0,2024-12-07
12723882-5ff5-4311-bbd0-1fc12e55746e,4412634618,0b719cd2-7a5a-498e-93cd-85ee7b521bff,Business Account,PCB Business Current,605258,PCB Welkom Branch,Free State,2024-04-16,,Active,1196537.85,1170759.14,1196955.49,0.0972,Prime-linked,EUR,2342933.85,2024-07-30
94cd164d-83b3-4c64-8482-8b5bd1ad6a7b,9010007584,052a0fcd-ee38-4e04-92e9-1ae87b732a42,Cheque Account,PCB Premier Cheque,878160,PCB Queenstown Branch,Eastern Cape,2024-05-13,,Active,1812.39,1713.52,2003.75,0.0245,Prime-linked,ZAR,86324.57,2024-05-31
cb8541a4-2e55-4b9c-a758-280b726b8c92,3824776052,87805b14-50da-45b2-b8d0-37963f00a73b,Cheque Account,PCB Prestige Cheque,639159,PCB Bethlehem Branch,Free State,2019-03-12,,Active,3948.83,3919.64,3699.88,0.1248,Fixed,ZAR,45001.25,2023-09-07
51c3d72e-845a-4bd4-976b-1c3857a20752,5806368768,c3d68512-ee39-41cc-9791-0586599d9721,Credit Card,PCB Standard Credit Card,871734,PCB Newcastle Branch,KwaZulu-Natal,2024-07-08,,Active,-7578.96,35000.55,-7185.33,0.0135,Prime-linked,ZAR,46146.6,2024-11-28
6de98d9a-790a-41f8-a651-4a604d5a28a6,4305872050,3313d442-8fb2-442e-8b5b-105ae70e7556,Cheque Account,PCB Plus Cheque,838516,PCB Soweto Branch,Gauteng,2021-05-17,,Active,46004.95,41974.13,46107.17,0.0592,Prime-linked,ZAR,368066.36,2022-01-21
86af446f-6a2f-40d2-863b-0c9d540da22a,6194891235,c8820851-2ec7-4e56-bd06-b18baf89be0c,Fixed Deposit,PCB Fixed 36M,490038,PCB Richards Bay Branch,KwaZulu-Natal,2020-07-21,,Active,179168.42,162424.5,178970.78,0.0624,Fixed,ZAR,0.0,2020-11-20
29dea482-63fd-4b1f-acb4-6e472dcdeae5,1428162447,b2c4e28e-9d78-40ad-a44e-e4272355ff8d,Cheque Account,PCB Gold Cheque,696503,PCB Secunda Branch,Mpumalanga,2022-12-31,,Active,7614.84,7085.34,7680.31,0.1527,Variable,ZAR,30121.02,2024-08-27
243a1b59-c6b2-4050-844e-f1b1e804d8d8,1498242535,50f6d663-1915-47b1-87fd-38c31e37a363,Savings Account,PCB Flexi Save,944483,PCB Richards Bay Branch,KwaZulu-Natal,2018-11-26,,Active,1640.99,1627.89,1928.19,0.0268,Variable,ZAR,0.0,2024-06-16
34abf91f-bc3e-4ff3-af77-1c9f7990d7e5,9187119152,e48bf09c-1d7e-4a66-9946-31e8e782c08e,Fixed Deposit,PCB Fixed 24M,862066,PCB Bellville Branch,Western Cape,2020-09-07,,Active,20454.45,19059.77,20880.67,0.1847,Fixed,ZAR,0.0,2022-05-21
52a4cc24-f574-4f97-8a7f-81182feb1bca,7586837861,69a41e41-6acb-4658-847d-8f0ff4992a00,Credit Card,PCB Standard Credit Card,665852,PCB Richards Bay Branch,KwaZulu-Natal,2020-04-15,,Active,-1467.53,34214.15,-1879.27,0.0252,Variable,ZAR,44435.23,2024-12-31
2da72a17-96ff-44bc-a3e0-bb5ff6d8ba48,7485728824,04d8ed45-f4c5-422c-9678-d8c8ce690ee3,Credit Card,PCB Platinum Credit Card,123467,PCB Sandton Branch,Gauteng,2024-12-19,,Active,-43164.13,-17356.76,-42891.52,0.1387,Fixed,ZAR,37015.72,2024-12-25
8b3d2300-06bc-41ae-b5c0-15952fc16a07,7439517615,475c2f67-b3cb-4fac-8e1a-0ed764b9a2fe,Cheque Account,PCB Prestige Cheque,773228,PCB Umhlanga Branch,KwaZulu-Natal,2024-03-02,,Active,2055.23,1967.12,2160.43,0.0575,Fixed,ZAR,109845.56,2024-03-21
46b453d1-ac1b-4ad9-ac8c-c5b29f3d414e,1651768832,0164c302-4300-4edf-bd9b-380907bfda6a,Cheque Account,PCB Plus Cheque,900529,PCB Stellenbosch Branch,Western Cape,2022-10-19,,Active,4038.05,3988.74,4115.65,0.068,Variable,ZAR,48388.21,2024-08-05
c946c940-f01d-4a8f-8c62-b41006a46729,5515725036,f08a0cb8-0801-4ed0-bad6-d7251ed2fea2,Cheque Account,PCB Premier Cheque,749513,PCB Ekurhuleni Branch,Gauteng,2017-06-20,,Active,1844.99,1830.94,1582.46,0.2074,Prime-linked,ZAR,38083.1,2021-03-08
ea30a547-290d-4b22-9e7c-c2ef9891fc4d,1322344974,35467d6b-f1b1-4241-815d-df93767762c1,Credit Card,PCB Infinite Credit Card,194351,PCB Soweto Branch,Gauteng,2023-09-14,,Active,-40722.69,-32709.51,-40408.54,0.0792,Fixed,EUR,14626.12,2023-12-12
bc428984-6bef-46c3-8258-2670cab0f4d4,6836379694,7d4231d8-3c31-40d7-b590-408208c140a4,Business Account,PCB Business Current,680746,PCB Bellville Branch,Western Cape,2023-08-06,,Active,554476.95,509634.95,554911.19,0.1076,Fixed,ZAR,681916.93,2024-05-14
24aa01ba-7ef5-41ed-a6c8-d2f6607f7334,2585891901,7004ba49-cc98-4563-98c1-fb9294bc842a,Cheque Account,PCB Prestige Cheque,228594,PCB Pinetown Branch,KwaZulu-Natal,2024-08-14,,Active,1173.61,1106.69,1623.25,0.0536,Prime-linked,ZAR,14815.44,2024-08-21
c436f75a-0eb3-4f68-b851-1f2bc26875d2,7463349293,e43d0d53-a043-4f1a-8480-9b429f35c31f,Savings Account,PCB Goal Saver,525239,PCB Brits Branch,North West,2023-06-30,,Dormant,19969.16,19067.72,20408.24,0.2067,Variable,ZAR,0.0,2024-07-08
5aeea584-3c89-4dbf-bdc2-248b24dc0c23,7034831125,d2367ea1-c1ad-4362-85ba-3f1645a7dde8,Money Market,PCB Money Market Call,322311,PCB Bellville Branch,Western Cape,2021-08-16,,Active,226886.14,210450.26,226841.82,0.0907,Fixed,ZAR,0.0,2023-08-26
37317bb0-6edf-48bb-b8fa-855c90649971,1955554145,1a66d7ba-014a-4a92-a941-d9d48ae44bbd,Fixed Deposit,PCB Fixed 12M,684610,PCB Bellville Branch,Western Cape,2018-05-23,,Dormant,231520.61,231335.51,231043.17,0.0144,Prime-linked,ZAR,0.0,2021-06-20
e55bbabf-3467-4d0c-94e5-09a74d28dab5,7493781432,696dd856-e6af-4dd3-9595-cc197764d7c1,Savings Account,PCB Flexi Save,545823,PCB Ekurhuleni Branch,Gauteng,2021-12-15,,Active,23495.62,21972.44,23956.64,0.1945,Fixed,ZAR,0.0,2022-03-07
5656c271-b7f6-47be-a823-9b30ba17ca69,5725712173,7b6b59d2-c460-4e97-b24f-535647c53c9c,Credit Card,PCB Standard Credit Card,834659,PCB Pietermaritzburg Branch,KwaZulu-Natal,2024-10-19,,Active,-49828.48,34069.18,-49919.3,0.1369,Fixed,ZAR,103229.33,2024-11-22
0e7e9d7a-63f0-4701-8de1-31f5d8a6c9ed,1692940438,70028cc6-1375-43f1-9ff4-06252c233a53,Fixed Deposit,PCB Fixed 24M,211594,PCB Thohoyandou Branch,Limpopo,2023-05-28,,Dormant,87009.0,82904.68,86677.5,0.1153,Fixed,EUR,0.0,2023-09-29
d4e2b804-4352-4b16-809b-e6476f4e4431,4720851289,bc80fda9-a265-4cc7-a7a8-0b409e702e86,Business Account,PCB Business Current,300022,PCB King William's Town Branch,Eastern Cape,2023-08-26,,Active,278346.02,262868.13,278129.93,0.1229,Fixed,ZAR,214736.14,2024-02-09
35c70ef7-c8a5-413b-a104-498ea997db58,1396294231,10b6de91-4e72-4c04-aca0-97c660004ffa,Savings Account,PCB PocketSave,434952,PCB Midrand Branch,Gauteng,2015-02-10,,Active,18532.42,16679.32,18623.48,0.0704,Variable,ZAR,0.0,2018-03-03
2bf8d2fa-f5b6-450f-8a17-636f3764609f,3864802626,3acebc57-2f2f-4565-9336-7b9605009e45,Credit Card,PCB Platinum Credit Card,573404,PCB Sandton Branch,Gauteng,2024-04-06,,Active,-197330.23,94923.43,-197048.47,0.16,Fixed,ZAR,783467.86,2024-09-30
0711439d-637c-496f-8e8a-a791ef4686fc,4546105540,356fae70-133b-4719-9a47-5675f16f7ab2,Savings Account,PCB Goal Saver,128355,PCB Thohoyandou Branch,Limpopo,2023-12-04,,Active,2357.07,2281.95,2636.84,0.1025,Variable,ZAR,0.0,2024-02-26
aa97de50-672e-4318-addc-4c65bd86886b,9765748489,f47cf1a9-3dd7-4779-925a-8b00d4d9459b,Cheque Account,PCB Prestige Cheque,564639,PCB Standerton Branch,Mpumalanga,2023-08-15,,Dormant,6956.71,6469.59,7121.61,0.2154,Variable,ZAR,30677.33,2024-12-29
3c662115-5db1-41c3-ba6d-17ca85149eb1,9346076006,91c9be29-eee1-4cde-a664-efe7e53212d5,Fixed Deposit,PCB Fixed 60M,363487,PCB Potchefstroom Branch,North West,2023-02-10,,Active,48812.55,48189.58,48853.0,0.1923,Fixed,ZAR,0.0,2023-12-14
0bb6e15a-198f-4130-ab4c-9b983c576dc5,4892915994,56b81eb2-082d-4046-8431-6dd74a4f1d25,Savings Account,PCB PocketSave,189520,PCB Nelspruit Branch,Mpumalanga,2023-11-08,,Active,32118.43,31870.47,31951.35,0.172,Fixed,ZAR,0.0,2024-12-01
3325c974-6ea9-4ca6-aa22-45306b7c9639,3364820508,f57764d2-0f1d-4b35-81f2-6587b8513e24,Fixed Deposit,PCB Fixed 36M,164506,PCB Ekurhuleni Branch,Gauteng,2024-08-31,,Active,94436.67,90564.86,94390.8,0.1662,Variable,ZAR,0.0,2024-09-16
be117a2d-7703-46d3-ae83-ab489535f3ba,8542000114,6ccbeb87-4cd6-46b3-81bc-6bc4ddb7301d,Cheque Account,PCB Gold Cheque,462009,PCB Mafikeng Branch,North West,2024-03-01,,Suspended,11567.56,10787.75,11993.9,0.0541,Prime-linked,ZAR,44306.96,2024-06-22
8da7433c-c033-440c-9992-830d55a809bc,4320477479,2f418199-1049-4389-83b4-2ea755610f9d,Cheque Account,PCB Prestige Cheque,555275,PCB Soweto Branch,Gauteng,2023-08-09,,Suspended,13105.63,11836.92,13279.32,0.055,Prime-linked,ZAR,49449.95,2024-06-03
92a046f8-4777-4db8-933a-d53d00eddcb4,3472651123,bd5e639e-5096-4b8e-ab11-dd6fbdee615b,Cheque Account,PCB Gold Cheque,828299,PCB Pietermaritzburg Branch,KwaZulu-Natal,2021-04-19,,Active,1695.76,1583.73,1921.15,0.1631,Variable,ZAR,25995.33,2022-08-22
9a0fce8f-96ca-4c4f-a669-888b0b796de0,2195106251,3f4aa40e-79e7-4a14-84a7-1bf79aaf67ac,Credit Card,PCB Platinum Credit Card,236301,PCB Pinetown Branch,KwaZulu-Natal,2019-04-07,,Active,-22372.52,59948.93,-22088.27,0.1353,Variable,ZAR,89972.08,2019-07-01
d9e00ed1-bace-43da-85fa-1b4cc5bee7f2,7628087488,0f365b68-bb19-4fe7-8ba6-11bf8ee9517b,Savings Account,PCB SaveSmart,117679,PCB Richards Bay Branch,KwaZulu-Natal,2024-07-15,,Active,5633.97,5294.39,5563.9,0.1453,Prime-linked,ZAR,0.0,2024-09-29
0e7bae9f-1606-465c-a897-50ffaf1d8d7c,8542589747,2922581a-18f3-4084-a1c6-4cb798d57bff,Fixed Deposit,PCB Fixed 12M,762421,PCB Richards Bay Branch,KwaZulu-Natal,2020-08-30,,Active,14268.84,14199.68,14100.4,0.1061,Variable,ZAR,0.0,2023-03-14
423de861-8dcb-4be4-8534-03a6a3433e9c,3405777714,e48bf09c-1d7e-4a66-9946-31e8e782c08e,Money Market,PCB Money Market 32-Day,905738,PCB Queenstown Branch,Eastern Cape,2020-06-12,,Active,447371.55,443658.62,447189.9,0.1027,Fixed,ZAR,0.0,2021-09-11
8640d78f-b184-41ff-a961-88fe3b3f03fc,8399738847,668aa1f6-0941-44cb-9c52-07b3cb7e79c7,Credit Card,PCB Platinum Credit Card,224266,PCB Pinetown Branch,KwaZulu-Natal,2021-12-10,,Active,-5054.08,5194.44,-4919.06,0.1176,Variable,ZAR,28650.01,2024-08-16
072b6e58-b5b1-4229-bf61-9b2b619a2294,8891417109,8931f44e-bcba-4267-9d91-cf99c1259d56,Savings Account,PCB PocketSave,341016,PCB East London Branch,Eastern Cape,2022-08-11,,Active,7126.48,6689.72,7024.25,0.0643,Variable,ZAR,0.0,2024-10-11
2058acd2-85a9-433f-a2d2-bdee00827c56,9164535822,99bb606a-d40c-4df5-9890-d18086d5f335,Cheque Account,PCB Gold Cheque,532371,PCB King William's Town Branch,Eastern Cape,2024-07-05,,Active,7971.94,7324.94,8003.44,0.1536,Prime-linked,ZAR,20320.28,2024-08-10
b72ee11d-e354-41c3-a7bd-06b853adbd21,4047013205,447cf377-fced-4c3f-8591-b9520197daf7,Savings Account,PCB PocketSave,263756,PCB Pinetown Branch,KwaZulu-Natal,2024-09-10,,Active,9871.07,9573.48,9375.84,0.012,Fixed,ZAR,0.0,2024-11-07
d7a05534-7f85-46f9-83b1-f2fe1a243b3b,7590958817,aabcc99d-15c7-42bc-969c-dae285cb001e,Money Market,PCB Money Market 32-Day,117918,PCB Durban Branch,KwaZulu-Natal,2018-10-17,,Active,1084417.23,1047329.29,1084859.53,0.0926,Variable,ZAR,0.0,2022-06-19
52285b09-d17e-485f-9900-f7c63a08ff38,2627035121,0197d7ef-b2fb-457c-9bdd-b76dc3b0d59e,Cheque Account,PCB Premier Cheque,543745,PCB Bethlehem Branch,Free State,2024-05-27,,Active,29039.43,26261.26,29467.6,0.0895,Prime-linked,ZAR,119430.59,2024-10-01
8cb656d7-af53-4513-a412-e985488dcbdb,7871018960,b3f61315-ace4-4dca-a992-df188b689d68,Money Market,PCB Money Market Call,728167,PCB Klerksdorp Branch,North West,2022-01-10,,Suspended,86448.4,82539.39,86187.56,0.1728,Fixed,ZAR,0.0,2022-11-01
8ccd275f-1951-43c8-b233-d2aa43f2c9b6,1972208035,1f93b432-d6da-4e9f-bad2-c685be275cfa,Business Account,PCB Business Premium,236664,PCB Centurion Branch,Gauteng,2020-12-18,,Active,465804.15,450797.87,465841.97,0.1833,Fixed,ZAR,825630.97,2023-02-18
6cc530ab-4fc6-4709-8b76-d3fe16e6254a,1678311205,cb29fca6-4779-47de-b4d8-d702da77cbe5,Money Market,PCB Money Market 32-Day,856625,PCB Bethlehem Branch,Free State,2023-08-11,,Active,1368797.91,1349659.18,1368732.99,0.0454,Fixed,ZAR,0.0,2024-03-24
dc2c0e67-900f-4508-ae75-ebcb44ab3e5c,7044182517,0fd7e7b5-bec7-48d1-be95-d0dc924bd5c4,Cheque Account,PCB Prestige Cheque,853759,PCB Nelspruit Branch,Mpumalanga,2024-12-04,,Closed,3492.23,3282.61,3821.45,0.0108,Variable,ZAR,165338.84,
c8f91d13-cede-4889-93f8-9812fc63fa9c,5316245665,79a9ad0b-9d69-468e-ac89-6261e5263044,Fixed Deposit,PCB Fixed 24M,201888,PCB Port Elizabeth Branch,Eastern Cape,2024-10-19,,Active,217432.01,212197.6,217108.1,0.0943,Prime-linked,ZAR,0.0,2024-11-14
a9909621-c2e9-4f60-b429-483bad6dd919,3147963295,39a37908-d451-46c7-97f5-9a204956adb5,Cheque Account,PCB Gold Cheque,575774,PCB Centurion Branch,Gauteng,2023-06-25,,Active,17806.12,16467.95,18277.3,0.0316,Variable,ZAR,100994.65,2023-12-02
dcc56ad0-6963-4213-8f89-b15d26a2323a,2795239854,d02aaa23-8d0f-485d-be99-dd27de191080,Savings Account,PCB Goal Saver,982459,PCB Pietermaritzburg Branch,KwaZulu-Natal,2018-01-27,,Active,428.14,394.74,749.46,0.0067,Fixed,ZAR,0.0,2018-07-30
61252490-c386-4faf-b61b-9b2ed5feb2f1,3092566358,9ec1fa1b-150e-4929-9302-27b04c992487,Business Account,PCB Enterprise Account,906519,PCB Paarl Branch,Western Cape,2024-02-25,,Active,29130.73,27257.66,28842.38,0.1412,Variable,ZAR,39754.16,2024-12-30
7f7e887e-9d2a-474e-8a15-668d5671f0e0,1628031141,0ebc03c1-6701-445a-b1f1-b2a9bda64229,Business Account,PCB Enterprise Account,944483,PCB Richards Bay Branch,KwaZulu-Natal,2024-11-25,,Active,18061.57,17729.59,18143.34,0.0802,Variable,ZAR,26535.9,2024-12-19
eab33b3b-d38a-4496-bbf4-749995f1fad4,2327593101,ea388ea5-57ca-4b6e-aa00-840efed21569,Cheque Account,PCB Premier Cheque,762421,PCB Richards Bay Branch,KwaZulu-Natal,2023-03-01,,Dormant,11688.85,10897.5,11888.86,0.0191,Fixed,ZAR,138182.01,2024-02-26
13b5e07f-62bf-4a6e-8bd2-afd0b705bbd9,1932846334,447cf377-fced-4c3f-8591-b9520197daf7,Savings Account,PCB Flexi Save,162283,PCB Welkom Branch,Free State,2024-08-31,2024-11-05,Closed,1524.36,1372.3,1836.26,0.0364,Variable,ZAR,0.0,2024-11-05
ce3ed42b-e963-4fe0-8d3d-0286058d5db6,6518448096,c77092ad-e107-4373-89eb-0a50e994a500,Money Market,PCB Treasury Plus,542981,PCB Bethlehem Branch,Free State,2024-07-17,,Active,138023.02,132708.16,138150.54,0.1074,Fixed,ZAR,0.0,2024-08-05
cbb36d63-a6c4-474c-819b-203a5199ba81,2515022943,9730d667-2481-4b8e-9e5f-b736067f3107,Cheque Account,PCB Prestige Cheque,564639,PCB Standerton Branch,Mpumalanga,2023-07-13,,Active,42474.14,41251.14,42219.2,0.0078,Prime-linked,ZAR,135740.78,2024-05-10
63ab2f34-dcdc-4e11-932a-63aa3598f8ee,2795684935,7d4231d8-3c31-40d7-b590-408208c140a4,Credit Card,PCB Standard Credit Card,725163,PCB Mafikeng Branch,North West,2018-03-01,,Active,-49488.0,28184.21,-49567.28,0.0992,Fixed,ZAR,181516.06,2022-01-10
0481347e-8e73-47b4-9f81-edd7ca4383ed,3351236804,9a189484-cd9f-435c-b424-c12d0a715eb2,Cheque Account,PCB Gold Cheque,498978,PCB Paarl Branch,Western Cape,2020-10-04,,Active,3998.06,3934.04,3584.6,0.1591,Prime-linked,ZAR,88878.96,2023-06-07
9ce6ff54-a917-4c5d-95f6-284cd44016f2,6973404391,a2685fd3-3ce3-4265-8358-1bda3a908030,Cheque Account,PCB Prestige Cheque,194351,PCB Soweto Branch,Gauteng,2017-08-28,,Active,6810.35,6319.08,6370.22,0.034,Fixed,ZAR,31449.61,2018-12-07
0f0e1661-c7dd-4f21-a253-7b751f613de7,1649264282,802e7e56-190c-41fd-a9d0-3d2880dd2cc3,Cheque Account,PCB Prestige Cheque,498978,PCB Paarl Branch,Western Cape,2022-11-08,,Active,17370.34,15935.71,17502.95,0.05,Variable,ZAR,27247.97,2023-03-26
55d669b4-6028-42c7-90d2-7b279f55ae4c,8389326831,27e72397-804b-4346-a95f-d29af20c2e6b,Cheque Account,PCB Prestige Cheque,339980,PCB Polokwane Branch,Limpopo,2024-09-30,,Active,3493.99,3289.32,3065.6,0.0354,Prime-linked,ZAR,63543.74,2024-12-05
586fb80b-c9a6-4c7a-9cb3-93a45cef0412,1171980779,29de0f00-71e0-4673-9a83-7340a28f9433,Credit Card,PCB Platinum Credit Card,230751,PCB Secunda Branch,Mpumalanga,2023-06-16,,Active,-38966.49,-34889.62,-38620.69,0.1384,Fixed,ZAR,49044.16,2023-07-08
49f99181-0036-4d7b-887d-e368addc6ca5,4752519255,8f16d71b-084e-4609-9ded-09077e4d8d48,Fixed Deposit,PCB Fixed 24M,486469,PCB Thohoyandou Branch,Limpopo,2024-03-22,,Active,166205.44,153359.27,165951.1,0.1705,Variable,ZAR,0.0,2024-06-06
0b7f73fe-afc4-4968-bbdb-8e2964d4ed08,8951945984,b936840a-f46d-48a0-bc42-0b8a911b72ff,Savings Account,PCB SaveSmart,916338,PCB Queenstown Branch,Eastern Cape,2022-10-30,,Active,4737.63,4669.79,4674.98,0.1369,Fixed,ZAR,0.0,2024-03-27
17de91ed-6590-4c92-a6ef-6e6f4eb0e53b,3378313269,1fe3e378-9091-4233-9e69-1da574274ee9,Cheque Account,PCB Prestige Cheque,317285,PCB Johannesburg Branch,Gauteng,2019-12-11,,Active,16720.19,15096.83,16975.16,0.1228,Prime-linked,ZAR,87213.03,2020-07-09
bd6dafa4-1ee7-41b1-a438-bfd1f057a829,1177142167,1232ee60-2ac3-47d6-90fd-51bedb5987b0,Cheque Account,PCB Prestige Cheque,161496,PCB East London Branch,Eastern Cape,2022-04-19,,Active,64.18,63.72,549.61,0.202,Prime-linked,ZAR,11825.59,2022-09-08
c07fb421-32df-432f-a1e3-5dca2a0d375c,2257725836,d185f9f0-8fc7-406e-8e5a-ca0aeae36542,Credit Card,PCB Standard Credit Card,574966,PCB Tzaneen Branch,Limpopo,2024-09-11,,Active,-36260.46,15121.14,-35956.63,0.041,Fixed,ZAR,63081.66,2024-10-31
0fab95a6-b1f9-4cc6-a3c5-3b16de54e2e7,4459519466,47fae665-da74-4634-8788-06e6d4aef496,Savings Account,PCB Flexi Save,905738,PCB Queenstown Branch,Eastern Cape,2021-09-02,,Active,33153.15,30282.75,33529.97,0.1967,Prime-linked,ZAR,0.0,2022-01-10
dc5b2b0b-85f1-4cae-b95e-78cf23cb9332,6979676351,0da3aca3-eeff-48be-9870-f0b2cd2d53c6,Savings Account,PCB Flexi Save,236664,PCB Centurion Branch,Gauteng,2019-01-28,,Active,201.86,181.81,17.78,0.081,Variable,USD,0.0,2024-07-22
51464c55-dabb-462e-9765-956483a8b923,7823331131,5136d8b2-a93b-41aa-92f7-db3139d0a2d3,Savings Account,PCB Flexi Save,127939,PCB Port Elizabeth Branch,Eastern Cape,2024-11-16,,Active,6457.12,6154.11,6367.85,0.1214,Variable,ZAR,0.0,2024-12-04
5760ff09-6145-4743-9096-24aa76e1abb6,6612779406,50f6d663-1915-47b1-87fd-38c31e37a363,Cheque Account,PCB Gold Cheque,484502,PCB Sandton Branch,Gauteng,2019-04-14,,Active,4794.8,4410.18,4582.78,0.0859,Variable,ZAR,18156.92,2019-07-11
49872938-3bcb-4b56-9d49-9abf80100892,6699383130,9c929fca-0c97-4d17-9ce5-7d14328fba3e,Savings Account,PCB PocketSave,719511,PCB Bloemfontein Branch,Free State,2024-05-18,,Active,16020.94,16011.63,15934.22,0.0335,Prime-linked,ZAR,0.0,2024-09-02
d4dd2c15-4e95-4e6e-b639-868d43882ce1,9056568565,3e12b679-d262-4e5f-abb3-e50d983421e2,Business Account,PCB Enterprise Account,232626,PCB Pietermaritzburg Branch,KwaZulu-Natal,2024-10-06,,Active,1290241.19,1203515.33,1290607.56,0.1735,Variable,ZAR,921866.74,2024-12-02
aeef1087-4793-40b9-bd23-34bae9dd807a,4339878973,4989f769-f5ee-4ff3-8a2e-29a32a8bb920,Cheque Account,PCB Prestige Cheque,899614,PCB King William's Town Branch,Eastern Cape,2024-06-02,2024-11-28,Closed,18570.4,18140.65,18389.98,0.0098,Fixed,ZAR,69856.86,2024-11-28
586118d3-d28d-4d82-88b3-68df1e584593,8115657734,c26b9ed9-4e90-4932-be71-7790b8b198f4,Cheque Account,PCB Premier Cheque,670816,PCB Mokopane Branch,Limpopo,2024-02-10,,Active,12120.87,11070.63,11693.82,0.1316,Variable,ZAR,228648.98,2024-09-20
d7e33352-6312-4bc3-8d4a-d15bdeba381e,9206427606,974b6582-5a81-48d4-935e-a9de4753d206,Fixed Deposit,PCB Fixed 12M,322311,PCB Bellville Branch,Western Cape,2019-06-17,,Active,30321.51,29727.56,30714.49,0.1065,Variable,ZAR,0.0,2021-01-24
c56c1a28-6fe5-4ebc-bdae-d84c7e59ec04,3815090155,ed2c3419-2ef1-452c-ab3b-5b1419839625,Savings Account,PCB Flexi Save,255327,PCB Soweto Branch,Gauteng,2017-01-27,,Active,44.46,41.94,402.43,0.0351,Fixed,ZAR,0.0,2022-11-25
0cb014e3-1da1-48f1-bc74-fe84754950e3,2043743521,3cf71fd4-b2c6-4ecc-899f-6afc30c1c359,Cheque Account,PCB Prestige Cheque,498978,PCB Paarl Branch,Western Cape,2021-07-11,,Active,13181.01,12324.6,13210.71,0.0256,Variable,ZAR,28861.8,2024-08-21
f000b80f-5d57-4926-ae1d-ed12081e4182,9864946852,9ea34091-686a-455c-b717-750778b00e4e,Cheque Account,PCB Prestige Cheque,571152,PCB Polokwane Branch,Limpopo,2022-12-07,,Active,2038.52,2006.71,1594.62,0.1298,Variable,ZAR,13086.16,2023-10-27
2310745f-5b08-4089-b6a3-c5d3cded0e10,3706431447,b51de595-a81c-4f1a-b6bd-8d8c8b2114ac,Savings Account,PCB Flexi Save,718788,PCB Newcastle Branch,KwaZulu-Natal,2023-04-30,,Active,33583.94,32239.91,33813.78,0.0076,Variable,EUR,0.0,2024-06-19
3d81dc5b-5b4e-4f1b-a145-46094d70f2f1,1650896650,f5385827-522c-4f2a-b11f-b00e9abc58f9,Money Market,PCB Treasury Plus,388842,PCB Sandton Branch,Gauteng,2019-06-25,,Active,1275323.01,1175360.22,1275631.02,0.0988,Variable,ZAR,0.0,2020-02-11
8ecbc864-fae7-4886-ac0e-9c1596769e09,4232985402,97996329-6e3f-48fe-bc36-b36c88817145,Credit Card,PCB Standard Credit Card,212619,PCB Centurion Branch,Gauteng,2024-02-14,,Active,-16205.55,17426.83,-16579.05,0.1848,Variable,ZAR,36632.36,2024-05-28
932e3613-1a96-4df1-9d2d-127ae7042de3,7036454899,d4dbe0ab-3cb7-4948-9463-d5e7e5690023,Fixed Deposit,PCB Fixed 60M,573404,PCB Sandton Branch,Gauteng,2023-09-16,,Active,135463.32,130301.82,135910.32,0.1171,Fixed,ZAR,0.0,2024-07-21
7d9f3c81-8791-4444-9cdc-6cfd84a24e37,1571577634,d340fab8-3fed-45e5-8930-489b55f86261,Savings Account,PCB SaveSmart,202161,PCB Cape Town Branch,Western Cape,2024-01-16,,Active,24790.31,24277.53,24299.04,0.0788,Prime-linked,ZAR,0.0,2024-05-24
4b70241d-877c-4e02-abf9-17766afacd25,4724448033,486ed9cf-3f99-439b-a292-305d038605bf,Savings Account,PCB Goal Saver,117679,PCB Richards Bay Branch,KwaZulu-Natal,2020-07-01,,Active,40873.57,39729.39,41088.76,0.0164,Variable,ZAR,0.0,2021-04-25
6b6cc095-5b96-48ae-9bf8-793af3ed9299,6720047298,90de2424-c3c9-493f-a5c9-9bb234518d61,Savings Account,PCB PocketSave,817696,PCB Johannesburg Branch,Gauteng,2024-05-23,,Active,5142.05,5116.38,5295.13,0.2008,Prime-linked,ZAR,0.0,2024-06-11
91230637-2dea-4098-a96c-597f55dba09d,1209541014,a32070ba-f27b-4cdc-8e02-fb00804c240c,Money Market,PCB Money Market 32-Day,117918,PCB Durban Branch,KwaZulu-Natal,2024-08-09,,Active,240220.75,221313.38,240251.35,0.157,Variable,ZAR,0.0,2024-08-24
39e39d95-07c0-4417-81b8-34e0b269178b,7037293284,4989f769-f5ee-4ff3-8a2e-29a32a8bb920,Cheque Account,PCB Plus Cheque,164506,PCB Ekurhuleni Branch,Gauteng,2023-11-22,,Active,6460.41,6416.39,6242.26,0.0648,Variable,ZAR,48084.08,2024-05-18
b1d9d70e-1ccb-4dce-aa9f-3ac30e1381e1,6228012361,ad4f5d57-e2cd-44ca-b6b9-a067b3961cc6,Savings Account,PCB Goal Saver,696503,PCB Secunda Branch,Mpumalanga,2019-10-30,,Active,4857.04,4523.31,5190.68,0.047,Variable,ZAR,0.0,2021-05-14
42324c99-56ba-4a66-ab18-d4d981cb4003,9255676167,e147bc36-a123-431d-a8a8-0dda8386d54b,Fixed Deposit,PCB Fixed 36M,543745,PCB Bethlehem Branch,Free State,2022-05-12,,Active,64624.04,61356.09,64321.12,0.1424,Variable,USD,0.0,2022-08-25
68cf211e-6b58-4ab4-83c1-536b5263abbd,1159780353,06b4cbf1-5e59-4e2f-93b9-72bec63fdd0f,Credit Card,PCB Platinum Credit Card,773228,PCB Umhlanga Branch,KwaZulu-Natal,2022-12-24,,Active,-35908.39,-20636.97,-35957.59,0.0627,Prime-linked,ZAR,18163.07,2024-09-06
6ec04ebc-31c1-4f31-b56c-aa251bb16e6c,4013893393,b4ebc28f-526a-45ea-823c-588724471955,Fixed Deposit,PCB Fixed 60M,900529,PCB Stellenbosch Branch,Western Cape,2022-08-08,,Active,64316.36,58544.24,64343.48,0.1279,Fixed,ZAR,0.0,2023-12-16
8febcdd7-1594-4000-984a-f67ffccdf6f3,1484570031,c77092ad-e107-4373-89eb-0a50e994a500,Cheque Account,PCB Prestige Cheque,917070,PCB Cape Town Branch,Western Cape,2024-06-29,,Active,18709.18,17743.87,18598.44,0.2208,Variable,ZAR,75648.49,2024-10-15
4b389b8e-191b-4ccc-ab1d-cbebcd339351,1855584194,cd2e6f39-f46e-4121-baa3-933966d859b5,Savings Account,PCB Flexi Save,107945,PCB Brits Branch,North West,2023-12-27,,Active,716.88,685.44,796.02,0.1618,Variable,ZAR,0.0,2024-11-30
7b20bdd7-df7c-47f6-9582-4e584482d669,2610286166,a947356f-b250-4f75-b46b-22635efa9d45,Cheque Account,PCB Prestige Cheque,325043,PCB Sandton Branch,Gauteng,2024-12-22,,Active,37885.94,37728.01,37706.79,0.0112,Prime-linked,ZAR,76640.66,2024-12-25
5df693bd-0b79-4d49-abb4-0038d1cce4d5,4030482810,d2b28c0c-9630-4a24-a568-7adb38f9d83c,Savings Account,PCB Goal Saver,434952,PCB Midrand Branch,Gauteng,2024-09-06,,Active,12129.43,11348.75,11696.4,0.0815,Variable,ZAR,0.0,2024-11-01
57cd69e4-3b4e-4e1d-97e3-2778d2111830,5995452713,27cf3535-ec87-4531-ae61-98411ccdf94e,Business Account,PCB Enterprise Account,967977,PCB Stellenbosch Branch,Western Cape,2023-10-19,,Active,1272222.98,1146605.1,1272301.48,0.1355,Prime-linked,ZAR,2452569.82,2024-07-05
ac891fac-ea58-426b-b445-2551f5661fd5,7365046312,7a82fc95-2e3f-4291-bcd9-16146d4b26f8,Savings Account,PCB PocketSave,332612,PCB Kroonstad Branch,Free State,2024-07-05,,Active,25919.26,24882.02,25561.29,0.108,Fixed,ZAR,0.0,2024-12-31
a3875360-baab-4ef9-bd90-c7cc3080df8e,1893428333,80a0e354-f0ed-4c02-8581-df6ad8d9e5b4,Cheque Account,PCB Plus Cheque,850437,PCB Tzaneen Branch,Limpopo,2023-10-19,,Active,391.51,370.39,159.19,0.0986,Fixed,ZAR,23501.56,2024-06-23
22c18def-0cdf-41c2-ab91-6a6e4c2ff0e5,6062776482,76ab0908-fcc6-4524-a064-d86c08c77bc0,Savings Account,PCB PocketSave,834659,PCB Pietermaritzburg Branch,KwaZulu-Natal,2024-12-30,,Active,4665.23,4594.49,4680.67,0.05,Fixed,ZAR,0.0,2024-12-31
e8f46ec0-b2b3-4e94-8ba5-d09acf5a43bf,8035033345,d5374c4f-2eaa-4516-affc-770060c183f9,Savings Account,PCB Flexi Save,525239,PCB Brits Branch,North West,2022-01-31,,Active,15106.01,14210.94,15417.13,0.0538,Fixed,ZAR,0.0,2022-06-22
79b903aa-4392-4eab-888f-884d2d5f3799,2024578053,2b9c33ca-c7d9-4624-8f8f-968961825448,Savings Account,PCB SaveSmart,484502,PCB Sandton Branch,Gauteng,2019-11-16,,Active,7996.39,7740.56,8371.18,0.0865,Variable,ZAR,0.0,2022-04-07
6c21c30e-9936-45ee-938a-614a21674462,4617952074,220b2dce-668f-4bcc-bdfd-2839e0ce5208,Savings Account,PCB Flexi Save,987454,PCB Secunda Branch,Mpumalanga,2023-11-17,,Active,3032.56,2747.08,2540.21,0.2065,Prime-linked,ZAR,0.0,2024-01-20
550cf2b2-0ea4-4da2-bc41-41dbacbeb5d9,4245570982,5c256c19-19f1-4458-9097-1493fe628d0c,Business Account,PCB Enterprise Account,486469,PCB Thohoyandou Branch,Limpopo,2023-04-27,,Active,383935.23,350723.71,384279.84,0.214,Fixed,ZAR,320831.8,2024-08-19
305bad98-7d5d-4ae8-af0f-dcdb3f95480a,9252958800,0da3aca3-eeff-48be-9870-f0b2cd2d53c6,Savings Account,PCB SaveSmart,188536,PCB Louis Trichardt Branch,Limpopo,2024-07-01,,Active,195.59,185.79,-164.2,0.0332,Prime-linked,ZAR,0.0,2024-11-01
f4b2c3f6-6662-4cb2-8054-521e6c86a177,4553141974,a32070ba-f27b-4cdc-8e02-fb00804c240c,Money Market,PCB Money Market Call,303060,PCB Johannesburg Branch,Gauteng,2017-06-25,,Active,391215.22,388810.09,391157.81,0.0232,Variable,ZAR,0.0,2018-01-07
2bb22dfa-4591-42ad-8ca2-9d8ac28410c2,3017135943,28720e79-2cb0-4e43-86b0-8b3a863c5f5b,Credit Card,PCB Platinum Credit Card,300022,PCB King William's Town Branch,Eastern Cape,2021-05-11,,Active,-40326.89,861.67,-39938.44,0.2171,Fixed,ZAR,84254.33,2024-01-26
de49dbf4-b95e-46c8-a238-ac2bcee6f28e,6910726321,279affd9-9190-4f95-9791-21936bec80d8,Money Market,PCB Treasury Plus,484034,PCB Umhlanga Branch,KwaZulu-Natal,2024-03-01,,Dormant,452129.07,409869.67,452306.93,0.1332,Variable,USD,0.0,2024-04-25
271fa06d-42e8-4b86-915b-822b170ce753,4670884538,13e73d20-b6c4-4bc0-9cd5-546497a8703b,Savings Account,PCB Flexi Save,212239,PCB Pinetown Branch,KwaZulu-Natal,2022-04-14,2022-06-24,Closed,17496.66,16146.13,17399.3,0.1052,Prime-linked,ZAR,0.0,2022-06-24
d7ea2ad6-011d-4418-85b2-c81effbd87a0,5058642877,1bf46838-92d1-4b07-adc1-26f9bc1a6bdd,Cheque Account,PCB Gold Cheque,164506,PCB Ekurhuleni Branch,Gauteng,2019-03-15,,Active,13650.18,13628.23,13765.17,0.0857,Variable,ZAR,141557.15,2022-05-11
12d8ff1f-79ae-4b16-a775-fb9cca9347c6,4598274531,ca32bc99-ff8b-4b9d-9ca0-72f790ef992c,Business Account,PCB Enterprise Account,773228,PCB Umhlanga Branch,KwaZulu-Natal,2019-09-04,,Active,17133231.6,15796271.87,17133355.74,0.2156,Fixed,ZAR,17934962.75,2020-05-21
4c4ef8a8-c680-4339-af5a-5a7d0949455c,6516945248,c78a0d18-6aa0-49e8-8fae-3d1bafc78948,Savings Account,PCB SaveSmart,188536,PCB Louis Trichardt Branch,Limpopo,2021-09-18,,Active,21697.7,21137.09,22181.77,0.1598,Fixed,ZAR,0.0,2021-10-31
2ac87343-21db-4396-88ae-c8b726abc0c1,2411983396,29b3d1af-ac90-48cb-a851-6e0f45b13ed7,Fixed Deposit,PCB Fixed 24M,117679,PCB Richards Bay Branch,KwaZulu-Natal,2022-09-26,,Active,32891.1,32516.08,32883.94,0.1459,Prime-linked,ZAR,0.0,2022-12-19
cdaec3c8-a553-4168-8956-d80c9a9098b4,7018648122,0ec62bd1-42db-4ffd-b12d-f1738b4fdec9,Credit Card,PCB Standard Credit Card,878160,PCB Queenstown Branch,Eastern Cape,2015-05-27,,Active,-46537.86,40739.85,-46618.8,0.0118,Fixed,ZAR,95959.09,2016-11-28
397209b3-d4ee-4400-b174-55abf70df72f,6242682131,633df561-127d-4591-bf74-5e729ecac50e,Cheque Account,PCB Gold Cheque,269737,PCB Soweto Branch,Gauteng,2024-03-16,,Active,218004.98,207786.51,217841.24,0.1053,Fixed,EUR,192846.27,2024-06-28
c9b07011-12b8-43f6-9ef8-d9b8b4500878,7025494053,f08a0cb8-0801-4ed0-bad6-d7251ed2fea2,Credit Card,PCB Platinum Credit Card,398889,PCB Louis Trichardt Branch,Limpopo,2018-03-16,,Active,-24980.32,-10055.47,-25391.06,0.0461,Prime-linked,ZAR,30335.26,2024-08-07
e65d00e9-663f-4ee7-b4a1-c76d7a7ef037,8958848294,6df5afd4-10bc-4798-b0fb-196086237cd2,Fixed Deposit,PCB Fixed 12M,602593,PCB Thohoyandou Branch,Limpopo,2024-11-12,,Active,77496.38,69976.91,77707.26,0.2083,Fixed,ZAR,0.0,2024-12-06
7d1f5647-09de-436e-ade7-93be89c4e43f,8118477454,cc480a15-7278-4d4b-aa9a-dec9772c06df,Cheque Account,PCB Gold Cheque,676396,PCB Standerton Branch,Mpumalanga,2020-01-17,,Active,662.0,648.25,1104.41,0.2139,Fixed,ZAR,20102.82,2024-08-16
14981fa2-d564-4ae0-be49-3427f6d84ee2,5847023874,696dd856-e6af-4dd3-9595-cc197764d7c1,Cheque Account,PCB Prestige Cheque,266302,PCB Potchefstroom Branch,North West,2021-12-28,,Active,25632.84,24303.91,25443.22,0.1235,Fixed,ZAR,63406.11,2022-12-03
30235568-23e2-4acf-b74f-717c8a07419f,3852162469,07fa5644-7fcb-437a-a066-665b06bf8685,Money Market,PCB Money Market Call,949833,PCB Bellville Branch,Western Cape,2022-01-31,,Active,1219103.35,1135082.0,1219337.99,0.1497,Variable,ZAR,0.0,2024-04-11
0594e29f-85b7-4c9b-907f-24c8478f2410,2201746280,ccfb2fd8-3927-4ffc-bb87-d12a67ce37a5,Credit Card,PCB Standard Credit Card,189520,PCB Nelspruit Branch,Mpumalanga,2024-10-21,,Active,-16673.02,-16140.38,-17087.0,0.0103,Variable,ZAR,30492.55,2024-12-03
625a6216-f4b4-48dd-9268-e651ba7b05de,6302015913,f7e17a8d-c52e-4334-94e7-e1870e6b11c7,Business Account,PCB Business Current,916190,PCB Soweto Branch,Gauteng,2024-06-08,,Active,439318.76,410688.25,439548.39,0.1984,Fixed,ZAR,483675.28,2024-12-10
7a189eed-6081-4093-9156-70b155d701da,4486755506,90de2424-c3c9-493f-a5c9-9bb234518d61,Savings Account,PCB Flexi Save,389585,PCB Polokwane Branch,Limpopo,2024-12-22,,Active,596.46,542.21,477.85,0.1618,Prime-linked,ZAR,0.0,2024-12-25
207bbcb1-ef7d-4f7c-a59d-22d3b54b2a81,9334437368,c34d10db-f402-4a96-a953-b27ad8feb022,Business Account,PCB Business Current,101296,PCB Johannesburg Branch,Gauteng,2018-05-11,,Active,1657394.48,1648707.21,1657715.24,0.1345,Fixed,ZAR,922463.34,2024-07-23
29f5fe09-f475-4cd7-83d3-1996137c8805,3933217062,ac84016c-2bef-4069-bd21-97b5fa73e5d4,Fixed Deposit,PCB Fixed 12M,421855,PCB Soweto Branch,Gauteng,2021-06-28,,Active,105818.74,95423.14,105549.38,0.1588,Variable,ZAR,0.0,2021-11-07
837b7ec5-7253-4290-802b-522ca7a0ec5e,8603442566,008f033c-9eb6-4faf-8215-fd595f6d3ab8,Cheque Account,PCB Gold Cheque,871734,PCB Newcastle Branch,KwaZulu-Natal,2016-02-17,,Active,1244.26,1156.38,1377.62,0.0968,Variable,ZAR,15049.56,2018-11-06
9858fbe1-d16e-4c71-b476-060480732d6c,5581784456,9730d667-2481-4b8e-9e5f-b736067f3107,Cheque Account,PCB Prestige Cheque,506185,PCB Midrand Branch,Gauteng,2023-08-04,,Dormant,58729.72,54955.18,58741.56,0.1834,Prime-linked,ZAR,149111.23,2023-12-22
2d979189-24f1-4b0e-ad16-83b9c3a598fe,1946129680,5a59e0f6-712f-461e-8506-d79ff0bf9914,Cheque Account,PCB Premier Cheque,574966,PCB Tzaneen Branch,Limpopo,2015-08-11,,Active,7523.43,6998.74,7279.86,0.1058,Fixed,ZAR,50781.91,2019-07-04
fbfad17c-6e00-4b82-baa3-ee69a5fce256,4185499327,4cc4d7de-7b2c-4ab7-8528-3d9dd29117ff,Savings Account,PCB SaveSmart,169224,PCB Pietermaritzburg Branch,KwaZulu-Natal,2023-09-04,2024-11-06,Closed,43253.3,39016.73,43434.18,0.2133,Prime-linked,ZAR,0.0,2024-11-06
5b7fa248-a749-4cba-bfd9-f247ec011b1f,9996515483,b6d87c10-28ea-453a-9463-3da693da5073,Cheque Account,PCB Plus Cheque,317285,PCB Johannesburg Branch,Gauteng,2019-10-07,,Active,4075.8,3696.8,4180.46,0.1411,Variable,ZAR,18569.07,2020-07-18
3b95d2c0-d182-4c4a-84ce-5db89992fa79,4128768918,9ec1fa1b-150e-4929-9302-27b04c992487,Savings Account,PCB SaveSmart,838516,PCB Soweto Branch,Gauteng,2024-01-25,,Active,1707.49,1654.83,1874.76,0.1384,Fixed,ZAR,0.0,2024-08-20
89a1ddae-45d1-4e55-9573-d7475bc66614,4856631347,a12a2645-12e2-4598-80ad-c5ef43c7195e,Savings Account,PCB Flexi Save,718788,PCB Newcastle Branch,KwaZulu-Natal,2024-04-18,,Active,6459.56,6183.65,6649.64,0.0266,Prime-linked,ZAR,0.0,2024-12-19
eeb5ce1e-81c5-4b18-a237-66f69d8d450a,9966953634,d2a252aa-3d52-420a-b18f-5c134e1fa217,Cheque Account,PCB Gold Cheque,361826,PCB Newcastle Branch,KwaZulu-Natal,2024-02-15,,Active,3672.69,3513.87,3698.65,0.1513,Variable,ZAR,48568.34,2024-02-27
7f5dab67-b585-4ec0-b9ab-df67bb40df69,1682536038,4ea440d8-ce17-45ae-9037-e5677b3c173e,Money Market,PCB Treasury Plus,844836,PCB Durban Branch,KwaZulu-Natal,2023-12-18,,Active,1320460.28,1217158.45,1320121.75,0.2084,Prime-linked,ZAR,0.0,2024-10-16
d59016d5-4ccb-41a6-8123-3c0049b373bb,2705454431,95c94f51-1c42-4219-bd5d-6d7d5f07f30b,Cheque Account,PCB Prestige Cheque,525239,PCB Brits Branch,North West,2024-03-06,,Active,17108.13,16227.53,17299.26,0.0075,Prime-linked,ZAR,137283.78,2024-06-13
c8810654-19e3-4911-bb28-56873376b99d,3616477635,a19093bd-f153-4dbc-bcd8-fb5ad1a36321,Cheque Account,PCB Prestige Cheque,339286,PCB Pinetown Branch,KwaZulu-Natal,2023-08-20,,Active,1272.79,1202.75,1413.61,0.1537,Fixed,ZAR,47845.34,2024-12-27
158c6c7f-a40f-4292-b851-fae10fd388cc,5877274935,4112f97a-6f29-4e5e-b68a-6549774068b5,Savings Account,PCB Flexi Save,564639,PCB Standerton Branch,Mpumalanga,2022-12-22,,Active,2279.39,2147.01,2021.23,0.075,Prime-linked,ZAR,0.0,2023-04-09
f0bd3e97-47a6-4099-a6b4-84b31db8bc26,6927836224,35d4fecb-aeac-49eb-a349-ffa5fe6d0c3a,Savings Account,PCB Goal Saver,872468,PCB Midrand Branch,Gauteng,2024-10-21,,Active,3944.54,3756.53,3909.39,0.1004,Variable,ZAR,0.0,2024-12-23
ee102a10-0ed7-4694-befc-058342a5609a,9311053254,9730d667-2481-4b8e-9e5f-b736067f3107,Cheque Account,PCB Plus Cheque,949438,PCB Ekurhuleni Branch,Gauteng,2023-04-08,,Active,46256.66,42037.43,46126.02,0.1683,Prime-linked,ZAR,193076.98,2024-02-26
c18d8060-909e-49d1-8e42-9445994037b0,4534607014,1e6bfc01-54e8-49f1-b039-a6bce14d302e,Credit Card,PCB Standard Credit Card,144512,PCB Pinetown Branch,KwaZulu-Natal,2021-01-21,,Active,-27959.16,38912.95,-28129.5,0.1263,Fixed,ZAR,85655.67,2024-04-05
1022aa7b-25a9-47fd-9d0a-c86e4f663ec8,7552325341,3f4aa40e-79e7-4a14-84a7-1bf79aaf67ac,Cheque Account,PCB Premier Cheque,844836,PCB Durban Branch,KwaZulu-Natal,2017-02-10,,Active,8296.74,8219.74,8329.62,0.0227,Prime-linked,ZAR,26410.82,2020-07-27
eb488e77-92b6-4933-ba76-67a314f849d7,9366141694,d008e9b4-a86d-491e-bb43-dcf5c491c1cc,Credit Card,PCB Standard Credit Card,101296,PCB Johannesburg Branch,Gauteng,2022-12-25,,Active,-6348.13,-4686.19,-6129.73,0.0454,Fixed,ZAR,38129.47,2024-08-24
49e180a3-0dd3-4a46-a180-7cc50a23105f,3532530033,792cf5fa-6e6c-47f4-8b08-8b279135255f,Cheque Account,PCB Prestige Cheque,212239,PCB Pinetown Branch,KwaZulu-Natal,2024-01-09,,Active,16615.21,14966.29,16741.67,0.1464,Fixed,ZAR,61387.22,2024-03-21
95738339-4873-4489-85c5-aee2c56e64f5,5450139836,ea388ea5-57ca-4b6e-aa00-840efed21569,Cheque Account,PCB Plus Cheque,339980,PCB Polokwane Branch,Limpopo,2024-09-19,,Active,238.69,217.75,78.59,0.0079,Prime-linked,ZAR,68398.05,2024-11-08
5fc063d7-d3fd-420f-b12b-06dd7e5d0a2e,6106856084,30c2e83a-3ad0-4c9e-8a9d-2ec15dd897f2,Credit Card,PCB Platinum Credit Card,506185,PCB Midrand Branch,Gauteng,2022-09-18,2023-04-01,Closed,-21418.97,-6004.02,-21275.84,0.0808,Variable,ZAR,38393.39,2023-04-01
89508310-0e20-4767-b6ca-b33dbc0c4fff,8346909445,796496b2-fedc-473f-b0ad-08543529cc77,Credit Card,PCB Gold Credit Card,201888,PCB Port Elizabeth Branch,Eastern Cape,2023-06-12,,Active,-915030.19,-861244.66,-915488.34,0.1771,Fixed,ZAR,319869.83,2023-12-29
c70460d8-4bfa-4252-ac16-dd692ef53289,8022513504,e48bf09c-1d7e-4a66-9946-31e8e782c08e,Fixed Deposit,PCB Fixed 24M,684610,PCB Bellville Branch,Western Cape,2024-05-15,,Active,140648.05,132571.79,140511.53,0.1083,Prime-linked,ZAR,0.0,2024-11-19
84d475f3-0e9d-40ac-bdfe-37e0e17bf1d7,6605256729,e32daaf2-1ce6-4682-bb35-186c9b592598,Savings Account,PCB SaveSmart,202161,PCB Cape Town Branch,Western Cape,2018-10-22,,Active,279.96,257.31,274.78,0.177,Fixed,ZAR,0.0,2021-11-29
9256097f-e79d-44ea-bb2a-3a9ca9521a1a,4388668343,77595890-46d2-4f84-ba33-d6e12b874937,Cheque Account,PCB Premier Cheque,361826,PCB Newcastle Branch,KwaZulu-Natal,2024-07-27,,Dormant,15233.37,13849.7,14989.08,0.1635,Variable,ZAR,66247.35,2024-11-30
1bdc56e4-951c-4dec-80c4-b50b726e481d,8828528214,56b81eb2-082d-4046-8431-6dd74a4f1d25,Cheque Account,PCB Premier Cheque,571152,PCB Polokwane Branch,Limpopo,2018-11-11,,Active,27296.73,24731.54,27015.6,0.0777,Variable,ZAR,132670.51,2022-01-03
2710a107-c7d3-48da-bccf-0e4b89909b43,9275667869,443feac0-db02-4215-bac3-8466225e9316,Cheque Account,PCB Premier Cheque,984479,PCB Queenstown Branch,Eastern Cape,2021-12-18,,Active,51.59,47.73,-180.74,0.0486,Prime-linked,ZAR,27060.49,2023-03-31
6072d114-fff1-4a2b-b93e-372b5526f2be,7517978795,13e73d20-b6c4-4bc0-9cd5-546497a8703b,Cheque Account,PCB Prestige Cheque,532613,PCB Upington Branch,Northern Cape,2022-10-27,,Active,13609.01,13042.21,13603.53,0.1005,Fixed,ZAR,22013.02,2023-08-29
8e55531e-503c-49b4-9ac6-f7d4b6b3f13a,2248665943,bca80148-e7b8-4cd0-9ed4-29ebc0a69045,Cheque Account,PCB Gold Cheque,676396,PCB Standerton Branch,Mpumalanga,2022-08-11,,Active,14009.77,13080.93,13970.49,0.0853,Fixed,ZAR,20014.89,2022-08-15
d1bed47c-668c-4df9-a0a8-5ea50486928d,2291780311,19a916c7-4417-4f73-8f40-2941f4eb8d48,Cheque Account,PCB Gold Cheque,144512,PCB Pinetown Branch,KwaZulu-Natal,2024-08-16,,Active,12167.22,11670.17,12471.4,0.1284,Prime-linked,ZAR,84715.72,2024-10-19
21bb019f-4276-4e37-aa53-e821fb9afb1b,6607516082,447cf377-fced-4c3f-8591-b9520197daf7,Cheque Account,PCB Prestige Cheque,921664,PCB Klerksdorp Branch,North West,2024-12-01,,Suspended,680.18,621.24,211.85,0.0102,Fixed,ZAR,47096.13,2024-12-26
82f9f05e-51c8-4c74-9de5-36cf7bc1d38d,1035178153,93e49ad9-221b-44ed-8d8b-837f2221b03a,Cheque Account,PCB Plus Cheque,373743,PCB Standerton Branch,Mpumalanga,2023-02-05,,Active,13144.65,13102.74,12819.52,0.0642,Fixed,ZAR,54020.39,2023-07-24
11a1f9a7-0d47-43ab-997f-085ed6f2262e,3435867338,13e73d20-b6c4-4bc0-9cd5-546497a8703b,Savings Account,PCB Flexi Save,371955,PCB Welkom Branch,Free State,2024-11-16,,Active,7307.27,7102.4,7725.04,0.1718,Fixed,ZAR,0.0,2024-11-28
7f12d0cd-3f47-4963-bb3f-c1bec1665993,3944737340,1281fa70-afeb-4ce9-824d-8e9dca3d47e0,Savings Account,PCB Flexi Save,770919,PCB Pinetown Branch,KwaZulu-Natal,2023-03-17,,Active,15488.04,15136.03,15726.34,0.2045,Variable,ZAR,0.0,2024-02-02
6ff4806a-013d-4d13-a962-34d1fa8fa0fb,5767150338,95c94f51-1c42-4219-bd5d-6d7d5f07f30b,Savings Account,PCB PocketSave,555275,PCB Soweto Branch,Gauteng,2023-10-14,,Active,51144.99,46412.15,50708.43,0.0353,Variable,ZAR,0.0,2024-04-10
9a7276cb-35b8-40d3-9be4-87f809d4152d,3415175992,943b547a-caaf-4494-a2d8-c22932b3d538,Cheque Account,PCB Plus Cheque,641358,PCB Potchefstroom Branch,North West,2016-06-22,,Active,14018.41,13041.04,13523.28,0.2233,Fixed,USD,21836.83,2023-11-07
63599407-408b-40c2-b5bd-c76835de0935,8552409831,79a9ad0b-9d69-468e-ac89-6261e5263044,Cheque Account,PCB Premier Cheque,916338,PCB Queenstown Branch,Eastern Cape,2023-11-07,,Active,21033.85,19172.95,20673.12,0.1071,Variable,ZAR,97230.17,2024-12-06
3882ede9-0650-4117-b505-04f03140d409,4732057123,3d67fcbd-6beb-4aed-b77d-5e1e53dd0cb2,Credit Card,PCB Gold Credit Card,725163,PCB Mafikeng Branch,North West,2024-10-18,,Active,-10125.64,-6448.19,-10483.4,0.1495,Fixed,ZAR,36565.93,2024-10-21
75e0ec52-904d-4985-bfd2-ac4f676653e4,8163309371,7a82fc95-2e3f-4291-bcd9-16146d4b26f8,Savings Account,PCB Flexi Save,434952,PCB Midrand Branch,Gauteng,2023-04-01,,Active,6241.04,6125.8,6201.76,0.0631,Prime-linked,ZAR,0.0,2024-06-18
ca7906af-7f80-42a9-be69-629fb7324e20,6551484064,72735915-e495-4cdb-8670-8fd2e9bdf8d1,Credit Card,PCB Standard Credit Card,641958,PCB Queenstown Branch,Eastern Cape,2021-07-05,,Active,-142333.12,-102144.94,-142640.68,0.1623,Variable,ZAR,179857.58,2023-06-18
feff1299-937c-40f7-a410-c2b9dbc2b24a,2392337951,486ed9cf-3f99-439b-a292-305d038605bf,Credit Card,PCB Standard Credit Card,684610,PCB Bellville Branch,Western Cape,2019-04-20,,Active,-18403.96,-12493.19,-18300.33,0.2049,Fixed,ZAR,144243.21,2021-11-25
9ba100f8-e900-4121-ac8c-1538548f2e45,8580053784,6df5afd4-10bc-4798-b0fb-196086237cd2,Fixed Deposit,PCB Fixed 12M,488904,PCB Centurion Branch,Gauteng,2020-03-23,,Active,133446.88,121127.6,133290.9,0.0836,Fixed,ZAR,0.0,2024-02-01
ea2cd816-f419-4c72-ab8f-2767653a1ea0,2654727412,90de2424-c3c9-493f-a5c9-9bb234518d61,Fixed Deposit,PCB Fixed 24M,168034,PCB Midrand Branch,Gauteng,2024-09-13,,Dormant,38108.92,34887.95,38024.65,0.049,Fixed,ZAR,0.0,2024-10-15
0cf8efd5-ca55-4189-b5b1-2649e1707a47,7122054903,2b230825-6b17-4ffe-9620-5f77ec1c9594,Cheque Account,PCB Gold Cheque,234430,PCB Nelspruit Branch,Mpumalanga,2023-09-24,,Active,11875.59,10889.38,11750.14,0.0981,Prime-linked,ZAR,49878.13,2024-10-17
52882b60-b4ef-4bf3-be32-888324343fe6,8108182561,70028cc6-1375-43f1-9ff4-06252c233a53,Savings Account,PCB SaveSmart,421855,PCB Soweto Branch,Gauteng,2023-06-05,,Active,21574.59,19949.47,21103.34,0.0617,Variable,ZAR,0.0,2024-11-09
3b2a38be-2c85-4c9d-b093-940db3525b05,8869488518,b2a41524-5f95-4187-a0bd-d30fa615eeb7,Money Market,PCB Money Market 32-Day,442505,PCB Louis Trichardt Branch,Limpopo,2019-06-23,2022-12-09,Closed,35961.68,33726.89,35520.89,0.1306,Fixed,ZAR,0.0,2022-12-09
776d95f7-e807-42da-b239-02e24c3b55d5,8493565281,4899ed45-9c58-43fc-a9b1-110f1e0da786,Cheque Account,PCB Gold Cheque,856625,PCB Bethlehem Branch,Free State,2023-11-30,,Active,77865.86,76037.01,77984.33,0.0789,Variable,ZAR,296375.23,2024-07-10
4eca0497-00f0-49d1-9b08-220eb616fcbd,4525691379,bc8c5479-2c80-4d0c-a1c8-dff8c7e77791,Savings Account,PCB SaveSmart,546901,PCB Centurion Branch,Gauteng,2024-07-20,,Dormant,2874.99,2778.51,3087.27,0.1636,Variable,ZAR,0.0,2024-12-05
b062f269-5a0e-4485-a06a-e3f33192e4c8,4357138100,a5b3d0e7-1c37-41b2-8e9b-c9b78f83cb2d,Cheque Account,PCB Prestige Cheque,691845,PCB Stellenbosch Branch,Western Cape,2022-02-22,,Active,1013.57,932.1,1461.21,0.2145,Fixed,ZAR,13600.72,2023-09-19
b92d603c-885a-43e0-aec7-e8ee5af20b1b,5918809898,12db6aa0-0390-4394-a2b6-2809e25100ce,Cheque Account,PCB Plus Cheque,552168,PCB Mthatha Branch,Eastern Cape,2023-09-16,,Dormant,12705.45,11625.22,12295.9,0.0692,Fixed,ZAR,23033.69,2023-10-15
84b898e3-0099-4c8b-b850-3b9d7335336f,1459849147,c78a0d18-6aa0-49e8-8fae-3d1bafc78948,Fixed Deposit,PCB Fixed 24M,399322,PCB Middelburg Branch,Mpumalanga,2024-09-02,,Active,180774.62,179939.48,180954.14,0.1267,Fixed,EUR,0.0,2024-10-02
6bdf7092-bcb0-4eb2-8aab-d75d40b7e1d7,8380194968,a5b3d0e7-1c37-41b2-8e9b-c9b78f83cb2d,Credit Card,PCB Platinum Credit Card,224413,PCB Newcastle Branch,KwaZulu-Natal,2021-04-18,,Active,-26430.97,-6281.56,-26464.41,0.1384,Fixed,ZAR,45631.97,2021-11-29
90706405-c77b-487e-aeb5-037a9f99831a,2284859269,96a0dd93-d9ee-4528-9173-61228081da8c,Cheque Account,PCB Premier Cheque,935986,PCB Johannesburg Branch,Gauteng,2022-11-29,,Active,22227.11,21593.11,21985.87,0.202,Prime-linked,ZAR,33626.45,2024-11-22
9e7503f2-fdfe-4782-8633-0a0c8bd927ac,7372911048,61f70e9e-9d2a-4b47-8dde-4eaa3aed22a6,Cheque Account,PCB Prestige Cheque,127939,PCB Port Elizabeth Branch,Eastern Cape,2023-11-18,,Active,10901.7,9903.81,10486.26,0.0134,Fixed,ZAR,15929.75,2024-10-23
ac16bf75-d222-4642-a578-7994ce70b1a3,9315604881,90de2424-c3c9-493f-a5c9-9bb234518d61,Cheque Account,PCB Plus Cheque,641358,PCB Potchefstroom Branch,North West,2024-06-21,,Active,11014.1,10660.89,10922.1,0.1553,Fixed,ZAR,35402.98,2024-12-10
75d167cd-b2a3-4603-b9e8-90f9e4e7dae4,2835500317,445d1261-31b5-4737-96e9-9f67918894a2,Credit Card,PCB Gold Credit Card,332612,PCB Kroonstad Branch,Free State,2017-08-20,,Active,-48375.01,606406.97,-47965.31,0.052,Fixed,ZAR,809474.24,2023-05-06
df80d17f-b723-44d3-b4b9-3ef14ccd5a6e,3361995399,5701b798-9883-49d5-9c4b-4a596582d4b3,Savings Account,PCB SaveSmart,459366,PCB Pinetown Branch,KwaZulu-Natal,2022-08-17,,Active,13298.47,13227.22,13301.89,0.0553,Variable,ZAR,0.0,2023-01-24
bbc545cd-98f8-4d5d-b0fd-2b979ca9b0a5,3078963393,f794df90-7eeb-476c-80ce-223f387b0ed7,Money Market,PCB Money Market 32-Day,215930,PCB Secunda Branch,Mpumalanga,2024-05-31,,Active,1351340.49,1245010.77,1351283.14,0.1545,Variable,ZAR,0.0,2024-12-16
604dfb18-a7b3-455b-b835-b188b21730c0,4131012566,fd250f7b-e79e-409d-82f0-7d0f61426f0b,Money Market,PCB Money Market Call,434952,PCB Midrand Branch,Gauteng,2023-03-29,,Active,72769.96,69030.71,72721.18,0.0052,Prime-linked,ZAR,0.0,2024-01-22
bffe29f4-c8c9-44b9-bcc0-7d914629999a,8070383546,4112f97a-6f29-4e5e-b68a-6549774068b5,Cheque Account,PCB Premier Cheque,371955,PCB Welkom Branch,Free State,2018-12-17,,Active,5245.42,5101.61,4796.54,0.183,Variable,ZAR,10997.34,2019-01-10
e9ad71a9-3d5d-4237-9aa5-a3450d3b16f3,1237469684,60e9b09c-e343-401f-9e56-3f88d8ea072a,Money Market,PCB Treasury Plus,358051,PCB Centurion Branch,Gauteng,2022-09-25,,Active,125797.73,119578.7,125910.65,0.2002,Fixed,ZAR,0.0,2024-07-09
7876fa4f-a139-4683-83a6-87ddd3a32f3e,9626479694,3d67fcbd-6beb-4aed-b77d-5e1e53dd0cb2,Money Market,PCB Treasury Plus,719511,PCB Bloemfontein Branch,Free State,2023-04-26,,Active,253984.47,242489.41,253881.07,0.0573,Variable,ZAR,0.0,2024-01-29
356fb737-e88e-4b0c-978d-b4dbd3456782,4107844278,e2ecc6fb-55cd-42e1-be41-3182bc1305ad,Savings Account,PCB PocketSave,163238,PCB Midrand Branch,Gauteng,2019-03-22,,Active,31405.84,30124.21,31595.61,0.1545,Variable,ZAR,0.0,2019-12-28
98adb0b9-2ff2-40fe-8c56-52fce871adcb,5862600763,bc8c5479-2c80-4d0c-a1c8-dff8c7e77791,Cheque Account,PCB Gold Cheque,746066,PCB Port Elizabeth Branch,Eastern Cape,2024-06-08,,Active,13351.67,13223.15,12927.19,0.0586,Fixed,ZAR,64341.69,2024-11-25
5db10826-198a-4043-aa61-6b80d4f95ba7,2333606165,c978e671-abb7-4632-8b23-ab955c9acf81,Cheque Account,PCB Gold Cheque,799348,PCB East London Branch,Eastern Cape,2023-03-04,,Active,12834.69,11871.65,12434.82,0.0588,Variable,ZAR,28136.97,2023-05-04
a44d3a74-0983-4d99-bd53-62decc175181,2013809459,00a189c0-4f82-4e48-80fd-1cbd70ae9eee,Savings Account,PCB PocketSave,303060,PCB Johannesburg Branch,Gauteng,2024-12-25,,Active,3351.41,3318.39,3386.83,0.1253,Variable,ZAR,0.0,2024-12-31
73433310-3036-4cf0-ad05-cfdd99acb98b,8031612664,1a7a1249-df24-4bdc-bfc9-0cd2d33e45f1,Business Account,PCB Business Current,144512,PCB Pinetown Branch,KwaZulu-Natal,2023-10-07,,Dormant,277335.76,257056.86,277717.24,0.1529,Fixed,ZAR,220615.13,2023-12-08
1b839f8d-3b1e-44c9-8ad9-8c0d50ba111a,5349214297,a6f2e94d-f410-4243-a848-ecf52b593958,Cheque Account,PCB Gold Cheque,230751,PCB Secunda Branch,Mpumalanga,2020-05-27,,Active,9172.16,8954.27,9237.5,0.1519,Variable,ZAR,76603.86,2024-01-15
82f283e4-e042-4e6c-bb47-d9836a043ba6,4080657131,5701b798-9883-49d5-9c4b-4a596582d4b3,Fixed Deposit,PCB Fixed 36M,571152,PCB Polokwane Branch,Limpopo,2022-06-25,,Active,293196.89,279060.62,292743.06,0.0101,Prime-linked,ZAR,0.0,2022-09-15
4edd9bec-7785-464d-82a5-d7fb0384900f,4411393967,0efb1307-2e35-4775-952c-fccda5c4af82,Cheque Account,PCB Plus Cheque,168034,PCB Midrand Branch,Gauteng,2024-09-04,,Active,4895.85,4672.23,4829.55,0.0642,Variable,ZAR,21963.3,2024-12-24
7ec8a48a-6ea7-462e-b4d3-2d9a8410a8a8,4236149857,8902db05-3812-414e-92df-e5dfe03de324,Cheque Account,PCB Premier Cheque,620678,PCB Johannesburg Branch,Gauteng,2017-08-25,,Active,11888.94,11343.5,11918.03,0.0228,Fixed,ZAR,102379.87,2024-03-13
aaf1a4bc-9695-46b1-9820-63a2c49cfbff,6993317138,832d42ba-e77f-42ef-abf1-389ea7cf4842,Fixed Deposit,PCB Fixed 36M,205253,PCB Upington Branch,Northern Cape,2024-05-12,,Active,184447.52,179660.34,184310.89,0.1382,Prime-linked,ZAR,0.0,2024-10-16
dbc2240f-f34b-4440-b5f9-f1948c8ad4cd,7444495071,80e19395-81b4-4fc1-9f98-2557a76a8316,Business Account,PCB Business Premium,332612,PCB Kroonstad Branch,Free State,2024-07-10,,Active,1236713.34,1180625.98,1236711.86,0.057,Variable,ZAR,1731472.54,2024-08-08
592ddc21-5b51-4b2e-a1db-97c7388750a6,5403455616,ad4f5d57-e2cd-44ca-b6b9-a067b3961cc6,Savings Account,PCB PocketSave,746066,PCB Port Elizabeth Branch,Eastern Cape,2023-03-06,,Active,699.91,683.08,554.29,0.0284,Variable,ZAR,0.0,2024-03-30
2583e6da-120c-4f44-b207-cddcefd71985,1199880352,7edc5bbc-c15d-4f7c-ac6b-6d1a88618009,Money Market,PCB Money Market 32-Day,916190,PCB Soweto Branch,Gauteng,2021-08-12,,Active,323097.75,319917.0,323142.22,0.1925,Variable,ZAR,0.0,2023-03-21
7fa830a4-4bbf-4890-b724-7beb73038ac3,2637513165,e468483b-cf18-479d-8b10-3fc7f309a13a,Credit Card,PCB Gold Credit Card,126891,PCB Polokwane Branch,Limpopo,2017-06-29,,Active,-156304.71,60210.31,-156516.02,0.0888,Prime-linked,ZAR,284355.09,2020-11-16
d8c4505e-61b3-4a9e-b9f2-97284e9c9748,2280717524,00a189c0-4f82-4e48-80fd-1cbd70ae9eee,Cheque Account,PCB Prestige Cheque,746066,PCB Port Elizabeth Branch,Eastern Cape,2024-12-16,,Active,7417.54,7255.53,7214.4,0.1546,Fixed,ZAR,55522.93,2024-12-30
ebb70c34-bbbb-4bfb-a023-65aad460605a,2810321015,fcf5d8ac-333b-417a-aa64-de0532425209,Money Market,PCB Treasury Plus,269737,PCB Soweto Branch,Gauteng,2023-08-11,,Active,556217.19,545895.53,556228.55,0.0298,Fixed,ZAR,0.0,2024-12-30
59263236-8607-4019-98d1-0d7a3251c467,9170720274,93f9fa03-dac5-4e41-9efc-095e69a3d4e4,Cheque Account,PCB Prestige Cheque,618895,PCB Brits Branch,North West,2024-09-17,,Active,2073.35,1898.83,1961.65,0.088,Variable,ZAR,29379.52,2024-11-05
85887b65-022d-4709-b108-468fccf5ec4b,6239384745,52c43632-653a-46c0-a7af-cb4c3a1026a2,Cheque Account,PCB Plus Cheque,126891,PCB Polokwane Branch,Limpopo,2019-09-11,,Active,1576.41,1488.33,2037.7,0.0057,Fixed,ZAR,22865.75,2022-09-23
b726855b-bb78-43c1-bff4-01e65dd570f6,5089189426,f5706e19-f23a-4611-b644-52e87b465555,Fixed Deposit,PCB Fixed 24M,399322,PCB Middelburg Branch,Mpumalanga,2022-06-01,,Active,1460583.64,1359789.46,1460162.4,0.0808,Prime-linked,ZAR,0.0,2024-07-04
b84038fb-ab05-45ae-bf42-0b064b9a7fb2,6252977800,e0b5f00e-16ba-45c5-a3b3-a04b555efc7c,Savings Account,PCB SaveSmart,194351,PCB Soweto Branch,Gauteng,2021-07-13,,Active,32976.65,30853.45,32959.2,0.0177,Fixed,ZAR,0.0,2024-11-19
fe481b7b-4617-4cd9-8f7e-4780fbed25c9,2939876170,97ddac20-2ab1-412a-aa23-deabd20e4497,Credit Card,PCB Standard Credit Card,878160,PCB Queenstown Branch,Eastern Cape,2024-09-15,,Active,-46078.58,46460.86,-45892.99,0.1324,Fixed,ZAR,124577.41,2024-11-23
34636d58-c70b-44c6-99b4-7382c4dfcc67,8848551745,80a0e354-f0ed-4c02-8581-df6ad8d9e5b4,Cheque Account,PCB Gold Cheque,984479,PCB Queenstown Branch,Eastern Cape,2023-10-07,,Active,11858.08,11289.11,11876.67,0.0095,Variable,ZAR,13068.15,2023-12-04
cc4d93f2-8c8d-4f30-805f-e2f4081a6155,9136343175,475c2f67-b3cb-4fac-8e1a-0ed764b9a2fe,Credit Card,PCB Platinum Credit Card,641358,PCB Potchefstroom Branch,North West,2024-11-12,2024-12-27,Closed,-82770.06,143405.36,-82542.88,0.1494,Variable,ZAR,286276.74,2024-12-27
a5446eb4-b063-4725-99cb-776a5e628c8f,5769040847,1f93b432-d6da-4e9f-bad2-c685be275cfa,Cheque Account,PCB Prestige Cheque,872468,PCB Midrand Branch,Gauteng,2020-07-28,,Dormant,3238.42,3136.18,3668.28,0.0347,Prime-linked,ZAR,20148.65,2021-04-08
0cae968c-ebdd-43c4-b425-741f219d7c36,5157101424,056217c6-c731-4f79-b30f-c0d7ac911f00,Savings Account,PCB Flexi Save,232626,PCB Pietermaritzburg Branch,KwaZulu-Natal,2024-09-17,,Active,640.82,577.52,496.77,0.1673,Prime-linked,ZAR,0.0,2024-12-05
86bd2850-49bb-4cbb-953c-335aef36ef5c,2752065915,f5385827-522c-4f2a-b11f-b00e9abc58f9,Credit Card,PCB Infinite Credit Card,696503,PCB Secunda Branch,Mpumalanga,2021-09-26,,Active,-76122.6,48293.65,-75665.03,0.1604,Fixed,ZAR,181706.13,2023-02-06
5ae82ae2-ca91-4eee-bf49-177b7199842a,4513180596,d5e70d32-7e80-43b8-ae5c-0cbbaf4cd864,Savings Account,PCB SaveSmart,506185,PCB Midrand Branch,Gauteng,2021-07-05,,Active,510.62,480.17,991.69,0.0856,Fixed,ZAR,0.0,2024-01-09
e82bd9bc-f193-4d8a-b1d3-dc5d8cff2b5d,1305074068,124ec93d-f7de-4fe4-9ff8-56fcac806005,Cheque Account,PCB Prestige Cheque,620678,PCB Johannesburg Branch,Gauteng,2024-07-07,,Active,5196.19,5037.66,5106.71,0.1124,Fixed,ZAR,16026.9,2024-11-13
b136cc3c-eb58-4c17-9afe-d6436dc90171,5070596225,55a939e8-e81c-482e-9343-d6ab2481a637,Cheque Account,PCB Gold Cheque,363487,PCB Potchefstroom Branch,North West,2022-10-04,2023-12-09,Closed,15154.46,14077.69,15302.73,0.2002,Fixed,ZAR,169953.19,2023-12-09
35546f62-b8a6-4c44-8732-216de4b3c1b0,3987610798,5136d8b2-a93b-41aa-92f7-db3139d0a2d3,Credit Card,PCB Standard Credit Card,914075,PCB George Branch,Western Cape,2023-12-17,,Active,-11819.51,-10702.99,-12242.65,0.223,Fixed,ZAR,86097.89,2024-03-22
72feeedf-ff29-4af8-b7e1-b2abd5877bdf,5625171850,1232ee60-2ac3-47d6-90fd-51bedb5987b0,Savings Account,PCB SaveSmart,332612,PCB Kroonstad Branch,Free State,2017-10-10,,Active,6053.25,5918.99,6536.92,0.0478,Variable,ZAR,0.0,2020-06-27
d5b2d00a-469f-4e24-8171-039507030283,4585412129,526d7d1c-ebad-40c5-9ff2-b568477570ad,Savings Account,PCB Goal Saver,391431,PCB Durban Branch,KwaZulu-Natal,2024-07-28,,Dormant,47513.98,44765.79,47768.29,0.015,Fixed,ZAR,0.0,2024-12-29
e82178cd-a4b0-4b70-a302-64ff8846651f,4726205255,b2ebfe50-e47c-439c-abf6-a9f68942352d,Credit Card,PCB Gold Credit Card,168034,PCB Midrand Branch,Gauteng,2023-10-17,,Active,-49116.69,110238.16,-49245.12,0.1758,Fixed,USD,212548.21,2024-02-09
b1e7b675-2430-4673-a41e-be841b2cb3ac,9206720669,dcfecbca-5653-435d-87a6-aafd3d6ffb52,Fixed Deposit,PCB Fixed 12M,676396,PCB Standerton Branch,Mpumalanga,2023-11-13,,Active,96883.99,94186.24,97116.51,0.1378,Fixed,ZAR,0.0,2024-01-26
3a79d750-57c1-432d-9120-80df5b91616f,4771700556,2c1f5492-41c0-4eb5-ac83-84e813685831,Fixed Deposit,PCB Fixed 36M,963495,PCB Bethlehem Branch,Free State,2022-06-30,,Active,881511.28,857505.17,881844.91,0.1591,Fixed,ZAR,0.0,2023-05-26
df3ccd5a-2655-4b8d-ba9d-5e75326a858b,6101861154,f5385827-522c-4f2a-b11f-b00e9abc58f9,Credit Card,PCB Platinum Credit Card,916190,PCB Soweto Branch,Gauteng,2020-06-24,,Active,-19853.05,194135.34,-20246.76,0.1597,Fixed,ZAR,236554.86,2024-06-10
f941003f-6ee8-444d-a05b-1e24523a0b8a,7678067371,489a6541-a54b-4982-ab84-00aa5d9b5247,Credit Card,PCB Standard Credit Card,339980,PCB Polokwane Branch,Limpopo,2024-10-15,,Active,-15189.32,-6594.83,-15428.2,0.0618,Prime-linked,ZAR,15039.83,2024-11-10
f132d95c-3647-4e6e-8a55-0f487576436c,9788110644,a254cce0-f0f6-4979-bc16-bdd50b601ff9,Business Account,PCB Business Premium,542981,PCB Bethlehem Branch,Free State,2024-08-31,,Active,51438.93,47447.37,51542.04,0.0069,Fixed,ZAR,55781.29,2024-12-11
e9cae53b-6073-4a3c-8c47-3d40d104b3b0,4132662340,ea388ea5-57ca-4b6e-aa00-840efed21569,Cheque Account,PCB Prestige Cheque,202161,PCB Cape Town Branch,Western Cape,2020-07-20,,Active,45210.83,43572.56,45499.09,0.1234,Variable,ZAR,132050.12,2024-01-30
7e22fcaa-7b82-4271-bd36-7e4ab66155b5,5694174452,47fae665-da74-4634-8788-06e6d4aef496,Savings Account,PCB PocketSave,951796,PCB Middelburg Branch,Mpumalanga,2020-08-28,,Active,6685.53,6613.59,6668.99,0.1758,Fixed,ZAR,0.0,2022-07-02
85f77032-c13f-4b2b-a843-252a3ae2b02b,2944852529,081f8c64-539d-4d69-9af4-6afab4860f5c,Cheque Account,PCB Prestige Cheque,545823,PCB Ekurhuleni Branch,Gauteng,2022-08-06,,Active,62751.42,57245.96,62467.21,0.1418,Variable,ZAR,120171.34,2023-10-19
5b5f21b2-e6c6-4913-99f8-dfe5d572f88a,6069176814,ad3dff39-64c0-46e4-b8c4-a173a501b2a0,Savings Account,PCB Flexi Save,641958,PCB Queenstown Branch,Eastern Cape,2024-02-21,,Active,7674.33,7569.89,7653.15,0.0548,Fixed,ZAR,0.0,2024-02-26
4eb75a7d-5200-41b3-8db6-264cb911ee70,4100296751,2e55a89e-d749-4d86-862c-9b529be6064f,Money Market,PCB Money Market Call,518002,PCB Ekurhuleni Branch,Gauteng,2024-10-30,,Active,269901.52,265293.33,270252.5,0.0645,Prime-linked,ZAR,0.0,2024-12-08
2be9e2d8-fbb2-4b85-b60c-c3ac61dfba33,8691868390,e7668c2c-8c8f-4de3-8db4-90ad16ae9b92,Credit Card,PCB Standard Credit Card,161496,PCB East London Branch,Eastern Cape,2018-02-15,,Active,-48943.6,-22443.79,-49009.72,0.0729,Variable,ZAR,36126.93,2019-03-07
33c3f765-9bf6-4cb5-a33c-f5f057363e74,1132359443,ca8927ca-2a48-4bdf-89d1-f61715f7f11b,Cheque Account,PCB Premier Cheque,391431,PCB Durban Branch,KwaZulu-Natal,2024-01-09,,Active,13053.86,12060.75,13106.61,0.1927,Variable,ZAR,12469.65,2024-12-16
86d56268-0698-498d-829d-16a761a71646,7181395301,c28536e5-1fb2-4b00-bea2-87a174a49c09,Savings Account,PCB Goal Saver,744089,PCB Soweto Branch,Gauteng,2024-11-23,,Active,6809.58,6259.02,7063.52,0.0066,Variable,ZAR,0.0,2024-12-12
3295e550-f0fa-463a-bee0-c9f2420b1357,9503497189,5c30c669-985f-41d5-9d16-cc9d5ced03b3,Cheque Account,PCB Premier Cheque,951796,PCB Middelburg Branch,Mpumalanga,2024-12-27,,Active,12750.39,12634.54,12918.7,0.1182,Fixed,ZAR,181277.93,2024-12-27
af340c6c-77e6-48ce-b260-cb5f1a73ef23,2509908694,125e18dc-69cb-4250-8e67-86ad59f26a09,Savings Account,PCB Flexi Save,274432,PCB Klerksdorp Branch,North West,2021-06-30,,Active,25482.22,25461.67,25784.93,0.0677,Variable,ZAR,0.0,2024-04-08
ab186317-e559-4542-bca0-e82b54f09258,8897460042,7c1c57bc-fea1-40c0-b55c-c843f9ddd24b,Savings Account,PCB SaveSmart,128355,PCB Thohoyandou Branch,Limpopo,2021-03-10,,Active,20717.0,19748.57,20536.92,0.1878,Fixed,ZAR,0.0,2022-11-14
76157559-a6f1-4e64-8b2d-039343127a12,4694006517,f59ba850-c93d-46d4-b851-b4a1cdf0a89c,Savings Account,PCB SaveSmart,670816,PCB Mokopane Branch,Limpopo,2022-12-18,,Active,78348.54,73385.65,77904.34,0.205,Variable,ZAR,0.0,2024-01-16
cf445261-b317-496f-b7ed-c0f6fdb74830,5252346522,2b230825-6b17-4ffe-9620-5f77ec1c9594,Cheque Account,PCB Plus Cheque,498978,PCB Paarl Branch,Western Cape,2024-11-18,,Active,2635.45,2551.56,2454.97,0.0638,Fixed,ZAR,48819.05,2024-12-25
37552e04-c575-427d-bcf2-def68ccb1382,2490242444,f1223908-ced9-4191-98a2-7223e90fc330,Savings Account,PCB SaveSmart,680746,PCB Bellville Branch,Western Cape,2024-11-24,,Active,20464.63,18506.55,20206.49,0.0891,Fixed,ZAR,0.0,2024-12-21
eef71026-1365-40fa-ac55-618088b4987e,3906865197,04d8ed45-f4c5-422c-9678-d8c8ce690ee3,Cheque Account,PCB Gold Cheque,211594,PCB Thohoyandou Branch,Limpopo,2024-10-05,,Active,1613.48,1521.72,1206.35,0.0194,Prime-linked,ZAR,18554.66,2024-12-13
91442991-b1da-4709-a85d-075871541b34,6920813013,b6d87c10-28ea-453a-9463-3da693da5073,Savings Account,PCB PocketSave,552168,PCB Mthatha Branch,Eastern Cape,2019-10-23,,Active,5398.68,5330.22,5552.39,0.1939,Variable,ZAR,0.0,2019-10-27
26e4bb6a-a73e-4882-a306-e04b0ccecc60,3596341769,8acfa629-f833-45b6-9bd2-7eaf52e81aff,Savings Account,PCB PocketSave,984479,PCB Queenstown Branch,Eastern Cape,2020-01-22,,Active,15176.77,14046.59,14946.93,0.0471,Fixed,ZAR,0.0,2023-11-03
59498af9-07b0-4e49-a735-09b219b3e994,9750061667,d29864d0-31fd-4f9f-883a-7f503b38f90f,Fixed Deposit,PCB Fixed 24M,342018,PCB King William's Town Branch,Eastern Cape,2021-12-06,,Active,42528.7,40951.2,42967.77,0.1673,Prime-linked,ZAR,0.0,2024-05-17
3baa0cc4-a560-47f6-b002-ecdaa239b4bc,3413857527,146b222d-d0d1-4256-8133-072093781a70,Savings Account,PCB Flexi Save,528434,PCB King William's Town Branch,Eastern Cape,2024-07-30,2024-11-30,Closed,61635.59,56653.14,61947.53,0.0437,Variable,ZAR,0.0,2024-11-30
87d3bdce-ac09-42f6-af49-2edfb0dab510,6172010034,9fae9dde-abd5-48cd-90df-e0d091beca4e,Savings Account,PCB Flexi Save,945253,PCB Johannesburg Branch,Gauteng,2022-07-19,,Active,29495.52,26709.04,29550.01,0.0806,Variable,ZAR,0.0,2023-04-20
e1e9afb4-3d68-46c1-9378-53abdce08de0,1035462419,aa99ad02-e5e4-4906-9b2b-94fdb2a88683,Savings Account,PCB SaveSmart,681898,PCB Centurion Branch,Gauteng,2023-01-30,,Active,4154.34,3796.25,3817.43,0.172,Variable,ZAR,0.0,2024-11-08
e7905024-a84d-4662-b0de-b7ebac2f10b6,7314993925,08e86fa6-91bc-46ac-a63a-ccbb741f22be,Savings Account,PCB Flexi Save,228594,PCB Pinetown Branch,KwaZulu-Natal,2018-08-15,,Dormant,378.46,345.4,300.41,0.0769,Variable,ZAR,0.0,2019-09-12
e00860cd-c1dd-4b3d-85f0-9fed6017fd70,7823427148,fcf5d8ac-333b-417a-aa64-de0532425209,Cheque Account,PCB Premier Cheque,878160,PCB Queenstown Branch,Eastern Cape,2022-08-08,,Active,27225.32,26886.09,27274.77,0.0493,Fixed,ZAR,68817.82,2024-09-26
6b40f092-7836-4234-a12d-55160bb156d5,8065462614,a6f2e94d-f410-4243-a848-ecf52b593958,Cheque Account,PCB Premier Cheque,248770,PCB Soweto Branch,Gauteng,2021-07-08,,Active,6560.49,5937.55,6272.76,0.0654,Fixed,ZAR,60003.7,2024-12-09
26031c53-d423-48b9-b2f1-87dba7b0087f,6403988447,a2685fd3-3ce3-4265-8358-1bda3a908030,Savings Account,PCB Flexi Save,280861,PCB Sandton Branch,Gauteng,2023-09-26,,Active,7753.74,7007.15,7683.44,0.1346,Prime-linked,ZAR,0.0,2024-07-18
141ef065-f682-4308-bddc-0341b9e049b1,1221148990,fae82f21-c50c-4408-91fe-f9fea4c01159,Savings Account,PCB SaveSmart,361826,PCB Newcastle Branch,KwaZulu-Natal,2024-05-23,,Active,549.98,511.44,507.56,0.1927,Fixed,ZAR,0.0,2024-05-28
336f8b76-410a-4137-bf38-e53cb171eb88,5735755621,c1dc20be-75a1-4a1d-ac08-a8936903ed07,Credit Card,PCB Platinum Credit Card,872468,PCB Midrand Branch,Gauteng,2018-08-20,,Active,-27984.26,-27167.98,-27725.54,0.1807,Prime-linked,ZAR,31017.29,2023-08-29
4b587167-6685-47e4-a7ab-99422e85a57c,2454733373,67c9be79-bce5-4b32-a44d-98517a2477e3,Savings Account,PCB Flexi Save,488904,PCB Centurion Branch,Gauteng,2016-03-30,,Active,5502.79,5046.46,5421.62,0.1651,Variable,ZAR,0.0,2023-07-25
ff5ac077-fa5d-469e-851b-4018f6af612c,3933851809,e48bf09c-1d7e-4a66-9946-31e8e782c08e,Savings Account,PCB Flexi Save,856625,PCB Bethlehem Branch,Free State,2021-05-22,,Active,132.24,123.17,16.6,0.1507,Fixed,ZAR,0.0,2024-07-17
fd244ae1-ddb8-4e67-a44f-41bc715d0f10,2407315695,85b82117-2d26-41b2-a71e-0b9a810d82e6,Business Account,PCB Business Current,749513,PCB Ekurhuleni Branch,Gauteng,2024-07-05,,Active,348675.65,335846.57,349063.24,0.2213,Variable,ZAR,681481.36,2024-11-14
c182a7d2-ca40-4f92-ab66-a1c9be0adb1d,5073311247,50f6d663-1915-47b1-87fd-38c31e37a363,Fixed Deposit,PCB Fixed 36M,532371,PCB King William's Town Branch,Eastern Cape,2024-05-26,,Active,152134.29,151881.16,151969.41,0.095,Variable,ZAR,0.0,2024-12-14
e9a5ea6a-fa15-4c0b-a853-53fb2a070e19,2866736710,ed2c3419-2ef1-452c-ab3b-5b1419839625,Savings Account,PCB Flexi Save,656843,PCB Bloemfontein Branch,Free State,2018-09-25,,Active,9369.68,9078.41,9005.39,0.1616,Variable,ZAR,0.0,2020-09-22
1afc9451-6452-4115-9d68-b11913ccb6dd,5853540975,0e35e1c3-d868-43bc-bb7a-d750d53414b9,Savings Account,PCB Flexi Save,951796,PCB Middelburg Branch,Mpumalanga,2023-07-23,,Active,3324.32,3145.78,2992.14,0.0778,Prime-linked,ZAR,0.0,2023-11-27
26216b4d-2cce-4328-8185-e5bbe0ea58d2,4197895987,e54eb950-2764-4ad5-bf06-ee2957c26cf5,Savings Account,PCB SaveSmart,144693,PCB Potchefstroom Branch,North West,2024-10-03,,Active,2450.68,2240.1,2489.6,0.1967,Prime-linked,ZAR,0.0,2024-11-26
1265aba8-60ec-473f-b990-614ee3f2d447,8073059651,6ccbeb87-4cd6-46b3-81bc-6bc4ddb7301d,Savings Account,PCB Flexi Save,189520,PCB Nelspruit Branch,Mpumalanga,2023-05-27,,Active,385.79,365.95,675.38,0.1434,Prime-linked,ZAR,0.0,2024-11-06
f32372ba-a1c4-4aca-8b5c-fa187aac82f9,6136189693,b2c4e28e-9d78-40ad-a44e-e4272355ff8d,Savings Account,PCB PocketSave,188536,PCB Louis Trichardt Branch,Limpopo,2024-01-15,,Active,8943.5,8273.94,9302.95,0.196,Variable,ZAR,0.0,2024-07-30
4ebc30ac-2a3c-408b-b2af-e38f60749d76,2432214956,cb99875a-50db-48ce-b53a-ee02b61fd057,Cheque Account,PCB Premier Cheque,247687,PCB Newcastle Branch,KwaZulu-Natal,2019-02-26,,Active,2747.27,2516.53,2269.01,0.0225,Prime-linked,ZAR,14617.74,2024-01-30
cc469b13-8379-4d18-a895-5d30c4cdda15,7398322497,124ec93d-f7de-4fe4-9ff8-56fcac806005,Savings Account,PCB PocketSave,303060,PCB Johannesburg Branch,Gauteng,2024-03-30,,Dormant,9954.04,9198.44,10096.74,0.1158,Variable,USD,0.0,2024-06-13
a93da219-79bc-4f6d-b4fe-2f33ec7abb53,2814460577,2bf9de13-9294-43b6-a752-e7ae75d08267,Cheque Account,PCB Premier Cheque,363487,PCB Potchefstroom Branch,North West,2023-08-25,2023-12-08,Closed,16337.81,15562.01,16729.34,0.0902,Fixed,EUR,26138.2,2023-12-08
0a3c5c97-5057-407a-855d-198fdbd8ff32,2050571152,3e12b679-d262-4e5f-abb3-e50d983421e2,Savings Account,PCB Goal Saver,189520,PCB Nelspruit Branch,Mpumalanga,2023-10-16,,Active,3119.54,2907.41,2830.82,0.1359,Prime-linked,ZAR,0.0,2024-07-02
499591c9-1443-4b43-87d7-874dd845972f,8213945340,f7e17a8d-c52e-4334-94e7-e1870e6b11c7,Savings Account,PCB SaveSmart,211594,PCB Thohoyandou Branch,Limpopo,2023-07-11,,Active,39659.65,39374.34,40122.65,0.0482,Prime-linked,ZAR,0.0,2024-10-03
41a804d6-f1eb-488f-a819-770457e6ee81,6589698707,b3f61315-ace4-4dca-a992-df188b689d68,Fixed Deposit,PCB Fixed 12M,488904,PCB Centurion Branch,Gauteng,2021-06-25,,Active,143098.82,132469.66,142646.64,0.1992,Fixed,ZAR,0.0,2023-12-26
95c6871b-b8c7-481f-ad06-430a682fc0f1,9345984549,9ff3b164-d84e-4657-873b-3852d2ffea37,Cheque Account,PCB Premier Cheque,925061,PCB Port Elizabeth Branch,Eastern Cape,2024-12-24,,Active,43539.59,41676.06,43714.79,0.2008,Variable,ZAR,30110.0,2024-12-27
99c8d9db-7cc7-4210-ae9b-97449051fd95,7424832732,4748be49-42c6-4b78-88c8-86a3ffc8df90,Cheque Account,PCB Prestige Cheque,211594,PCB Thohoyandou Branch,Limpopo,2023-09-20,,Active,21543.33,21454.7,21657.58,0.2051,Variable,ZAR,40148.37,2024-11-09
66343552-e8c3-4f7f-ae54-6c5323b039a8,8356686869,65fe26e8-06a8-4528-96e9-13c2d67b977c,Cheque Account,PCB Prestige Cheque,144512,PCB Pinetown Branch,KwaZulu-Natal,2024-11-28,,Active,18505.96,17371.03,18690.1,0.148,Fixed,ZAR,53971.25,2024-12-16
33d77070-0a5a-4a6e-9799-b1e9904fc3fc,4367289409,c8820851-2ec7-4e56-bd06-b18baf89be0c,Savings Account,PCB PocketSave,224266,PCB Pinetown Branch,KwaZulu-Natal,2021-08-26,,Active,910.25,878.01,600.51,0.17,Variable,ZAR,0.0,2021-10-21
bd2884fb-68eb-46fb-90c4-ce9b993d9040,7356630917,bc80fda9-a265-4cc7-a7a8-0b409e702e86,Fixed Deposit,PCB Fixed 60M,332612,PCB Kroonstad Branch,Free State,2020-01-20,,Active,93680.46,88457.09,93461.85,0.0633,Fixed,ZAR,0.0,2020-03-06
872e3cc2-0ab9-4eb4-9173-8462f88e0f69,1893185372,010cbbdf-ca53-421b-91d3-b182b9531708,Business Account,PCB Business Premium,459022,PCB Kroonstad Branch,Free State,2024-04-19,,Active,44855.96,43282.72,44654.01,0.0217,Variable,ZAR,62581.21,2024-08-03
e7b9adf7-554a-4f96-bea7-a5c4c484bb5c,6895274942,50f6d663-1915-47b1-87fd-38c31e37a363,Savings Account,PCB SaveSmart,929398,PCB Johannesburg Branch,Gauteng,2018-04-24,2022-12-24,Closed,5011.4,4688.99,4557.91,0.1922,Variable,ZAR,0.0,2022-12-24
6c785e0e-4dd9-4058-8da7-d3ccf4975177,7110305796,447cf377-fced-4c3f-8591-b9520197daf7,Business Account,PCB Business Premium,255327,PCB Soweto Branch,Gauteng,2024-12-31,,Dormant,255589.12,248164.14,255352.51,0.0587,Prime-linked,ZAR,220637.88,2024-12-31
844c86c7-c18f-4fec-8904-18943ec8952a,9726908278,9c929fca-0c97-4d17-9ce5-7d14328fba3e,Savings Account,PCB PocketSave,656843,PCB Bloemfontein Branch,Free State,2023-02-25,,Active,1126.71,1019.24,1540.5,0.1953,Variable,ZAR,0.0,2024-04-21
b5cf0684-af0b-47cc-9d3e-5f96a2f99400,1301247223,919f035a-d76e-41e6-b5d5-bf87e5a78404,Savings Account,PCB SaveSmart,169224,PCB Pietermaritzburg Branch,KwaZulu-Natal,2024-04-27,,Active,1562.93,1522.26,1091.83,0.2249,Variable,ZAR,0.0,2024-05-17
ea0a8fdf-9c34-4cf9-a946-ba796d693257,1345099769,5f91b043-7d72-40ec-8c92-c61cb0c1833c,Credit Card,PCB Gold Credit Card,552168,PCB Mthatha Branch,Eastern Cape,2024-09-27,,Active,-20754.28,10579.31,-20832.86,0.0223,Fixed,ZAR,86635.1,2024-12-12
dc8280e0-35f4-4801-bf21-197ffe049ed7,9285631950,124ec93d-f7de-4fe4-9ff8-56fcac806005,Savings Account,PCB SaveSmart,144693,PCB Potchefstroom Branch,North West,2024-05-10,,Active,29686.69,27054.28,29689.07,0.1698,Variable,ZAR,0.0,2024-11-27
16cf34b5-a584-4348-96d9-7eecba2714ae,8077718620,30c2e83a-3ad0-4c9e-8a9d-2ec15dd897f2,Cheque Account,PCB Prestige Cheque,480828,PCB Polokwane Branch,Limpopo,2022-03-21,,Active,1297.44,1202.71,1267.82,0.0985,Fixed,ZAR,7565.32,2023-08-25
206fe11d-e13a-416b-8317-3e4b219116e6,3637582799,475c2f67-b3cb-4fac-8e1a-0ed764b9a2fe,Cheque Account,PCB Prestige Cheque,269737,PCB Soweto Branch,Gauteng,2024-12-30,,Active,47662.37,44228.07,47895.45,0.0956,Prime-linked,ZAR,69131.45,2024-12-31
f2565d0e-f8d4-42d3-abea-5f571338fc08,5586163550,f1584ac8-e703-493b-b684-5079521cb443,Credit Card,PCB Platinum Credit Card,484034,PCB Umhlanga Branch,KwaZulu-Natal,2023-08-21,,Active,-433416.38,-292956.87,-433330.21,0.0087,Variable,ZAR,143626.36,2024-07-02
81bd6e9e-0c70-4386-9ee4-8c004f503e53,7426901412,7349cfc0-6156-437d-9508-0db5fe365a3e,Money Market,PCB Treasury Plus,484502,PCB Sandton Branch,Gauteng,2024-03-27,,Active,352184.9,327825.84,351688.51,0.0447,Variable,ZAR,0.0,2024-06-30
d6c01176-4157-4f94-a376-aec9590d1b49,2088245263,f57764d2-0f1d-4b35-81f2-6587b8513e24,Business Account,PCB Business Premium,466975,PCB Bellville Branch,Western Cape,2019-05-12,,Active,161195.14,150227.28,161318.28,0.0979,Variable,ZAR,283262.39,2020-02-10
8a121e10-a531-499a-8e72-2c25db8c3b82,7376108662,90ea58ca-5711-40f3-b12a-02f066ca42eb,Savings Account,PCB Goal Saver,850437,PCB Tzaneen Branch,Limpopo,2022-04-18,,Active,45949.59,44955.79,45537.83,0.0905,Variable,ZAR,0.0,2023-02-27
24c74360-9832-4d08-89dd-a00aaef9e898,6416598668,31e7d721-e2e5-4bc2-8b0f-1c16bf58e45e,Credit Card,PCB Infinite Credit Card,744089,PCB Soweto Branch,Gauteng,2022-12-11,,Active,-393392.99,-349028.71,-393439.21,0.1679,Fixed,ZAR,491360.36,2023-05-31
5c81b1bd-9dfe-4a26-903c-066c5f50e929,7461985822,67c9be79-bce5-4b32-a44d-98517a2477e3,Credit Card,PCB Platinum Credit Card,189520,PCB Nelspruit Branch,Mpumalanga,2024-08-11,,Active,-25857.93,-11321.13,-26095.47,0.0277,Variable,ZAR,44412.35,2024-09-22
20345fae-2119-46cf-939e-36d1bbbc3fe4,7071450805,a067f2ef-5014-4e93-ba76-85c2c7807493,Money Market,PCB Treasury Plus,605258,PCB Welkom Branch,Free State,2023-12-28,,Active,419959.84,378295.11,419997.11,0.1695,Fixed,ZAR,0.0,2024-07-23
52a7f25c-2aa9-459e-bc9f-5ddc18722407,1807017913,1bc35f30-4d58-4c03-9e0a-7fa17c008883,Savings Account,PCB Flexi Save,488904,PCB Centurion Branch,Gauteng,2021-05-03,,Active,18295.66,17742.31,17999.45,0.2183,Variable,ZAR,0.0,2021-10-06
ff5f57bf-03f1-4204-9141-62cc07037762,5632271702,13e73d20-b6c4-4bc0-9cd5-546497a8703b,Savings Account,PCB PocketSave,459022,PCB Kroonstad Branch,Free State,2022-12-20,,Active,50396.1,47805.15,50091.7,0.2032,Variable,ZAR,0.0,2023-11-10
507712cb-eb47-4d91-a51a-8e691e8b8bd4,6703151155,3fccfc5f-188c-4979-a61b-0201410be359,Business Account,PCB Business Current,872468,PCB Midrand Branch,Gauteng,2024-12-04,,Active,468154.17,451081.53,467821.96,0.0312,Prime-linked,ZAR,778882.28,2024-12-23
36452da0-f702-47d0-981a-1888d12b4e58,9500625563,a254cce0-f0f6-4979-bc16-bdd50b601ff9,Cheque Account,PCB Plus Cheque,681898,PCB Centurion Branch,Gauteng,2022-12-24,,Active,1922.01,1786.34,2099.43,0.2192,Variable,ZAR,28440.39,2024-07-13
2c51228e-5b0c-40d3-9ef5-fa14e0e822c3,7273725488,0efb1307-2e35-4775-952c-fccda5c4af82,Savings Account,PCB Goal Saver,373743,PCB Standerton Branch,Mpumalanga,2024-07-01,,Active,160.02,147.1,499.52,0.2191,Prime-linked,ZAR,0.0,2024-10-05
10357597-3e76-4279-a3f7-15bfb98343f5,9983782476,b2c4e28e-9d78-40ad-a44e-e4272355ff8d,Cheque Account,PCB Gold Cheque,126891,PCB Polokwane Branch,Limpopo,2023-04-06,,Active,4309.64,3903.47,3906.74,0.0535,Prime-linked,ZAR,33784.82,2024-11-11
d40bf208-6232-4116-aaa7-7057da426775,2112893510,5f91b043-7d72-40ec-8c92-c61cb0c1833c,Cheque Account,PCB Plus Cheque,131962,PCB Polokwane Branch,Limpopo,2023-11-21,,Suspended,1253.26,1228.69,1286.13,0.1852,Variable,ZAR,19982.72,2024-02-25
a457db70-c9b5-40c5-b309-8f7e05afc012,4612858179,19a916c7-4417-4f73-8f40-2941f4eb8d48,Fixed Deposit,PCB Fixed 24M,546901,PCB Centurion Branch,Gauteng,2024-05-09,,Active,183030.85,181149.36,183139.12,0.0864,Fixed,ZAR,0.0,2024-11-15
c7937bae-01e1-4d0b-8b39-feb8b01c5e0b,6124720437,9e408d90-f7f3-4d45-8029-09016f6613b1,Savings Account,PCB SaveSmart,224266,PCB Pinetown Branch,KwaZulu-Natal,2023-03-15,,Active,1934.76,1792.46,1536.36,0.0189,Variable,ZAR,0.0,2023-08-20
46aeaa61-8f64-4ec1-b8af-6a9cf9f226c4,6825515234,c76a3d3f-ac7d-41bd-a286-6a944270b471,Savings Account,PCB SaveSmart,234430,PCB Nelspruit Branch,Mpumalanga,2022-04-26,,Active,7042.02,6833.77,6943.6,0.0483,Prime-linked,ZAR,0.0,2023-04-01
2c58e7c5-5f7a-4967-9984-c7c928db4277,5339045426,10b6de91-4e72-4c04-aca0-97c660004ffa,Cheque Account,PCB Gold Cheque,786981,PCB Queenstown Branch,Eastern Cape,2018-07-17,,Active,34866.28,33748.02,34405.27,0.018,Variable,ZAR,132270.32,2021-11-13
c213337a-c5ce-40a5-82d9-b7e3cd099e58,7653031376,c642863a-b5db-4a27-a064-b2f335477dce,Cheque Account,PCB Prestige Cheque,982459,PCB Pietermaritzburg Branch,KwaZulu-Natal,2023-12-27,,Active,6019.63,5590.91,6413.33,0.1407,Variable,ZAR,16951.9,2024-07-22
2e468162-bc29-4d26-9f04-c7a359f77c46,9101791071,a1dfb36c-cd18-4be2-bef0-9cfb5f7cdf0d,Savings Account,PCB Goal Saver,123467,PCB Sandton Branch,Gauteng,2017-12-18,,Active,11406.82,10885.96,11648.24,0.1607,Fixed,ZAR,0.0,2021-05-22
d7025daa-6f21-46b6-a15f-cf651e8ea23e,6441296979,b51de595-a81c-4f1a-b6bd-8d8c8b2114ac,Money Market,PCB Money Market Call,584175,PCB Paarl Branch,Western Cape,2024-06-30,2024-12-30,Closed,372281.32,365440.2,372372.33,0.0361,Prime-linked,ZAR,0.0,2024-12-30
80c51405-b024-45d8-a31d-77e7d67cbe67,8046823725,d431baaa-bbd0-4a79-983a-6f5d7e41b0be,Savings Account,PCB PocketSave,101296,PCB Johannesburg Branch,Gauteng,2018-12-01,,Dormant,27623.97,26472.12,27808.41,0.2107,Fixed,ZAR,0.0,2019-03-04
b5c3bf81-7f72-45ad-9974-572f719cec0e,1568717010,f560a11f-0a60-4875-a976-a07c45530d17,Cheque Account,PCB Plus Cheque,466975,PCB Bellville Branch,Western Cape,2024-05-07,,Active,2246.68,2077.34,2586.88,0.1595,Fixed,ZAR,19025.17,2024-10-16
da140cb1-fcc7-4b03-9a32-c0f16479d0ae,9949503556,e71a08cf-be56-47a3-b46e-9ecf60c33100,Cheque Account,PCB Premier Cheque,248770,PCB Soweto Branch,Gauteng,2024-06-05,,Active,655.36,647.27,690.91,0.0968,Fixed,ZAR,235267.42,2024-07-07
37aaa829-80ce-408a-9800-cc3d5092c5c1,5099990661,aa99ad02-e5e4-4906-9b2b-94fdb2a88683,Fixed Deposit,PCB Fixed 60M,434952,PCB Midrand Branch,Gauteng,2023-05-31,2024-07-24,Closed,185646.26,178181.27,185796.64,0.0888,Variable,ZAR,0.0,2024-07-24
2834ee8e-df6f-4ee5-a24e-c905e2d78f8d,4202994696,b2ebfe50-e47c-439c-abf6-a9f68942352d,Savings Account,PCB SaveSmart,602867,PCB Secunda Branch,Mpumalanga,2024-12-09,,Active,37588.86,36861.32,37359.85,0.131,Variable,ZAR,0.0,2024-12-11
517a547b-3a6f-48e8-a0af-fbd5519d09ae,7989188570,0e35e1c3-d868-43bc-bb7a-d750d53414b9,Cheque Account,PCB Plus Cheque,781673,PCB Thohoyandou Branch,Limpopo,2022-07-03,,Active,11650.34,11488.22,11949.99,0.1443,Variable,ZAR,50950.24,2023-11-19
474c671c-4dff-49c4-8aea-9ba69301c787,7695238797,584338c8-a8fa-4613-a76d-b07760b87e8c,Cheque Account,PCB Plus Cheque,862066,PCB Bellville Branch,Western Cape,2024-02-20,,Active,6181.71,6091.6,5728.34,0.147,Fixed,ZAR,12068.4,2024-07-05
15e24fab-59c4-4c69-bdb1-02c86aa7f450,2501727423,c9ca7a54-56dd-4c60-a8cf-de37d2a8a959,Cheque Account,PCB Prestige Cheque,854757,PCB Umhlanga Branch,KwaZulu-Natal,2024-06-22,,Active,467.73,430.07,524.23,0.2116,Prime-linked,USD,29621.83,2024-11-25
964bfc4b-1a99-4b2e-8fa6-a3993ae21d22,9689011033,8fdd3db7-43ef-48c3-ae0d-b2a85bd42e81,Savings Account,PCB Goal Saver,232626,PCB Pietermaritzburg Branch,KwaZulu-Natal,2024-04-25,,Active,28441.5,27911.73,28658.72,0.0148,Fixed,ZAR,0.0,2024-09-03
6b3f3db1-c525-4453-bcf6-109c7cdcbd44,3372617582,4da51901-aadc-43ae-bfc1-0006c9ee2b58,Savings Account,PCB PocketSave,532613,PCB Upington Branch,Northern Cape,2023-02-06,,Active,94722.18,85745.12,94621.61,0.1823,Fixed,ZAR,0.0,2023-11-27
5f7c31a2-4038-4e8c-9180-d5ae30c5edcf,6426648283,65fe26e8-06a8-4528-96e9-13c2d67b977c,Savings Account,PCB PocketSave,236664,PCB Centurion Branch,Gauteng,2021-04-26,2024-01-28,Closed,8229.88,8014.14,8148.39,0.0839,Variable,ZAR,0.0,2024-01-28
333c3d0c-886f-4060-94d2-b538a4ddc37c,6714376755,4ea440d8-ce17-45ae-9037-e5677b3c173e,Cheque Account,PCB Prestige Cheque,641958,PCB Queenstown Branch,Eastern Cape,2024-03-14,,Active,13320.14,12033.36,12861.8,0.1325,Variable,ZAR,80466.25,2024-04-25
0640f206-34fe-4899-8189-fdfe3d42128b,4458561683,07f75e2b-6b47-4d97-b9e5-aca8bffa8ad4,Cheque Account,PCB Prestige Cheque,113766,PCB Johannesburg Branch,Gauteng,2020-04-17,,Active,13491.96,13444.36,13892.54,0.0774,Fixed,ZAR,20514.12,2022-09-17
3d3295df-703b-4c16-8b24-64d86621aece,2020720447,97ddac20-2ab1-412a-aa23-deabd20e4497,Fixed Deposit,PCB Fixed 24M,984479,PCB Queenstown Branch,Eastern Cape,2024-12-01,,Active,1122139.36,1062571.36,1122566.11,0.1024,Fixed,ZAR,0.0,2024-12-12
ce280927-50cd-4587-8e81-2f37438809e9,4799847242,70028cc6-1375-43f1-9ff4-06252c233a53,Business Account,PCB Business Current,332612,PCB Kroonstad Branch,Free State,2024-10-01,,Suspended,993617.82,929315.41,994002.87,0.0354,Fixed,ZAR,575006.85,2024-10-03
b98609ac-ae1c-4ac0-90af-7c1b2576a485,8530092347,f5385827-522c-4f2a-b11f-b00e9abc58f9,Credit Card,PCB Standard Credit Card,721540,PCB King William's Town Branch,Eastern Cape,2021-01-04,,Active,-19779.58,-18264.67,-20000.14,0.1878,Prime-linked,ZAR,166081.15,2024-09-27
d0ae0e85-7872-4b7e-9efd-3b2c29c79be0,6539856155,6f7c7fc1-83b4-4940-94af-fdb7c6f73e64,Fixed Deposit,PCB Fixed 12M,163755,PCB Soweto Branch,Gauteng,2019-10-29,,Active,115906.16,115727.39,115915.1,0.0506,Fixed,ZAR,0.0,2024-02-01
b482aedd-dbb3-47d4-8064-15266bc78f10,9405393496,5701b798-9883-49d5-9c4b-4a596582d4b3,Savings Account,PCB SaveSmart,224266,PCB Pinetown Branch,KwaZulu-Natal,2024-11-29,,Active,12932.08,12012.22,12554.12,0.1061,Fixed,ZAR,0.0,2024-12-02
b3dbbf39-5550-42f3-b00d-7a5655610449,7719044409,796496b2-fedc-473f-b0ad-08543529cc77,Credit Card,PCB Gold Credit Card,552168,PCB Mthatha Branch,Eastern Cape,2022-06-10,,Active,-1398750.6,-824245.82,-1398367.9,0.2156,Prime-linked,ZAR,976179.09,2023-10-08
273123c1-a7b1-48b0-9770-6f81391139ec,8729545019,943b547a-caaf-4494-a2d8-c22932b3d538,Cheque Account,PCB Gold Cheque,575774,PCB Centurion Branch,Gauteng,2021-12-10,,Active,7505.25,7209.66,7013.08,0.1275,Fixed,ZAR,39952.74,2024-11-02
b4dffd2f-baf8-4721-8f50-14306e5d6405,4804937484,52c43632-653a-46c0-a7af-cb4c3a1026a2,Savings Account,PCB Flexi Save,113766,PCB Johannesburg Branch,Gauteng,2024-01-06,,Active,30461.68,28448.68,30554.68,0.0417,Variable,ZAR,0.0,2024-12-10
49d0a9fc-3666-476b-85a6-03afddce8e5c,2604241641,bc102d0c-3acf-4601-878f-8dfa75aa8f45,Fixed Deposit,PCB Fixed 24M,569511,PCB Umhlanga Branch,KwaZulu-Natal,2024-06-28,,Active,107767.75,107750.39,108031.69,0.1209,Fixed,ZAR,0.0,2024-08-29
1f94977c-ee4f-47ff-9daa-65d00754d91a,8867534585,3001ae7b-e598-4597-b01f-785b9e560f73,Savings Account,PCB SaveSmart,620499,PCB Brits Branch,North West,2024-12-02,,Active,7440.69,6772.31,7454.93,0.099,Fixed,ZAR,0.0,2024-12-11
2e9fadba-1c18-4053-b20a-30f32b47e2c1,7763892579,5695af93-72f8-45b0-8581-09cf6b0fd54d,Credit Card,PCB Infinite Credit Card,361826,PCB Newcastle Branch,KwaZulu-Natal,2024-08-12,,Active,-18043.07,-2505.59,-18143.85,0.0763,Fixed,ZAR,25437.43,2024-10-07
4bd41679-78b8-4169-8174-8dc605a1deac,8340611373,f7e17a8d-c52e-4334-94e7-e1870e6b11c7,Cheque Account,PCB Premier Cheque,544451,PCB Midrand Branch,Gauteng,2023-05-23,,Active,10015.47,9657.5,9716.14,0.2113,Variable,ZAR,39748.1,2024-05-09
945c1c34-51c5-4c75-bbef-eaa6ee3bc512,3945622702,aa5b3d75-e648-47ad-ade0-0b9e530ca808,Savings Account,PCB PocketSave,490038,PCB Richards Bay Branch,KwaZulu-Natal,2023-01-08,,Active,27329.7,25416.57,27318.24,0.1232,Variable,ZAR,0.0,2023-10-18
add2cdc3-c6d9-45aa-999b-0895ebd64337,7412471088,d05b076a-00d5-4750-8444-6b46a1e3d2dd,Savings Account,PCB Goal Saver,363487,PCB Potchefstroom Branch,North West,2023-03-21,,Active,3139.01,3017.92,3526.33,0.2093,Fixed,ZAR,0.0,2024-06-17
48d4512c-daa4-4cdc-942a-5c59b6bb463c,7166844130,19720c0b-051e-47ea-b902-9b819c88f5ca,Cheque Account,PCB Premier Cheque,232626,PCB Pietermaritzburg Branch,KwaZulu-Natal,2024-06-07,,Active,2536.85,2381.31,2392.44,0.075,Variable,ZAR,28267.66,2024-09-06
60066f77-b707-48bb-b5c3-824f0a570258,6182070900,356fae70-133b-4719-9a47-5675f16f7ab2,Savings Account,PCB SaveSmart,317285,PCB Johannesburg Branch,Gauteng,2023-07-16,,Active,3984.01,3823.33,4013.4,0.0989,Fixed,ZAR,0.0,2023-09-05
2683b709-4850-4ba5-b8f5-4387137c395e,3745778625,04485172-9859-4d78-ab90-1473d401724d,Cheque Account,PCB Gold Cheque,944483,PCB Richards Bay Branch,KwaZulu-Natal,2024-05-03,,Active,70625.72,67828.92,70317.39,0.0133,Variable,ZAR,143210.09,2024-11-07
dd9decd1-caf1-447c-9928-6851d0aa1ed0,6013914695,dadbdb7a-ad83-4e90-9356-19f735b66d27,Credit Card,PCB Gold Credit Card,728167,PCB Klerksdorp Branch,North West,2024-10-15,,Active,-128312.47,-36836.27,-128020.59,0.0523,Fixed,ZAR,120470.49,2024-12-30
1e548bf2-0c94-444d-918c-8ddfbad08b16,5439218338,e99f7956-cc34-4de2-8510-ed7a366f6fa5,Savings Account,PCB Flexi Save,161496,PCB East London Branch,Eastern Cape,2021-03-18,,Active,81661.7,77143.38,81729.43,0.1194,Prime-linked,ZAR,0.0,2023-08-27
1341bea1-42a8-4c2e-9b37-06e55b258eb1,6236310581,1d8706dd-c6cf-479c-92a0-90c81229ba91,Cheque Account,PCB Plus Cheque,878720,PCB Newcastle Branch,KwaZulu-Natal,2023-09-05,,Active,12397.85,12025.9,11902.86,0.1895,Prime-linked,ZAR,82556.47,2024-11-23
7efafa89-7245-41bf-a005-94ade825a2e3,9283032908,696dd856-e6af-4dd3-9595-cc197764d7c1,Savings Account,PCB PocketSave,817696,PCB Johannesburg Branch,Gauteng,2024-06-25,,Active,18398.57,16936.69,18425.55,0.0931,Prime-linked,ZAR,0.0,2024-07-21
f75c54cf-e16c-4fc0-b3ae-a93a591a7503,9549403502,4ea440d8-ce17-45ae-9037-e5677b3c173e,Credit Card,PCB Platinum Credit Card,684610,PCB Bellville Branch,Western Cape,2023-08-05,,Active,-109115.16,-58194.75,-109029.39,0.2013,Fixed,ZAR,147573.88,2024-10-25
8e932787-d8c9-4238-b131-0d5b82a7d6f9,1270439110,7004ba49-cc98-4563-98c1-fb9294bc842a,Cheque Account,PCB Gold Cheque,916190,PCB Soweto Branch,Gauteng,2024-10-15,,Active,1125.82,1054.99,1375.21,0.0919,Variable,ZAR,12044.98,2024-12-27
e07ce578-e9e7-42a9-a66b-a181b0597c59,7448083912,4899ed45-9c58-43fc-a9b1-110f1e0da786,Savings Account,PCB PocketSave,802749,PCB Durban Branch,KwaZulu-Natal,2024-11-05,,Active,312045.59,295484.84,312527.06,0.0949,Variable,ZAR,0.0,2024-12-15
7529c958-adf1-4e17-aac8-60524bc7c4c1,3392652436,8f55d494-420b-4705-987b-b6ec11ce864d,Cheque Account,PCB Plus Cheque,506185,PCB Midrand Branch,Gauteng,2024-08-26,,Dormant,15748.82,14363.74,16198.07,0.2184,Fixed,ZAR,23504.8,2024-10-20
864bd1d1-9fa5-4272-8cae-7054d9c67dfc,6078339268,31e7d721-e2e5-4bc2-8b0f-1c16bf58e45e,Fixed Deposit,PCB Fixed 12M,544392,PCB Polokwane Branch,Limpopo,2021-12-06,,Active,999283.57,965289.53,999103.6,0.0355,Variable,ZAR,0.0,2024-02-05
f8dc5c17-f19e-45d8-98fd-dbe2a2310183,5305823632,7c3e20ce-4d78-41a8-b392-d7bf5e6f6aa6,Cheque Account,PCB Premier Cheque,126891,PCB Polokwane Branch,Limpopo,2018-03-28,,Active,50750.04,48868.33,50727.73,0.1176,Fixed,ZAR,279283.11,2022-09-02
c7130d87-97c2-49ff-9c10-ab34a40155a0,5572740402,0ebc03c1-6701-445a-b1f1-b2a9bda64229,Cheque Account,PCB Plus Cheque,564322,PCB Richards Bay Branch,KwaZulu-Natal,2024-12-25,,Active,44488.66,44123.03,44769.94,0.1288,Fixed,ZAR,145060.86,2024-12-25
e9cf8bfc-0152-438b-82d5-df22c7cecf63,6004544691,4748be49-42c6-4b78-88c8-86a3ffc8df90,Cheque Account,PCB Prestige Cheque,817696,PCB Johannesburg Branch,Gauteng,2019-04-27,,Active,15498.45,15261.05,15676.04,0.066,Variable,ZAR,42970.72,2022-10-04
3d23eab0-5a9d-4348-9a65-076deff98f5e,7744664242,12e6b9ee-2be7-4214-ad3c-2fd93578dfc5,Cheque Account,PCB Gold Cheque,544392,PCB Polokwane Branch,Limpopo,2021-09-06,,Active,6419.76,5830.65,6539.67,0.0441,Variable,ZAR,17140.96,2024-07-31
adf23f28-8f24-46a6-8588-63643c604d6e,5375463795,e7668c2c-8c8f-4de3-8db4-90ad16ae9b92,Money Market,PCB Money Market 32-Day,691845,PCB Stellenbosch Branch,Western Cape,2018-05-17,,Active,675737.81,652052.86,676017.94,0.1331,Fixed,ZAR,0.0,2023-10-09
1adfd91e-e790-4bcf-af25-2f1f979fe1fb,3115826301,58b6ea81-b316-4f19-a7eb-6ad8b9be5b12,Cheque Account,PCB Premier Cheque,189520,PCB Nelspruit Branch,Mpumalanga,2020-05-01,,Active,3479.93,3388.3,3773.72,0.0513,Prime-linked,ZAR,311099.25,2021-07-30
60e9647e-a04d-46a1-8b8f-e76819c57606,5525899856,09b9d0bb-c032-4e23-a911-bae00f7df4ca,Credit Card,PCB Platinum Credit Card,161496,PCB East London Branch,Eastern Cape,2024-12-19,,Active,-9964.85,-7602.87,-10462.18,0.1331,Variable,ZAR,16767.83,2024-12-28
abf679fb-264e-4a24-b863-d6357f3c02c2,3851816053,ea7e11b4-f9f8-4196-811a-38bd00b09c13,Business Account,PCB Business Premium,641958,PCB Queenstown Branch,Eastern Cape,2021-02-26,,Active,124290.53,119992.88,124150.47,0.107,Fixed,ZAR,223436.27,2021-06-10
5ceebf6f-5056-4cc5-a135-1ecc103c1853,2128848992,61f70e9e-9d2a-4b47-8dde-4eaa3aed22a6,Savings Account,PCB SaveSmart,339980,PCB Polokwane Branch,Limpopo,2024-01-31,,Active,2768.44,2505.51,2911.89,0.1067,Prime-linked,ZAR,0.0,2024-06-26
8723aed5-97bd-488b-8ff1-776545d3901a,7018498442,bbbac18e-3bf9-43fa-9184-da720b7e6c0d,Credit Card,PCB Standard Credit Card,900529,PCB Stellenbosch Branch,Western Cape,2023-10-18,,Active,-36879.25,-32904.35,-37026.85,0.0854,Variable,ZAR,29776.32,2024-04-07
c0d1eec7-3925-4a63-a4c1-099fb377957b,5703979945,8931f44e-bcba-4267-9d91-cf99c1259d56,Savings Account,PCB SaveSmart,605258,PCB Welkom Branch,Free State,2022-10-08,,Active,15076.52,14559.99,15224.68,0.1659,Fixed,ZAR,0.0,2023-08-20
218bfaab-5190-4c94-bce0-c4b85f27e67c,9447076195,2f418199-1049-4389-83b4-2ea755610f9d,Credit Card,PCB Platinum Credit Card,518002,PCB Ekurhuleni Branch,Gauteng,2023-06-25,,Active,-31295.37,766.71,-31643.72,0.1944,Fixed,ZAR,48199.79,2024-07-04
050a2c77-0f72-4593-a5a8-8e26eccc6d35,7390048601,7f164959-ebef-49cb-89cd-6a303fdad6f3,Credit Card,PCB Platinum Credit Card,363296,PCB Centurion Branch,Gauteng,2024-02-13,,Active,-147352.06,-24506.55,-147066.3,0.1891,Prime-linked,ZAR,163820.94,2024-12-15
e1f2fbff-406e-45af-95ca-5f7a9ae21ed5,6125685798,0e966c8c-5a43-44c1-94e3-bcf9c8023182,Cheque Account,PCB Plus Cheque,389585,PCB Polokwane Branch,Limpopo,2024-09-30,,Active,5823.99,5798.18,6111.4,0.2052,Fixed,ZAR,18706.41,2024-11-02
2d9ced99-c8f5-46f6-9f34-dc181c4b5eed,2290994227,8fba209e-c55a-4360-b9f8-88afbea95510,Cheque Account,PCB Gold Cheque,479398,PCB Midrand Branch,Gauteng,2023-11-01,,Active,12442.18,11526.36,12729.28,0.1454,Prime-linked,ZAR,76027.68,2023-11-01
8e7898a4-a701-495b-8e88-0cdf0bbf6ddf,4076559327,c34d10db-f402-4a96-a953-b27ad8feb022,Savings Account,PCB Flexi Save,620678,PCB Johannesburg Branch,Gauteng,2022-08-09,,Active,1954142.43,1904971.78,1954449.29,0.2244,Fixed,ZAR,0.0,2024-05-18
19829122-12ec-4bce-867d-de531720cb06,9479096235,e04dd813-e742-4c4d-bb5d-55efda8742ab,Fixed Deposit,PCB Fixed 36M,721540,PCB King William's Town Branch,Eastern Cape,2024-04-25,,Active,195835.43,182725.4,195824.57,0.1831,Prime-linked,ZAR,0.0,2024-06-26
2d1a95ad-70c8-4da0-9425-cbcf269d5d92,9327211782,1e1c0a15-403d-4187-8c88-eabcdf85a18b,Credit Card,PCB Standard Credit Card,584175,PCB Paarl Branch,Western Cape,2024-12-03,,Closed,-325350.26,-221553.47,-325808.52,0.1618,Variable,ZAR,305243.69,
890d6933-e1ac-4fde-aec7-484b304f8948,1432816515,77c7f50d-d85a-43d0-9048-612057f39580,Savings Account,PCB Goal Saver,484034,PCB Umhlanga Branch,KwaZulu-Natal,2019-01-25,,Active,912.69,842.72,449.77,0.1065,Variable,ZAR,0.0,2023-06-03
66e1ae18-d186-46db-a2a7-87ba405cd79b,4219957041,008f033c-9eb6-4faf-8215-fd595f6d3ab8,Cheque Account,PCB Plus Cheque,543745,PCB Bethlehem Branch,Free State,2016-04-24,,Active,1833.98,1709.67,1993.03,0.0136,Fixed,USD,8964.79,2021-03-24
3adc2ceb-1262-4974-9b43-2083a6dfb164,3565738076,e3aaa105-dc10-4e17-8ed3-72500bb770a7,Cheque Account,PCB Prestige Cheque,543745,PCB Bethlehem Branch,Free State,2024-05-10,,Active,11612.51,10862.1,11687.13,0.1126,Variable,ZAR,42443.77,2024-11-05
0b8261fe-7e53-4268-91e6-a0bc2ca93b36,4352623546,489a6541-a54b-4982-ab84-00aa5d9b5247,Savings Account,PCB Goal Saver,719511,PCB Bloemfontein Branch,Free State,2016-10-08,,Active,2900.52,2703.31,2798.39,0.1598,Variable,ZAR,0.0,2020-11-11
eb042d8b-202c-4f4a-8cd5-9b69300eaaad,2750281774,443feac0-db02-4215-bac3-8466225e9316,Cheque Account,PCB Prestige Cheque,905738,PCB Queenstown Branch,Eastern Cape,2024-02-04,,Active,10128.33,9875.14,10626.54,0.1789,Variable,ZAR,34930.34,2024-06-05
baa9f2d0-762b-466f-b4f7-a213f8f21749,8734572343,21015d53-1711-41e6-9e60-7cf9cff185d0,Business Account,PCB Business Premium,101296,PCB Johannesburg Branch,Gauteng,2023-04-04,,Active,689865.04,652727.47,689635.13,0.0238,Fixed,ZAR,482394.42,2023-11-26
c56ef89f-dc9d-421a-8f03-070256e711b8,6003501571,8faad975-760d-4b08-916c-7797fd6f153f,Cheque Account,PCB Plus Cheque,163755,PCB Soweto Branch,Gauteng,2021-02-11,,Active,5218.2,5214.39,4990.3,0.0154,Fixed,ZAR,44979.63,2022-11-07
25db4c54-6c26-4cee-b061-bdd813529556,4798636315,52347243-9079-4ddd-b580-f6bf33305faa,Credit Card,PCB Platinum Credit Card,127939,PCB Port Elizabeth Branch,Eastern Cape,2023-06-10,,Active,-115993.35,-63006.34,-116268.33,0.1106,Fixed,ZAR,78806.08,2024-09-04
4ebf2027-4735-4f93-9c60-fbc96ddc0d22,3852687629,a402e265-cc8d-46d1-9ec2-5bd8cf1ace26,Savings Account,PCB Goal Saver,358051,PCB Centurion Branch,Gauteng,2024-03-22,,Active,1756.68,1587.47,1452.7,0.1739,Variable,ZAR,0.0,2024-03-27
59711b52-4b18-4407-95a8-40de9422b3f5,9698124329,447cf377-fced-4c3f-8591-b9520197daf7,Credit Card,PCB Infinite Credit Card,544392,PCB Polokwane Branch,Limpopo,2024-12-13,,Active,-13954.17,63561.63,-14017.22,0.0852,Variable,ZAR,100126.41,2024-12-17
4e316786-c92d-4ee4-8e78-5d3e4012946b,1293387241,b3d39bd1-cd6f-46d9-a1c7-e921bcb43550,Money Market,PCB Money Market Call,656843,PCB Bloemfontein Branch,Free State,2023-09-13,,Active,94830.0,85426.06,94745.08,0.2023,Prime-linked,ZAR,0.0,2024-10-31
d898cb3f-d8e8-41f7-ac36-f2da352f6785,5619490046,486ed9cf-3f99-439b-a292-305d038605bf,Cheque Account,PCB Prestige Cheque,480828,PCB Polokwane Branch,Limpopo,2020-08-04,,Active,22281.2,22050.17,22591.45,0.1529,Variable,ZAR,126923.53,2021-07-10
1f643273-6616-4fdd-ad2c-a09bda75b05e,8915203298,bf42d39f-94ef-4cfd-92e5-ae91fb8ea8b6,Cheque Account,PCB Gold Cheque,532371,PCB King William's Town Branch,Eastern Cape,2024-04-06,,Active,6826.98,6277.34,6409.59,0.0288,Variable,ZAR,40810.09,2024-06-20
2cf97d3a-8a1b-4ea3-839a-ea3caac7e79f,1922430745,8f55d494-420b-4705-987b-b6ec11ce864d,Money Market,PCB Treasury Plus,552168,PCB Mthatha Branch,Eastern Cape,2024-02-17,,Active,200185.65,185007.11,200004.12,0.217,Fixed,ZAR,0.0,2024-07-05
aeff89cd-3c53-4414-b22b-489c1649d441,2471493866,bd5e639e-5096-4b8e-ab11-dd6fbdee615b,Credit Card,PCB Platinum Credit Card,670816,PCB Mokopane Branch,Limpopo,2024-06-16,,Active,-9051.4,33308.17,-9442.02,0.0265,Fixed,ZAR,45817.2,2024-12-03
5bf04832-1502-474f-87e4-d46bd913919a,1248844772,b4b59e19-8f45-47b7-a9df-b6f96235253a,Savings Account,PCB PocketSave,773228,PCB Umhlanga Branch,KwaZulu-Natal,2022-02-05,,Active,5823.21,5286.68,5510.79,0.2176,Variable,ZAR,0.0,2022-11-27
5b0dc5e6-7d31-4d16-a4f5-26c2c2163004,7498247045,67c9be79-bce5-4b32-a44d-98517a2477e3,Money Market,PCB Treasury Plus,571152,PCB Polokwane Branch,Limpopo,2024-05-05,,Active,970550.34,960818.89,970643.45,0.1028,Variable,ZAR,0.0,2024-08-22
8e5a4ffb-d1fa-4533-85dc-05b4f717eecc,1578012804,8da1a481-6fdc-4f90-b170-a31161a6f4d7,Cheque Account,PCB Plus Cheque,211594,PCB Thohoyandou Branch,Limpopo,2023-08-30,,Active,23470.83,22814.92,23467.49,0.0227,Variable,ZAR,98291.51,2024-08-07
da17d375-b106-4983-8ca6-0760af41bedf,1418527097,49d32bba-878f-4f02-ac43-1e6387e33059,Cheque Account,PCB Plus Cheque,696503,PCB Secunda Branch,Mpumalanga,2019-12-10,,Active,1561.66,1480.11,1259.99,0.0762,Fixed,ZAR,7828.14,2024-12-24
d583064d-ba86-4e81-8f78-202de38c0d1d,7477490182,06b4cbf1-5e59-4e2f-93b9-72bec63fdd0f,Savings Account,PCB PocketSave,905738,PCB Queenstown Branch,Eastern Cape,2023-04-10,,Active,5791.22,5693.36,5498.28,0.0906,Fixed,ZAR,0.0,2023-04-11
f05d9336-b654-4c4f-83df-fc3689201a88,2870417878,4da51901-aadc-43ae-bfc1-0006c9ee2b58,Cheque Account,PCB Prestige Cheque,564639,PCB Standerton Branch,Mpumalanga,2024-02-28,,Active,178033.02,169435.72,178265.33,0.0073,Variable,ZAR,379819.87,2024-11-01
05dad06a-4564-4648-aa70-6b147a164226,4600632823,1f93b432-d6da-4e9f-bad2-c685be275cfa,Cheque Account,PCB Gold Cheque,528434,PCB King William's Town Branch,Eastern Cape,2019-10-18,,Dormant,851.54,839.25,955.24,0.0056,Fixed,ZAR,17672.15,2023-06-18
ca6f0837-cff2-4643-bc06-57c3d0361a09,9801787009,19a916c7-4417-4f73-8f40-2941f4eb8d48,Savings Account,PCB Flexi Save,322311,PCB Bellville Branch,Western Cape,2024-06-20,,Active,295.85,267.49,294.84,0.0142,Variable,ZAR,0.0,2024-11-01
58d80aa3-fd95-4772-9ad5-9d571db39c9c,7015555598,83f7973c-e132-4c9a-987e-1e4aee189ddb,Money Market,PCB Money Market 32-Day,620678,PCB Johannesburg Branch,Gauteng,2024-11-16,,Active,252996.92,232404.93,252719.29,0.0548,Variable,ZAR,0.0,2024-11-26
c1582d38-9f97-46fb-8483-f80d0b2d82e3,5382727060,d289ca96-2681-47e6-97d3-3e049227ddd7,Business Account,PCB Enterprise Account,480828,PCB Polokwane Branch,Limpopo,2024-12-20,,Active,236297.75,221815.67,236199.03,0.076,Variable,ZAR,156850.28,2024-12-23
a81b38ae-f18e-4a1f-9435-df497b27efe8,2281479941,056217c6-c731-4f79-b30f-c0d7ac911f00,Fixed Deposit,PCB Fixed 36M,215930,PCB Secunda Branch,Mpumalanga,2023-12-16,,Active,7604.88,7175.54,7814.54,0.112,Fixed,ZAR,0.0,2024-04-11
f034ef62-c5f5-4ecc-8ce2-8d603feedfb8,9886937257,c9ca7a54-56dd-4c60-a8cf-de37d2a8a959,Cheque Account,PCB Premier Cheque,194351,PCB Soweto Branch,Gauteng,2024-06-16,,Active,17783.63,16529.59,17879.81,0.1552,Fixed,ZAR,70568.84,2024-11-04
5baa2a90-2b0c-4b2d-b7e9-892435fc95eb,5341244051,ca32bc99-ff8b-4b9d-9ca0-72f790ef992c,Savings Account,PCB Goal Saver,555275,PCB Soweto Branch,Gauteng,2019-03-24,,Active,76918.16,72504.07,76605.99,0.2236,Fixed,ZAR,0.0,2023-08-12
520c0801-05c1-4c04-8805-2c5570104b51,4129422632,72735915-e495-4cdb-8670-8fd2e9bdf8d1,Fixed Deposit,PCB Fixed 36M,421855,PCB Soweto Branch,Gauteng,2023-02-14,,Active,73365.82,70929.24,73112.42,0.1366,Prime-linked,ZAR,0.0,2024-03-27
27ddaa9c-f04d-4fcd-af11-3c8458e5754a,7485589887,a230f313-bffe-4fb1-884a-180392f85ad8,Cheque Account,PCB Premier Cheque,506185,PCB Midrand Branch,Gauteng,2024-12-21,,Suspended,14588.52,14583.49,14262.75,0.0982,Prime-linked,ZAR,43738.89,2024-12-21
54f775d9-ca8e-4d5d-b540-2a0d9426a7bc,9562681701,76b85659-01fe-405a-84a4-11f51d8dba1b,Savings Account,PCB Goal Saver,274432,PCB Klerksdorp Branch,North West,2023-01-20,,Active,16102.84,15274.51,15744.4,0.1905,Prime-linked,ZAR,0.0,2023-09-14
ad695409-e052-4bb8-83f8-6400e38a55f4,2926870597,0197d7ef-b2fb-457c-9bdd-b76dc3b0d59e,Credit Card,PCB Gold Credit Card,585968,PCB Durban Branch,KwaZulu-Natal,2019-08-18,,Active,-248257.21,-111131.76,-248135.65,0.0232,Fixed,ZAR,200933.21,2021-08-28
97537a5d-cabb-4ff1-834f-bf6bbe065a58,5644953292,2c1f5492-41c0-4eb5-ac83-84e813685831,Credit Card,PCB Platinum Credit Card,462009,PCB Mafikeng Branch,North West,2023-05-25,,Active,-259991.01,-183756.92,-259917.1,0.1747,Variable,ZAR,300464.06,2023-09-27
5a22785f-9d03-4e81-87d2-ae0b3c0d9206,6714106326,5f91b043-7d72-40ec-8c92-c61cb0c1833c,Savings Account,PCB SaveSmart,304981,PCB Queenstown Branch,Eastern Cape,2023-01-19,,Active,14601.51,14472.39,15012.39,0.0588,Prime-linked,ZAR,0.0,2024-08-26
560d12ab-4df4-40b7-9d85-6dc838f019cf,7884394756,8fba209e-c55a-4360-b9f8-88afbea95510,Money Market,PCB Treasury Plus,680746,PCB Bellville Branch,Western Cape,2022-08-28,,Active,880616.44,838153.91,880694.63,0.21,Fixed,ZAR,0.0,2024-12-02
ed11fc17-e3b7-4c0a-ae51-a164c2820d33,7756539434,61cdcdd8-4966-4981-aa70-e98cfbe4d8eb,Cheque Account,PCB Plus Cheque,916190,PCB Soweto Branch,Gauteng,2019-08-18,,Suspended,13422.49,13313.17,13408.42,0.0109,Variable,ZAR,23663.36,2021-07-25
e3a56fa6-1a41-40b0-94ec-2890340e6697,2377654453,cb29fca6-4779-47de-b4d8-d702da77cbe5,Cheque Account,PCB Plus Cheque,224413,PCB Newcastle Branch,KwaZulu-Natal,2024-06-15,,Active,22138.29,20073.1,22020.28,0.0776,Prime-linked,ZAR,86928.91,2024-08-18
3101a052-2ef4-4387-a617-40195570d551,7259936730,bf2b334b-61d9-4d8b-839b-e5b3731c244a,Savings Account,PCB PocketSave,770919,PCB Pinetown Branch,KwaZulu-Natal,2022-11-23,,Active,27224.74,26176.08,26983.61,0.1713,Fixed,ZAR,0.0,2024-01-10
62243ddd-fb1b-40d3-80a3-583ad78aa5a1,9933656070,7b0bdc0b-7461-4af0-9d90-cccfe247c659,Money Market,PCB Treasury Plus,620499,PCB Brits Branch,North West,2023-06-18,,Active,429565.78,429162.42,429345.6,0.0732,Prime-linked,ZAR,0.0,2024-09-25
c7066ab7-11d8-4471-8cbc-fb26a9d9867a,7232808276,56b81eb2-082d-4046-8431-6dd74a4f1d25,Savings Account,PCB Flexi Save,188536,PCB Louis Trichardt Branch,Limpopo,2024-08-19,,Active,21205.06,20703.91,20932.71,0.044,Variable,ZAR,0.0,2024-12-04
f1924e97-3999-447b-bf45-ca8d228ac1ff,4688454584,14407c92-24a5-4b5f-9183-82abcbe690e4,Fixed Deposit,PCB Fixed 60M,618895,PCB Brits Branch,North West,2021-09-03,2024-09-29,Closed,596743.28,576436.95,597022.76,0.0715,Variable,ZAR,0.0,2024-09-29
8e22453b-2b42-47dd-8189-41c7aee22c34,9550537585,50f6d663-1915-47b1-87fd-38c31e37a363,Cheque Account,PCB Premier Cheque,951796,PCB Middelburg Branch,Mpumalanga,2024-01-03,,Active,972.75,930.07,1274.74,0.1906,Fixed,ZAR,32020.66,2024-02-19
dedc60eb-8a9e-459e-a9da-8fedd0db9fe9,9116506114,2f4dae42-e4ae-461b-83e0-616daab69d60,Savings Account,PCB Flexi Save,856625,PCB Bethlehem Branch,Free State,2023-12-01,,Active,30938.7,28288.97,31283.83,0.0407,Prime-linked,ZAR,0.0,2024-07-20
70442b96-2c44-4411-8341-22c6a2927df3,9079318083,66a5b361-8f0b-41dc-80c4-bc7aaa6cf6c6,Credit Card,PCB Infinite Credit Card,161496,PCB East London Branch,Eastern Cape,2023-01-14,,Active,-8402.24,-7391.64,-7948.88,0.1317,Fixed,ZAR,19728.74,2023-11-24
821cb10b-adc0-43ac-ba6d-27f1c944d7d1,1651549487,8e0d7958-06fb-4aef-9428-c7704641cfaf,Money Market,PCB Money Market 32-Day,564639,PCB Standerton Branch,Mpumalanga,2022-12-30,,Active,1015312.21,979665.28,1015153.63,0.038,Variable,ZAR,0.0,2024-04-09
69acb24c-5a50-46be-81f4-68ec74e8fd58,4256494771,69a41e41-6acb-4658-847d-8f0ff4992a00,Fixed Deposit,PCB Fixed 60M,144693,PCB Potchefstroom Branch,North West,2023-05-12,,Active,115746.43,112319.83,115584.28,0.2125,Variable,ZAR,0.0,2023-06-06
f10b0f9b-017d-4bf4-af61-4f3447a68ab9,3566067403,91c9be29-eee1-4cde-a664-efe7e53212d5,Credit Card,PCB Standard Credit Card,140611,PCB Pinetown Branch,KwaZulu-Natal,2023-01-28,,Active,-24626.47,9311.68,-24268.2,0.1682,Variable,ZAR,89257.93,2024-04-16
4a419422-8f95-4972-89d0-910e8dc03eab,9734975686,8931f44e-bcba-4267-9d91-cf99c1259d56,Savings Account,PCB Flexi Save,850437,PCB Tzaneen Branch,Limpopo,2023-02-08,,Dormant,4353.59,4258.47,3985.81,0.0951,Variable,ZAR,0.0,2024-06-09
a40cc3e0-e8c8-414a-b451-b0d19943e67f,2744907344,3313d442-8fb2-442e-8b5b-105ae70e7556,Cheque Account,PCB Prestige Cheque,691845,PCB Stellenbosch Branch,Western Cape,2024-03-26,,Active,159695.97,152684.79,159570.56,0.014,Variable,ZAR,349360.29,2024-07-09
2ab576fa-5208-4ec2-862b-d9e038de7042,1366785845,bf42d39f-94ef-4cfd-92e5-ae91fb8ea8b6,Fixed Deposit,PCB Fixed 60M,605258,PCB Welkom Branch,Free State,2024-01-05,,Active,99903.48,94016.57,100282.82,0.1827,Variable,ZAR,0.0,2024-02-09
7441a3e4-9a95-4105-a69e-4a6cf3ce06ac,5434476534,d7867a56-0757-4fd2-a165-ce93bae23f55,Fixed Deposit,PCB Fixed 60M,188536,PCB Louis Trichardt Branch,Limpopo,2024-06-14,2024-08-30,Closed,48434.21,46702.25,48064.23,0.1364,Prime-linked,ZAR,0.0,2024-08-30
aa7010c4-c3f4-4a08-b6db-f1f90c370670,6281887398,d4666d26-f79c-4fef-88f9-91e5cb50d26c,Cheque Account,PCB Gold Cheque,164506,PCB Ekurhuleni Branch,Gauteng,2018-04-13,,Dormant,19181.98,18737.29,19366.39,0.1758,Prime-linked,ZAR,61523.91,2019-11-20
51ba253c-e6e3-483e-b875-2fcd60e4c873,9479604009,b2c4e28e-9d78-40ad-a44e-e4272355ff8d,Savings Account,PCB Goal Saver,773228,PCB Umhlanga Branch,KwaZulu-Natal,2020-06-06,,Active,7311.24,7294.75,7212.38,0.1608,Prime-linked,ZAR,0.0,2022-07-19
e6169960-7312-4a0d-92ee-7b501d3903e7,9074344106,987c9523-819c-4f0d-bd70-b63e7dc303d2,Money Market,PCB Treasury Plus,156429,PCB Soweto Branch,Gauteng,2019-04-24,,Active,341625.22,341546.44,341737.19,0.149,Variable,ZAR,0.0,2023-02-18
b44e995e-8be9-446f-933a-505367f85c16,4584770006,e43d0d53-a043-4f1a-8480-9b429f35c31f,Savings Account,PCB Goal Saver,574966,PCB Tzaneen Branch,Limpopo,2023-11-15,,Active,2722.55,2684.28,2528.07,0.035,Variable,ZAR,0.0,2024-03-18
4794ce39-89a1-446f-988f-7c5156fc60e5,9362652836,b4ebc28f-526a-45ea-823c-588724471955,Savings Account,PCB SaveSmart,773228,PCB Umhlanga Branch,KwaZulu-Natal,2024-07-28,,Active,1865.99,1705.24,1630.89,0.1218,Prime-linked,ZAR,0.0,2024-10-22
41b2e8e0-5bed-4e0c-b858-063ee42704e0,6011018195,39a37908-d451-46c7-97f5-9a204956adb5,Savings Account,PCB PocketSave,963495,PCB Bethlehem Branch,Free State,2022-03-30,,Active,617.31,610.12,695.97,0.1708,Variable,ZAR,0.0,2022-12-17
618c337a-bec9-41b6-80d7-23e3a82b7ed7,5861955359,4518f02f-717f-4e54-872f-6cb32c2cdbf3,Cheque Account,PCB Premier Cheque,546901,PCB Centurion Branch,Gauteng,2024-01-31,,Active,5837.62,5528.57,5344.08,0.0595,Fixed,ZAR,59575.75,2024-08-28
4e1bb47c-33e0-4919-8fbe-e23eea0e3802,9707672633,19c5ba73-e18f-49a2-a104-e01ab37e74f4,Credit Card,PCB Platinum Credit Card,980432,PCB Sandton Branch,Gauteng,2024-04-11,,Dormant,-26016.44,9492.63,-25965.79,0.1453,Prime-linked,ZAR,37330.95,2024-10-31
6a6b8624-1c6e-485c-a3d8-8c48adab1e97,4862608104,ebd29172-bc11-4332-a0a3-495a9dccc198,Cheque Account,PCB Gold Cheque,949833,PCB Bellville Branch,Western Cape,2017-10-14,,Active,3343.21,3145.93,2973.27,0.0319,Prime-linked,ZAR,110287.31,2023-03-05
bc8b522c-e440-4d82-a4c9-19e485061fb7,8778658148,1290affb-ecab-4eb6-867d-b61a9ccbe467,Savings Account,PCB Goal Saver,555275,PCB Soweto Branch,Gauteng,2020-04-08,,Active,3535.53,3393.65,3450.24,0.0509,Prime-linked,ZAR,0.0,2023-04-18
220525ac-03b5-4764-8729-9425eaab39fd,4442153335,0e4109e4-e46f-422d-8b9f-ab4ffcffd69a,Cheque Account,PCB Prestige Cheque,442505,PCB Louis Trichardt Branch,Limpopo,2016-02-22,,Active,15381.72,14582.8,15084.7,0.1805,Prime-linked,ZAR,41039.56,2018-12-18
6e355bad-91fe-41fe-ba3d-7f850c33125c,7775042294,4036648a-b3d3-40a6-84a5-0e91c27de9a9,Savings Account,PCB Goal Saver,215930,PCB Secunda Branch,Mpumalanga,2018-10-13,,Active,11201.41,10795.59,11110.1,0.1318,Variable,ZAR,0.0,2024-02-05
7d0122cd-b9ed-4502-9477-f3401bbbad93,5323439657,a402e265-cc8d-46d1-9ec2-5bd8cf1ace26,Cheque Account,PCB Premier Cheque,856597,PCB Johannesburg Branch,Gauteng,2022-12-24,,Active,11128.77,11119.49,10823.47,0.0452,Prime-linked,ZAR,25436.97,2024-05-25
1a606c21-28a9-4901-b958-7c8b79cbd4ee,5032960128,802e7e56-190c-41fd-a9d0-3d2880dd2cc3,Credit Card,PCB Standard Credit Card,466975,PCB Bellville Branch,Western Cape,2021-12-02,,Active,-33790.93,-21238.35,-33803.26,0.0795,Fixed,ZAR,70205.57,2022-10-05
8032a742-b9f8-4073-9011-7c931eb769cb,6572966789,c76a3d3f-ac7d-41bd-a286-6a944270b471,Cheque Account,PCB Gold Cheque,144693,PCB Potchefstroom Branch,North West,2024-08-03,,Active,3738.53,3475.6,3990.67,0.0231,Variable,ZAR,41545.01,2024-11-03
7a331419-a7d8-497b-9000-2514c1673322,9109095656,a402e265-cc8d-46d1-9ec2-5bd8cf1ace26,Savings Account,PCB Goal Saver,850437,PCB Tzaneen Branch,Limpopo,2024-02-14,,Active,20558.65,19739.7,20588.48,0.1413,Fixed,USD,0.0,2024-03-19
7ea5ed57-a592-421a-af3b-f1c649210871,6029910451,21015d53-1711-41e6-9e60-7cf9cff185d0,Fixed Deposit,PCB Fixed 60M,230751,PCB Secunda Branch,Mpumalanga,2022-08-10,,Active,81570.0,77765.02,81720.23,0.0089,Fixed,ZAR,0.0,2023-08-09
5141a537-c78b-49c1-bb68-03a6c7a29c6e,1810199665,f4be94ff-f06b-46a4-8cba-1a36fadcbac4,Credit Card,PCB Infinite Credit Card,602593,PCB Thohoyandou Branch,Limpopo,2024-10-02,,Active,-36211.25,2.74,-35989.94,0.0172,Prime-linked,ZAR,157581.09,2024-11-14
547c088b-d312-45c8-8c25-7d6b5e061824,3767093391,9fae9dde-abd5-48cd-90df-e0d091beca4e,Business Account,PCB Business Current,146266,PCB Bellville Branch,Western Cape,2019-12-05,,Active,1451879.07,1380241.72,1452281.16,0.1565,Variable,ZAR,1831593.24,2022-02-26
017bbc38-fe96-4fe3-beca-ddeaddd9e84b,5872993285,8fdd3db7-43ef-48c3-ae0d-b2a85bd42e81,Cheque Account,PCB Prestige Cheque,871734,PCB Newcastle Branch,KwaZulu-Natal,2018-06-12,,Active,34046.58,31103.5,33882.15,0.2201,Variable,ZAR,81222.48,2021-01-05
d42cc431-8fa5-4013-b66d-aff7c96049c4,2976988054,d2b28c0c-9630-4a24-a568-7adb38f9d83c,Cheque Account,PCB Prestige Cheque,696503,PCB Secunda Branch,Mpumalanga,2024-11-20,,Active,1240.05,1157.75,1082.29,0.1598,Fixed,USD,17394.65,2024-12-30
8a06c1d8-ccdc-4b6a-a96e-bb894e08d42e,3874662102,97ddac20-2ab1-412a-aa23-deabd20e4497,Savings Account,PCB SaveSmart,266302,PCB Potchefstroom Branch,North West,2024-12-27,,Closed,57866.19,57609.93,57473.05,0.1001,Variable,ZAR,0.0,
809cdd85-f8aa-4f7f-b5b0-70eabc6df70b,8391082548,c26b6bc3-c481-42a7-8ad7-be5e29997d59,Cheque Account,PCB Plus Cheque,945253,PCB Johannesburg Branch,Gauteng,2022-04-06,,Active,3660.46,3633.51,3291.16,0.0312,Fixed,ZAR,27285.43,2022-09-11
7faf07d7-47e1-4410-b6a9-5a6c4ec4caa4,4655002781,ba099f63-97fe-4ebb-a93d-48ccaac8e11d,Money Market,PCB Money Market Call,229093,PCB Richards Bay Branch,KwaZulu-Natal,2024-12-02,,Active,1172881.32,1155359.11,1172946.42,0.1902,Fixed,EUR,0.0,2024-12-10
e6940321-2a41-4d37-92da-48cb5b86bb93,9222652994,486a746b-2d35-4be5-8a5b-9aa5365c8ecb,Money Market,PCB Money Market 32-Day,906519,PCB Paarl Branch,Western Cape,2024-07-21,,Active,173530.59,170727.63,173940.08,0.0806,Variable,ZAR,0.0,2024-10-24
6df2302c-6e3c-4ce5-9f88-e640927d701d,8677503432,2c1f5492-41c0-4eb5-ac83-84e813685831,Cheque Account,PCB Plus Cheque,696503,PCB Secunda Branch,Mpumalanga,2023-01-17,,Active,86364.73,84542.33,86469.09,0.1026,Variable,ZAR,197848.65,2024-09-23
4e3c15f7-5567-48ba-bddf-c97ecd012974,8776908812,e99f7956-cc34-4de2-8510-ed7a366f6fa5,Cheque Account,PCB Premier Cheque,543745,PCB Bethlehem Branch,Free State,2024-11-30,,Active,181761.9,166144.71,182256.82,0.2169,Fixed,ZAR,99054.2,2024-12-11
507ccd09-3e68-4561-89a4-12d465cfdc44,3976844517,0f365b68-bb19-4fe7-8ba6-11bf8ee9517b,Cheque Account,PCB Gold Cheque,906519,PCB Paarl Branch,Western Cape,2023-09-24,,Active,247.71,238.16,93.54,0.0225,Fixed,USD,29643.15,2024-01-23
b2033831-e43b-46d2-9aaf-393a0718ca51,8068502818,d05b076a-00d5-4750-8444-6b46a1e3d2dd,Money Market,PCB Money Market Call,856597,PCB Johannesburg Branch,Gauteng,2023-06-15,,Active,328301.97,297032.2,328769.82,0.2063,Prime-linked,ZAR,0.0,2024-02-11
25be136d-ef89-44e9-8e8e-f2c5327c5142,9088891216,e1fe6d61-a613-458f-a563-89664c94c4c8,Fixed Deposit,PCB Fixed 60M,488904,PCB Centurion Branch,Gauteng,2021-02-27,,Active,35198.37,32553.23,34995.44,0.1448,Fixed,ZAR,0.0,2024-09-08
68f95512-0f86-4aed-9489-37297a22d500,3046779254,52347243-9079-4ddd-b580-f6bf33305faa,Savings Account,PCB Goal Saver,872468,PCB Midrand Branch,Gauteng,2023-01-07,,Active,28523.71,25965.89,28542.6,0.0413,Fixed,ZAR,0.0,2024-01-12
de3d94b3-d07a-41ad-bc0b-ad81608e4cd4,4585944795,0e966c8c-5a43-44c1-94e3-bcf9c8023182,Fixed Deposit,PCB Fixed 36M,133956,PCB Newcastle Branch,KwaZulu-Natal,2024-03-16,,Active,150783.98,137946.09,150506.78,0.1191,Variable,ZAR,0.0,2024-04-07
96a359f2-8ea9-4552-9823-0cb8dc3384be,6553442049,12db6aa0-0390-4394-a2b6-2809e25100ce,Cheque Account,PCB Plus Cheque,304981,PCB Queenstown Branch,Eastern Cape,2024-02-11,,Active,5600.1,5448.78,5634.04,0.0091,Fixed,ZAR,30021.35,2024-04-15
c2920edc-dec9-4757-88c2-b79375ce9845,6274454005,9ec1fa1b-150e-4929-9302-27b04c992487,Credit Card,PCB Infinite Credit Card,871734,PCB Newcastle Branch,KwaZulu-Natal,2023-05-24,2024-10-29,Closed,-18675.79,4646.89,-19166.31,0.0195,Fixed,ZAR,41088.24,2024-10-29
f71fa2fb-2012-4d6c-985a-9c310b2f4505,5835663949,47fae665-da74-4634-8788-06e6d4aef496,Cheque Account,PCB Prestige Cheque,575774,PCB Centurion Branch,Gauteng,2023-06-30,,Active,76384.8,75103.12,76266.74,0.1764,Prime-linked,ZAR,66394.73,2023-11-18
3c8fb798-c3b6-409f-9971-2b15000eae45,2426306018,96a0dd93-d9ee-4528-9173-61228081da8c,Credit Card,PCB Platinum Credit Card,921664,PCB Klerksdorp Branch,North West,2018-01-05,,Active,-42310.51,-24333.62,-42210.91,0.0167,Variable,ZAR,43570.68,2021-01-08
1ffe4c87-5a03-4619-bf6b-62b2756685b2,5577720363,75219f36-177a-4fcf-9a9f-8838c52ad8ab,Money Market,PCB Money Market 32-Day,479398,PCB Midrand Branch,Gauteng,2018-03-01,,Active,58822.93,54642.12,59075.07,0.0456,Variable,ZAR,0.0,2022-08-09
d3458227-e89d-478f-af0c-aca439db6cd4,9872437496,a32070ba-f27b-4cdc-8e02-fb00804c240c,Savings Account,PCB Flexi Save,236301,PCB Pinetown Branch,KwaZulu-Natal,2016-10-16,,Active,1947.49,1865.48,2417.15,0.0078,Prime-linked,ZAR,0.0,2023-11-26
cd0e5197-ffee-4c5c-98a5-8e378e49a22c,2315010880,85ce4f3b-c7f7-4a94-bb92-3bd49ee0b3b2,Cheque Account,PCB Premier Cheque,575774,PCB Centurion Branch,Gauteng,2021-01-18,,Dormant,67249.89,61888.83,66967.32,0.0776,Fixed,ZAR,202968.04,2022-07-30
2ba3c951-ca38-4ffe-9e5b-e1d09cebd520,7942629083,1f93b432-d6da-4e9f-bad2-c685be275cfa,Money Market,PCB Money Market Call,681898,PCB Centurion Branch,Gauteng,2023-08-15,,Suspended,271658.48,265074.64,271952.42,0.1726,Variable,USD,0.0,2024-01-27
7f351576-8781-40de-9ae4-89fca0d91299,1725036551,578ebe00-340f-40ba-bac8-25fda508217f,Money Market,PCB Treasury Plus,230751,PCB Secunda Branch,Mpumalanga,2024-08-07,,Active,456238.93,434280.17,456215.6,0.2105,Fixed,ZAR,0.0,2024-10-09
1ea511ad-2c7f-4fc9-a67d-cdc624a06f2a,1045517102,102faf5d-060a-45ca-bf9a-343f07c64a57,Cheque Account,PCB Prestige Cheque,633057,PCB Mthatha Branch,Eastern Cape,2022-08-25,,Active,2307.79,2136.61,2272.76,0.1765,Variable,ZAR,202428.63,2023-07-23
23954309-3a57-467d-a753-fdfafe6dfe53,7241801316,e468483b-cf18-479d-8b10-3fc7f309a13a,Credit Card,PCB Gold Credit Card,300022,PCB King William's Town Branch,Eastern Cape,2020-02-04,,Active,-197443.05,-195007.39,-196971.66,0.0172,Variable,ZAR,64205.09,2024-10-25
d47afdd3-3b35-4fa8-9bad-ed8be5f129bb,6690342245,6a013944-9c56-4e90-b4b4-66c18372ca54,Savings Account,PCB SaveSmart,571152,PCB Polokwane Branch,Limpopo,2022-06-02,,Dormant,5623.06,5447.75,5268.71,0.1157,Variable,ZAR,0.0,2024-10-11
13556be2-ded4-4ff1-91c1-d47dcbbf7c31,7954596600,796496b2-fedc-473f-b0ad-08543529cc77,Cheque Account,PCB Premier Cheque,900529,PCB Stellenbosch Branch,Western Cape,2019-04-04,,Active,8699.73,8078.22,8483.87,0.1461,Prime-linked,ZAR,721554.73,2023-09-30
fce6c593-c13e-4a92-bea7-d82654dbd4a8,6138726130,dcfecbca-5653-435d-87a6-aafd3d6ffb52,Credit Card,PCB Gold Credit Card,255327,PCB Soweto Branch,Gauteng,2024-03-09,,Active,-14733.53,-8940.58,-14283.17,0.1835,Variable,ZAR,13382.72,2024-12-26
f5e001b0-ab52-44b7-82b1-4e22bad03532,4715689727,72735915-e495-4cdb-8670-8fd2e9bdf8d1,Business Account,PCB Business Current,670816,PCB Mokopane Branch,Limpopo,2023-04-25,,Active,868234.35,844168.92,868588.02,0.1677,Variable,ZAR,1199225.36,2024-12-19
6967fec3-4614-47b6-8a5b-c5f3ba59d6d7,3194476063,584338c8-a8fa-4613-a76d-b07760b87e8c,Savings Account,PCB Goal Saver,421855,PCB Soweto Branch,Gauteng,2024-02-13,,Dormant,15931.02,15113.15,15988.96,0.0539,Fixed,ZAR,0.0,2024-05-24
f250121d-7dfd-4587-bd59-38712b0b1de1,1216782580,f72d813d-996f-430d-ae57-13eb80207635,Fixed Deposit,PCB Fixed 24M,269820,PCB Pietermaritzburg Branch,KwaZulu-Natal,2024-12-18,,Active,245953.52,234113.27,245730.75,0.0597,Variable,ZAR,0.0,2024-12-21
4a648652-49a7-4279-9069-e5ac6e1c9768,9303909734,5c30c669-985f-41d5-9d16-cc9d5ced03b3,Savings Account,PCB PocketSave,746066,PCB Port Elizabeth Branch,Eastern Cape,2024-12-29,,Active,55189.11,53477.0,55534.24,0.0386,Fixed,ZAR,0.0,2024-12-30
0283e6b1-4b38-4e48-8f28-164845c7db69,1236071705,0e35e1c3-d868-43bc-bb7a-d750d53414b9,Savings Account,PCB SaveSmart,680746,PCB Bellville Branch,Western Cape,2023-09-14,,Active,22815.37,21514.76,22689.68,0.1622,Variable,ZAR,0.0,2023-12-03
f6e524bc-dcae-4bc1-8276-b3a0b8420971,5416675136,8727046e-94d8-4370-a997-f46ef68689c9,Cheque Account,PCB Gold Cheque,781673,PCB Thohoyandou Branch,Limpopo,2019-05-22,,Active,6141.5,5579.03,6041.26,0.0326,Variable,ZAR,4814.32,2023-01-18
ce49851a-4072-4c07-83f7-5e1c6716d9f2,3999022861,bf38210c-e175-4c2a-8c30-3978907aa7e6,Fixed Deposit,PCB Fixed 12M,266302,PCB Potchefstroom Branch,North West,2023-01-01,,Active,189494.77,183350.1,189853.97,0.0169,Fixed,ZAR,0.0,2023-10-01
30196e58-b551-4031-8a15-67710995fbd3,2312320483,3fccfc5f-188c-4979-a61b-0201410be359,Cheque Account,PCB Premier Cheque,476455,PCB Bloemfontein Branch,Free State,2024-10-12,,Active,433.58,405.5,620.66,0.0708,Fixed,ZAR,12719.44,2024-12-01
86c94b57-14ba-4bdb-96f0-1848f1ff071d,4490354446,a32070ba-f27b-4cdc-8e02-fb00804c240c,Cheque Account,PCB Plus Cheque,935986,PCB Johannesburg Branch,Gauteng,2020-04-04,,Active,1516.58,1460.26,1388.84,0.0243,Prime-linked,ZAR,13956.39,2021-07-24
8efbbded-b2ea-4020-91fc-88f9aff5a726,4880153607,63e25cb7-d122-4d8b-9625-ed86260128dd,Savings Account,PCB Flexi Save,144512,PCB Pinetown Branch,KwaZulu-Natal,2024-09-10,,Active,587.08,556.74,673.46,0.1908,Variable,ZAR,0.0,2024-10-24
230e2883-6699-4471-8dd0-82d9e3fa2559,5767736615,aabcc99d-15c7-42bc-969c-dae285cb001e,Cheque Account,PCB Premier Cheque,569511,PCB Umhlanga Branch,KwaZulu-Natal,2018-05-08,,Active,7050.64,6536.49,6860.7,0.2164,Fixed,ZAR,148076.2,2023-08-16
7e485b4b-ffda-42f3-ac58-c49342e8ea35,3789989848,f47cf1a9-3dd7-4779-925a-8b00d4d9459b,Cheque Account,PCB Prestige Cheque,585968,PCB Durban Branch,KwaZulu-Natal,2022-12-04,,Active,3235.08,3074.56,2856.36,0.21,Prime-linked,ZAR,40431.87,2023-07-28
31d8166a-505e-43c8-ac1a-bda6eb48f622,8117332578,5427a72c-adea-4248-901b-4111111cdd4b,Cheque Account,PCB Premier Cheque,361826,PCB Newcastle Branch,KwaZulu-Natal,2022-11-20,,Active,25096.8,22988.93,25027.38,0.1689,Variable,ZAR,118276.31,2023-02-04
f5ef6ade-c074-4022-94a9-900ab3e63a91,2342868128,e147bc36-a123-431d-a8a8-0dda8386d54b,Money Market,PCB Treasury Plus,525239,PCB Brits Branch,North West,2023-07-20,,Active,122536.04,120925.63,122910.04,0.0052,Fixed,ZAR,0.0,2023-10-02
a05f7fb2-4f39-4fe5-8c1b-c43f478c4ac8,7207913874,802e7e56-190c-41fd-a9d0-3d2880dd2cc3,Savings Account,PCB Goal Saver,676396,PCB Standerton Branch,Mpumalanga,2024-04-13,,Active,2403.48,2390.32,2510.59,0.1501,Variable,ZAR,0.0,2024-10-13
1c95378a-5e47-4cea-a0b1-214c3f2e6450,1162959694,d008e9b4-a86d-491e-bb43-dcf5c491c1cc,Business Account,PCB Business Current,552168,PCB Mthatha Branch,Eastern Cape,2022-05-06,,Active,98974.5,89429.87,98498.48,0.2103,Fixed,ZAR,81521.12,2024-06-07
e3521f74-2679-412c-bb47-a397bc1e1d54,3550767378,239ae69f-6fe0-4b40-91cf-cea7b0f8cec4,Credit Card,PCB Standard Credit Card,725163,PCB Mafikeng Branch,North West,2021-11-04,,Active,-4176.97,33022.63,-4580.92,0.016,Fixed,ZAR,89079.96,2022-09-04
b4f424ec-da44-4333-ab22-df17e8d94b6b,7477910927,fcf5d8ac-333b-417a-aa64-de0532425209,Business Account,PCB Business Current,728167,PCB Klerksdorp Branch,North West,2023-12-18,,Active,4006281.0,3743291.24,4006166.87,0.0585,Variable,ZAR,7386567.87,2024-02-14
93518a7a-b3c3-45be-85a8-6661faa4a345,3695996121,e47078f3-ad8c-4911-9a05-d5760dcfd8a7,Cheque Account,PCB Premier Cheque,234430,PCB Nelspruit Branch,Mpumalanga,2022-07-25,,Active,1707.75,1590.76,2140.35,0.2098,Fixed,USD,65933.36,2023-07-18
e58cee77-d20c-47d6-b192-9e0939c880b7,5346642295,943b547a-caaf-4494-a2d8-c22932b3d538,Credit Card,PCB Infinite Credit Card,232626,PCB Pietermaritzburg Branch,KwaZulu-Natal,2022-02-03,,Active,-1010.85,43804.36,-1350.54,0.1103,Prime-linked,ZAR,83563.26,2022-04-14
83adf82b-719b-4a41-bd8a-e241b2b30ea8,6542153363,7004ba49-cc98-4563-98c1-fb9294bc842a,Savings Account,PCB PocketSave,484034,PCB Umhlanga Branch,KwaZulu-Natal,2024-12-19,,Active,867.87,825.49,1191.99,0.1643,Variable,ZAR,0.0,2024-12-20
1b546a12-ac7d-4e9b-a1ef-524c09ad3fcf,3291224511,4036648a-b3d3-40a6-84a5-0e91c27de9a9,Cheque Account,PCB Gold Cheque,532613,PCB Upington Branch,Northern Cape,2023-04-19,,Active,832.04,814.5,752.01,0.0089,Prime-linked,ZAR,14479.9,2023-12-03
42fd6454-d2cb-4eb4-b0e8-c79d19c37fa2,2594413644,63e25cb7-d122-4d8b-9625-ed86260128dd,Cheque Account,PCB Plus Cheque,633057,PCB Mthatha Branch,Eastern Cape,2023-11-11,,Active,28800.81,27523.65,29185.12,0.1723,Fixed,ZAR,28694.06,2024-09-27
d246f4d6-f098-4fe7-a8c5-358bc9cd2dcb,6959388322,42e9216b-dd83-4608-8cad-1ed2c7e20a66,Money Market,PCB Treasury Plus,342018,PCB King William's Town Branch,Eastern Cape,2024-05-18,,Active,8830316.36,8579486.26,8830364.98,0.0956,Prime-linked,ZAR,0.0,2024-07-23
526d5f06-e2c7-4c74-81bb-046cf77becf3,1433689712,cfb6b46a-57ca-4813-a5e8-ca78f77e473a,Credit Card,PCB Platinum Credit Card,102864,PCB Pietermaritzburg Branch,KwaZulu-Natal,2023-01-01,,Active,-48234.07,-33723.61,-48010.85,0.1039,Variable,ZAR,27541.64,2024-07-28
69ba301a-cf7c-4ec0-9240-b0b83feedc0b,9576673728,b2a4b8cd-3ee1-4fd3-9f98-69927b359607,Fixed Deposit,PCB Fixed 60M,189520,PCB Nelspruit Branch,Mpumalanga,2020-10-25,,Active,715103.61,711854.62,715272.45,0.18,Fixed,ZAR,0.0,2021-12-23
2d94281f-6fa3-4ff1-ace8-a03381705881,1629425932,c1dc20be-75a1-4a1d-ac08-a8936903ed07,Savings Account,PCB PocketSave,163755,PCB Soweto Branch,Gauteng,2020-08-19,,Active,13858.33,13734.43,13407.14,0.1427,Variable,ZAR,0.0,2021-10-22
11de4af9-0521-4329-b199-929ba7e59411,4397349956,7b0bdc0b-7461-4af0-9d90-cccfe247c659,Savings Account,PCB SaveSmart,248770,PCB Soweto Branch,Gauteng,2019-10-26,,Active,17404.23,16795.97,17739.12,0.0811,Fixed,ZAR,0.0,2024-01-26
e59511b1-91f2-4ffa-bdaf-5af4e080d606,6920733267,52347243-9079-4ddd-b580-f6bf33305faa,Cheque Account,PCB Gold Cheque,144512,PCB Pinetown Branch,KwaZulu-Natal,2021-01-15,,Dormant,7258.84,6912.73,7553.44,0.0091,Variable,ZAR,48599.41,2021-08-06
74030f55-1393-4735-907e-5847ae9fd180,1660131919,e67fb514-f205-44b3-8ad0-92adffde1fbe,Cheque Account,PCB Prestige Cheque,963495,PCB Bethlehem Branch,Free State,2024-12-09,,Closed,4183.0,4115.7,4098.68,0.0867,Variable,ZAR,56000.78,
2cdff475-022e-446d-bbe1-18ed4bbbd7c3,3826879632,356fae70-133b-4719-9a47-5675f16f7ab2,Business Account,PCB Business Current,300022,PCB King William's Town Branch,Eastern Cape,2024-05-31,,Active,134997.49,122119.59,135452.79,0.0688,Variable,ZAR,79157.88,2024-06-06
fe622a98-a60f-431f-8f89-f8fc73b77cc8,4620361249,7bebd5d3-e468-4e58-8ba1-a51e5494d51f,Cheque Account,PCB Premier Cheque,853759,PCB Nelspruit Branch,Mpumalanga,2024-11-07,2024-12-25,Closed,18816.98,18757.99,19310.51,0.1634,Fixed,ZAR,51239.3,2024-12-25
c3e16437-5bc5-4dc4-bf4b-9d91bd440819,2621378232,90ea58ca-5711-40f3-b12a-02f066ca42eb,Savings Account,PCB Flexi Save,399322,PCB Middelburg Branch,Mpumalanga,2022-08-01,,Active,11041.95,10345.1,10778.85,0.1172,Fixed,ZAR,0.0,2023-06-14
1de678cb-bb72-45f3-947b-efdd683998dd,1255288477,82342e76-2880-4405-b49b-784e5cede8db,Fixed Deposit,PCB Fixed 60M,263756,PCB Pinetown Branch,KwaZulu-Natal,2021-03-07,,Active,36247.29,33353.55,36519.23,0.0597,Variable,ZAR,0.0,2024-12-10
b16a6c88-8554-4c46-b8a3-73ca2f381c22,2193913719,e197f9b8-1623-4f83-ac81-bcd6906f8499,Cheque Account,PCB Plus Cheque,162283,PCB Welkom Branch,Free State,2019-04-11,,Active,2367.17,2314.29,2024.56,0.0726,Prime-linked,ZAR,15421.28,2019-06-22
5e6c2fec-761b-4a91-b545-f261ca3a9933,2664239427,d2b28c0c-9630-4a24-a568-7adb38f9d83c,Cheque Account,PCB Prestige Cheque,215930,PCB Secunda Branch,Mpumalanga,2024-12-25,,Closed,1498.6,1402.12,1312.69,0.0647,Fixed,USD,24156.48,
b1a269fe-8526-4bbe-b46a-d7134620a6e3,8636405049,c978e671-abb7-4632-8b23-ab955c9acf81,Credit Card,PCB Infinite Credit Card,641958,PCB Queenstown Branch,Eastern Cape,2020-09-13,,Active,-40267.43,-14185.58,-40389.84,0.037,Fixed,ZAR,43065.27,2023-03-28
316559e8-d002-48f7-9473-9b342c03b151,7305431903,cec5e0c3-6738-44ea-ad52-629e935afa47,Credit Card,PCB Infinite Credit Card,101296,PCB Johannesburg Branch,Gauteng,2019-11-27,,Active,-2489556.07,-2478343.74,-2489831.62,0.2149,Fixed,ZAR,300156.09,2021-12-28
41dd50ab-81a4-4595-9e75-d284f3f1bd65,5346388237,2ecc888d-d15b-4f39-b160-3e1801da08c9,Cheque Account,PCB Plus Cheque,322311,PCB Bellville Branch,Western Cape,2020-01-03,,Active,973.62,909.43,992.28,0.167,Variable,ZAR,24097.72,2020-07-30
f19a11f8-7ad7-46ba-8832-d59a8ee71980,3487278817,279affd9-9190-4f95-9791-21936bec80d8,Cheque Account,PCB Plus Cheque,161496,PCB East London Branch,Eastern Cape,2022-07-06,,Active,2399.9,2389.47,2442.16,0.0302,Fixed,ZAR,29237.26,2023-02-13
6c71d603-fdb6-4b84-9d34-f33740b75f11,6126906498,bf38210c-e175-4c2a-8c30-3978907aa7e6,Savings Account,PCB Flexi Save,363487,PCB Potchefstroom Branch,North West,2023-04-19,2023-06-22,Closed,3140.32,2966.56,3411.64,0.1119,Prime-linked,ZAR,0.0,2023-06-22
a25ee715-6bde-4a53-95b6-49a88b6aebb8,2301078649,f5706e19-f23a-4611-b644-52e87b465555,Cheque Account,PCB Plus Cheque,339286,PCB Pinetown Branch,KwaZulu-Natal,2022-12-25,,Active,52242.5,50200.3,52065.46,0.1264,Prime-linked,ZAR,119421.68,2023-10-31
67c48576-0fee-454f-95b1-e06ea922bd90,8887244209,e417ee31-9fd2-4d0e-9e0a-8c66465bdcf4,Cheque Account,PCB Plus Cheque,544451,PCB Midrand Branch,Gauteng,2022-10-12,,Active,261.57,236.01,455.65,0.0378,Prime-linked,ZAR,10689.51,2024-04-21
3debbc44-e561-493e-81ec-1d278ef2491b,4743010526,0efb1307-2e35-4775-952c-fccda5c4af82,Business Account,PCB Business Current,255327,PCB Soweto Branch,Gauteng,2024-07-30,,Active,39895.81,38959.43,39472.62,0.0857,Variable,ZAR,71910.58,2024-08-17
9f41b4fb-ea01-4b0a-ace4-c48eb8cac097,7759218405,56b81eb2-082d-4046-8431-6dd74a4f1d25,Cheque Account,PCB Plus Cheque,202161,PCB Cape Town Branch,Western Cape,2021-01-30,,Active,9751.66,9089.48,9882.96,0.1837,Variable,ZAR,107680.48,2021-10-05
b2fe7934-999d-4ae6-9944-c705934eed6c,4196989649,d008e9b4-a86d-491e-bb43-dcf5c491c1cc,Cheque Account,PCB Plus Cheque,107945,PCB Brits Branch,North West,2024-09-03,,Active,10761.23,10477.46,11191.91,0.1784,Prime-linked,ZAR,15216.72,2024-11-06
098ed5b1-101a-42e7-9509-e2ac5289431e,8414320878,816dc65f-d7ce-4214-a3f0-1291f7e1b5bc,Business Account,PCB Business Current,162283,PCB Welkom Branch,Free State,2020-01-29,,Active,4030975.32,3735247.78,4031322.32,0.0882,Prime-linked,ZAR,5737923.62,2021-10-12
75f8f153-48e3-41b8-8db3-099ef887127a,1400447197,f47cf1a9-3dd7-4779-925a-8b00d4d9459b,Business Account,PCB Business Premium,555275,PCB Soweto Branch,Gauteng,2020-12-09,,Active,835034.16,810862.76,835502.98,0.0535,Fixed,ZAR,1390827.87,2022-07-07
098de619-4304-49b2-9991-17137c184a68,5739791403,90ea58ca-5711-40f3-b12a-02f066ca42eb,Savings Account,PCB SaveSmart,280861,PCB Sandton Branch,Gauteng,2023-10-12,,Active,4443.16,4397.11,4887.03,0.2249,Prime-linked,ZAR,0.0,2024-08-31
aa3b9966-e8ee-478e-b980-35a72f46365e,5792514268,b2ebfe50-e47c-439c-abf6-a9f68942352d,Savings Account,PCB SaveSmart,656843,PCB Bloemfontein Branch,Free State,2022-09-25,,Active,10910.1,9904.59,11107.51,0.0559,Prime-linked,ZAR,0.0,2024-07-07
2266199d-63b0-40be-8c20-087eb8b1bf4f,8494031402,bf38210c-e175-4c2a-8c30-3978907aa7e6,Savings Account,PCB SaveSmart,546901,PCB Centurion Branch,Gauteng,2016-06-04,,Suspended,14306.36,13860.26,13844.91,0.0845,Variable,ZAR,0.0,2022-11-05
3b487b40-cc87-4933-9b98-071d5bed0cae,1913454225,47e98437-1f5c-4443-b71e-a25ebc899c03,Savings Account,PCB SaveSmart,107945,PCB Brits Branch,North West,2023-11-09,,Active,1389.26,1326.29,1185.17,0.1849,Prime-linked,ZAR,0.0,2024-08-04
32553728-d601-40ce-96c2-d265ea74478b,3034960905,e8f6d470-c1ad-4f42-924e-738385d4901e,Fixed Deposit,PCB Fixed 12M,371955,PCB Welkom Branch,Free State,2020-10-14,,Active,218087.26,200436.93,217940.95,0.2053,Prime-linked,ZAR,0.0,2022-07-20
7e32de69-32c1-4a1c-8bd4-845b4f0891b9,2149887532,005acb16-83f0-4423-a42f-150fbdebffc9,Cheque Account,PCB Gold Cheque,543745,PCB Bethlehem Branch,Free State,2022-03-24,,Active,1200.02,1082.81,1299.66,0.1789,Prime-linked,ZAR,46028.55,2024-04-05
7543659d-ff20-499d-94ab-a1bab1a97865,9605868752,4cfc8c61-65a0-4af9-b76e-627bb3429f67,Money Market,PCB Money Market Call,263756,PCB Pinetown Branch,KwaZulu-Natal,2024-09-15,,Active,429636.46,389364.1,429401.98,0.141,Variable,ZAR,0.0,2024-11-11
e17ff91d-c54d-454f-9cfd-cc4a6932212c,1382087096,85ad99d1-6a69-48ec-9dab-cef2a6e2dc73,Fixed Deposit,PCB Fixed 24M,269820,PCB Pietermaritzburg Branch,KwaZulu-Natal,2024-05-02,,Active,122083.26,113439.53,121976.44,0.2183,Fixed,ZAR,0.0,2024-07-14
7900d686-35fd-42c3-a931-b09dfe86b9a1,7231655167,f4c6ccdb-a51a-4510-86ba-88d159496887,Savings Account,PCB Flexi Save,856597,PCB Johannesburg Branch,Gauteng,2018-10-03,,Active,10305.49,10232.52,10638.95,0.0087,Variable,ZAR,0.0,2023-07-16
64ea5e03-3ec2-4bb9-b6ec-b5a4504efd7d,9966126975,91c9be29-eee1-4cde-a664-efe7e53212d5,Savings Account,PCB PocketSave,325043,PCB Sandton Branch,Gauteng,2024-02-27,,Active,2775.02,2579.99,2831.54,0.0815,Variable,USD,0.0,2024-06-29
6eefdac8-1bc0-491c-bb09-6156f0e7de0a,6006830716,7bfaa120-090a-4fb9-8675-9dc0fc952ff3,Fixed Deposit,PCB Fixed 12M,725163,PCB Mafikeng Branch,North West,2024-08-01,,Dormant,6325.68,5988.01,6231.73,0.0781,Prime-linked,ZAR,0.0,2024-08-25
c0827e85-09a5-445b-ae55-0b490d49eeb5,7012978720,82342e76-2880-4405-b49b-784e5cede8db,Cheque Account,PCB Gold Cheque,844836,PCB Durban Branch,KwaZulu-Natal,2021-12-22,,Active,34890.05,31641.71,34411.37,0.0668,Variable,ZAR,90505.28,2024-11-23
2a04ed1d-c4c8-44d6-9f7e-b381c56aafd5,7480098846,816dc65f-d7ce-4214-a3f0-1291f7e1b5bc,Savings Account,PCB Goal Saver,555275,PCB Soweto Branch,Gauteng,2024-04-17,,Active,78869.13,75883.37,79004.71,0.1335,Variable,ZAR,0.0,2024-09-03
ae768eba-d9ff-4806-ba11-661f35e23ff8,5244406084,3f4aa40e-79e7-4a14-84a7-1bf79aaf67ac,Savings Account,PCB SaveSmart,423233,PCB Bellville Branch,Western Cape,2017-01-10,,Active,1144.62,1143.23,1294.25,0.0942,Prime-linked,ZAR,0.0,2017-04-23
6efbb845-1eca-42d4-acf2-05c05cf106f2,8103197852,a97c8ade-97f8-47e0-8d05-75fbfdef84b4,Savings Account,PCB Flexi Save,423233,PCB Bellville Branch,Western Cape,2024-11-27,,Active,8066.23,8063.06,7638.05,0.112,Fixed,ZAR,0.0,2024-12-11
ea3f5b5d-69d1-4f5a-892f-3598e5da8f70,1443513021,fe7e677d-74e5-49b5-b656-0b6c8f1374bb,Credit Card,PCB Platinum Credit Card,146266,PCB Bellville Branch,Western Cape,2024-10-05,,Active,-13882.03,234293.49,-13566.16,0.2105,Variable,ZAR,306789.22,2024-12-11
0fdbb001-3f98-4b4d-859e-decb73e2312b,3646075263,0a384245-7e7b-4b1a-a2ea-24375a52e344,Cheque Account,PCB Plus Cheque,905738,PCB Queenstown Branch,Eastern Cape,2020-04-05,,Active,23552.04,21895.19,23475.16,0.0165,Variable,ZAR,81150.5,2021-10-26
5461ca2f-1892-4371-b2a2-7c455e990452,7217991282,1bf46838-92d1-4b07-adc1-26f9bc1a6bdd,Credit Card,PCB Gold Credit Card,917070,PCB Cape Town Branch,Western Cape,2024-01-11,,Active,-109792.57,26667.22,-109482.42,0.0785,Variable,ZAR,144430.45,2024-08-14
3ac0bdbe-2fc6-45e2-87bc-797104b58f21,1694747859,b8e0e772-140e-470b-9e9e-4276208ca853,Cheque Account,PCB Gold Cheque,542981,PCB Bethlehem Branch,Free State,2024-02-12,,Suspended,965.48,901.57,768.52,0.1292,Fixed,ZAR,18202.67,2024-08-05
997d4533-20ea-4718-aacf-97d0a3287dc8,5532913788,d7243b67-f245-405d-aa9e-5320dfd3fe49,Credit Card,PCB Standard Credit Card,488904,PCB Centurion Branch,Gauteng,2015-12-07,,Active,-111922.54,-73144.89,-112188.4,0.0586,Prime-linked,ZAR,183679.42,2024-06-03
75e632f4-9905-4250-aa17-46cdd34d655c,2960059942,93f9fa03-dac5-4e41-9efc-095e69a3d4e4,Fixed Deposit,PCB Fixed 24M,107945,PCB Brits Branch,North West,2022-03-03,,Active,125675.04,113359.56,125389.48,0.0899,Fixed,ZAR,0.0,2024-11-05
6c10029b-f59e-4a46-b6ee-bb19658e7fee,4104292484,19dad456-f184-41ac-95ac-937b9f1dd07e,Business Account,PCB Business Current,486469,PCB Thohoyandou Branch,Limpopo,2024-01-31,,Active,112145.68,108742.75,112073.25,0.2059,Fixed,ZAR,151608.35,2024-10-16
21c82d2b-0e15-4d2b-a5fb-0decff95e559,8782781864,0da3aca3-eeff-48be-9870-f0b2cd2d53c6,Credit Card,PCB Gold Credit Card,838516,PCB Soweto Branch,Gauteng,2023-09-13,,Active,-9410.63,15163.76,-9534.51,0.0775,Variable,ZAR,29054.7,2024-01-15
aa25707a-bd2b-4b3d-83f0-a5592a62597a,8581073154,3fccfc5f-188c-4979-a61b-0201410be359,Fixed Deposit,PCB Fixed 60M,194351,PCB Soweto Branch,Gauteng,2024-09-25,,Active,19405.27,18044.39,19896.3,0.216,Prime-linked,ZAR,0.0,2024-12-07
7a180097-ef42-4817-8bcb-df0550c97aca,4748276446,e43d0d53-a043-4f1a-8480-9b429f35c31f,Cheque Account,PCB Prestige Cheque,691845,PCB Stellenbosch Branch,Western Cape,2023-03-12,,Active,6074.75,5813.28,5940.04,0.128,Variable,ZAR,35702.84,2024-07-13
096e0e50-fb3b-4fa4-a64c-268b059881f5,9061257829,792cf5fa-6e6c-47f4-8b08-8b279135255f,Credit Card,PCB Platinum Credit Card,925061,PCB Port Elizabeth Branch,Eastern Cape,2019-10-02,,Active,-196237.53,-162075.66,-196348.95,0.0796,Fixed,ZAR,47639.01,2023-08-30
fbc5aaa2-287c-43c1-bb95-9155b234660b,8069035955,668aa1f6-0941-44cb-9c52-07b3cb7e79c7,Money Market,PCB Money Market 32-Day,835262,PCB Cape Town Branch,Western Cape,2023-05-13,,Active,154618.53,151392.79,154711.06,0.1577,Prime-linked,ZAR,0.0,2023-05-28
a4c5d2c4-a68a-43cd-8b90-d2a7c5a22394,9527935040,aa0cf632-0446-46d5-9ce0-006948caa2ce,Credit Card,PCB Platinum Credit Card,718788,PCB Newcastle Branch,KwaZulu-Natal,2023-03-25,,Active,-497548.71,449977.96,-497811.37,0.1505,Variable,ZAR,1581056.27,2023-07-04
d13d880e-9fbc-4837-b485-46f1a7010e0e,2414191333,c9ca7a54-56dd-4c60-a8cf-de37d2a8a959,Savings Account,PCB Flexi Save,838516,PCB Soweto Branch,Gauteng,2024-10-17,,Active,3765.16,3545.58,3416.08,0.0759,Prime-linked,ZAR,0.0,2024-10-24
1524dce9-0f3a-4f0d-bb58-31d1910941c1,6698145781,182d8fa8-7063-4dba-9157-80cb655f3a46,Business Account,PCB Enterprise Account,421855,PCB Soweto Branch,Gauteng,2024-02-14,,Active,197767.92,196820.41,197348.12,0.2159,Variable,ZAR,114783.3,2024-03-13
cd143fe4-e537-4580-b3be-9f48f6162a3c,1351760717,633df561-127d-4591-bf74-5e729ecac50e,Cheque Account,PCB Plus Cheque,230751,PCB Secunda Branch,Mpumalanga,2023-05-10,,Active,42353.48,39874.02,42046.01,0.0617,Fixed,ZAR,144425.2,2024-10-17
16f89369-1dde-4ef9-8c3d-ead81a0c6cf5,9467586020,cb29fca6-4779-47de-b4d8-d702da77cbe5,Credit Card,PCB Standard Credit Card,542981,PCB Bethlehem Branch,Free State,2024-11-04,,Active,-149818.9,-7808.54,-150178.97,0.173,Fixed,ZAR,255395.41,2024-12-28
301f1fbb-a0d7-445e-bef4-fd3b9f2c3335,3053300647,7349cfc0-6156-437d-9508-0db5fe365a3e,Money Market,PCB Treasury Plus,872468,PCB Midrand Branch,Gauteng,2022-08-16,,Active,30360.82,28295.07,30810.93,0.2059,Variable,ZAR,0.0,2023-10-04
fabb7d5a-e73b-41cb-9972-32338991ec19,3697656248,8ae8649d-15a3-4909-a8f1-1a3ee8cc2f3b,Fixed Deposit,PCB Fixed 24M,544392,PCB Polokwane Branch,Limpopo,2023-07-31,,Active,186501.38,185129.17,186265.08,0.0627,Variable,ZAR,0.0,2024-12-17
45f6b309-0a4d-474b-9383-f80f6d73c2af,3349133842,93e49ad9-221b-44ed-8d8b-837f2221b03a,Cheque Account,PCB Prestige Cheque,373743,PCB Standerton Branch,Mpumalanga,2020-11-25,,Active,775.81,719.59,346.02,0.0355,Prime-linked,ZAR,53113.18,2023-11-16
8625eba3-3aaf-4fa4-a8dc-eac866061487,5817081769,cec5e0c3-6738-44ea-ad52-629e935afa47,Cheque Account,PCB Gold Cheque,856625,PCB Bethlehem Branch,Free State,2024-04-18,,Active,50985.77,47158.51,51012.04,0.2215,Variable,ZAR,301784.3,2024-09-12
a532327e-c2f5-4659-bd2c-b576c5990146,7070764459,0de05a17-3803-4134-9816-0c80ea477aa9,Cheque Account,PCB Prestige Cheque,325043,PCB Sandton Branch,Gauteng,2017-12-17,,Active,3900.02,3655.34,4117.8,0.1873,Fixed,ZAR,48514.81,2020-02-01
0fe356f8-f46a-4f49-ae78-2a7ccbdd02f4,5578940272,19720c0b-051e-47ea-b902-9b819c88f5ca,Credit Card,PCB Standard Credit Card,113766,PCB Johannesburg Branch,Gauteng,2022-08-30,,Active,-18610.43,15424.59,-18921.16,0.2059,Fixed,ZAR,80354.56,2024-04-26
bae7ce90-799f-4870-afe8-84b00be4553d,2474416790,d7867a56-0757-4fd2-a165-ce93bae23f55,Credit Card,PCB Infinite Credit Card,620499,PCB Brits Branch,North West,2024-07-12,,Active,-36304.25,-25739.89,-36022.7,0.1516,Variable,ZAR,71699.59,2024-12-27
135f4e0f-cb3f-4295-8974-d59248f94e56,7799677793,eaf88bf2-93bd-40fc-bc6a-c6a64d63c873,Credit Card,PCB Gold Credit Card,680746,PCB Bellville Branch,Western Cape,2021-05-06,,Active,-9747.94,53039.88,-10073.14,0.2004,Variable,ZAR,68883.35,2023-12-06
9758d2c5-a497-4a6f-b90a-e9c130bb8b5f,7529364553,1e6bfc01-54e8-49f1-b039-a6bce14d302e,Cheque Account,PCB Premier Cheque,484502,PCB Sandton Branch,Gauteng,2021-10-30,,Active,13502.49,13079.83,13909.49,0.0962,Fixed,ZAR,44889.09,2023-04-11
b8d877c8-dd83-44c7-b3d8-f3fe5a78fc76,5614450641,52c43632-653a-46c0-a7af-cb4c3a1026a2,Money Market,PCB Money Market Call,838516,PCB Soweto Branch,Gauteng,2017-11-03,,Active,316747.92,292461.47,316977.57,0.1007,Prime-linked,ZAR,0.0,2019-02-21
8c769c74-22bf-41cf-a2fc-4d2f71848f13,7441085761,9e408d90-f7f3-4d45-8029-09016f6613b1,Fixed Deposit,PCB Fixed 24M,247687,PCB Newcastle Branch,KwaZulu-Natal,2023-03-28,2024-11-22,Closed,511005.15,497846.57,511110.15,0.1193,Variable,ZAR,0.0,2024-11-22
3f8a5865-3d3b-4d93-9153-8ca56f17e2c0,9202727330,c78a0d18-6aa0-49e8-8fae-3d1bafc78948,Savings Account,PCB SaveSmart,232626,PCB Pietermaritzburg Branch,KwaZulu-Natal,2024-05-10,,Active,1631.2,1579.45,1478.92,0.1535,Prime-linked,ZAR,0.0,2024-05-24
ef35a510-2157-4073-b4a0-0c25282a022c,3478742865,e67fb514-f205-44b3-8ad0-92adffde1fbe,Savings Account,PCB PocketSave,574966,PCB Tzaneen Branch,Limpopo,2020-09-22,,Active,6953.65,6618.84,6932.56,0.1391,Prime-linked,ZAR,0.0,2022-09-21
920f40d1-f7a7-466f-aa09-4666c67e8967,9446593289,91c9be29-eee1-4cde-a664-efe7e53212d5,Credit Card,PCB Gold Credit Card,466975,PCB Bellville Branch,Western Cape,2024-03-14,,Active,-14338.04,567.68,-14602.66,0.042,Variable,ZAR,38202.8,2024-06-13
7e112f1c-54db-4546-98d4-4cd7283f5fbd,6667101676,e8cd891b-d14c-4b29-993a-3fe065cc8842,Cheque Account,PCB Prestige Cheque,255327,PCB Soweto Branch,Gauteng,2023-03-20,,Active,4634.55,4567.0,4458.55,0.0703,Fixed,ZAR,15793.57,2023-03-26
dda83521-2d0f-49af-b32e-7abe22520a30,7781190843,f1584ac8-e703-493b-b684-5079521cb443,Savings Account,PCB Flexi Save,423233,PCB Bellville Branch,Western Cape,2022-11-04,,Active,29528.16,27255.79,29749.64,0.2184,Variable,ZAR,0.0,2023-05-23
0cf00a14-647e-4594-8e4d-3b500eb9797d,1315639103,d340fab8-3fed-45e5-8930-489b55f86261,Cheque Account,PCB Premier Cheque,850437,PCB Tzaneen Branch,Limpopo,2021-10-03,,Active,12290.39,11499.5,11936.44,0.1634,Variable,ZAR,61269.82,2022-03-26
df09270a-820a-466a-bf70-721bb00f6850,9423722534,f08a0cb8-0801-4ed0-bad6-d7251ed2fea2,Credit Card,PCB Infinite Credit Card,544392,PCB Polokwane Branch,Limpopo,2019-10-19,,Active,-39171.43,106.6,-39659.58,0.1613,Prime-linked,ZAR,42581.62,2020-08-17
a19121e0-0846-4840-adae-886fa76c9238,1688774116,cb99875a-50db-48ce-b53a-ee02b61fd057,Cheque Account,PCB Prestige Cheque,389585,PCB Polokwane Branch,Limpopo,2023-10-20,,Active,7748.01,7414.0,7351.42,0.0852,Variable,ZAR,27126.41,2024-03-17
c7bb744c-0e67-46f6-b8c8-7c970c473386,5140380028,3a4c12f8-f431-4de8-a06f-0c3b122f71c4,Savings Account,PCB PocketSave,980432,PCB Sandton Branch,Gauteng,2022-04-25,,Active,10575.92,9733.57,10618.96,0.0845,Variable,ZAR,0.0,2022-05-27
35c37908-cfa4-49dc-a1ab-4a7fccc18c0c,3253844196,c76a3d3f-ac7d-41bd-a286-6a944270b471,Cheque Account,PCB Premier Cheque,341016,PCB East London Branch,Eastern Cape,2022-10-22,,Active,31227.15,29630.58,30950.32,0.205,Fixed,ZAR,66716.67,2023-02-12
5a4e04d8-3bd0-4d18-a696-b10e307bc1fa,7634730493,e99f7956-cc34-4de2-8510-ed7a366f6fa5,Cheque Account,PCB Plus Cheque,506185,PCB Midrand Branch,Gauteng,2024-12-10,,Active,11621.14,11354.4,11547.9,0.0827,Fixed,ZAR,140266.66,2024-12-19
049de5a5-8a79-4b90-819f-8cc1e0ccb60d,7658973938,9a189484-cd9f-435c-b424-c12d0a715eb2,Savings Account,PCB PocketSave,322311,PCB Bellville Branch,Western Cape,2022-03-12,,Dormant,13366.24,13362.67,12999.97,0.0191,Fixed,ZAR,0.0,2022-04-27
b2236878-b4d2-44f6-a0b6-d7e33c6dbfea,4814031358,d05b076a-00d5-4750-8444-6b46a1e3d2dd,Cheque Account,PCB Gold Cheque,977417,PCB Richards Bay Branch,KwaZulu-Natal,2020-03-17,,Active,11671.81,10703.51,11241.16,0.155,Variable,ZAR,24701.82,2022-12-15
c7920e19-5a91-44e4-bbf3-62f76b3be307,9982384692,816dc65f-d7ce-4214-a3f0-1291f7e1b5bc,Savings Account,PCB Flexi Save,339286,PCB Pinetown Branch,KwaZulu-Natal,2022-06-09,,Suspended,220423.35,218963.65,220548.06,0.1657,Variable,ZAR,0.0,2023-05-14
6bb85a37-04eb-4af9-948a-7ec707461187,1553612485,1e6bfc01-54e8-49f1-b039-a6bce14d302e,Fixed Deposit,PCB Fixed 12M,466975,PCB Bellville Branch,Western Cape,2022-05-08,,Active,191442.02,174499.37,190974.38,0.0303,Variable,ZAR,0.0,2024-04-12
cf1f7e3a-f6e7-4641-a116-b5bd35994ba5,1554059040,aa0cf632-0446-46d5-9ce0-006948caa2ce,Fixed Deposit,PCB Fixed 60M,421855,PCB Soweto Branch,Gauteng,2022-12-18,,Active,423902.55,421882.38,423612.35,0.0074,Fixed,ZAR,0.0,2023-05-04
9786f744-a540-44dc-b5dd-896b308c61d7,2179647263,459d70ae-5ef9-4801-b372-a47c6f8b9336,Savings Account,PCB Goal Saver,169224,PCB Pietermaritzburg Branch,KwaZulu-Natal,2020-04-10,,Active,53224.89,52407.67,53379.08,0.0558,Variable,ZAR,0.0,2024-01-11
4beec51d-b1b6-43b8-9476-6cc885b51c37,2702504786,1bf46838-92d1-4b07-adc1-26f9bc1a6bdd,Credit Card,PCB Infinite Credit Card,236301,PCB Pinetown Branch,KwaZulu-Natal,2023-09-03,,Active,-28968.21,185750.56,-28700.69,0.0361,Fixed,ZAR,218964.28,2023-09-18
ccd6f62b-80b1-42d7-9f8b-e7b0ac4dc55d,8198628470,8ee2937d-cbf4-4701-ac9a-23976d45eacb,Fixed Deposit,PCB Fixed 12M,746066,PCB Port Elizabeth Branch,Eastern Cape,2020-04-25,,Active,504619.59,465029.17,504731.81,0.189,Variable,ZAR,0.0,2024-05-22
a84a772c-d386-4446-a061-897482a5b522,2673039147,d02aaa23-8d0f-485d-be99-dd27de191080,Money Market,PCB Money Market Call,269820,PCB Pietermaritzburg Branch,KwaZulu-Natal,2017-02-05,,Active,107138.95,107123.58,107012.77,0.2052,Prime-linked,ZAR,0.0,2017-04-23
9d8796cd-dbf4-4891-843b-d18e65b33b9a,3372192211,b936840a-f46d-48a0-bc42-0b8a911b72ff,Cheque Account,PCB Prestige Cheque,835262,PCB Cape Town Branch,Western Cape,2019-01-22,,Active,3103.48,2959.38,2634.11,0.1253,Variable,ZAR,20421.42,2022-10-09
f1aa7dd5-d62c-4e96-9a7e-e550c184472f,9605366115,1e784948-2b98-409a-92fa-11ded27eb023,Business Account,PCB Business Current,236301,PCB Pinetown Branch,KwaZulu-Natal,2020-05-23,,Active,1097369.25,1052682.53,1097011.95,0.213,Prime-linked,ZAR,705032.9,2023-04-14
6f0f02ce-5e6e-4a2e-98a1-40f63e4d301d,2785427960,61f70e9e-9d2a-4b47-8dde-4eaa3aed22a6,Cheque Account,PCB Gold Cheque,853759,PCB Nelspruit Branch,Mpumalanga,2024-08-01,,Active,991.01,955.47,808.86,0.009,Variable,ZAR,10879.41,2024-12-25
0c8ab9b2-c1f2-488b-89aa-db027e2dfe99,1698553625,65fe26e8-06a8-4528-96e9-13c2d67b977c,Fixed Deposit,PCB Fixed 24M,339980,PCB Polokwane Branch,Limpopo,2021-01-01,,Dormant,199948.03,196700.3,199779.45,0.0402,Fixed,ZAR,0.0,2024-11-27
d7f035c0-a05a-4548-8149-b1d41882584e,6304334625,175ee67e-b6bf-4c61-ab3e-60cb4c9c4bac,Cheque Account,PCB Plus Cheque,339286,PCB Pinetown Branch,KwaZulu-Natal,2023-12-21,,Active,2838.31,2682.7,3322.42,0.1475,Variable,ZAR,16945.13,2024-05-24
d1dfe01d-fcae-40e4-a601-ef400f935733,9325448454,974b6582-5a81-48d4-935e-a9de4753d206,Cheque Account,PCB Premier Cheque,213436,PCB Ekurhuleni Branch,Gauteng,2023-12-05,,Active,22681.46,21095.04,22894.57,0.1143,Fixed,ZAR,37356.42,2024-03-03
3127889b-2548-4e63-8e8c-193cfc6c6b98,6689216022,e8f6d470-c1ad-4f42-924e-738385d4901e,Fixed Deposit,PCB Fixed 24M,921664,PCB Klerksdorp Branch,North West,2019-07-10,,Active,734623.49,677940.8,734210.43,0.2062,Variable,ZAR,0.0,2024-02-07
e359b684-d8d2-45f3-a239-ad1fb5e4b423,7206838509,93f9fa03-dac5-4e41-9efc-095e69a3d4e4,Cheque Account,PCB Prestige Cheque,236664,PCB Centurion Branch,Gauteng,2021-10-08,,Dormant,5088.58,4730.28,5140.74,0.044,Variable,ZAR,28893.74,2023-01-03
39b67ad5-984f-44bb-8a1c-acf71a1980b7,7841921133,f8d83d78-b82a-4c81-b612-0515b0350694,Credit Card,PCB Standard Credit Card,229093,PCB Richards Bay Branch,KwaZulu-Natal,2023-12-21,,Active,-147019.19,15470.33,-146616.78,0.201,Prime-linked,ZAR,452939.54,2023-12-24
17591bfe-1e2c-46e9-9634-e89fbaf9a739,4834862760,d652bd9c-9352-4d5f-a454-cdcd83f77bcb,Cheque Account,PCB Plus Cheque,977417,PCB Richards Bay Branch,KwaZulu-Natal,2016-11-13,,Active,1850.04,1702.17,2199.59,0.0731,Prime-linked,ZAR,10446.34,2018-11-12
07b00677-09a5-46a5-9dc7-fbdee1868ffa,5489080822,47fae665-da74-4634-8788-06e6d4aef496,Cheque Account,PCB Premier Cheque,951796,PCB Middelburg Branch,Mpumalanga,2022-12-12,,Active,38371.18,35715.37,38166.2,0.1658,Prime-linked,ZAR,69806.62,2023-06-15
fec3723b-f6f3-42b7-98b0-15151f5ff626,3354724328,4af379b7-a754-4e27-8034-84548f1160fc,Cheque Account,PCB Premier Cheque,102864,PCB Pietermaritzburg Branch,KwaZulu-Natal,2024-08-13,,Active,2003.26,1938.92,1999.19,0.1386,Fixed,ZAR,16201.17,2024-09-04
e41223b3-7e8d-412e-a39a-5df8cae49d68,1447019896,2bf9de13-9294-43b6-a752-e7ae75d08267,Cheque Account,PCB Plus Cheque,802749,PCB Durban Branch,KwaZulu-Natal,2024-12-08,,Active,14654.55,14168.96,14566.23,0.0364,Prime-linked,ZAR,24031.81,2024-12-16
003af1b3-b305-48db-a5f5-1d44e1ec08c2,4249197072,c8e5d190-e13e-4704-b6a5-36344d58f206,Cheque Account,PCB Prestige Cheque,303060,PCB Johannesburg Branch,Gauteng,2023-03-20,,Active,4006.02,3613.87,4354.89,0.218,Prime-linked,ZAR,32202.45,2024-07-07
f79373e0-e98c-4790-ab57-b1db483cb2cc,8631522247,f794df90-7eeb-476c-80ce-223f387b0ed7,Cheque Account,PCB Premier Cheque,900529,PCB Stellenbosch Branch,Western Cape,2024-05-03,,Active,5933.24,5833.63,5549.53,0.0501,Variable,ZAR,85207.78,2024-10-31
d3cc08a9-0c9d-4fb3-8533-2e30d1d28b8c,1976165691,526d7d1c-ebad-40c5-9ff2-b568477570ad,Savings Account,PCB SaveSmart,834659,PCB Pietermaritzburg Branch,KwaZulu-Natal,2024-07-20,,Active,26686.76,24243.82,26382.52,0.1059,Prime-linked,ZAR,0.0,2024-08-07
e592416c-5d08-4f6a-9df1-428896bafe47,5838906966,e8cd891b-d14c-4b29-993a-3fe065cc8842,Business Account,PCB Enterprise Account,916190,PCB Soweto Branch,Gauteng,2023-08-18,,Active,143977.82,133316.64,144225.52,0.1657,Prime-linked,ZAR,266899.72,2024-06-22
d5e9ca09-e623-4748-9b0e-b04221536573,4559365646,9b877f7b-3c24-4b91-9233-e2e766e5468d,Cheque Account,PCB Plus Cheque,680746,PCB Bellville Branch,Western Cape,2020-09-28,,Active,32415.26,31350.87,32309.21,0.0157,Variable,ZAR,126864.49,2021-12-04
2b007104-faa0-488d-a1d1-cc7c3ceb8ad0,7766207239,9a3f7ed0-8efc-4452-905c-031240e0733f,Cheque Account,PCB Premier Cheque,131962,PCB Polokwane Branch,Limpopo,2024-06-19,,Active,573.25,519.17,934.03,0.1177,Variable,ZAR,19455.75,2024-12-02
5ac169e6-21b3-44b2-a1e4-bd903ed090db,6313784767,209811af-6b34-4403-a553-a4aed09aaf0e,Cheque Account,PCB Prestige Cheque,202161,PCB Cape Town Branch,Western Cape,2016-04-20,,Active,5712.5,5305.9,6109.05,0.0069,Fixed,ZAR,77607.41,2021-07-29
eda3da70-8686-46ce-a465-44ee00c2819e,8652917848,5e443f39-223f-42a8-9033-f0fbd9d5b667,Savings Account,PCB Goal Saver,127939,PCB Port Elizabeth Branch,Eastern Cape,2024-12-28,,Active,12128.58,11422.22,12240.3,0.1773,Fixed,ZAR,0.0,2024-12-30
60c3e059-cf98-494a-9166-875b8ad8ccfb,5480573764,80078d77-7e19-49eb-a92c-2b332a8dd506,Cheque Account,PCB Premier Cheque,925061,PCB Port Elizabeth Branch,Eastern Cape,2023-03-14,,Active,1796.9,1681.44,1549.55,0.181,Variable,ZAR,44100.9,2023-07-04
b1e87930-be69-42b5-afbb-91b83d70aba6,3809733908,ad4f5d57-e2cd-44ca-b6b9-a067b3961cc6,Cheque Account,PCB Prestige Cheque,162283,PCB Welkom Branch,Free State,2022-07-10,,Active,2597.8,2553.54,2523.84,0.0898,Fixed,ZAR,17415.25,2023-04-27
ca249104-4b9d-4bd5-9090-d1efb99e24e6,6366500003,ad4f5d57-e2cd-44ca-b6b9-a067b3961cc6,Fixed Deposit,PCB Fixed 36M,633057,PCB Mthatha Branch,Eastern Cape,2019-01-07,,Active,90932.99,87707.99,91001.04,0.1567,Prime-linked,ZAR,0.0,2021-12-03
ff638ebf-bcaf-4a04-8876-a1a9e236c918,7138338471,ab89aa9f-66e2-4754-bec4-86f8d62d6503,Credit Card,PCB Gold Credit Card,317285,PCB Johannesburg Branch,Gauteng,2024-07-08,,Active,-72641.3,147863.87,-72279.08,0.168,Variable,ZAR,346254.14,2024-12-10
81bf3676-c08d-45b2-af30-f5da4166e75a,5604391172,919f035a-d76e-41e6-b5d5-bf87e5a78404,Savings Account,PCB Goal Saver,573404,PCB Sandton Branch,Gauteng,2022-01-14,,Active,13569.66,12881.16,13292.63,0.1528,Variable,ZAR,0.0,2024-05-16
f2c6acbd-baee-4a1b-966d-bb49c2435723,1904158966,7bebd5d3-e468-4e58-8ba1-a51e5494d51f,Cheque Account,PCB Prestige Cheque,363487,PCB Potchefstroom Branch,North West,2024-06-07,,Active,7905.64,7254.36,8396.62,0.154,Fixed,ZAR,38055.22,2024-12-01
0e4ab9f5-dad8-4ce9-b3e9-3186648d613c,6125206722,35467d6b-f1b1-4241-815d-df93767762c1,Savings Account,PCB Flexi Save,518002,PCB Ekurhuleni Branch,Gauteng,2024-02-07,,Active,4982.97,4649.15,5289.34,0.1898,Prime-linked,ZAR,0.0,2024-08-23
22c603fa-0aaf-41c0-9f52-ac671ccbe4ec,1819253670,10b6de91-4e72-4c04-aca0-97c660004ffa,Cheque Account,PCB Plus Cheque,205253,PCB Upington Branch,Northern Cape,2016-11-07,,Active,5946.04,5653.54,5980.64,0.0903,Variable,ZAR,102592.28,2018-07-08
a3fe99e2-4829-44c9-833d-139ea89b8c15,7889190988,81d5c97c-f0ed-4d5e-b2dd-bb46d98a0f9f,Money Market,PCB Treasury Plus,484034,PCB Umhlanga Branch,KwaZulu-Natal,2024-09-21,,Active,253019.42,245871.09,252755.72,0.0466,Variable,ZAR,0.0,2024-12-05
be62e15c-7c23-42b8-ba55-8524277e4c10,8735934925,50f6d663-1915-47b1-87fd-38c31e37a363,Credit Card,PCB Gold Credit Card,363296,PCB Centurion Branch,Gauteng,2019-06-27,,Active,-33348.47,8039.27,-33624.26,0.1733,Variable,ZAR,56847.74,2024-09-12
da01ee5a-95e4-4ca7-8712-41d851c9fb1b,7971028000,b2ebfe50-e47c-439c-abf6-a9f68942352d,Fixed Deposit,PCB Fixed 36M,371955,PCB Welkom Branch,Free State,2021-08-20,,Active,97697.34,95373.19,97891.7,0.1614,Fixed,ZAR,0.0,2023-03-26
c5db7450-1ce4-4f2c-939f-35706ffee6f8,3092932676,7004ba49-cc98-4563-98c1-fb9294bc842a,Cheque Account,PCB Gold Cheque,618895,PCB Brits Branch,North West,2024-10-07,,Active,3808.56,3788.13,3448.21,0.0332,Prime-linked,ZAR,20722.27,2024-12-07
6adfa190-53e4-4074-85ea-b41f9b3e1e06,6876135658,816dc65f-d7ce-4214-a3f0-1291f7e1b5bc,Cheque Account,PCB Premier Cheque,746066,PCB Port Elizabeth Branch,Eastern Cape,2022-06-24,,Dormant,22541.97,21798.67,22075.35,0.0585,Prime-linked,ZAR,250307.45,2023-05-11
0cd8772f-675b-41a3-9d60-b75b9dfb1f7c,2080083140,3a4c12f8-f431-4de8-a06f-0c3b122f71c4,Savings Account,PCB Flexi Save,949833,PCB Bellville Branch,Western Cape,2021-07-21,,Active,7636.83,6939.4,7285.63,0.014,Variable,ZAR,0.0,2024-03-10
32d25cb3-6cb5-4b76-9874-1eb61b1f83ff,2682029245,7bfaa120-090a-4fb9-8675-9dc0fc952ff3,Cheque Account,PCB Gold Cheque,117679,PCB Richards Bay Branch,KwaZulu-Natal,2024-05-25,,Active,1509.1,1469.04,1942.45,0.0843,Fixed,ZAR,58457.25,2024-12-15
3a2d3f6a-10de-4426-b8c4-4e9e15d95d0c,5928367299,3660ff61-f76e-4046-8507-588f48849b22,Savings Account,PCB PocketSave,963495,PCB Bethlehem Branch,Free State,2016-11-23,,Active,6999.7,6614.01,6748.98,0.1508,Prime-linked,ZAR,0.0,2024-01-06
46ec0573-5e2d-4d26-a5a8-1b9e7c6f7f46,4733630449,4da51901-aadc-43ae-bfc1-0006c9ee2b58,Savings Account,PCB SaveSmart,117679,PCB Richards Bay Branch,KwaZulu-Natal,2023-05-30,,Active,20084.56,19431.96,20022.16,0.0941,Variable,ZAR,0.0,2023-11-18
d7952e5b-22e9-4289-8b87-5a5b800bceb8,3882767769,2949a668-9ea3-4b41-9f9a-136b86be274f,Credit Card,PCB Gold Credit Card,389585,PCB Polokwane Branch,Limpopo,2022-09-04,,Active,-14495.77,-2233.05,-14712.49,0.1276,Prime-linked,ZAR,31751.98,2023-05-16
288b1fbe-1e9d-45e3-996e-cc05c9b70edc,6724462515,b2ebfe50-e47c-439c-abf6-a9f68942352d,Cheque Account,PCB Premier Cheque,967977,PCB Stellenbosch Branch,Western Cape,2021-09-04,,Active,8493.93,7804.84,8334.04,0.0783,Variable,ZAR,90469.54,2023-12-18
5fc08056-a748-4395-b7b6-6ba8eb225d6d,5882941717,c7468853-ec6f-4a05-b929-c1121429714f,Cheque Account,PCB Plus Cheque,464938,PCB King William's Town Branch,Eastern Cape,2024-09-27,,Active,3835.89,3541.23,3941.61,0.1529,Prime-linked,ZAR,62069.55,2024-10-24
565064af-88f7-4c4f-ba0f-87fd4c935fb7,9715484048,d289ca96-2681-47e6-97d3-3e049227ddd7,Savings Account,PCB Flexi Save,128355,PCB Thohoyandou Branch,Limpopo,2024-10-11,,Active,1196.41,1127.43,1297.02,0.0628,Variable,ZAR,0.0,2024-10-15
9c7e2c81-a85b-4300-a99b-6edfbfd42cfe,9417667127,2b230825-6b17-4ffe-9620-5f77ec1c9594,Credit Card,PCB Gold Credit Card,641958,PCB Queenstown Branch,Eastern Cape,2023-08-30,,Active,-12908.49,15742.19,-12687.62,0.2213,Fixed,ZAR,50658.5,2024-12-27
78a218ef-f8f6-496f-903b-dfa91c2ba2f4,5742431720,5f07ee40-578a-4751-985d-4e36af164992,Credit Card,PCB Standard Credit Card,322311,PCB Bellville Branch,Western Cape,2018-11-13,,Active,-7958.1,4622.83,-8013.98,0.2138,Prime-linked,ZAR,202693.14,2023-05-11
883dac4c-abad-4a25-966e-9246179d99d2,9401753697,52c43632-653a-46c0-a7af-cb4c3a1026a2,Savings Account,PCB SaveSmart,525239,PCB Brits Branch,North West,2024-08-30,,Active,11382.26,10650.02,11798.27,0.0102,Prime-linked,ZAR,0.0,2024-09-07
90db1007-4f26-4124-8166-96a38ebce81f,7258178834,4899ed45-9c58-43fc-a9b1-110f1e0da786,Cheque Account,PCB Plus Cheque,421855,PCB Soweto Branch,Gauteng,2024-09-01,,Dormant,19323.94,18923.54,19672.28,0.0606,Fixed,ZAR,123749.58,2024-09-05
15ea78eb-f4e5-4950-a942-fb354a54cfbc,3945776692,bca80148-e7b8-4cd0-9ed4-29ebc0a69045,Savings Account,PCB Flexi Save,665852,PCB Richards Bay Branch,KwaZulu-Natal,2023-07-05,,Active,24758.65,22499.76,24641.04,0.1652,Prime-linked,ZAR,0.0,2024-01-19
ae9bc8f2-10b4-4cb6-ab67-831ec0194de9,1630097240,bf2b334b-61d9-4d8b-839b-e5b3731c244a,Savings Account,PCB PocketSave,224266,PCB Pinetown Branch,KwaZulu-Natal,2024-06-30,,Active,142301.1,131846.36,142656.27,0.021,Prime-linked,ZAR,0.0,2024-08-09
57f1672c-b75e-41f5-ab72-98489cdce630,7284830054,2b230825-6b17-4ffe-9620-5f77ec1c9594,Cheque Account,PCB Plus Cheque,395068,PCB Rustenburg Branch,North West,2023-05-20,,Active,9043.08,8608.66,8702.7,0.2073,Prime-linked,ZAR,30937.04,2023-07-15
82458c61-63d2-4ef9-a0ee-cef8b596f7f9,1624030165,bc8c5479-2c80-4d0c-a1c8-dff8c7e77791,Money Market,PCB Treasury Plus,728167,PCB Klerksdorp Branch,North West,2023-10-21,,Active,285019.14,262804.64,284834.7,0.1415,Variable,ZAR,0.0,2024-06-28
e3d96443-c719-4a01-9d3f-aa8b4640df6c,6545388034,106cb973-661a-496e-a060-9e09a57efbb5,Credit Card,PCB Infinite Credit Card,128355,PCB Thohoyandou Branch,Limpopo,2021-11-01,,Active,-127391.12,118221.47,-127197.42,0.1684,Variable,ZAR,473649.83,2022-10-09
2ffa7e8b-acb6-498a-a7d1-9fd61697c79d,9673482376,ad3dff39-64c0-46e4-b8c4-a173a501b2a0,Business Account,PCB Business Premium,862066,PCB Bellville Branch,Western Cape,2024-04-20,,Dormant,2124476.87,2055634.48,2124717.52,0.0646,Variable,ZAR,2666014.83,2024-04-26
2fa22621-01ac-4f0e-92e3-f79afcef12e5,6848831336,1e784948-2b98-409a-92fa-11ded27eb023,Savings Account,PCB Flexi Save,618895,PCB Brits Branch,North West,2022-04-30,,Active,2355.99,2252.34,2550.76,0.0616,Fixed,ZAR,0.0,2022-10-28
0c0d7b9e-eb6d-4798-84a4-a1bb23cb39aa,5355500588,7c3e20ce-4d78-41a8-b392-d7bf5e6f6aa6,Fixed Deposit,PCB Fixed 24M,573404,PCB Sandton Branch,Gauteng,2021-01-06,,Active,331417.04,308387.64,331386.31,0.1254,Prime-linked,ZAR,0.0,2022-06-24
292a3a28-904f-48c9-b9cc-e9a26dc79722,9564196735,feaa6cee-60a7-4360-a630-6299c863c697,Cheque Account,PCB Plus Cheque,202161,PCB Cape Town Branch,Western Cape,2024-02-17,2024-04-14,Closed,2040.02,1984.41,1858.1,0.108,Fixed,ZAR,20850.11,2024-04-14
82fa8ab9-24e2-490b-bacc-e9c122ee0ff1,3571564620,02523414-87f6-4817-8cf2-297f40600402,Credit Card,PCB Standard Credit Card,300022,PCB King William's Town Branch,Eastern Cape,2019-10-14,,Active,-4755.91,39147.49,-4302.41,0.0387,Prime-linked,ZAR,72368.59,2020-08-26
856c1dc5-a037-485d-88c6-a65ea96f1acb,1115301818,927f9c91-979b-412b-838d-69e9b4cacaa7,Cheque Account,PCB Gold Cheque,399322,PCB Middelburg Branch,Mpumalanga,2022-03-10,,Active,55015.03,54623.32,55158.93,0.0881,Variable,ZAR,163447.15,2024-08-22
cd257c71-5604-44f5-9ec4-751c45ab6b58,3213244110,443feac0-db02-4215-bac3-8466225e9316,Cheque Account,PCB Premier Cheque,371955,PCB Welkom Branch,Free State,2022-05-22,,Active,4434.08,4401.03,4450.03,0.0983,Variable,ZAR,52898.28,2023-06-22
db2a1018-04fc-4b89-bded-9d908c281204,3731502219,2ea14f7d-a56a-4f64-86f9-a70de9fdfd34,Credit Card,PCB Gold Credit Card,696503,PCB Secunda Branch,Mpumalanga,2024-03-22,,Dormant,-15501.31,8251.67,-15695.7,0.1088,Prime-linked,ZAR,59172.49,2024-09-26
0ad088f4-6826-4835-bf78-d2efdc7cda99,8235784019,d185f9f0-8fc7-406e-8e5a-ca0aeae36542,Cheque Account,PCB Gold Cheque,423233,PCB Bellville Branch,Western Cape,2024-12-06,,Active,533.74,523.55,156.95,0.0433,Fixed,ZAR,25389.01,2024-12-14
68c20143-35ad-4d40-a164-f960510cad5b,3593860739,e1fe6d61-a613-458f-a563-89664c94c4c8,Fixed Deposit,PCB Fixed 24M,817696,PCB Johannesburg Branch,Gauteng,2019-11-23,,Active,134778.02,131138.25,135116.47,0.1792,Variable,ZAR,0.0,2023-02-16
1f72bdb8-d0ca-4f36-a260-74b844a23389,8237685438,c78a0d18-6aa0-49e8-8fae-3d1bafc78948,Business Account,PCB Enterprise Account,584175,PCB Paarl Branch,Western Cape,2021-11-09,,Dormant,1026156.56,972560.46,1025659.32,0.1595,Prime-linked,ZAR,1369146.0,2021-11-11
5eaeb8fb-8d85-485e-8945-0f308bb3f76a,2225061766,c77092ad-e107-4373-89eb-0a50e994a500,Credit Card,PCB Infinite Credit Card,620678,PCB Johannesburg Branch,Gauteng,2024-05-13,,Active,-94947.14,-54472.73,-95343.68,0.2138,Variable,ZAR,86606.05,2024-12-10
0b6199d7-8aaa-4929-9ffb-e40d858bca96,9212028558,85ce4f3b-c7f7-4a94-bb92-3bd49ee0b3b2,Cheque Account,PCB Premier Cheque,605258,PCB Welkom Branch,Free State,2021-10-30,,Active,29109.27,26270.99,29188.25,0.166,Fixed,ZAR,103735.24,2023-12-15
1608861f-c5e7-4e3c-b152-52a2cd5a2a08,4973505712,61cdcdd8-4966-4981-aa70-e98cfbe4d8eb,Savings Account,PCB Flexi Save,462009,PCB Mafikeng Branch,North West,2019-08-23,,Active,7721.56,7204.45,7549.08,0.0198,Variable,ZAR,0.0,2024-11-01
31bfa942-b97b-45e8-b0c6-f61c8408a718,9710524597,a2c682ed-be6e-4850-9a68-3b5a48c512b9,Savings Account,PCB SaveSmart,641358,PCB Potchefstroom Branch,North West,2024-09-02,2024-11-17,Closed,9970.64,9503.04,10285.88,0.1142,Fixed,ZAR,0.0,2024-11-17
20e9c1d5-41bb-4b0f-a3b0-53838dd7a562,3653317487,cfb6b46a-57ca-4813-a5e8-ca78f77e473a,Money Market,PCB Money Market Call,484541,PCB Middelburg Branch,Mpumalanga,2023-04-08,,Active,189250.88,186438.66,189416.0,0.1294,Fixed,ZAR,0.0,2023-11-29
aac5f32c-1732-4eeb-b771-b11f29217999,9319653934,92c7a67a-0282-45bd-b9e5-b0c203b7dba1,Credit Card,PCB Standard Credit Card,725163,PCB Mafikeng Branch,North West,2024-03-10,,Active,-49402.24,-10664.87,-49016.54,0.0852,Variable,ZAR,62469.15,2024-11-07
c579fb3c-851f-45d9-b09b-fe3d581f1b63,6012219491,be981677-cbbf-4596-99e1-9aca0aad9e7a,Cheque Account,PCB Gold Cheque,639159,PCB Bethlehem Branch,Free State,2024-09-05,2024-11-06,Closed,907.24,853.26,1155.71,0.1043,Variable,ZAR,17384.31,2024-11-06
360899bc-1832-4b0e-92de-6c28b95b78aa,5536156926,d289ca96-2681-47e6-97d3-3e049227ddd7,Cheque Account,PCB Gold Cheque,107945,PCB Brits Branch,North West,2024-12-11,,Active,6618.95,6168.56,6882.5,0.0617,Prime-linked,ZAR,27566.79,2024-12-16
868b22d7-6db1-457a-bb9a-0a4876dfb7cc,1805968667,bbbac18e-3bf9-43fa-9184-da720b7e6c0d,Cheque Account,PCB Plus Cheque,133956,PCB Newcastle Branch,KwaZulu-Natal,2021-03-18,,Active,982.33,948.02,1201.13,0.102,Fixed,ZAR,12369.79,2023-04-07
b055b991-0dc7-4d54-a6a9-4458a8219ed2,7216057509,008f033c-9eb6-4faf-8215-fd595f6d3ab8,Cheque Account,PCB Prestige Cheque,574966,PCB Tzaneen Branch,Limpopo,2024-01-25,,Active,650.65,600.72,1019.05,0.1787,Prime-linked,ZAR,15682.18,2024-08-14
97c8b1c4-84a2-4bab-bc63-f68acb6a4dab,8712537425,3f4aa40e-79e7-4a14-84a7-1bf79aaf67ac,Cheque Account,PCB Plus Cheque,459366,PCB Pinetown Branch,KwaZulu-Natal,2019-06-04,,Active,16078.02,15472.32,16495.25,0.1892,Variable,ZAR,36502.54,2021-05-07
fab57b2c-797a-4e48-aa4c-90ff4bae55c1,3186739367,6bbe05a2-51ff-4b96-b97f-bfac093c215e,Savings Account,PCB Goal Saver,639159,PCB Bethlehem Branch,Free State,2023-01-27,,Active,3047.09,2846.81,3347.03,0.1196,Fixed,ZAR,0.0,2024-07-08
c322c48b-7878-4506-80c1-ee135fee2a86,6029043497,2922581a-18f3-4084-a1c6-4cb798d57bff,Business Account,PCB Business Premium,163238,PCB Midrand Branch,Gauteng,2023-09-09,,Suspended,296174.23,294447.18,296630.23,0.1803,Fixed,ZAR,163574.11,2024-04-01
02850516-37e8-457a-8f1b-d1239822a233,2875739772,87805b14-50da-45b2-b8d0-37963f00a73b,Cheque Account,PCB Plus Cheque,544392,PCB Polokwane Branch,Limpopo,2024-07-04,,Active,4796.87,4674.31,4627.57,0.1293,Variable,ZAR,53729.72,2024-11-23
2568084a-25e5-4ce8-bbf5-74ced718e263,1500621398,3a750a1e-facd-4936-a5e1-a2a814fa4e32,Cheque Account,PCB Gold Cheque,684610,PCB Bellville Branch,Western Cape,2023-10-19,,Active,1.93,1.88,-352.71,0.1021,Variable,ZAR,10303.69,2023-12-13
82cb8f29-5f5a-45e8-918e-5bb84de6c4aa,1712727648,bf2b334b-61d9-4d8b-839b-e5b3731c244a,Savings Account,PCB SaveSmart,951796,PCB Middelburg Branch,Mpumalanga,2023-10-20,,Active,83062.39,78759.11,83363.07,0.1946,Variable,ZAR,0.0,2024-02-25
008db671-2061-4c24-9736-079719656188,3982625756,a1dfb36c-cd18-4be2-bef0-9cfb5f7cdf0d,Cheque Account,PCB Gold Cheque,434952,PCB Midrand Branch,Gauteng,2024-06-25,,Active,47837.79,45866.63,47837.87,0.0511,Fixed,ZAR,161387.54,2024-12-10
93e9e212-bb65-4b3a-be95-01285882a4f8,8981879178,b936840a-f46d-48a0-bc42-0b8a911b72ff,Savings Account,PCB Goal Saver,641958,PCB Queenstown Branch,Eastern Cape,2016-04-02,,Active,6596.76,5978.65,6628.63,0.1981,Variable,ZAR,0.0,2018-01-01
f8d6149c-4bbe-46f2-87b1-3175ca09eecc,8952399097,0ebc03c1-6701-445a-b1f1-b2a9bda64229,Cheque Account,PCB Premier Cheque,676396,PCB Standerton Branch,Mpumalanga,2024-11-19,,Active,37825.33,34164.57,37820.67,0.2101,Variable,ZAR,92280.4,2024-12-10
7a7e88c0-1682-4c21-9535-6336e203894a,4712840820,8ae8649d-15a3-4909-a8f1-1a3ee8cc2f3b,Savings Account,PCB Goal Saver,977417,PCB Richards Bay Branch,KwaZulu-Natal,2024-08-02,,Active,2555.54,2344.39,2878.18,0.1187,Prime-linked,ZAR,0.0,2024-12-20
53dc8452-c661-4682-aef8-7805a07b1d49,7613529728,e417ee31-9fd2-4d0e-9e0a-8c66465bdcf4,Savings Account,PCB PocketSave,325043,PCB Sandton Branch,Gauteng,2023-08-07,,Active,2482.16,2270.22,2786.53,0.1085,Variable,ZAR,0.0,2024-04-24
37981b40-536d-4828-97fb-ac0463fa55f7,9241401912,2d3e12b7-908b-4db3-910f-ad4b6ada7101,Fixed Deposit,PCB Fixed 60M,552168,PCB Mthatha Branch,Eastern Cape,2023-07-23,,Active,77932.69,75636.11,78016.56,0.2108,Prime-linked,ZAR,0.0,2024-11-27
c369a6c2-6e14-4f3a-ad8b-d691e499d2a7,3299247826,94a3fefa-e23a-42f5-927c-f729e92aef60,Savings Account,PCB Flexi Save,236664,PCB Centurion Branch,Gauteng,2023-01-13,,Active,2110.07,2093.06,2039.85,0.1058,Variable,ZAR,0.0,2023-12-23
0ecc67af-1b40-40ac-a95b-c2a6337a3166,7952088903,29b3d1af-ac90-48cb-a851-6e0f45b13ed7,Money Market,PCB Money Market 32-Day,781673,PCB Thohoyandou Branch,Limpopo,2024-11-02,,Active,1203905.43,1129083.34,1204302.49,0.0982,Fixed,ZAR,0.0,2024-12-25
7b524cd7-2432-4c59-a2e2-9cc6b83cb7fb,6306862267,01137316-1352-488d-a263-adc17ec0076e,Cheque Account,PCB Prestige Cheque,753164,PCB Somerset West Branch,Western Cape,2021-12-31,,Active,2226.81,2164.73,2239.53,0.1994,Fixed,ZAR,75137.6,2022-05-21
9cb99a1a-7eb3-4b5a-adc9-65bdbd171512,9603940861,3001ae7b-e598-4597-b01f-785b9e560f73,Cheque Account,PCB Plus Cheque,914075,PCB George Branch,Western Cape,2024-09-21,,Active,3504.5,3179.91,3140.69,0.2108,Variable,ZAR,29857.17,2024-10-18
501f9776-99e2-4f41-a992-d5bcb8ef0200,6191734398,8e0d7958-06fb-4aef-9428-c7704641cfaf,Cheque Account,PCB Premier Cheque,228594,PCB Pinetown Branch,KwaZulu-Natal,2023-09-29,,Active,79201.02,73693.54,79033.89,0.223,Fixed,EUR,116843.57,2024-07-22
0ef35e1e-c705-4ad2-8967-d421db2c0b0f,8677795093,fcf5d8ac-333b-417a-aa64-de0532425209,Cheque Account,PCB Prestige Cheque,269820,PCB Pietermaritzburg Branch,KwaZulu-Natal,2023-12-23,,Dormant,927.19,924.67,580.38,0.0663,Variable,ZAR,92160.49,2024-05-17
a586c1f6-d2fb-4039-aa58-42096192a981,9509139325,ba099f63-97fe-4ebb-a93d-48ccaac8e11d,Cheque Account,PCB Prestige Cheque,228594,PCB Pinetown Branch,KwaZulu-Natal,2024-12-31,,Active,6808.5,6319.13,6977.58,0.0946,Prime-linked,ZAR,58680.99,2024-12-31
7ce122bd-30c8-4921-871e-e93f1e18bf0d,9711150892,b6d87c10-28ea-453a-9463-3da693da5073,Money Market,PCB Money Market 32-Day,363296,PCB Centurion Branch,Gauteng,2017-03-17,,Active,402642.13,397162.04,402274.44,0.2078,Variable,ZAR,0.0,2022-06-05
8011c5c1-07d0-4c88-9fb2-f15d77c21c50,2626793469,052a0fcd-ee38-4e04-92e9-1ae87b732a42,Savings Account,PCB Flexi Save,232626,PCB Pietermaritzburg Branch,KwaZulu-Natal,2024-08-08,,Active,3787.24,3554.97,3805.7,0.1956,Prime-linked,ZAR,0.0,2024-09-03
8eed93c8-022a-418a-b8eb-a7f6618362dd,3899907240,d4dbe0ab-3cb7-4948-9463-d5e7e5690023,Savings Account,PCB PocketSave,862066,PCB Bellville Branch,Western Cape,2020-06-07,,Active,3117.22,3076.53,3252.89,0.0709,Fixed,ZAR,0.0,2020-09-23
3a159030-051f-4e9c-b8f5-ecff7e5cddbc,4463822274,95c94f51-1c42-4219-bd5d-6d7d5f07f30b,Credit Card,PCB Infinite Credit Card,850437,PCB Tzaneen Branch,Limpopo,2023-03-16,,Active,-231552.14,-181002.57,-231753.89,0.1969,Variable,ZAR,312128.65,2024-05-17
d2fcf2e8-ef02-4aee-bc6f-02c5ab328a79,6991878065,93e49ad9-221b-44ed-8d8b-837f2221b03a,Credit Card,PCB Gold Credit Card,931027,PCB Midrand Branch,Gauteng,2023-03-27,,Active,-46175.1,-45188.13,-46130.57,0.0459,Variable,ZAR,68844.72,2024-09-29
b086126c-1870-4729-92cf-37d67e6f934f,2617952752,0e35e1c3-d868-43bc-bb7a-d750d53414b9,Cheque Account,PCB Plus Cheque,123467,PCB Sandton Branch,Gauteng,2024-04-26,,Active,28494.07,27642.65,28616.65,0.1173,Prime-linked,ZAR,57064.61,2024-08-06
eb35dcbb-047f-44b4-b169-4b1f1d4e4d35,6050969978,356fae70-133b-4719-9a47-5675f16f7ab2,Cheque Account,PCB Premier Cheque,525239,PCB Brits Branch,North West,2023-12-24,,Active,2768.31,2537.6,2348.21,0.2096,Variable,ZAR,14491.51,2024-11-09
80491363-8aee-42ab-916f-73478966e7df,9269212519,056217c6-c731-4f79-b30f-c0d7ac911f00,Savings Account,PCB PocketSave,696503,PCB Secunda Branch,Mpumalanga,2024-09-10,,Active,1933.08,1751.73,2347.95,0.1201,Fixed,ZAR,0.0,2024-10-28
c248f431-cc97-47a5-a7f1-a519c58e22b7,9547622613,b2c4e28e-9d78-40ad-a44e-e4272355ff8d,Business Account,PCB Enterprise Account,163238,PCB Midrand Branch,Gauteng,2023-02-02,,Active,198106.07,186106.38,198367.25,0.0436,Fixed,ZAR,373135.5,2023-07-12
773a658a-6d4b-4af8-b8ce-29e1fabbed2c,2976851343,ba5dd48f-c112-4397-bc7a-8933ff5b11dc,Savings Account,PCB Flexi Save,169224,PCB Pietermaritzburg Branch,KwaZulu-Natal,2018-05-31,,Active,24240.99,23445.06,23785.45,0.0224,Fixed,ZAR,0.0,2020-04-16
c845b7d4-981d-41dc-8cc0-bbd6af6cfc2c,2258339074,578ebe00-340f-40ba-bac8-25fda508217f,Savings Account,PCB PocketSave,916338,PCB Queenstown Branch,Eastern Cape,2024-08-27,,Dormant,2415.87,2235.7,2833.83,0.0508,Prime-linked,ZAR,0.0,2024-12-25
cb28daa8-08fb-48b2-bc77-623a8a6a1ffc,3023781108,1e1c0a15-403d-4187-8c88-eabcdf85a18b,Cheque Account,PCB Prestige Cheque,838516,PCB Soweto Branch,Gauteng,2023-02-11,,Dormant,37305.84,35853.9,37233.32,0.1241,Variable,ZAR,219039.98,2023-08-20
2e92634b-6860-48d4-bcbd-298228779122,3409640440,447d47dd-c3d3-4915-91f1-c57c342584de,Cheque Account,PCB Prestige Cheque,213436,PCB Ekurhuleni Branch,Gauteng,2022-11-17,,Active,28698.8,28615.4,28442.0,0.0064,Variable,ZAR,179459.18,2024-02-19
232a900f-e0f5-46b1-b3b6-0c6117dea625,8319624493,27b64371-9beb-43d4-b155-f5264a48d714,Credit Card,PCB Platinum Credit Card,691845,PCB Stellenbosch Branch,Western Cape,2021-07-11,,Dormant,-1502.54,-1319.8,-1820.54,0.1231,Variable,ZAR,25195.01,2023-01-06
70e02ce0-572b-43d4-a07e-77f97947ec20,4294684247,ea388ea5-57ca-4b6e-aa00-840efed21569,Cheque Account,PCB Prestige Cheque,744089,PCB Soweto Branch,Gauteng,2024-02-10,,Active,25822.18,24724.01,25515.06,0.1481,Variable,ZAR,95732.0,2024-10-22
f7a5dcd7-4630-4a18-93a5-779329619bcd,1937694518,102faf5d-060a-45ca-bf9a-343f07c64a57,Savings Account,PCB SaveSmart,342018,PCB King William's Town Branch,Eastern Cape,2023-09-01,,Suspended,276665.19,267518.87,276504.85,0.0834,Variable,ZAR,0.0,2024-04-28
939ac78a-a23c-4d30-8083-fc36f4c741d1,7660424221,2949a668-9ea3-4b41-9f9a-136b86be274f,Savings Account,PCB PocketSave,528434,PCB King William's Town Branch,Eastern Cape,2020-02-21,,Active,17557.08,16745.45,17802.54,0.1522,Variable,ZAR,0.0,2021-02-03
116f107f-2c9b-4b15-af79-059e1c04734c,6764631927,1f752c62-b00d-40bc-b0eb-8ba757d5b8c1,Money Market,PCB Money Market 32-Day,856625,PCB Bethlehem Branch,Free State,2021-02-15,,Active,159525.37,156921.64,159279.94,0.1729,Prime-linked,ZAR,0.0,2022-12-25
5393aafc-2c05-4b53-b79b-623bf8c4ba85,8712746762,d5e70d32-7e80-43b8-ae5c-0cbbaf4cd864,Savings Account,PCB Goal Saver,161496,PCB East London Branch,Eastern Cape,2020-10-13,,Active,3233.96,3065.4,3460.41,0.1591,Variable,ZAR,0.0,2024-01-11
e794dd5d-76bf-4610-99cc-a7a051aee703,7802288958,cb29fca6-4779-47de-b4d8-d702da77cbe5,Cheque Account,PCB Prestige Cheque,518002,PCB Ekurhuleni Branch,Gauteng,2024-11-11,,Active,50684.05,50155.61,50599.62,0.2186,Variable,ZAR,62133.22,2024-11-15
7aef813b-dc7c-43e8-9b97-6ed2aa92d763,3614441748,2e55a89e-d749-4d86-862c-9b529be6064f,Credit Card,PCB Platinum Credit Card,399322,PCB Middelburg Branch,Mpumalanga,2024-05-06,,Dormant,-19583.25,103176.08,-19241.84,0.222,Variable,ZAR,232655.85,2024-08-11
fe41887c-7b84-4e52-bfb3-21ebea8aac38,1890042176,239ae69f-6fe0-4b40-91cf-cea7b0f8cec4,Cheque Account,PCB Premier Cheque,728167,PCB Klerksdorp Branch,North West,2023-06-06,2024-02-24,Closed,1710.75,1552.09,1475.31,0.1526,Variable,ZAR,37102.35,2024-02-24
02a172db-fabe-4ff9-8fc2-2a4cfab566a6,8256226076,6ccbeb87-4cd6-46b3-81bc-6bc4ddb7301d,Business Account,PCB Enterprise Account,899614,PCB King William's Town Branch,Eastern Cape,2023-12-24,,Active,313681.84,292044.58,313465.26,0.1375,Variable,ZAR,190037.76,2024-09-22
5137b34d-8625-47ad-87b4-3444074f3fc3,5980701214,b4ebc28f-526a-45ea-823c-588724471955,Credit Card,PCB Standard Credit Card,988010,PCB Cape Town Branch,Western Cape,2023-03-18,,Active,-51114.68,-14592.85,-50937.29,0.0626,Fixed,ZAR,225888.38,2024-11-03
bb12655a-f771-4512-a523-4ae3786a9a2a,4085550927,e8f6d470-c1ad-4f42-924e-738385d4901e,Cheque Account,PCB Premier Cheque,929398,PCB Johannesburg Branch,Gauteng,2018-05-27,,Active,4011.69,4002.05,4066.85,0.0761,Variable,ZAR,512559.83,2019-05-10
3cf01646-9180-4f8f-bf3c-dae3ee96c9af,2614569295,a230f313-bffe-4fb1-884a-180392f85ad8,Credit Card,PCB Gold Credit Card,744089,PCB Soweto Branch,Gauteng,2024-11-09,,Active,-21203.97,-17393.26,-20982.63,0.116,Variable,ZAR,32479.07,2024-12-27
f91111ca-b0ff-4902-90fd-4db174a8859f,9753963389,d28ae05f-10ee-46ba-9d8f-be7af8ec21ce,Savings Account,PCB PocketSave,269820,PCB Pietermaritzburg Branch,KwaZulu-Natal,2024-07-13,,Active,1615.56,1558.07,1665.28,0.0167,Prime-linked,ZAR,0.0,2024-08-01
bd89197d-dcfe-408b-9b1f-77ab84abebef,6144198989,a6f2e94d-f410-4243-a848-ecf52b593958,Money Market,PCB Treasury Plus,466975,PCB Bellville Branch,Western Cape,2024-08-13,2024-12-24,Closed,4735896.51,4562574.39,4735614.97,0.1055,Prime-linked,ZAR,0.0,2024-12-24
dc58b5df-8dd9-45f3-a3fa-293fcda39da2,8588977843,ca8927ca-2a48-4bdf-89d1-f61715f7f11b,Savings Account,PCB Flexi Save,543745,PCB Bethlehem Branch,Free State,2024-01-14,,Active,1941.46,1937.35,2077.35,0.104,Fixed,ZAR,0.0,2024-10-01
221023b3-1fcd-405b-89ac-168e88f7e5c3,6565483577,5dc3590a-e85a-47c0-a0be-edad14fb1ddb,Cheque Account,PCB Plus Cheque,123467,PCB Sandton Branch,Gauteng,2024-05-24,,Active,28491.49,27449.23,28422.98,0.1416,Variable,ZAR,227442.35,2024-11-18
3da35071-77a8-49b8-96c3-82bc992ee93a,9121921889,d340fab8-3fed-45e5-8930-489b55f86261,Savings Account,PCB Flexi Save,656843,PCB Bloemfontein Branch,Free State,2022-04-23,2022-06-18,Closed,13741.89,12960.88,13853.5,0.0866,Prime-linked,ZAR,0.0,2022-06-18
6debf86e-14df-4a9f-8a9a-0475432623a8,5787741487,bf2b334b-61d9-4d8b-839b-e5b3731c244a,Cheque Account,PCB Premier Cheque,518002,PCB Ekurhuleni Branch,Gauteng,2018-09-27,,Active,98060.3,91890.41,97694.3,0.1612,Prime-linked,ZAR,120203.32,2023-09-15
4547144b-95a0-4bed-9b3e-da968558fbfe,2576137883,5701b798-9883-49d5-9c4b-4a596582d4b3,Cheque Account,PCB Premier Cheque,164506,PCB Ekurhuleni Branch,Gauteng,2023-07-05,,Active,10429.45,9846.29,10553.72,0.2123,Variable,ZAR,81766.27,2023-11-16
59ebcd89-2056-4ef5-b7f2-dfbc0cae5cc0,8087174217,356fae70-133b-4719-9a47-5675f16f7ab2,Fixed Deposit,PCB Fixed 12M,486469,PCB Thohoyandou Branch,Limpopo,2023-09-22,,Active,178949.79,165105.52,179095.03,0.1151,Variable,ZAR,0.0,2024-04-10
1bc18e29-1337-4fe4-a9a7-1df09fea87cb,6565639951,97ddac20-2ab1-412a-aa23-deabd20e4497,Money Market,PCB Money Market Call,850437,PCB Tzaneen Branch,Limpopo,2024-11-29,,Dormant,3070779.07,2852825.7,3070371.6,0.1881,Fixed,USD,0.0,2024-12-30
0f92f18e-8867-4089-a61b-fd7d13457680,9081873937,c3d68512-ee39-41cc-9791-0586599d9721,Cheque Account,PCB Gold Cheque,944483,PCB Richards Bay Branch,KwaZulu-Natal,2022-11-26,,Active,3690.52,3675.62,3997.35,0.0348,Prime-linked,ZAR,27665.99,2024-08-24
39454174-7752-416b-8696-1ca181c1bbcc,8425061357,ed2c3419-2ef1-452c-ab3b-5b1419839625,Savings Account,PCB Flexi Save,178589,PCB East London Branch,Eastern Cape,2019-02-19,,Dormant,228.53,227.94,459.18,0.1253,Variable,ZAR,0.0,2019-10-09
7f0e17af-0739-4098-a228-88ef6bbcdbde,8614563485,dddda28d-753c-4ef0-86ba-94eea0ab27bc,Cheque Account,PCB Gold Cheque,421855,PCB Soweto Branch,Gauteng,2021-10-30,2021-12-18,Closed,288.0,285.36,-43.47,0.2232,Fixed,ZAR,39663.89,2021-12-18
eb97036f-6a6f-4120-a2eb-224c81d759fa,4870531044,77595890-46d2-4f84-ba33-d6e12b874937,Credit Card,PCB Gold Credit Card,564639,PCB Standerton Branch,Mpumalanga,2024-10-24,,Active,-53402.14,-50294.72,-53651.63,0.0437,Fixed,ZAR,140913.51,2024-11-04
0d7fdd73-541b-4a96-a8e0-845255fcdd6b,3440327837,486a746b-2d35-4be5-8a5b-9aa5365c8ecb,Savings Account,PCB Goal Saver,569511,PCB Umhlanga Branch,KwaZulu-Natal,2021-01-09,,Active,4814.28,4414.48,4479.05,0.1102,Variable,ZAR,0.0,2024-04-16
70802b63-5a5b-45be-9185-1b194101adff,5955805055,f7e17a8d-c52e-4334-94e7-e1870e6b11c7,Money Market,PCB Treasury Plus,498978,PCB Paarl Branch,Western Cape,2022-11-13,,Active,144745.0,132915.0,144852.78,0.0606,Fixed,ZAR,0.0,2024-09-14
ea7b799a-acac-4d9e-a535-459a215bcf32,8730581264,be96b23c-020b-42fb-a22f-02e5b4ab71f9,Cheque Account,PCB Premier Cheque,361826,PCB Newcastle Branch,KwaZulu-Natal,2022-05-31,,Active,1215.77,1148.45,1310.11,0.2151,Variable,ZAR,4286.08,2022-12-25
4ca556f2-84e5-4755-8985-6968bb73dbac,7277870861,0f365b68-bb19-4fe7-8ba6-11bf8ee9517b,Cheque Account,PCB Gold Cheque,618895,PCB Brits Branch,North West,2024-01-15,2024-12-29,Closed,14849.05,13794.69,14822.04,0.0495,Prime-linked,ZAR,42286.34,2024-12-29
27cfc6d5-d78a-4986-bad5-ac542fe39b0b,1961163542,c046d20f-f8d8-4553-bbfd-4056d99a8e05,Fixed Deposit,PCB Fixed 60M,234430,PCB Nelspruit Branch,Mpumalanga,2021-01-03,,Active,379422.58,370346.16,379741.97,0.0305,Prime-linked,ZAR,0.0,2021-11-07
884d0193-a698-4d1c-a055-10bb7227e1fc,9807858188,124ec93d-f7de-4fe4-9ff8-56fcac806005,Savings Account,PCB SaveSmart,564639,PCB Standerton Branch,Mpumalanga,2024-08-05,,Active,764.06,718.82,569.38,0.0126,Variable,ZAR,0.0,2024-12-17
f6ab624a-d6b3-49a9-b853-73802a7d6044,3457920170,f8d83d78-b82a-4c81-b612-0515b0350694,Savings Account,PCB SaveSmart,162283,PCB Welkom Branch,Free State,2020-01-19,,Active,1029.93,990.81,942.1,0.1831,Fixed,ZAR,0.0,2021-02-07
8ac6c33c-8fcc-4782-b3cd-76ce394372e9,1888616429,f57764d2-0f1d-4b35-81f2-6587b8513e24,Cheque Account,PCB Plus Cheque,984479,PCB Queenstown Branch,Eastern Cape,2023-11-30,,Active,1807.4,1686.18,1499.59,0.0914,Variable,ZAR,7932.9,2024-12-06
6b8cbf91-fff9-4f00-8979-ee931fa22343,3079851349,b5b3882d-b5aa-4d83-a6db-9eb5e22b1902,Cheque Account,PCB Prestige Cheque,476455,PCB Bloemfontein Branch,Free State,2022-05-15,,Active,1603.33,1534.22,1965.91,0.0927,Fixed,ZAR,17350.68,2023-03-18
4da7da62-cdcd-4b7e-b2c6-1234cf209863,5448575583,01137316-1352-488d-a263-adc17ec0076e,Business Account,PCB Business Current,389585,PCB Polokwane Branch,Limpopo,2024-01-25,,Active,112739.25,106389.95,112857.63,0.2003,Fixed,ZAR,149016.91,2024-06-21
37ee2fc0-92b0-48d6-bc94-afa2c3d86d65,6874999188,8f16d71b-084e-4609-9ded-09077e4d8d48,Credit Card,PCB Standard Credit Card,117918,PCB Durban Branch,KwaZulu-Natal,2022-08-01,,Suspended,-38041.11,-32908.79,-37777.67,0.2219,Variable,ZAR,32301.46,2024-10-27
0af9a7ed-0b0f-4c2c-83dd-6463e5dc9a73,7243945896,79ed2e81-d033-4bea-a3d9-faeb7e9b80e5,Fixed Deposit,PCB Fixed 12M,916190,PCB Soweto Branch,Gauteng,2018-01-28,2023-09-20,Closed,48738.06,44379.09,48712.81,0.091,Fixed,ZAR,0.0,2023-09-20
c41b8e6a-b838-48cf-a508-b873bc276326,5800364300,8fdd3db7-43ef-48c3-ae0d-b2a85bd42e81,Cheque Account,PCB Gold Cheque,434952,PCB Midrand Branch,Gauteng,2020-12-15,,Active,797.53,745.45,449.55,0.0216,Variable,ZAR,75697.31,2022-02-15
c42d8640-cf6b-42f1-ab42-941239ae7479,7923708521,88faa5c9-4534-4792-8d20-8b7f6ca3c0fd,Credit Card,PCB Standard Credit Card,371955,PCB Welkom Branch,Free State,2023-07-09,,Active,-16893.15,5163.15,-17316.32,0.1485,Prime-linked,ZAR,43777.39,2024-05-27
fed110ae-96c8-4cf7-ba0c-990650b6d5df,6999650102,93f9fa03-dac5-4e41-9efc-095e69a3d4e4,Cheque Account,PCB Gold Cheque,944483,PCB Richards Bay Branch,KwaZulu-Natal,2024-12-13,,Active,9672.62,8831.44,9195.33,0.081,Prime-linked,ZAR,27739.16,2024-12-21
961b532d-fc22-4f06-a940-72b2d82ff9c3,5420716110,4ba230a6-5e15-47e5-83ef-a692d23a7128,Money Market,PCB Treasury Plus,228594,PCB Pinetown Branch,KwaZulu-Natal,2024-11-19,,Active,126554.38,117496.71,127041.19,0.0595,Variable,ZAR,0.0,2024-11-22
cbb0b5b8-4767-4e6c-9616-a09c3be594a3,5577152538,f1223908-ced9-4191-98a2-7223e90fc330,Credit Card,PCB Standard Credit Card,459366,PCB Pinetown Branch,KwaZulu-Natal,2024-12-28,,Closed,-15940.64,-14446.28,-16414.21,0.114,Variable,ZAR,167857.96,
8d4c75c1-e967-4740-a760-8a366e9ecd1c,7403453166,2b230825-6b17-4ffe-9620-5f77ec1c9594,Cheque Account,PCB Plus Cheque,555275,PCB Soweto Branch,Gauteng,2023-05-08,,Active,1263.45,1231.91,979.65,0.0524,Variable,ZAR,39330.84,2024-06-26
5deb9085-9ac0-4754-9d9e-fc3587ab6bc7,7305528678,486a746b-2d35-4be5-8a5b-9aa5365c8ecb,Money Market,PCB Money Market 32-Day,202161,PCB Cape Town Branch,Western Cape,2019-05-22,,Suspended,273147.12,258775.96,272839.82,0.1976,Variable,ZAR,0.0,2022-02-11
335c4310-49ba-49af-9d37-79e9b5358046,8240871374,0e4109e4-e46f-422d-8b9f-ab4ffcffd69a,Cheque Account,PCB Plus Cheque,681898,PCB Centurion Branch,Gauteng,2021-05-12,,Active,6773.81,6677.53,7124.73,0.0765,Variable,ZAR,28701.9,2022-02-25
379a5fdb-d5c0-4870-8a1e-5a6f8c29d1a7,4701967000,16f56b1b-30e3-4e4a-bb8b-8df59fd9396b,Cheque Account,PCB Premier Cheque,459366,PCB Pinetown Branch,KwaZulu-Natal,2022-04-19,,Active,1118.42,1083.04,1488.69,0.0515,Fixed,ZAR,10498.73,2024-10-20
171083ad-f623-44cb-99da-bb50f3df3c0c,1826817853,d289ca96-2681-47e6-97d3-3e049227ddd7,Fixed Deposit,PCB Fixed 24M,480828,PCB Polokwane Branch,Limpopo,2024-08-17,,Active,99626.2,94039.23,99332.39,0.1613,Prime-linked,ZAR,0.0,2024-11-26
bbc574ec-60fb-48db-9473-2dfa5ffab40c,6631565147,80078d77-7e19-49eb-a92c-2b332a8dd506,Cheque Account,PCB Gold Cheque,982459,PCB Pietermaritzburg Branch,KwaZulu-Natal,2023-06-11,,Active,1774.39,1728.59,1509.78,0.0612,Fixed,ZAR,19256.82,2024-11-23
5d9b0775-4d76-4760-a467-36956ae85d5d,2687470457,b821c31f-2e81-4027-8aca-b6593c5f836c,Savings Account,PCB Flexi Save,274432,PCB Klerksdorp Branch,North West,2021-03-31,,Active,19212.81,18219.01,19450.86,0.2126,Fixed,ZAR,0.0,2021-10-18
6ebddbe1-72a5-4b7e-9718-8a79b49ec5b8,7194480893,802e7e56-190c-41fd-a9d0-3d2880dd2cc3,Savings Account,PCB Flexi Save,633057,PCB Mthatha Branch,Eastern Cape,2024-01-15,,Active,12424.56,12314.81,11963.15,0.0552,Variable,ZAR,0.0,2024-07-03
8baaf256-b6be-4573-adf1-6b8b3ea49380,5636293360,83f7973c-e132-4c9a-987e-1e4aee189ddb,Fixed Deposit,PCB Fixed 60M,169224,PCB Pietermaritzburg Branch,KwaZulu-Natal,2023-04-22,,Active,25243.83,24339.22,25045.74,0.1178,Prime-linked,ZAR,0.0,2024-01-22
edbe2a80-ea1c-41ce-a0c2-000d7a29100c,2637280868,8f737087-08dc-4f04-8ac2-54f2df51532c,Cheque Account,PCB Prestige Cheque,899614,PCB King William's Town Branch,Eastern Cape,2016-02-13,,Active,19762.04,18365.39,19973.38,0.1597,Fixed,ZAR,165811.87,2016-12-06
357fe0dd-b2e6-41e7-bc2b-c441b7603862,4214105892,80a0e354-f0ed-4c02-8581-df6ad8d9e5b4,Credit Card,PCB Standard Credit Card,552168,PCB Mthatha Branch,Eastern Cape,2023-12-19,,Active,-30664.48,-28004.25,-30789.43,0.0247,Prime-linked,ZAR,13419.02,2024-03-13
028735a0-eedc-4b84-9656-c7ebe0d07403,2108979346,1d8706dd-c6cf-479c-92a0-90c81229ba91,Savings Account,PCB Goal Saver,656843,PCB Bloemfontein Branch,Free State,2023-09-23,,Active,41168.82,39769.96,41299.41,0.0884,Variable,ZAR,0.0,2024-12-31
a08f3191-278d-4ef1-871b-ced454140f45,2941656048,19c5ba73-e18f-49a2-a104-e01ab37e74f4,Cheque Account,PCB Prestige Cheque,490038,PCB Richards Bay Branch,KwaZulu-Natal,2023-01-27,,Active,469.9,452.05,722.96,0.2085,Variable,ZAR,20602.84,2024-06-21
802586d3-ce75-447d-b144-9c6b8fa616c4,9555059168,443feac0-db02-4215-bac3-8466225e9316,Savings Account,PCB Goal Saver,498978,PCB Paarl Branch,Western Cape,2022-03-02,,Active,14348.94,14064.25,14726.23,0.1539,Variable,ZAR,0.0,2023-09-28
cde726b6-c1f1-4366-af46-d8f66959f3bd,9988146076,60e9b09c-e343-401f-9e56-3f88d8ea072a,Savings Account,PCB Goal Saver,544392,PCB Polokwane Branch,Limpopo,2021-01-13,,Active,1164.57,1116.79,1088.56,0.007,Prime-linked,ZAR,0.0,2021-07-08
1fdc8357-55ce-4246-b614-f94cdf93b761,6186857522,f555d33d-f80b-4502-ab66-8e64ef1b51f0,Cheque Account,PCB Prestige Cheque,205253,PCB Upington Branch,Northern Cape,2021-09-12,2023-11-21,Closed,4174.9,4111.36,4450.34,0.2154,Prime-linked,ZAR,21837.94,2023-11-21
bee7f0df-7efa-4bd6-b9ce-d1ed63353d6a,8005009631,70028cc6-1375-43f1-9ff4-06252c233a53,Savings Account,PCB PocketSave,982459,PCB Pietermaritzburg Branch,KwaZulu-Natal,2024-09-20,2024-11-30,Closed,18576.69,17893.72,18862.79,0.0172,Fixed,ZAR,0.0,2024-11-30
8ffebd8f-bd1a-4b21-a6de-d6f7951a172a,2549243415,0de05a17-3803-4134-9816-0c80ea477aa9,Cheque Account,PCB Plus Cheque,906519,PCB Paarl Branch,Western Cape,2020-10-09,,Active,28210.86,28127.99,28427.0,0.1312,Variable,ZAR,29570.71,2024-08-07
2f151ce9-4ef4-4bd9-8458-eb68d8d80517,6328113458,8ee2937d-cbf4-4701-ac9a-23976d45eacb,Cheque Account,PCB Plus Cheque,850437,PCB Tzaneen Branch,Limpopo,2023-06-25,2023-08-13,Closed,9093.83,8363.12,9384.55,0.1933,Variable,ZAR,51155.08,2023-08-13
f054277b-abd0-4325-b924-9dd3814c1fe4,8262907193,f5385827-522c-4f2a-b11f-b00e9abc58f9,Cheque Account,PCB Premier Cheque,555275,PCB Soweto Branch,Gauteng,2019-08-25,,Active,1469.32,1341.25,1930.53,0.1838,Fixed,ZAR,66281.19,2019-09-25
1e694b83-020c-4c18-bdc5-b4e0526667a9,5828031098,1e6bfc01-54e8-49f1-b039-a6bce14d302e,Savings Account,PCB PocketSave,718788,PCB Newcastle Branch,KwaZulu-Natal,2022-09-15,,Active,151.12,137.1,-18.16,0.1504,Variable,ZAR,0.0,2024-09-10
3e52fdd0-3168-4631-96c9-2caa2f15d908,7769202217,ee7269b4-5c6a-47bd-abbc-c9fa164cc8dd,Savings Account,PCB PocketSave,921664,PCB Klerksdorp Branch,North West,2022-02-04,,Active,80390.59,72716.06,80145.67,0.1399,Fixed,ZAR,0.0,2024-06-29
4cb484f0-029d-4476-ac8e-19890ba609bc,9457591461,10f4743d-14ec-4cd9-9831-c0c4275e0624,Cheque Account,PCB Premier Cheque,388842,PCB Sandton Branch,Gauteng,2024-09-18,,Dormant,8079.57,7286.99,8331.14,0.1097,Prime-linked,ZAR,58012.85,2024-12-16
825dba97-c1f6-49c3-aabb-8ae9545aeba5,9876996888,79a9ad0b-9d69-468e-ac89-6261e5263044,Savings Account,PCB Flexi Save,224413,PCB Newcastle Branch,KwaZulu-Natal,2023-02-21,,Dormant,43021.21,40979.21,42689.77,0.0067,Variable,ZAR,0.0,2023-06-15
2392e259-b58c-4df8-9e4a-38574bf1665d,1790809078,60e9b09c-e343-401f-9e56-3f88d8ea072a,Fixed Deposit,PCB Fixed 60M,878720,PCB Newcastle Branch,KwaZulu-Natal,2022-10-14,,Dormant,54909.52,52378.43,55071.78,0.0676,Variable,ZAR,0.0,2024-06-04
d1c60b8b-8b23-448a-a853-e84ceb19ead5,7897886806,5427a72c-adea-4248-901b-4111111cdd4b,Credit Card,PCB Platinum Credit Card,544392,PCB Polokwane Branch,Limpopo,2023-09-12,,Active,-441228.49,-387830.4,-441500.54,0.0407,Prime-linked,ZAR,250861.8,2024-12-20
d0703f57-9562-4eed-97a0-69df597c2c77,1444270728,bb3745a9-3830-4172-8ac8-eec5251a31cf,Savings Account,PCB SaveSmart,670816,PCB Mokopane Branch,Limpopo,2023-08-05,,Active,3841.83,3474.72,4194.07,0.0167,Variable,ZAR,0.0,2023-08-18
957a774e-455a-4a1a-9559-b2a6483042ce,8973327211,f8d83d78-b82a-4c81-b612-0515b0350694,Savings Account,PCB Goal Saver,680746,PCB Bellville Branch,Western Cape,2020-12-18,,Active,17237.6,16106.62,17186.07,0.2144,Fixed,ZAR,0.0,2021-03-11
ad45cbd2-eff5-4438-9b92-c4b18335c893,6348193893,9730d667-2481-4b8e-9e5f-b736067f3107,Business Account,PCB Enterprise Account,189520,PCB Nelspruit Branch,Mpumalanga,2024-12-25,,Active,2819214.34,2559564.23,2819002.76,0.1426,Prime-linked,ZAR,1789618.32,2024-12-31
3ead0684-9320-45d4-83ec-6b55b8512e42,3076158186,447d47dd-c3d3-4915-91f1-c57c342584de,Cheque Account,PCB Premier Cheque,528434,PCB King William's Town Branch,Eastern Cape,2024-08-21,,Active,1560.62,1405.11,1874.19,0.1242,Variable,ZAR,132697.59,2024-10-14
e9448f20-360a-446d-9bc1-84cbf59dab2f,1893862915,f4be94ff-f06b-46a4-8cba-1a36fadcbac4,Fixed Deposit,PCB Fixed 60M,484034,PCB Umhlanga Branch,KwaZulu-Natal,2023-08-09,,Active,72480.81,69542.56,72472.75,0.2236,Fixed,ZAR,0.0,2024-07-11
2df3a385-8d87-49fe-adb1-302cd43ca5a4,5650537358,30a09d30-c046-45de-bf2e-c137e0b6d6f9,Savings Account,PCB PocketSave,230751,PCB Secunda Branch,Mpumalanga,2024-08-28,,Active,97856.48,89193.63,97734.84,0.1452,Variable,ZAR,0.0,2024-10-27
965d8ff8-b29c-4eae-97fd-b9641792eb8c,7848400752,c77092ad-e107-4373-89eb-0a50e994a500,Savings Account,PCB PocketSave,721540,PCB King William's Town Branch,Eastern Cape,2024-05-10,,Active,34358.43,31853.88,33923.18,0.1204,Variable,ZAR,0.0,2024-05-19
30d8c452-753c-4ce1-93ea-cf6524f8f3b2,5621670804,2a8c2591-114b-46b0-8347-b0c208b7cc07,Fixed Deposit,PCB Fixed 12M,212619,PCB Centurion Branch,Gauteng,2021-10-28,,Active,187265.73,178133.88,187342.59,0.0305,Prime-linked,ZAR,0.0,2022-06-29
988b4585-32fe-46d0-88c2-4442e0699e91,3168259735,1be44988-6b94-488c-8b74-8099fcf311ad,Money Market,PCB Money Market 32-Day,342018,PCB King William's Town Branch,Eastern Cape,2024-09-12,,Active,131016.41,121680.65,130598.14,0.0277,Fixed,ZAR,0.0,2024-12-30
21bf705c-cf60-4e81-b57f-5b3690812c3b,9239090192,f560a11f-0a60-4875-a976-a07c45530d17,Money Market,PCB Money Market Call,188536,PCB Louis Trichardt Branch,Limpopo,2023-09-20,,Active,290398.37,279849.91,290201.8,0.1659,Fixed,ZAR,0.0,2024-12-10
eb37afca-78cc-4a2b-a2f5-dbebff5ac57c,7423454243,d29864d0-31fd-4f9f-883a-7f503b38f90f,Credit Card,PCB Gold Credit Card,131962,PCB Polokwane Branch,Limpopo,2019-09-23,,Active,-9333.35,42246.89,-8975.37,0.1734,Fixed,ZAR,56233.8,2021-01-28
0db3f0ba-2a3d-4e3c-8b5e-82b64d763969,2040457766,80e19395-81b4-4fc1-9f98-2557a76a8316,Savings Account,PCB SaveSmart,101296,PCB Johannesburg Branch,Gauteng,2023-09-08,,Active,65602.08,62526.94,65662.59,0.0316,Prime-linked,ZAR,0.0,2024-02-29
ffcd892e-92d2-4ea7-8f34-ebd9e0b85f23,4242492816,e6e7d099-6377-4f56-9c78-3074a614ae39,Money Market,PCB Money Market 32-Day,828299,PCB Pietermaritzburg Branch,KwaZulu-Natal,2019-04-19,2021-03-18,Closed,247883.83,229268.64,248110.9,0.1271,Fixed,ZAR,0.0,2021-03-18
163e8694-dc35-4e9b-8aad-87eaba8a4d93,7143425624,1281fa70-afeb-4ce9-824d-8e9dca3d47e0,Fixed Deposit,PCB Fixed 60M,564322,PCB Richards Bay Branch,KwaZulu-Natal,2021-03-17,,Active,344335.5,324172.73,344450.0,0.1515,Prime-linked,EUR,0.0,2021-04-25
407d09d3-c2ed-4660-9392-cf5688eb6347,4080690629,e04dd813-e742-4c4d-bb5d-55efda8742ab,Credit Card,PCB Gold Credit Card,949438,PCB Ekurhuleni Branch,Gauteng,2022-02-24,,Active,-362.46,38167.47,-501.45,0.0189,Fixed,ZAR,59589.69,2024-05-28
63e8d55d-acc6-4d1d-aae3-640554dbeda9,6351388960,6bbe05a2-51ff-4b96-b97f-bfac093c215e,Cheque Account,PCB Plus Cheque,987454,PCB Secunda Branch,Mpumalanga,2018-12-04,,Active,3273.25,3029.39,2782.88,0.1715,Prime-linked,ZAR,50191.94,2023-12-08
f80b639f-27c3-427b-8427-902265f93d19,1965492476,116ca17d-f098-4e6a-930e-690e65fb70eb,Business Account,PCB Enterprise Account,528434,PCB King William's Town Branch,Eastern Cape,2024-09-21,,Suspended,35081.52,32444.04,34998.43,0.162,Fixed,ZAR,50772.45,2024-11-15
3813e52b-c755-47a5-9122-b4d99aceec04,6302473754,10b0d54d-7f2f-49c8-9745-65aa60900f70,Savings Account,PCB SaveSmart,464938,PCB King William's Town Branch,Eastern Cape,2021-08-19,2024-08-07,Closed,6888.94,6337.45,7183.42,0.1604,Fixed,ZAR,0.0,2024-08-07
5c65c1bb-0749-4e00-a7bb-829f24710048,7055241800,ea388ea5-57ca-4b6e-aa00-840efed21569,Cheque Account,PCB Premier Cheque,921664,PCB Klerksdorp Branch,North West,2023-12-20,,Active,32249.62,30007.48,32184.81,0.164,Fixed,ZAR,74408.87,2024-07-16
3e0e2ec9-2349-4b39-8c19-6617841621a7,7317429073,9a3f7ed0-8efc-4452-905c-031240e0733f,Credit Card,PCB Standard Credit Card,168034,PCB Midrand Branch,Gauteng,2023-05-28,,Active,-10077.83,70.75,-10237.52,0.0747,Variable,USD,37724.07,2024-08-07
115e5aa2-f071-44c7-a7de-ae5fe011f45b,7811728800,4036648a-b3d3-40a6-84a5-0e91c27de9a9,Savings Account,PCB Goal Saver,641358,PCB Potchefstroom Branch,North West,2023-02-22,,Active,1995.32,1940.21,2268.73,0.1172,Variable,ZAR,0.0,2023-06-07
ea7aea9d-4635-4157-83ed-3605ed916149,4284422449,7f87ebe9-3e20-4ae7-a1bb-7ccf7e95daad,Cheque Account,PCB Prestige Cheque,488904,PCB Centurion Branch,Gauteng,2021-03-22,,Active,35866.25,35853.72,36285.69,0.0139,Fixed,ZAR,82016.86,2023-02-03
52e29695-d8da-4dd1-ad43-f44c9480490d,1930747963,796496b2-fedc-473f-b0ad-08543529cc77,Savings Account,PCB PocketSave,944483,PCB Richards Bay Branch,KwaZulu-Natal,2020-05-21,,Active,368783.03,361927.26,369258.0,0.0924,Fixed,ZAR,0.0,2020-09-17
316bf90c-9610-4a00-a145-35be50706245,2037329488,fe7e677d-74e5-49b5-b656-0b6c8f1374bb,Cheque Account,PCB Prestige Cheque,194351,PCB Soweto Branch,Gauteng,2024-10-05,,Active,81698.48,79609.54,81370.31,0.2088,Prime-linked,ZAR,219524.5,2024-11-02
502acaed-89ca-45fa-845d-4c5e3b6db22f,2472441814,3e12b679-d262-4e5f-abb3-e50d983421e2,Credit Card,PCB Standard Credit Card,925061,PCB Port Elizabeth Branch,Eastern Cape,2023-08-08,,Dormant,-36977.14,26184.34,-37437.92,0.0888,Variable,ZAR,81439.89,2023-11-04
c20e3e17-658f-42db-8bed-0130fef2c901,5223861639,f560a11f-0a60-4875-a976-a07c45530d17,Credit Card,PCB Gold Credit Card,163238,PCB Midrand Branch,Gauteng,2023-06-07,,Active,-26750.78,3161.51,-27125.64,0.1608,Prime-linked,ZAR,81262.2,2024-10-12
1d22c4d4-8bc6-483a-9edf-1aa3f20d3506,1897072740,8931f44e-bcba-4267-9d91-cf99c1259d56,Fixed Deposit,PCB Fixed 12M,212619,PCB Centurion Branch,Gauteng,2024-05-01,,Active,479736.42,439411.58,480116.16,0.0929,Prime-linked,ZAR,0.0,2024-08-13
5baa9667-1a85-4638-a83d-c1d29b7b700b,6286580031,aabcc99d-15c7-42bc-969c-dae285cb001e,Business Account,PCB Business Current,916190,PCB Soweto Branch,Gauteng,2022-01-26,2023-01-17,Closed,660196.14,643171.53,659845.59,0.2126,Fixed,ZAR,545090.32,2023-01-17
c1c1643b-d483-4113-8b27-5585b06c68bc,4802533859,35d4fecb-aeac-49eb-a349-ffa5fe6d0c3a,Cheque Account,PCB Gold Cheque,247687,PCB Newcastle Branch,KwaZulu-Natal,2024-02-08,,Active,8491.82,8341.76,8328.84,0.1325,Fixed,ZAR,25214.38,2024-02-26
98938165-e217-49c3-b6bd-082ba0dd2919,8486401143,81d5c97c-f0ed-4d5e-b2dd-bb46d98a0f9f,Fixed Deposit,PCB Fixed 12M,977417,PCB Richards Bay Branch,KwaZulu-Natal,2023-03-10,,Active,138892.34,134556.2,139047.32,0.0602,Variable,ZAR,0.0,2023-10-05
f101bd32-0b81-4594-83c7-f3358f8201b2,6501555716,106cb973-661a-496e-a060-9e09a57efbb5,Savings Account,PCB SaveSmart,391431,PCB Durban Branch,KwaZulu-Natal,2022-01-31,,Active,17004.24,16668.38,16737.46,0.1726,Prime-linked,ZAR,0.0,2024-12-19
a49c384e-da32-4969-af2d-5baec6e31ba4,4959618533,f560a11f-0a60-4875-a976-a07c45530d17,Cheque Account,PCB Prestige Cheque,680746,PCB Bellville Branch,Western Cape,2024-05-28,,Active,2814.86,2791.64,2674.91,0.1121,Prime-linked,ZAR,43098.66,2024-11-04
cd1ac69c-5c84-4321-aad0-c00841c7a8f0,5783183968,19dad456-f184-41ac-95ac-937b9f1dd07e,Cheque Account,PCB Premier Cheque,925061,PCB Port Elizabeth Branch,Eastern Cape,2024-07-30,,Active,25225.82,24970.97,25249.58,0.1614,Fixed,ZAR,21944.32,2024-11-02
8e01ef9c-7f7a-44e9-8702-4a9a7f78653a,8327302343,bbbac18e-3bf9-43fa-9184-da720b7e6c0d,Cheque Account,PCB Prestige Cheque,146266,PCB Bellville Branch,Western Cape,2023-02-26,,Active,40.77,38.57,434.42,0.1486,Fixed,ZAR,18277.15,2023-12-25
95bc4fe4-bda4-4a25-87b2-929733da5176,4399682817,526d7d1c-ebad-40c5-9ff2-b568477570ad,Cheque Account,PCB Premier Cheque,189520,PCB Nelspruit Branch,Mpumalanga,2024-08-05,,Active,55522.21,51684.73,55118.07,0.1127,Prime-linked,ZAR,216611.29,2024-12-21
f6f0cc9d-b5ab-4fc7-ae4d-3cd189c84d60,7568377041,ebd29172-bc11-4332-a0a3-495a9dccc198,Cheque Account,PCB Prestige Cheque,945253,PCB Johannesburg Branch,Gauteng,2018-07-29,,Active,46351.79,44335.13,45881.91,0.0504,Fixed,ZAR,176886.71,2023-08-16
07c7e1bc-65dc-48ff-ab9a-3dce36774fc6,7885821515,8931f44e-bcba-4267-9d91-cf99c1259d56,Credit Card,PCB Gold Credit Card,618895,PCB Brits Branch,North West,2020-03-30,,Active,-41125.84,7804.14,-41412.46,0.1816,Variable,ZAR,49322.35,2021-06-25
37753e48-ae2a-4322-903c-80538d6b6ab6,1098171183,1281fa70-afeb-4ce9-824d-8e9dca3d47e0,Business Account,PCB Enterprise Account,140611,PCB Pinetown Branch,KwaZulu-Natal,2017-06-27,,Active,711092.42,663297.75,711454.93,0.1541,Variable,ZAR,1332896.47,2021-08-29
30b30e31-98c6-4591-8240-a8d378a8376f,4347400489,90de2424-c3c9-493f-a5c9-9bb234518d61,Cheque Account,PCB Gold Cheque,828299,PCB Pietermaritzburg Branch,KwaZulu-Natal,2024-08-19,,Active,7550.62,7268.13,7632.27,0.1533,Prime-linked,ZAR,33895.35,2024-11-19
6b72653b-95f5-4f30-a1a9-590a82e01634,5453123216,b4b59e19-8f45-47b7-a9df-b6f96235253a,Credit Card,PCB Standard Credit Card,575774,PCB Centurion Branch,Gauteng,2022-11-06,,Active,-100256.73,-20877.22,-99845.22,0.1479,Fixed,ZAR,182733.03,2024-08-20
7eaf5039-1000-4f47-80a3-db5e10b0cbd8,7579427272,0197d7ef-b2fb-457c-9bdd-b76dc3b0d59e,Cheque Account,PCB Prestige Cheque,605258,PCB Welkom Branch,Free State,2024-05-05,,Active,176296.14,167583.37,176267.17,0.1966,Fixed,ZAR,227692.43,2024-09-27
4bf7900a-4397-4025-8c18-81de568cbdf1,7561581113,8fba209e-c55a-4360-b9f8-88afbea95510,Cheque Account,PCB Gold Cheque,300022,PCB King William's Town Branch,Eastern Cape,2018-11-12,,Active,9958.75,9601.85,10074.39,0.2009,Variable,ZAR,112912.57,2021-06-15
b55ce53c-323b-4392-a9a9-9dee32a39888,8202679959,d652bd9c-9352-4d5f-a454-cdcd83f77bcb,Cheque Account,PCB Gold Cheque,546901,PCB Centurion Branch,Gauteng,2019-05-08,,Active,1164.5,1109.8,833.4,0.0277,Fixed,ZAR,7249.66,2023-11-03
9f0bf75a-3bf8-47ff-9a80-bec345638b4a,1031021178,d02aaa23-8d0f-485d-be99-dd27de191080,Business Account,PCB Business Premium,878720,PCB Newcastle Branch,KwaZulu-Natal,2023-01-25,,Active,288516.68,281942.77,288620.4,0.1403,Variable,ZAR,570882.65,2023-11-16
3ed826fe-34cd-4158-a229-23151af6442b,1852063001,7b6b59d2-c460-4e97-b24f-535647c53c9c,Fixed Deposit,PCB Fixed 36M,532371,PCB King William's Town Branch,Eastern Cape,2024-09-10,,Active,157787.17,153274.51,157649.46,0.1763,Fixed,ZAR,0.0,2024-10-27
2799279c-b182-4474-a958-6a4d2bf44032,3844069730,524d01df-0017-49ad-b36a-5acc1767602c,Fixed Deposit,PCB Fixed 60M,101296,PCB Johannesburg Branch,Gauteng,2016-12-25,,Active,103195.99,100954.57,102749.57,0.1674,Variable,ZAR,0.0,2017-02-27
6f29cf29-b65b-47e6-b3ae-5300ab3cf264,8708304387,01137316-1352-488d-a263-adc17ec0076e,Credit Card,PCB Infinite Credit Card,878720,PCB Newcastle Branch,KwaZulu-Natal,2023-01-27,,Active,-30991.53,61822.42,-30518.56,0.0822,Prime-linked,ZAR,135912.21,2024-11-29
c69ea691-8454-4fff-a519-5f3221bb6779,3423565290,d29864d0-31fd-4f9f-883a-7f503b38f90f,Credit Card,PCB Gold Credit Card,212619,PCB Centurion Branch,Gauteng,2022-09-22,,Active,-14776.16,10442.7,-15071.65,0.207,Prime-linked,ZAR,26628.19,2023-06-23
6549e4f6-efb0-46e0-b429-0cd36ab43363,7145202220,0cd02dcb-48ca-4fcc-9f36-237f3d836497,Fixed Deposit,PCB Fixed 12M,480828,PCB Polokwane Branch,Limpopo,2018-07-09,,Active,133838.82,133770.72,133434.86,0.0322,Fixed,ZAR,0.0,2021-11-28
5204eb0d-a77e-4639-8f66-2bc8606fabf1,8539620974,7b0bdc0b-7461-4af0-9d90-cccfe247c659,Cheque Account,PCB Plus Cheque,838516,PCB Soweto Branch,Gauteng,2019-07-08,,Active,416.68,376.01,662.56,0.0959,Variable,ZAR,19101.11,2024-09-11
4e70d615-2af2-48bb-9098-80ce7020fad2,3881473391,e2036727-9aa9-4d66-8e3c-ecf418907d7b,Business Account,PCB Enterprise Account,146266,PCB Bellville Branch,Western Cape,2022-10-21,,Active,947505.38,903064.67,947362.78,0.0849,Variable,ZAR,754738.66,2023-01-22
44142d46-4486-470b-877d-d1f299d9771e,1461461303,25f2f3a2-bd91-43b7-9779-28b375591b38,Business Account,PCB Enterprise Account,371955,PCB Welkom Branch,Free State,2024-02-11,,Active,250346.18,243020.16,250783.89,0.1606,Variable,ZAR,470071.45,2024-11-23
30655a33-a242-4f73-9f14-999350b9e66b,8882946902,c77092ad-e107-4373-89eb-0a50e994a500,Savings Account,PCB Goal Saver,212239,PCB Pinetown Branch,KwaZulu-Natal,2024-03-20,,Active,18230.22,16860.72,18544.83,0.1625,Fixed,ZAR,0.0,2024-10-28
e0b760eb-e372-4808-8629-6bcde0ad539d,4788947574,447cf377-fced-4c3f-8591-b9520197daf7,Fixed Deposit,PCB Fixed 36M,916190,PCB Soweto Branch,Gauteng,2024-12-07,,Active,158762.24,147828.82,159230.77,0.1237,Prime-linked,ZAR,0.0,2024-12-24
3101d07e-69eb-4d1e-84df-43a816bda212,3375657255,7485cdbb-65ba-42a2-a49c-9f40d2f7a197,Fixed Deposit,PCB Fixed 36M,224413,PCB Newcastle Branch,KwaZulu-Natal,2019-03-22,,Active,5036675.84,4748275.77,5036835.02,0.0906,Fixed,ZAR,0.0,2020-03-15
c0315380-6373-44a9-ae37-daca97164eaa,7206487916,22dbb7eb-1dd1-4d80-8cb9-73cf52e8c294,Fixed Deposit,PCB Fixed 60M,243507,PCB Richards Bay Branch,KwaZulu-Natal,2022-02-05,,Active,159970.67,155124.47,159920.03,0.0249,Fixed,ZAR,0.0,2024-11-30
1781fe2f-184d-4845-8189-2cd5366efa70,5469243303,4d59d6cc-1e24-4b38-886d-8ac3919f25ae,Fixed Deposit,PCB Fixed 24M,618895,PCB Brits Branch,North West,2017-07-08,,Active,71597.28,67256.84,71500.56,0.0752,Prime-linked,ZAR,0.0,2023-02-28
d90bfdcb-09fd-42c5-ba89-04f25751cdbc,3747834523,052a0fcd-ee38-4e04-92e9-1ae87b732a42,Fixed Deposit,PCB Fixed 24M,838516,PCB Soweto Branch,Gauteng,2024-10-28,,Dormant,196051.96,193115.16,195597.04,0.1943,Prime-linked,ZAR,0.0,2024-12-02
612d77d5-5d93-45f8-8f05-8e2e286e2477,5280991223,d7867a56-0757-4fd2-a165-ce93bae23f55,Cheque Account,PCB Premier Cheque,247687,PCB Newcastle Branch,KwaZulu-Natal,2024-09-02,,Active,2079.38,1897.46,1937.71,0.1212,Fixed,ZAR,21944.76,2024-09-24
aa0b8111-3783-4a67-a079-ec1db0acc824,1272720592,2b230825-6b17-4ffe-9620-5f77ec1c9594,Savings Account,PCB PocketSave,620678,PCB Johannesburg Branch,Gauteng,2024-09-04,,Active,4491.72,4183.57,4380.6,0.186,Variable,ZAR,0.0,2024-10-31
d0e49c18-23de-4bf7-8451-690bc424bb8f,1251677491,92c6dc2b-7b16-4fd7-a618-1e8f1015a418,Business Account,PCB Enterprise Account,977417,PCB Richards Bay Branch,KwaZulu-Natal,2023-04-29,,Active,272783.98,264318.36,272905.88,0.089,Fixed,ZAR,271468.13,2024-02-29
4330ca02-a9ae-413b-8eda-16e1316baf0e,5646804897,17c491c0-b59f-4e9f-8213-df727ebad8dc,Cheque Account,PCB Prestige Cheque,133956,PCB Newcastle Branch,KwaZulu-Natal,2020-01-30,,Active,114086.54,110935.42,114016.85,0.2061,Prime-linked,ZAR,192650.88,2023-10-06
66b7f991-e210-43f4-88a5-1b4b614c6f7a,8682199133,7c1c57bc-fea1-40c0-b55c-c843f9ddd24b,Fixed Deposit,PCB Fixed 12M,322311,PCB Bellville Branch,Western Cape,2024-07-06,,Active,363064.43,333565.82,362608.71,0.171,Fixed,ZAR,0.0,2024-11-30
2b370b70-d752-4d01-8362-b3c8cbe484ff,1951811572,e417ee31-9fd2-4d0e-9e0a-8c66465bdcf4,Cheque Account,PCB Plus Cheque,341016,PCB East London Branch,Eastern Cape,2020-06-16,,Active,11096.67,10387.78,10639.08,0.1873,Prime-linked,ZAR,17215.22,2022-03-20
d2e5e758-c7b6-47a8-8e69-495162641831,6642708009,a19093bd-f153-4dbc-bcd8-fb5ad1a36321,Credit Card,PCB Gold Credit Card,817696,PCB Johannesburg Branch,Gauteng,2020-02-10,,Active,-130346.68,-32976.12,-130185.17,0.0053,Variable,ZAR,136249.53,2022-12-31
4a3341a3-cdb6-4992-a3f3-e6168018cebc,1049657187,a4743f65-c55e-4a81-a1a0-ff9b8aea3402,Cheque Account,PCB Plus Cheque,633057,PCB Mthatha Branch,Eastern Cape,2023-04-16,,Active,4553.84,4477.63,4392.58,0.193,Prime-linked,ZAR,120799.87,2024-09-28
6ac5e55c-dbd1-4a67-988d-1f6ac6160dca,5530327273,5427a72c-adea-4248-901b-4111111cdd4b,Savings Account,PCB SaveSmart,850437,PCB Tzaneen Branch,Limpopo,2024-09-29,,Active,18471.01,18130.48,18265.31,0.0828,Prime-linked,ZAR,0.0,2024-10-11
576429f1-fa6c-4ea8-9c2e-7bbb6b2e5968,8404623971,4cfc8c61-65a0-4af9-b76e-627bb3429f67,Savings Account,PCB SaveSmart,639159,PCB Bethlehem Branch,Free State,2020-12-10,,Active,69387.63,67339.28,69455.83,0.1322,Prime-linked,ZAR,0.0,2023-03-11
8204bddf-d38e-4c7d-840f-54335762aae3,7580984203,056217c6-c731-4f79-b30f-c0d7ac911f00,Credit Card,PCB Standard Credit Card,434952,PCB Midrand Branch,Gauteng,2024-09-29,,Active,-33197.85,-16805.29,-32958.15,0.1355,Fixed,ZAR,24399.39,2024-11-20
4fc0aa59-e166-400e-8651-9df5243682f3,5071287855,27e72397-804b-4346-a95f-d29af20c2e6b,Fixed Deposit,PCB Fixed 12M,490038,PCB Richards Bay Branch,KwaZulu-Natal,2022-12-30,,Active,87186.8,81430.17,86763.6,0.0067,Fixed,ZAR,0.0,2024-10-17
d5821ce1-99a9-4532-99f2-9bc7c1995164,5369152506,d185f9f0-8fc7-406e-8e5a-ca0aeae36542,Cheque Account,PCB Gold Cheque,802749,PCB Durban Branch,KwaZulu-Natal,2024-11-24,,Active,374.05,342.8,832.3,0.1279,Fixed,ZAR,15546.63,2024-12-17
7acadf7d-8e13-4267-9a30-a6479b28ed2d,1603430796,c34d10db-f402-4a96-a953-b27ad8feb022,Savings Account,PCB SaveSmart,639159,PCB Bethlehem Branch,Free State,2019-12-12,,Active,66633.03,63817.36,66286.73,0.135,Variable,ZAR,0.0,2024-07-02
70e75f18-9fe8-427d-a03b-a094c51e4de6,3859268475,dc0c602b-3ae4-4693-9a3a-8741991aff33,Cheque Account,PCB Gold Cheque,728167,PCB Klerksdorp Branch,North West,2023-03-29,,Active,563.2,554.01,197.97,0.1288,Variable,ZAR,13648.61,2023-05-10
61097e07-f0be-4f4c-955c-a08d7dbfaed8,7223260921,fe1a8c18-0675-4320-8f1e-042b27d85a51,Credit Card,PCB Gold Credit Card,488904,PCB Centurion Branch,Gauteng,2023-08-06,,Active,-6360.89,15614.59,-6364.86,0.1199,Prime-linked,ZAR,23657.12,2024-09-03
ac0c53f4-ea07-4cf2-9cca-6d6509bc851d,4181095275,17c491c0-b59f-4e9f-8213-df727ebad8dc,Money Market,PCB Treasury Plus,834659,PCB Pietermaritzburg Branch,KwaZulu-Natal,2020-09-27,,Active,1973866.27,1952900.49,1974056.78,0.2022,Prime-linked,ZAR,0.0,2023-01-23
969c93c2-8d3f-4e50-b798-bba98a267f2c,7138909412,010cbbdf-ca53-421b-91d3-b182b9531708,Savings Account,PCB SaveSmart,518002,PCB Ekurhuleni Branch,Gauteng,2024-01-07,,Active,2836.78,2771.66,2396.33,0.0904,Variable,USD,0.0,2024-02-13
a1bbe0a3-4f34-4af0-8c37-cb0527c43035,9862546416,35d4fecb-aeac-49eb-a349-ffa5fe6d0c3a,Savings Account,PCB Flexi Save,544392,PCB Polokwane Branch,Limpopo,2024-01-11,,Active,1030.75,1021.13,640.92,0.127,Fixed,ZAR,0.0,2024-12-05
2306d171-782e-48a8-9934-2a665366e51e,4977849061,2ecc888d-d15b-4f39-b160-3e1801da08c9,Credit Card,PCB Standard Credit Card,339980,PCB Polokwane Branch,Limpopo,2024-09-07,,Active,-16638.73,526.87,-16493.66,0.0556,Prime-linked,ZAR,25690.29,2024-11-24
d7196166-a0cf-44ed-8497-cfac246d10f3,1582646853,04d8ed45-f4c5-422c-9678-d8c8ce690ee3,Savings Account,PCB PocketSave,944483,PCB Richards Bay Branch,KwaZulu-Natal,2024-04-27,,Active,18079.7,17750.45,17936.88,0.1975,Variable,ZAR,0.0,2024-11-09
7c616c86-7831-4814-8e9f-75c2b595ab4c,8571211387,f1223908-ced9-4191-98a2-7223e90fc330,Savings Account,PCB Flexi Save,476455,PCB Bloemfontein Branch,Free State,2024-11-21,,Active,13389.78,13093.65,13680.49,0.1845,Prime-linked,ZAR,0.0,2024-12-29
a0a3fde0-d222-49d2-9d4f-228ea35a4deb,8699186387,a5b3d0e7-1c37-41b2-8e9b-c9b78f83cb2d,Cheque Account,PCB Plus Cheque,164506,PCB Ekurhuleni Branch,Gauteng,2021-03-19,,Active,3253.55,3141.7,2842.6,0.036,Fixed,ZAR,16063.52,2022-06-06
bc57ba7f-2558-4782-8ee7-a978a34e8384,6382335303,67c9be79-bce5-4b32-a44d-98517a2477e3,Business Account,PCB Business Current,280861,PCB Sandton Branch,Gauteng,2024-11-11,,Active,196836.98,181562.94,197278.4,0.2008,Variable,ZAR,330496.19,2024-11-11
f041dfda-a0ca-4040-8da3-2349278b6e01,4611123610,d7243b67-f245-405d-aa9e-5320dfd3fe49,Cheque Account,PCB Prestige Cheque,949833,PCB Bellville Branch,Western Cape,2017-01-23,,Active,19598.48,18223.71,19790.27,0.1149,Prime-linked,ZAR,380970.0,2019-12-10
46ab01d3-629a-4f3a-a03a-0b70ed3a3555,9639562370,526d7d1c-ebad-40c5-9ff2-b568477570ad,Fixed Deposit,PCB Fixed 36M,746066,PCB Port Elizabeth Branch,Eastern Cape,2024-12-09,,Active,339662.02,330708.12,339728.06,0.0825,Variable,ZAR,0.0,2024-12-21
3794ce29-de9c-4c3d-b4bb-007e7e3b8677,6757318971,2b9c33ca-c7d9-4624-8f8f-968961825448,Savings Account,PCB Goal Saver,490038,PCB Richards Bay Branch,KwaZulu-Natal,2021-08-19,2023-03-09,Closed,2194.04,2186.42,2521.74,0.1573,Fixed,ZAR,0.0,2023-03-09
1d81fca0-874b-4f42-a1f4-160fec4a5baf,7387095561,0da3aca3-eeff-48be-9870-f0b2cd2d53c6,Credit Card,PCB Infinite Credit Card,921664,PCB Klerksdorp Branch,North West,2023-08-14,,Active,-22124.91,-5988.28,-21710.36,0.0816,Fixed,ZAR,25305.29,2023-09-03
a78bad25-59dc-412e-8366-08faba6ac208,6837232968,8931f44e-bcba-4267-9d91-cf99c1259d56,Savings Account,PCB PocketSave,140611,PCB Pinetown Branch,KwaZulu-Natal,2023-07-03,,Active,14555.49,13124.97,14133.66,0.0365,Fixed,ZAR,0.0,2023-07-19
261e07bd-9c64-4f41-8d75-1e52efd4857c,6530435108,831e25ee-c1ad-42db-9095-edb225bf8f2e,Savings Account,PCB Flexi Save,525239,PCB Brits Branch,North West,2024-07-15,,Active,135245.28,132822.47,135593.25,0.1534,Variable,ZAR,0.0,2024-11-28
2d986405-85b9-4147-8f7e-6645e694e3a5,1192827869,dadbdb7a-ad83-4e90-9356-19f735b66d27,Savings Account,PCB Flexi Save,163755,PCB Soweto Branch,Gauteng,2022-05-25,,Active,22719.52,21832.24,22305.1,0.1371,Variable,ZAR,0.0,2022-12-10
2d4d11f7-4e65-4c67-9c26-f4bd3854f44a,9543671332,bc102d0c-3acf-4601-878f-8dfa75aa8f45,Savings Account,PCB Flexi Save,164506,PCB Ekurhuleni Branch,Gauteng,2024-06-20,,Active,3686.54,3503.92,3710.98,0.1436,Prime-linked,ZAR,0.0,2024-10-18
27dc32dc-e4c5-400d-b399-7bda8bb01d4e,2663958417,65fe26e8-06a8-4528-96e9-13c2d67b977c,Savings Account,PCB Flexi Save,280861,PCB Sandton Branch,Gauteng,2024-01-08,,Active,23309.08,22562.8,23715.72,0.0346,Variable,ZAR,0.0,2024-12-24
1bcf2566-faba-4595-83df-25bc79ecb26e,6109469107,35e59c7c-9a46-4988-8fc4-2599a32bcf51,Cheque Account,PCB Prestige Cheque,332612,PCB Kroonstad Branch,Free State,2024-09-14,,Active,7946.01,7343.26,7832.96,0.1741,Variable,ZAR,10930.54,2024-11-08
ccd79d3a-1fc3-4f49-b86c-a168b07a696d,7069064850,3660ff61-f76e-4046-8507-588f48849b22,Money Market,PCB Treasury Plus,358051,PCB Centurion Branch,Gauteng,2022-12-06,,Active,68099.98,62598.09,68000.0,0.1256,Variable,ZAR,0.0,2024-10-27
223e968a-749b-4321-a62a-72c9071aa0cd,1679193609,b2a41524-5f95-4187-a0bd-d30fa615eeb7,Fixed Deposit,PCB Fixed 12M,339980,PCB Polokwane Branch,Limpopo,2021-11-05,,Active,239312.92,230255.43,239652.11,0.1691,Fixed,ZAR,0.0,2022-02-04
c2825ead-4c76-462a-91df-9439d3e90e74,6167185277,4d59d6cc-1e24-4b38-886d-8ac3919f25ae,Fixed Deposit,PCB Fixed 36M,464938,PCB King William's Town Branch,Eastern Cape,2016-10-10,,Active,190417.26,186489.3,190634.06,0.0375,Fixed,ZAR,0.0,2019-11-04
6aa6bfaa-095f-4fa1-9fe2-ec0b051bdc4b,5563483717,b2c4e28e-9d78-40ad-a44e-e4272355ff8d,Business Account,PCB Business Current,656843,PCB Bloemfontein Branch,Free State,2023-03-17,,Suspended,414762.85,413359.02,414783.85,0.1689,Variable,ZAR,450190.85,2024-12-10
49a4ef64-f1a6-4d64-8303-58bf337740b0,4852989707,c28536e5-1fb2-4b00-bea2-87a174a49c09,Cheque Account,PCB Gold Cheque,963495,PCB Bethlehem Branch,Free State,2024-11-30,,Active,9524.05,8715.24,9363.53,0.038,Fixed,ZAR,23208.57,2024-12-23
d721e945-8018-469c-99f0-05bec49da3fb,5366514022,c7468853-ec6f-4a05-b929-c1121429714f,Fixed Deposit,PCB Fixed 36M,371955,PCB Welkom Branch,Free State,2024-09-18,,Active,461222.61,452532.35,460841.64,0.0649,Prime-linked,ZAR,0.0,2024-11-09
17a29012-d016-42a5-b17f-5682dce61946,3596443270,49d32bba-878f-4f02-ac43-1e6387e33059,Money Market,PCB Treasury Plus,872468,PCB Midrand Branch,Gauteng,2020-08-28,,Active,118818.09,110929.98,118560.29,0.0329,Prime-linked,ZAR,0.0,2020-09-10
b40839e3-8dc8-40d8-9c39-bd2a3cc7c061,6250363569,8ee2937d-cbf4-4701-ac9a-23976d45eacb,Business Account,PCB Business Current,162283,PCB Welkom Branch,Free State,2018-02-20,,Active,417238.17,386188.55,417463.71,0.1794,Prime-linked,ZAR,370179.81,2018-12-24
95e24424-ce18-489a-8002-2b9ed2deed92,2304540007,f7e17a8d-c52e-4334-94e7-e1870e6b11c7,Cheque Account,PCB Gold Cheque,144693,PCB Potchefstroom Branch,North West,2024-01-05,,Active,981.29,935.6,1315.76,0.1352,Variable,ZAR,92129.13,2024-03-22
d2488baa-4562-4e8f-8d83-a2289bd3e79a,9937012439,14407c92-24a5-4b5f-9183-82abcbe690e4,Cheque Account,PCB Gold Cheque,828299,PCB Pietermaritzburg Branch,KwaZulu-Natal,2020-12-15,2023-10-18,Closed,77.21,73.91,108.11,0.0552,Fixed,ZAR,63900.24,2023-10-18
bef3a334-00f2-442a-a744-5a5afdc54f96,6723027055,6ccbeb87-4cd6-46b3-81bc-6bc4ddb7301d,Credit Card,PCB Standard Credit Card,389585,PCB Polokwane Branch,Limpopo,2022-12-01,,Active,-49225.37,-30660.16,-49342.5,0.1945,Variable,ZAR,27259.04,2024-01-23
0b08ebe1-41d3-4393-9457-3b1f6a408545,3290018435,182d8fa8-7063-4dba-9157-80cb655f3a46,Cheque Account,PCB Prestige Cheque,573404,PCB Sandton Branch,Gauteng,2024-07-20,,Active,996.05,918.73,1366.99,0.1957,Prime-linked,ZAR,24563.38,2024-09-12
199fc55c-040a-4422-82b2-ea48bcd49d87,8041146085,01137316-1352-488d-a263-adc17ec0076e,Credit Card,PCB Gold Credit Card,838516,PCB Soweto Branch,Gauteng,2020-10-10,,Active,-12140.23,89045.49,-12325.66,0.07,Fixed,ZAR,161518.23,2021-06-29
7be88605-4ab8-497b-9a0c-036402d51050,5403382034,1290affb-ecab-4eb6-867d-b61a9ccbe467,Savings Account,PCB PocketSave,339286,PCB Pinetown Branch,KwaZulu-Natal,2020-11-19,,Active,4125.09,4076.93,4524.13,0.2184,Variable,USD,0.0,2023-12-27
aa34a53f-5eb6-489b-b452-653c05ef5c7a,6420230636,21015d53-1711-41e6-9e60-7cf9cff185d0,Business Account,PCB Business Current,269820,PCB Pietermaritzburg Branch,KwaZulu-Natal,2024-09-14,,Active,388871.52,367327.3,388898.79,0.1174,Fixed,ZAR,407648.2,2024-10-04
2e4141f9-28de-404a-b2f7-f98991831d6f,9460522459,3001ae7b-e598-4597-b01f-785b9e560f73,Cheque Account,PCB Prestige Cheque,168034,PCB Midrand Branch,Gauteng,2023-11-15,2024-09-19,Closed,2788.0,2532.88,2996.59,0.1221,Prime-linked,ZAR,19689.39,2024-09-19
dfb4c8d3-6244-4f66-8b9d-97a6b5333545,1891666140,4ba230a6-5e15-47e5-83ef-a692d23a7128,Credit Card,PCB Platinum Credit Card,532371,PCB King William's Town Branch,Eastern Cape,2024-11-24,,Active,-14661.54,34604.68,-14438.58,0.0335,Variable,ZAR,110277.89,2024-12-14
695f8d23-5fc7-4d3f-a8da-8ce7dec9e8c4,1551450565,c77092ad-e107-4373-89eb-0a50e994a500,Cheque Account,PCB Gold Cheque,569511,PCB Umhlanga Branch,KwaZulu-Natal,2023-06-05,,Active,16048.7,15157.28,16152.88,0.0276,Fixed,ZAR,175972.66,2024-07-14
42105b99-c95c-4d0c-b1d1-5f00f07901d9,9606223896,116ca17d-f098-4e6a-930e-690e65fb70eb,Cheque Account,PCB Plus Cheque,564322,PCB Richards Bay Branch,KwaZulu-Natal,2021-12-01,,Active,17089.91,15873.33,17530.48,0.0615,Variable,ZAR,42467.51,2023-02-24
825860d2-adf1-4ec3-a029-00f119e5666b,9295186727,802e7e56-190c-41fd-a9d0-3d2880dd2cc3,Business Account,PCB Business Current,484541,PCB Middelburg Branch,Mpumalanga,2024-10-28,,Active,403608.35,366396.65,403463.82,0.135,Variable,ZAR,251217.66,2024-12-15
4b095387-f55c-4197-9aca-a60ea7fe0287,8946564993,e99f7956-cc34-4de2-8510-ed7a366f6fa5,Savings Account,PCB Goal Saver,802749,PCB Durban Branch,KwaZulu-Natal,2020-03-04,,Active,69695.77,66480.28,69466.99,0.05,Prime-linked,ZAR,0.0,2023-07-05
0a49372a-29d5-4ed0-9f91-51a7e9d28aaa,9301471211,832d42ba-e77f-42ef-abf1-389ea7cf4842,Cheque Account,PCB Plus Cheque,339980,PCB Polokwane Branch,Limpopo,2024-07-20,,Active,27597.67,26597.46,27324.75,0.0585,Prime-linked,ZAR,54464.25,2024-12-15
b1ed7a83-1ba6-4a76-912e-28e2d00159aa,9786249435,ad3dff39-64c0-46e4-b8c4-a173a501b2a0,Savings Account,PCB PocketSave,872468,PCB Midrand Branch,Gauteng,2023-10-06,,Active,9428.67,9021.22,9543.93,0.0113,Variable,ZAR,0.0,2024-10-24
76c1d06b-0cdc-4ca7-a4e5-59ea44bd641d,9885511142,bc80fda9-a265-4cc7-a7a8-0b409e702e86,Savings Account,PCB PocketSave,680746,PCB Bellville Branch,Western Cape,2023-12-07,,Active,8377.75,8124.29,8172.24,0.1369,Variable,ZAR,0.0,2024-06-10
02c25d6d-c674-4198-a6f1-aa4e7c3148d1,3537309627,93c73736-9251-4422-849a-28d5d4bdc725,Cheque Account,PCB Plus Cheque,168034,PCB Midrand Branch,Gauteng,2020-01-26,,Active,10932.97,10874.27,11143.52,0.2097,Fixed,ZAR,139596.21,2020-09-18
d224f288-e178-4fbc-9be9-ff4b9e77c091,9173418640,12f2f83e-8dda-4197-ad36-0a7ffee58769,Cheque Account,PCB Prestige Cheque,140611,PCB Pinetown Branch,KwaZulu-Natal,2021-12-06,,Active,500.68,477.83,978.31,0.0533,Fixed,ZAR,7151.3,2024-09-06
4b1b6349-a418-4ad6-a483-5f8f7e720193,2885369993,93c73736-9251-4422-849a-28d5d4bdc725,Credit Card,PCB Standard Credit Card,916338,PCB Queenstown Branch,Eastern Cape,2024-11-05,,Dormant,-392806.85,-367513.34,-392435.91,0.0757,Variable,ZAR,135828.35,2024-11-07
bf8cac5f-dc55-4b58-9a74-a337e8826ca8,8720443400,eaf88bf2-93bd-40fc-bc6a-c6a64d63c873,Credit Card,PCB Platinum Credit Card,573404,PCB Sandton Branch,Gauteng,2022-12-10,,Active,-39663.02,-32168.95,-39221.22,0.1673,Variable,ZAR,24004.33,2023-07-21
ce3b2048-d780-4667-8f2d-1d51370a4d1f,1077304240,30a09d30-c046-45de-bf2e-c137e0b6d6f9,Savings Account,PCB Flexi Save,546901,PCB Centurion Branch,Gauteng,2022-09-06,,Dormant,6132.86,5850.85,6355.92,0.1142,Prime-linked,ZAR,0.0,2023-12-20
e005c774-3a06-4068-9d66-8c46212f1f37,9448111041,95c94f51-1c42-4219-bd5d-6d7d5f07f30b,Cheque Account,PCB Prestige Cheque,107945,PCB Brits Branch,North West,2022-03-24,,Active,15369.99,13836.04,15632.31,0.0935,Variable,EUR,133781.69,2024-02-10
05c2d473-e7b7-4f48-bfd6-00286365f4d2,1545714643,80078d77-7e19-49eb-a92c-2b332a8dd506,Cheque Account,PCB Prestige Cheque,569511,PCB Umhlanga Branch,KwaZulu-Natal,2024-11-06,,Suspended,5233.71,4786.33,5283.33,0.039,Prime-linked,ZAR,23810.56,2024-11-17
a1a7f607-ab51-4785-a764-df07dba95872,8570127091,7004ba49-cc98-4563-98c1-fb9294bc842a,Savings Account,PCB PocketSave,490038,PCB Richards Bay Branch,KwaZulu-Natal,2024-12-20,,Active,8415.69,8066.15,8874.08,0.0413,Variable,ZAR,0.0,2024-12-24
b47c51d6-3737-4e6a-8075-7131afe3b374,4266280363,82342e76-2880-4405-b49b-784e5cede8db,Credit Card,PCB Gold Credit Card,480828,PCB Polokwane Branch,Limpopo,2022-01-27,,Active,-369286.0,-117534.99,-369588.44,0.0074,Variable,ZAR,420498.38,2024-02-03
86dd6d6b-b94e-4ecb-b9ba-641e82e55abf,6164202426,7edc5bbc-c15d-4f7c-ac6b-6d1a88618009,Business Account,PCB Business Premium,399322,PCB Middelburg Branch,Mpumalanga,2017-04-25,2019-06-08,Closed,995297.34,906970.24,995340.42,0.2225,Prime-linked,ZAR,1090486.47,2019-06-08
620474d6-bdb4-40c8-8f4f-751c1bf03f0f,7154675273,f794df90-7eeb-476c-80ce-223f387b0ed7,Savings Account,PCB Goal Saver,878720,PCB Newcastle Branch,KwaZulu-Natal,2024-08-13,,Suspended,1904.6,1714.43,1925.65,0.1649,Variable,ZAR,0.0,2024-09-05
bd67de4a-83ef-4a06-8ae3-4462315f01c1,5674420102,7d4231d8-3c31-40d7-b590-408208c140a4,Business Account,PCB Business Current,676396,PCB Standerton Branch,Mpumalanga,2023-10-04,,Active,1450804.21,1446583.93,1450693.01,0.0567,Fixed,ZAR,1119982.25,2024-09-17
28b3768b-51b2-45a9-86a8-749ccb289296,3272154536,06d8b200-1ce9-464d-8b7a-2848f4a67a90,Savings Account,PCB SaveSmart,552168,PCB Mthatha Branch,Eastern Cape,2021-08-04,,Active,10761.38,10159.7,10987.22,0.0546,Fixed,ZAR,0.0,2023-01-02
d68580d2-e8fd-4e67-b022-18ba09b806a5,1716915573,1e1c0a15-403d-4187-8c88-eabcdf85a18b,Business Account,PCB Business Current,113766,PCB Johannesburg Branch,Gauteng,2023-07-01,,Active,2083310.08,2010474.89,2083171.51,0.2217,Variable,ZAR,2098051.28,2024-03-21
2d269844-d32d-48d0-acbd-011f5e84612a,7769729882,696dd856-e6af-4dd3-9595-cc197764d7c1,Credit Card,PCB Gold Credit Card,464938,PCB King William's Town Branch,Eastern Cape,2023-06-14,,Active,-63928.76,-52931.68,-63665.7,0.0952,Variable,ZAR,105334.71,2024-05-23
58cfc637-c6bb-4cf9-9a21-5c32cacfc945,7695851460,bc102d0c-3acf-4601-878f-8dfa75aa8f45,Cheque Account,PCB Gold Cheque,809957,PCB Klerksdorp Branch,North West,2024-10-12,2024-11-24,Closed,3240.44,3101.86,3232.81,0.1124,Prime-linked,ZAR,15383.16,2024-11-24
06aff4f4-4f29-485c-975b-32cf4fd5c019,3385415624,459d70ae-5ef9-4801-b372-a47c6f8b9336,Cheque Account,PCB Plus Cheque,916338,PCB Queenstown Branch,Eastern Cape,2018-12-16,,Active,8205.13,7951.92,8190.66,0.2247,Variable,ZAR,128870.53,2022-11-02
fb554d78-496b-4aa8-a3ba-4e9964a8a53f,2743938438,9c929fca-0c97-4d17-9ce5-7d14328fba3e,Savings Account,PCB Goal Saver,899614,PCB King William's Town Branch,Eastern Cape,2023-05-08,,Active,10986.2,10511.21,10977.59,0.0337,Variable,ZAR,0.0,2023-05-21
374775ef-2580-4a26-b9a2-66731a35b15e,5153308001,7f164959-ebef-49cb-89cd-6a303fdad6f3,Cheque Account,PCB Premier Cheque,980432,PCB Sandton Branch,Gauteng,2023-02-13,,Active,5935.28,5890.77,5659.22,0.0284,Variable,ZAR,35496.5,2024-08-04
c34ed0ba-35f6-4206-8604-5b06fa884818,4256189471,b3f61315-ace4-4dca-a992-df188b689d68,Savings Account,PCB Goal Saver,749513,PCB Ekurhuleni Branch,Gauteng,2023-08-02,,Dormant,17154.29,16839.63,16853.1,0.2188,Variable,ZAR,0.0,2024-01-09
878a8e8b-8428-4519-a4c2-64f889de0536,8831074656,1e1c0a15-403d-4187-8c88-eabcdf85a18b,Money Market,PCB Money Market 32-Day,906519,PCB Paarl Branch,Western Cape,2023-09-27,,Active,3038358.95,3011915.84,3038722.96,0.1204,Variable,ZAR,0.0,2023-11-15
5481ea05-db7d-4407-9dde-86db69b4d36d,9185074645,0efb1307-2e35-4775-952c-fccda5c4af82,Savings Account,PCB Flexi Save,862066,PCB Bellville Branch,Western Cape,2024-12-24,,Active,2210.14,2076.29,2022.01,0.1433,Prime-linked,USD,0.0,2024-12-25
0d64ba32-6289-489d-a8d4-5506c928b2db,3861765594,f72d813d-996f-430d-ae57-13eb80207635,Cheque Account,PCB Gold Cheque,602867,PCB Secunda Branch,Mpumalanga,2024-11-10,2024-12-24,Closed,20585.15,20530.06,20539.34,0.2115,Fixed,ZAR,532464.89,2024-12-24
6e15b18d-5760-4657-90ea-139762516cc3,4440112013,8faad975-760d-4b08-916c-7797fd6f153f,Savings Account,PCB Flexi Save,573404,PCB Sandton Branch,Gauteng,2017-03-11,,Active,2008.93,1972.47,1545.5,0.1536,Fixed,ZAR,0.0,2017-09-11
76baf578-8ae0-4531-9bb3-35ac331c3912,7725506600,f4c6ccdb-a51a-4510-86ba-88d159496887,Money Market,PCB Money Market Call,543745,PCB Bethlehem Branch,Free State,2022-07-31,,Active,284088.33,275407.94,284262.96,0.0176,Fixed,ZAR,0.0,2024-10-25
632749a2-8633-4106-a999-17d87b55fe91,1839534051,99bb606a-d40c-4df5-9890-d18086d5f335,Money Market,PCB Money Market Call,391431,PCB Durban Branch,KwaZulu-Natal,2024-09-06,,Active,456029.9,427735.53,455998.87,0.1512,Fixed,ZAR,0.0,2024-10-22
859e3cbc-9726-48e0-9be0-f893fdc0e59f,9439882247,65fe26e8-06a8-4528-96e9-13c2d67b977c,Cheque Account,PCB Prestige Cheque,423233,PCB Bellville Branch,Western Cape,2020-03-03,,Active,7857.13,7766.28,7692.77,0.1541,Variable,ZAR,20144.05,2024-11-04
55cab91b-9e73-4fca-9609-190764f147b3,6756680893,c7468853-ec6f-4a05-b929-c1121429714f,Cheque Account,PCB Prestige Cheque,878720,PCB Newcastle Branch,KwaZulu-Natal,2024-02-23,,Active,36166.31,35504.87,36503.0,0.096,Prime-linked,ZAR,69960.6,2024-12-19
2b31972f-83be-4b9b-a2be-b6ceb5b85ec7,3037028888,d289ca96-2681-47e6-97d3-3e049227ddd7,Business Account,PCB Enterprise Account,363296,PCB Centurion Branch,Gauteng,2024-11-09,,Active,345490.67,321766.96,345410.77,0.0188,Fixed,ZAR,622306.66,2024-11-30
118c485f-38f0-4302-bcae-f078c98bf47f,4561718844,bbbac18e-3bf9-43fa-9184-da720b7e6c0d,Savings Account,PCB Goal Saver,490038,PCB Richards Bay Branch,KwaZulu-Natal,2024-04-21,,Active,1662.25,1599.33,2130.48,0.1946,Variable,ZAR,0.0,2024-07-05
0b4607cd-928f-4e94-ace6-beef98db3fb5,9050936423,47e98437-1f5c-4443-b71e-a25ebc899c03,Cheque Account,PCB Gold Cheque,161496,PCB East London Branch,Eastern Cape,2020-05-24,,Active,10898.42,9935.32,10449.48,0.0892,Fixed,ZAR,25545.55,2023-02-21
9146f74f-a481-4916-a72d-4db06ede7ba1,8013738470,bb3745a9-3830-4172-8ac8-eec5251a31cf,Cheque Account,PCB Prestige Cheque,618895,PCB Brits Branch,North West,2021-07-06,,Active,15458.84,14657.7,15614.66,0.0902,Fixed,ZAR,71066.91,2024-10-12
7cbd06bb-c770-4620-a910-1ca2dad43ce5,9191036931,90ea58ca-5711-40f3-b12a-02f066ca42eb,Money Market,PCB Money Market 32-Day,459366,PCB Pinetown Branch,KwaZulu-Natal,2022-12-22,,Active,131285.55,126643.51,131413.91,0.1674,Variable,ZAR,0.0,2024-03-19
bc54121f-c66a-4623-b1dc-0646ff97fb82,3126674479,668aa1f6-0941-44cb-9c52-07b3cb7e79c7,Fixed Deposit,PCB Fixed 36M,571152,PCB Polokwane Branch,Limpopo,2022-03-16,,Active,8179.7,7657.4,7932.89,0.1754,Variable,ZAR,0.0,2023-06-12
519d4670-c7ec-4c63-947f-a447ebebfc33,7973925109,81d5c97c-f0ed-4d5e-b2dd-bb46d98a0f9f,Savings Account,PCB SaveSmart,555275,PCB Soweto Branch,Gauteng,2024-10-21,,Active,15681.38,14544.52,15860.61,0.1696,Prime-linked,ZAR,0.0,2024-12-10
180051f3-1c48-4db1-9fd9-fdd948a928b0,3254759331,b1adeca9-4aa9-4e7a-9c81-23e8dcd187dd,Cheque Account,PCB Premier Cheque,498978,PCB Paarl Branch,Western Cape,2023-07-03,,Active,8932.68,8213.84,8782.08,0.1269,Variable,EUR,15308.34,2024-11-07
c2dbdf40-29a6-4d68-ac3e-61548e45e789,3607743395,29de0f00-71e0-4673-9a83-7340a28f9433,Cheque Account,PCB Premier Cheque,156429,PCB Soweto Branch,Gauteng,2024-07-17,,Active,5710.68,5597.2,5744.36,0.2085,Fixed,ZAR,28197.2,2024-09-03
7df86fbf-e1c7-412f-bdba-e4e9ed2068cc,5420275358,7b6b59d2-c460-4e97-b24f-535647c53c9c,Savings Account,PCB PocketSave,361826,PCB Newcastle Branch,KwaZulu-Natal,2021-04-09,,Active,12955.82,12177.39,12758.76,0.1679,Fixed,ZAR,0.0,2022-10-27
d9be2a7f-c700-4db1-aa9c-28d4f4940f07,1938121407,8ccc0741-e1dc-4266-adac-1702b4237132,Cheque Account,PCB Gold Cheque,543745,PCB Bethlehem Branch,Free State,2017-12-23,,Active,18916.1,17085.8,19291.57,0.0242,Fixed,ZAR,23462.34,2022-04-23
a13fc3fe-c8ab-4091-9873-20d59416ac63,7584026064,1a7a1249-df24-4bdc-bfc9-0cd2d33e45f1,Cheque Account,PCB Premier Cheque,980432,PCB Sandton Branch,Gauteng,2023-04-24,,Active,4173.93,4154.78,4412.02,0.0361,Fixed,ZAR,26653.83,2024-10-03
ba8016de-86c1-4920-88db-bee7d0cd9b87,1160385771,a97c8ade-97f8-47e0-8d05-75fbfdef84b4,Credit Card,PCB Infinite Credit Card,878720,PCB Newcastle Branch,KwaZulu-Natal,2024-11-09,,Active,-119686.35,-100656.29,-119905.22,0.0989,Fixed,ZAR,48230.08,2024-12-29
2c9783b0-6e35-477f-b739-ea30011bdf7f,2135831237,9ff3b164-d84e-4657-873b-3852d2ffea37,Savings Account,PCB PocketSave,248770,PCB Soweto Branch,Gauteng,2024-12-31,,Active,3097.78,2817.92,2794.35,0.1774,Fixed,ZAR,0.0,2024-12-31
9059e1ec-5b90-4d2a-afb7-9b55918e8518,1299856594,1aac1299-dea3-4197-9a4c-c7957eb8ebec,Savings Account,PCB Goal Saver,921664,PCB Klerksdorp Branch,North West,2024-12-20,,Active,56.89,56.06,-389.42,0.2151,Variable,ZAR,0.0,2024-12-24
f51fab0c-b6f1-4627-96eb-f77a8e93c249,6977478491,9a9d31d4-f9f8-4cf1-9cd8-0ab438e86ec7,Credit Card,PCB Standard Credit Card,856625,PCB Bethlehem Branch,Free State,2024-04-30,,Active,-41048.04,-39120.04,-40743.85,0.0292,Variable,ZAR,42920.17,2024-05-29
cf90987a-b020-4699-bba1-7fed6d270a69,5388288110,8acfa629-f833-45b6-9bd2-7eaf52e81aff,Cheque Account,PCB Premier Cheque,935986,PCB Johannesburg Branch,Gauteng,2018-11-24,,Active,15759.7,15009.89,15893.55,0.0495,Variable,ZAR,49698.92,2021-07-17
01de3c60-2e63-48a4-86fc-9e6de54ab103,3534211575,22dbb7eb-1dd1-4d80-8cb9-73cf52e8c294,Business Account,PCB Business Current,618895,PCB Brits Branch,North West,2021-06-22,,Active,129547.52,123754.32,129702.82,0.0643,Variable,ZAR,237612.14,2024-06-07
ed910950-c85a-4010-8170-3428030ff375,2760482957,010cbbdf-ca53-421b-91d3-b182b9531708,Cheque Account,PCB Premier Cheque,856625,PCB Bethlehem Branch,Free State,2024-11-25,,Active,5063.69,4602.24,5232.37,0.1741,Prime-linked,USD,18140.44,2024-12-06
0cd482d5-2ae8-4a56-8ef9-001db416f1b2,3020547090,f794df90-7eeb-476c-80ce-223f387b0ed7,Money Market,PCB Money Market Call,188536,PCB Louis Trichardt Branch,Limpopo,2024-05-30,,Active,709003.13,657515.38,709363.85,0.1085,Variable,ZAR,0.0,2024-12-09
d3eaa91c-1214-441d-a281-0f3c971d81bb,8382101512,96a0dd93-d9ee-4528-9173-61228081da8c,Fixed Deposit,PCB Fixed 60M,462009,PCB Mafikeng Branch,North West,2018-11-10,,Active,127665.28,115992.81,127707.03,0.2123,Prime-linked,ZAR,0.0,2020-11-25
f22f270a-6581-4dfc-99bf-ccafa6313f55,9441296783,d2a252aa-3d52-420a-b18f-5c134e1fa217,Credit Card,PCB Standard Credit Card,126891,PCB Polokwane Branch,Limpopo,2024-10-08,,Active,-21500.73,-6333.18,-21747.18,0.1366,Prime-linked,ZAR,30829.35,2024-12-13
b9470222-7796-496c-a9bb-cadec97e7973,5333542812,052a0fcd-ee38-4e04-92e9-1ae87b732a42,Fixed Deposit,PCB Fixed 12M,951796,PCB Middelburg Branch,Mpumalanga,2024-12-24,,Active,442642.35,433475.16,443055.73,0.1146,Fixed,ZAR,0.0,2024-12-31
5d927ea6-081d-41ef-9bbb-a4551deedcb3,4807263862,91c9be29-eee1-4cde-a664-efe7e53212d5,Credit Card,PCB Standard Credit Card,809957,PCB Klerksdorp Branch,North West,2024-01-24,,Active,-21061.02,25785.91,-20807.18,0.1909,Variable,USD,74600.77,2024-03-24
f25c3826-87bd-4454-9763-21d1ba62b5b4,6589430553,c26b6bc3-c481-42a7-8ad7-be5e29997d59,Savings Account,PCB Flexi Save,391431,PCB Durban Branch,KwaZulu-Natal,2018-04-03,,Active,1196.18,1191.3,731.99,0.1051,Fixed,ZAR,0.0,2024-04-14
ed36ada2-4747-425d-bff5-54e4efd1adce,6210081924,9ea34091-686a-455c-b717-750778b00e4e,Cheque Account,PCB Premier Cheque,984479,PCB Queenstown Branch,Eastern Cape,2023-05-23,,Active,2285.43,2101.33,2013.43,0.1189,Fixed,ZAR,15614.33,2024-09-07
d969d6a9-844c-41eb-8b69-f96cbcb2879c,3058186378,3b306728-de33-45da-8613-34f78fd3ca6a,Fixed Deposit,PCB Fixed 36M,900529,PCB Stellenbosch Branch,Western Cape,2023-01-26,,Active,172994.72,161258.87,173362.7,0.1981,Fixed,ZAR,0.0,2023-06-07
a56157ba-04d4-4945-bfc4-66a72e4f0f5e,8670274993,b1adeca9-4aa9-4e7a-9c81-23e8dcd187dd,Cheque Account,PCB Plus Cheque,127939,PCB Port Elizabeth Branch,Eastern Cape,2024-10-30,,Active,3238.05,3199.94,3189.74,0.1962,Prime-linked,ZAR,10590.69,2024-11-14
bcfa774e-730f-45fa-b124-264b372b1739,9768802893,b3f61315-ace4-4dca-a992-df188b689d68,Savings Account,PCB Goal Saver,744089,PCB Soweto Branch,Gauteng,2023-09-12,,Active,2391.22,2214.42,1973.93,0.1133,Fixed,ZAR,0.0,2024-02-25
0456c68a-ad43-49b8-9935-81429a356927,9106599393,8fdd3db7-43ef-48c3-ae0d-b2a85bd42e81,Savings Account,PCB Goal Saver,459366,PCB Pinetown Branch,KwaZulu-Natal,2023-09-28,,Active,61762.91,58133.58,61286.86,0.2241,Fixed,ZAR,0.0,2023-10-15
e3db2750-f26e-4c8b-9584-43a53a2bfde4,1682700754,e0b5f00e-16ba-45c5-a3b3-a04b555efc7c,Credit Card,PCB Infinite Credit Card,834659,PCB Pietermaritzburg Branch,KwaZulu-Natal,2019-03-24,,Dormant,-77629.17,17425.19,-77509.86,0.1769,Fixed,ZAR,615178.53,2023-04-13
b07c43c7-2098-4836-9aba-2481010adbdd,6351046963,b0d6b70d-63ae-466a-bc5d-dcd27e6a5966,Cheque Account,PCB Plus Cheque,224413,PCB Newcastle Branch,KwaZulu-Natal,2020-12-01,,Active,753.74,708.66,876.19,0.0888,Variable,ZAR,13810.29,2021-01-13
25f97333-82c0-431c-9ab0-72f50092b65a,2988188496,974b6582-5a81-48d4-935e-a9de4753d206,Fixed Deposit,PCB Fixed 60M,459022,PCB Kroonstad Branch,Free State,2020-09-14,,Active,53682.7,53665.43,53427.53,0.1018,Variable,ZAR,0.0,2022-09-07
23daee00-7b68-4552-84d5-fde347167f98,5389420705,1bf46838-92d1-4b07-adc1-26f9bc1a6bdd,Credit Card,PCB Gold Credit Card,498978,PCB Paarl Branch,Western Cape,2021-01-18,,Dormant,-132378.75,53839.12,-132521.47,0.0256,Fixed,ZAR,296546.29,2021-01-26
6069612c-17ee-488b-8ac9-77aaac64b910,8964258553,943b547a-caaf-4494-a2d8-c22932b3d538,Savings Account,PCB PocketSave,178589,PCB East London Branch,Eastern Cape,2016-08-26,,Active,600.59,595.88,1047.96,0.0358,Prime-linked,ZAR,0.0,2024-06-02
b44f570d-ae9d-416f-9d38-762111c1a61a,6783560662,e2036727-9aa9-4d66-8e3c-ecf418907d7b,Fixed Deposit,PCB Fixed 24M,101296,PCB Johannesburg Branch,Gauteng,2022-07-27,,Active,182671.0,166696.67,182952.76,0.0122,Prime-linked,ZAR,0.0,2022-09-22
f1f96a19-a43f-4e51-93a9-806ab4b3ea30,4800944563,bf42d39f-94ef-4cfd-92e5-ae91fb8ea8b6,Cheque Account,PCB Premier Cheque,802749,PCB Durban Branch,KwaZulu-Natal,2024-03-30,,Active,6744.45,6127.18,6603.37,0.1714,Variable,ZAR,28315.39,2024-11-13
4365364b-ebe3-4794-a5d5-80c8112928d3,4564252545,eaf88bf2-93bd-40fc-bc6a-c6a64d63c873,Savings Account,PCB PocketSave,163238,PCB Midrand Branch,Gauteng,2021-04-28,,Active,9131.87,8372.99,8961.38,0.1546,Fixed,ZAR,0.0,2024-04-09
0b6c8ae8-5daa-4185-a91c-d8d4a46e2756,4738080919,e99f7956-cc34-4de2-8510-ed7a366f6fa5,Savings Account,PCB Goal Saver,462009,PCB Mafikeng Branch,North West,2020-11-02,,Active,1017.48,962.97,1003.5,0.1941,Variable,ZAR,0.0,2023-09-23
6f9d3a14-fb62-433d-8c4a-64c44506278a,2474441529,d652bd9c-9352-4d5f-a454-cdcd83f77bcb,Savings Account,PCB Flexi Save,274432,PCB Klerksdorp Branch,North West,2016-07-02,,Active,3013.17,2756.46,3100.05,0.196,Variable,ZAR,0.0,2022-02-27
133a60ae-5774-4c18-8c29-eefaf6a3236a,1176173914,c8e5d190-e13e-4704-b6a5-36344d58f206,Fixed Deposit,PCB Fixed 36M,266302,PCB Potchefstroom Branch,North West,2024-03-27,,Active,129657.73,120768.9,129931.74,0.1774,Fixed,ZAR,0.0,2024-05-06
b45ec370-5394-422e-b494-6ef0e37643c1,7242660355,f72d813d-996f-430d-ae57-13eb80207635,Credit Card,PCB Standard Credit Card,984479,PCB Queenstown Branch,Eastern Cape,2024-10-31,2024-12-16,Closed,-2190166.25,-1651877.27,-2189835.68,0.0772,Variable,ZAR,740710.53,2024-12-16
de4433ae-76ff-4e75-98be-668b6c98b75b,9720711916,0f56db33-98fd-4cf3-a1b3-5cbfb0f72301,Fixed Deposit,PCB Fixed 12M,544392,PCB Polokwane Branch,Limpopo,2024-06-11,,Active,160042.24,159803.89,160250.85,0.0697,Fixed,ZAR,0.0,2024-08-22
6cf53677-d492-4780-af89-984418406990,8948583108,120e15d6-f9c3-4220-8c64-351d4fe9fb53,Fixed Deposit,PCB Fixed 24M,389585,PCB Polokwane Branch,Limpopo,2023-02-20,,Active,155418.67,149089.68,155209.15,0.0572,Variable,ZAR,0.0,2023-03-19
306aea73-b984-4554-baa7-5edcc4a9be7f,8992688065,35467d6b-f1b1-4241-815d-df93767762c1,Savings Account,PCB Goal Saver,781673,PCB Thohoyandou Branch,Limpopo,2023-05-22,,Active,3658.84,3372.04,3760.17,0.181,Variable,ZAR,0.0,2024-06-02
fb96ea6f-09b4-47cd-9bb6-cb0b9ba39026,8627708051,413febb5-cfb1-4b7f-9add-063ad4816f97,Savings Account,PCB SaveSmart,944483,PCB Richards Bay Branch,KwaZulu-Natal,2022-08-24,,Active,1041.12,988.25,1252.93,0.1511,Variable,ZAR,0.0,2023-11-16
1e3fd8b5-de9f-4972-a590-176797535bb0,4753285114,7bebd5d3-e468-4e58-8ba1-a51e5494d51f,Cheque Account,PCB Premier Cheque,770919,PCB Pinetown Branch,KwaZulu-Natal,2023-10-12,,Active,2225.86,2125.25,2222.51,0.1135,Fixed,ZAR,59597.84,2024-08-01
0ee0fa22-f865-4a2b-ba1e-364375df7be0,8952243124,081f8c64-539d-4d69-9af4-6afab4860f5c,Savings Account,PCB Goal Saver,749513,PCB Ekurhuleni Branch,Gauteng,2024-01-11,,Active,44676.31,40747.55,44293.78,0.0527,Fixed,ZAR,0.0,2024-03-26
6d11515e-008c-4bc8-aa67-a74eb158b6c8,9856756094,3d86d943-61bb-4eb8-bc52-e8468a7b8ea8,Money Market,PCB Treasury Plus,224266,PCB Pinetown Branch,KwaZulu-Natal,2020-05-13,,Active,407055.79,396947.8,407151.93,0.1405,Variable,EUR,0.0,2023-02-17
3a110452-e114-47e9-83fd-63718fc0960b,4833737082,526d7d1c-ebad-40c5-9ff2-b568477570ad,Credit Card,PCB Platinum Credit Card,236301,PCB Pinetown Branch,KwaZulu-Natal,2024-09-15,,Active,-16093.9,86165.69,-15761.77,0.1302,Variable,ZAR,359804.83,2024-11-07
94152943-9ad0-42c4-98ac-24f6f0278c6a,1504284393,a97c8ade-97f8-47e0-8d05-75fbfdef84b4,Fixed Deposit,PCB Fixed 60M,480828,PCB Polokwane Branch,Limpopo,2024-12-18,,Active,82145.38,76578.02,81986.3,0.0978,Fixed,ZAR,0.0,2024-12-25
1d4f3525-bb8c-4d17-a6b3-61bc302120f7,4398327580,b821c31f-2e81-4027-8aca-b6593c5f836c,Business Account,PCB Business Premium,266302,PCB Potchefstroom Branch,North West,2022-04-05,2023-01-29,Closed,2951310.65,2942494.43,2950979.41,0.1041,Variable,ZAR,2996345.03,2023-01-29
d06d528d-2d06-49a3-af59-82457cca51dc,7001361216,35d4fecb-aeac-49eb-a349-ffa5fe6d0c3a,Cheque Account,PCB Prestige Cheque,189520,PCB Nelspruit Branch,Mpumalanga,2024-03-02,,Active,2221.63,2187.22,2497.44,0.0387,Fixed,ZAR,15774.59,2024-11-04
25ad2b4d-e5c8-4c9c-ad5d-1307f9915c0c,5738289404,f4be94ff-f06b-46a4-8cba-1a36fadcbac4,Savings Account,PCB PocketSave,325043,PCB Sandton Branch,Gauteng,2023-10-27,,Active,42527.25,38521.55,42844.29,0.2137,Prime-linked,ZAR,0.0,2024-03-16
d5ed29d1-efad-4a1e-bd86-b2bc3c2876dd,8863138232,a230f313-bffe-4fb1-884a-180392f85ad8,Business Account,PCB Enterprise Account,871734,PCB Newcastle Branch,KwaZulu-Natal,2024-11-26,,Active,32661.67,31471.03,32717.35,0.1789,Fixed,ZAR,30191.68,2024-12-18
fed69861-8ec4-4b55-b235-e1a07492e0c5,7075713553,bca80148-e7b8-4cd0-9ed4-29ebc0a69045,Credit Card,PCB Infinite Credit Card,322311,PCB Bellville Branch,Western Cape,2021-07-05,,Active,-6267.11,27877.6,-5797.25,0.0522,Prime-linked,ZAR,61164.54,2024-03-21
c45febec-908d-40c6-b5bc-8080e29a85fa,1393667326,a254cce0-f0f6-4979-bc16-bdd50b601ff9,Fixed Deposit,PCB Fixed 12M,555275,PCB Soweto Branch,Gauteng,2024-10-02,,Active,164254.06,154189.2,164512.69,0.0713,Prime-linked,ZAR,0.0,2024-12-15
c0d98d75-ec08-4f3b-a495-51327dbee602,9206469995,27b64371-9beb-43d4-b155-f5264a48d714,Savings Account,PCB Flexi Save,188536,PCB Louis Trichardt Branch,Limpopo,2020-01-13,,Active,3714.73,3448.18,3508.43,0.0225,Variable,ZAR,0.0,2022-02-09
3334a619-e719-4cbe-8bf4-c8c04a7fb1bf,6253035041,9730d667-2481-4b8e-9e5f-b736067f3107,Cheque Account,PCB Prestige Cheque,555275,PCB Soweto Branch,Gauteng,2024-10-31,,Active,148149.09,145798.33,148274.84,0.1324,Prime-linked,ZAR,118427.64,2024-11-14
1dd8ed36-6fe2-4d8d-a9d5-ef34c9c3e0f2,2804891141,b2c4e28e-9d78-40ad-a44e-e4272355ff8d,Cheque Account,PCB Prestige Cheque,878160,PCB Queenstown Branch,Eastern Cape,2024-01-09,,Active,2446.39,2295.68,2911.92,0.1965,Fixed,ZAR,41609.06,2024-12-22
ec4f5235-c485-47ab-9100-a624cb729e72,1336205289,fd250f7b-e79e-409d-82f0-7d0f61426f0b,Credit Card,PCB Platinum Credit Card,571152,PCB Polokwane Branch,Limpopo,2018-03-26,,Active,-16039.16,-14227.01,-16167.35,0.1727,Prime-linked,ZAR,54236.53,2024-12-05
3e1f00b0-580e-4765-9b00-8aa4a93425e3,4150649376,3e12b679-d262-4e5f-abb3-e50d983421e2,Credit Card,PCB Standard Credit Card,967977,PCB Stellenbosch Branch,Western Cape,2024-08-24,,Active,-23817.15,-18606.59,-24032.11,0.0123,Variable,ZAR,32210.97,2024-10-11
ebd1e0ad-b0c0-4348-bd7b-d1d0fd51ebdd,8027775577,c77092ad-e107-4373-89eb-0a50e994a500,Cheque Account,PCB Gold Cheque,146266,PCB Bellville Branch,Western Cape,2024-11-28,,Active,109020.43,103571.87,108562.99,0.2051,Variable,ZAR,116387.25,2024-12-13
f3525888-c0d2-45cd-91bf-462a78abaf5c,8541623304,79a9ad0b-9d69-468e-ac89-6261e5263044,Fixed Deposit,PCB Fixed 24M,389585,PCB Polokwane Branch,Limpopo,2023-12-10,,Active,596586.92,592841.31,596619.22,0.0515,Fixed,ZAR,0.0,2024-05-03
4f7f870f-a89b-4395-b590-50fb87f7c7ea,3335077543,27e72397-804b-4346-a95f-d29af20c2e6b,Cheque Account,PCB Prestige Cheque,525239,PCB Brits Branch,North West,2023-05-06,,Active,8626.47,7981.44,8399.44,0.1905,Prime-linked,ZAR,55290.35,2023-05-14
56ac8507-2f9a-49c6-b0c3-b644229ba08e,7359706904,91c9be29-eee1-4cde-a664-efe7e53212d5,Fixed Deposit,PCB Fixed 36M,984479,PCB Queenstown Branch,Eastern Cape,2024-04-06,,Active,140172.54,137571.02,139858.89,0.1735,Prime-linked,ZAR,0.0,2024-09-02
bb2a71a9-64b4-47d6-ad55-247b7829621b,8818691441,edc5cccc-59e5-4482-a422-e4b6dcc6aefc,Savings Account,PCB PocketSave,721540,PCB King William's Town Branch,Eastern Cape,2020-03-28,,Active,1258.34,1155.64,1065.29,0.1916,Prime-linked,ZAR,0.0,2022-11-01
3068900b-df9e-47aa-b905-5e0155b719a0,7332377394,a97c8ade-97f8-47e0-8d05-75fbfdef84b4,Fixed Deposit,PCB Fixed 60M,479398,PCB Midrand Branch,Gauteng,2024-11-09,,Active,267078.95,246116.04,266906.21,0.0254,Variable,ZAR,0.0,2024-12-14
fa84202b-30bd-4279-84ef-ef22b2e01501,9374639009,120e15d6-f9c3-4220-8c64-351d4fe9fb53,Savings Account,PCB Goal Saver,163238,PCB Midrand Branch,Gauteng,2023-06-16,,Active,1286.66,1208.25,955.42,0.0904,Prime-linked,USD,0.0,2023-09-14
176f28ed-50e4-4601-9094-9ae3c477c160,6699578205,bc80fda9-a265-4cc7-a7a8-0b409e702e86,Cheque Account,PCB Prestige Cheque,317285,PCB Johannesburg Branch,Gauteng,2019-05-26,,Suspended,386.64,355.97,503.24,0.0787,Prime-linked,ZAR,20462.36,2023-12-10
33d36d8e-1feb-46d4-96bc-7955163a6a9d,4259899045,fe7e677d-74e5-49b5-b656-0b6c8f1374bb,Business Account,PCB Business Premium,133956,PCB Newcastle Branch,KwaZulu-Natal,2024-09-18,2024-12-31,Closed,476764.3,447440.91,476274.54,0.0386,Variable,ZAR,341486.77,2024-12-31
f65943b2-2e4b-48a0-8a41-2e227b566f3b,4854193895,de2e10df-2de0-42e9-9e87-9ee6b625bb39,Cheque Account,PCB Prestige Cheque,391431,PCB Durban Branch,KwaZulu-Natal,2024-10-08,,Active,9403.53,8849.52,9294.0,0.1519,Prime-linked,ZAR,40424.1,2024-12-13
7eeed1d1-15ed-42e0-87ba-d1dbbd42faf6,3107305717,8ae8649d-15a3-4909-a8f1-1a3ee8cc2f3b,Credit Card,PCB Gold Credit Card,388842,PCB Sandton Branch,Gauteng,2023-08-12,2024-01-25,Closed,-21173.07,16441.52,-20900.96,0.1436,Variable,ZAR,154796.85,2024-01-25
cfe2387c-1abf-43c5-a533-828ad2a37f67,9509397347,a230f313-bffe-4fb1-884a-180392f85ad8,Money Market,PCB Money Market Call,786981,PCB Queenstown Branch,Eastern Cape,2024-11-21,2024-12-21,Closed,117145.43,114711.28,117131.4,0.1278,Fixed,ZAR,0.0,2024-12-21
922311b8-d838-46f8-94f2-0804e365a334,2050581388,d340fab8-3fed-45e5-8930-489b55f86261,Savings Account,PCB SaveSmart,878720,PCB Newcastle Branch,KwaZulu-Natal,2023-03-02,,Active,8812.88,8359.3,8804.82,0.0712,Fixed,USD,0.0,2024-01-30
0b4c092f-6158-472d-a1fe-68789363f7a8,9507891636,01137316-1352-488d-a263-adc17ec0076e,Fixed Deposit,PCB Fixed 36M,236301,PCB Pinetown Branch,KwaZulu-Natal,2023-09-25,,Active,66243.74,63693.08,66543.82,0.2007,Variable,ZAR,0.0,2024-08-29
a86e357c-e91b-45a8-af43-2d4a92ccefbc,9231579685,7004ba49-cc98-4563-98c1-fb9294bc842a,Fixed Deposit,PCB Fixed 60M,490038,PCB Richards Bay Branch,KwaZulu-Natal,2024-08-17,,Active,77689.23,72429.66,77243.34,0.0826,Variable,ZAR,0.0,2024-09-19
59821df4-6c7f-4bd1-ae20-af4a9419bd2a,9452990436,3fccfc5f-188c-4979-a61b-0201410be359,Savings Account,PCB Flexi Save,518002,PCB Ekurhuleni Branch,Gauteng,2024-09-22,,Active,1252.12,1198.99,1391.27,0.2119,Variable,ZAR,0.0,2024-10-19
98e9a634-68c1-42f2-b4d8-53a7c65f2bfa,9086608821,3d67fcbd-6beb-4aed-b77d-5e1e53dd0cb2,Money Market,PCB Money Market Call,484502,PCB Sandton Branch,Gauteng,2024-03-06,,Active,236111.61,227431.08,235718.98,0.2167,Fixed,ZAR,0.0,2024-06-12
b9a2e436-4646-413a-baf6-340f3f9ab231,7197967737,9ff3b164-d84e-4657-873b-3852d2ffea37,Savings Account,PCB Goal Saver,899614,PCB King William's Town Branch,Eastern Cape,2024-12-28,,Active,7451.49,7419.96,7243.33,0.0243,Variable,ZAR,0.0,2024-12-31
2d2c49ca-9e07-49c8-806d-d2e1541aaf65,7561341196,0f56db33-98fd-4cf3-a1b3-5cbfb0f72301,Fixed Deposit,PCB Fixed 60M,569511,PCB Umhlanga Branch,KwaZulu-Natal,2024-09-01,,Active,20850.65,20081.97,20401.36,0.0767,Variable,ZAR,0.0,2024-09-12
b9649289-5a10-4ab9-89f8-543ca04229b3,2372261439,a1dfb36c-cd18-4be2-bef0-9cfb5f7cdf0d,Fixed Deposit,PCB Fixed 12M,656843,PCB Bloemfontein Branch,Free State,2024-11-09,,Active,823607.35,771938.38,823342.78,0.0747,Prime-linked,ZAR,0.0,2024-12-14
c8592e2c-f782-4d5f-9d6e-f38386c3636d,9156326647,b3d39bd1-cd6f-46d9-a1c7-e921bcb43550,Business Account,PCB Enterprise Account,234430,PCB Nelspruit Branch,Mpumalanga,2024-01-13,,Active,314824.44,286098.56,315157.4,0.1611,Variable,ZAR,624402.76,2024-09-12
94b4e936-c3d5-42b0-b01a-24c62ac3a698,8642531128,4e2c4f0e-bb0a-431c-b54e-50a61aca98d4,Fixed Deposit,PCB Fixed 60M,802749,PCB Durban Branch,KwaZulu-Natal,2024-08-23,,Active,199025.55,195320.36,199015.52,0.135,Fixed,ZAR,0.0,2024-09-04
52973e09-5cc7-4418-af22-95f871ac3698,5168449475,005acb16-83f0-4423-a42f-150fbdebffc9,Credit Card,PCB Gold Credit Card,916338,PCB Queenstown Branch,Eastern Cape,2022-07-06,,Active,-119331.71,-100778.91,-118911.62,0.1687,Variable,ZAR,46126.95,2024-03-27
ec87679a-3375-4518-a0c0-646cc3731d25,7040567414,1be44988-6b94-488c-8b74-8099fcf311ad,Credit Card,PCB Infinite Credit Card,878160,PCB Queenstown Branch,Eastern Cape,2021-06-24,2024-10-24,Closed,-48091.98,-31473.35,-48063.24,0.0819,Prime-linked,ZAR,27553.57,2024-10-24
3a79952c-6d66-4132-9eb7-1d7be5ce8359,2245247655,d431baaa-bbd0-4a79-983a-6f5d7e41b0be,Cheque Account,PCB Plus Cheque,232626,PCB Pietermaritzburg Branch,KwaZulu-Natal,2024-09-20,,Active,7580.11,7221.51,7783.4,0.0823,Variable,ZAR,140133.88,2024-11-13
15db9ac9-bae2-45be-9e1d-a8065e69b6a3,2573162304,c9ca7a54-56dd-4c60-a8cf-de37d2a8a959,Cheque Account,PCB Premier Cheque,490038,PCB Richards Bay Branch,KwaZulu-Natal,2024-09-16,,Active,10150.15,10104.73,10592.33,0.0064,Variable,ZAR,62258.29,2024-11-16
cd32dfb4-ec0e-4834-ac80-7e0c93f762b6,7252503368,7c1c57bc-fea1-40c0-b55c-c843f9ddd24b,Business Account,PCB Business Current,949833,PCB Bellville Branch,Western Cape,2021-01-17,,Active,2169128.22,2006189.68,2169525.34,0.2202,Prime-linked,ZAR,1119832.57,2023-04-19
dc86b1dd-d29f-41f1-96b8-f5a9ed48378d,5482774002,426a3c34-1075-4848-b803-ece2f262acb4,Savings Account,PCB Goal Saver,178589,PCB East London Branch,Eastern Cape,2024-03-08,,Active,2983.59,2738.01,2593.82,0.2246,Fixed,ZAR,0.0,2024-05-26
362c127a-213a-473b-bf24-f0c58d9aa714,7072086306,9ec1fa1b-150e-4929-9302-27b04c992487,Savings Account,PCB PocketSave,462009,PCB Mafikeng Branch,North West,2021-11-23,,Active,7646.47,7180.35,7589.94,0.0598,Prime-linked,ZAR,0.0,2022-11-25
ab92a49b-6757-4856-8b46-fa9fb7727732,3191260289,209811af-6b34-4403-a553-a4aed09aaf0e,Business Account,PCB Business Premium,212239,PCB Pinetown Branch,KwaZulu-Natal,2020-03-31,,Active,2020810.06,1976016.02,2020711.77,0.204,Fixed,ZAR,1141461.87,2022-02-24
0eb05af3-846c-4c44-9ea5-ed6c21dfe1db,4840763375,27e72397-804b-4346-a95f-d29af20c2e6b,Cheque Account,PCB Prestige Cheque,304981,PCB Queenstown Branch,Eastern Cape,2024-03-30,,Active,26274.08,25082.05,26105.84,0.038,Prime-linked,ZAR,39474.91,2024-06-09
78b8f910-834a-45f3-9cde-a9af5b39c3c7,2348986811,4af379b7-a754-4e27-8034-84548f1160fc,Savings Account,PCB PocketSave,133956,PCB Newcastle Branch,KwaZulu-Natal,2020-02-26,,Active,2898.22,2715.91,2871.29,0.0176,Fixed,ZAR,0.0,2024-03-18
5fad1ecb-0595-4eb3-81a6-f0f75bd42444,7656594304,bc8c5479-2c80-4d0c-a1c8-dff8c7e77791,Fixed Deposit,PCB Fixed 12M,834659,PCB Pietermaritzburg Branch,KwaZulu-Natal,2024-10-25,,Active,533887.83,514868.25,534136.16,0.1902,Fixed,ZAR,0.0,2024-12-19
ca835f36-8814-405c-bb07-3420c94585a6,6940246930,92c7a67a-0282-45bd-b9e5-b0c203b7dba1,Money Market,PCB Money Market Call,480828,PCB Polokwane Branch,Limpopo,2022-12-09,,Active,291628.41,282319.43,292085.34,0.175,Variable,ZAR,0.0,2023-03-04
42a9b322-5b52-4704-9768-4af95a845da8,4947261191,b821c31f-2e81-4027-8aca-b6593c5f836c,Savings Account,PCB PocketSave,236664,PCB Centurion Branch,Gauteng,2022-12-23,,Active,17378.91,15689.96,17243.89,0.1801,Fixed,ZAR,0.0,2023-08-15
047a404a-6a69-4314-baed-d9745eb81881,7092855324,792cf5fa-6e6c-47f4-8b08-8b279135255f,Money Market,PCB Money Market Call,532613,PCB Upington Branch,Northern Cape,2018-12-05,,Active,4331942.91,4213835.37,4331724.79,0.1332,Prime-linked,ZAR,0.0,2019-11-05
dc6bbf72-474b-45ab-bdc1-79ee8b835f2b,3267798565,61f70e9e-9d2a-4b47-8dde-4eaa3aed22a6,Savings Account,PCB Flexi Save,101296,PCB Johannesburg Branch,Gauteng,2023-09-29,,Active,2055.3,1871.07,2136.98,0.0464,Variable,ZAR,0.0,2024-09-24
eafe49c0-9bf7-4fd2-b7aa-09b6344d100e,1105440729,5ab5c897-3eeb-45ec-b3b9-ee1be43e5652,Credit Card,PCB Standard Credit Card,544451,PCB Midrand Branch,Gauteng,2022-11-30,,Active,-109288.56,-71448.59,-109038.68,0.1775,Variable,ZAR,142756.39,2024-12-25
a1fba501-b2a1-4e54-baca-39fed9cb9147,3166485677,fc63c61d-1fe8-418c-8286-0f134014b2da,Cheque Account,PCB Plus Cheque,189520,PCB Nelspruit Branch,Mpumalanga,2021-04-14,,Active,7361.45,6791.07,7767.37,0.0761,Variable,ZAR,10222.9,2024-05-02
fd6e98fd-f49b-4d2a-a573-7915f5cf9c3a,9506273832,1bc35f30-4d58-4c03-9e0a-7fa17c008883,Cheque Account,PCB Premier Cheque,711800,PCB Queenstown Branch,Eastern Cape,2020-01-03,,Active,3727.98,3645.46,3512.41,0.1754,Prime-linked,ZAR,20615.52,2021-04-06
60d5ca92-f3b4-450a-af76-aaef28bca857,4738813260,8f737087-08dc-4f04-8ac2-54f2df51532c,Cheque Account,PCB Gold Cheque,304981,PCB Queenstown Branch,Eastern Cape,2018-09-29,,Active,9311.87,9017.89,9520.54,0.086,Fixed,ZAR,117224.63,2020-11-29
43df7783-cc8a-40ac-a068-1df4325a4289,2928325698,09e0935e-269c-4f51-8b7a-017b90623e9f,Cheque Account,PCB Plus Cheque,681898,PCB Centurion Branch,Gauteng,2021-05-29,,Active,945.81,860.71,565.33,0.1746,Fixed,ZAR,56418.0,2022-09-18
68e6731c-dc19-49cd-b0b4-34cdf48d7bbf,4517213563,d2a252aa-3d52-420a-b18f-5c134e1fa217,Fixed Deposit,PCB Fixed 24M,828299,PCB Pietermaritzburg Branch,KwaZulu-Natal,2023-04-17,,Active,157471.66,157302.79,157938.32,0.0643,Variable,ZAR,0.0,2023-08-08
bf1b90a8-c752-4312-8b2c-867c97a781ba,4704874863,6a2a6c9d-bc95-4782-9f4c-bb6fda12996e,Cheque Account,PCB Premier Cheque,862066,PCB Bellville Branch,Western Cape,2024-01-08,,Active,4918.26,4612.15,4970.06,0.1546,Fixed,ZAR,37554.62,2024-05-01
09583ae5-4e4e-48d3-ad15-282028d75c69,7203864779,ee6f77ce-459c-42e0-aee7-42d3ef45e6e5,Cheque Account,PCB Prestige Cheque,917070,PCB Cape Town Branch,Western Cape,2018-06-19,,Active,38140.76,34934.77,38179.84,0.0888,Fixed,ZAR,220040.9,2023-07-22
28557b72-bf6c-4a63-8a60-d0e3a9d17ce5,9835629399,04485172-9859-4d78-ab90-1473d401724d,Credit Card,PCB Standard Credit Card,459022,PCB Kroonstad Branch,Free State,2018-07-05,,Active,-197846.77,-56285.28,-197378.9,0.1753,Variable,ZAR,191429.5,2018-11-07
4d81ed0c-eb07-4b75-82da-a7d853f1266e,1812627108,526d7d1c-ebad-40c5-9ff2-b568477570ad,Savings Account,PCB Goal Saver,212619,PCB Centurion Branch,Gauteng,2023-09-14,,Active,81071.24,78127.68,81396.55,0.0235,Prime-linked,ZAR,0.0,2024-07-20
699cd23b-fb1d-4f45-8f13-ec500d08a994,8802329512,4899ed45-9c58-43fc-a9b1-110f1e0da786,Credit Card,PCB Standard Credit Card,718788,PCB Newcastle Branch,KwaZulu-Natal,2024-08-27,,Active,-205571.0,52391.59,-205427.42,0.0111,Fixed,ZAR,686448.81,2024-11-26
ecdfd368-772e-4794-b717-817bcffd90b0,4556381817,e4058409-133d-4f37-90a4-b3078d106b2c,Savings Account,PCB Goal Saver,878160,PCB Queenstown Branch,Eastern Cape,2020-09-04,,Dormant,3771.76,3626.28,3975.97,0.1813,Variable,ZAR,0.0,2022-08-31
9acc82b7-4871-43d0-8b57-55fbe0e43b91,9010132587,e6e7d099-6377-4f56-9c78-3074a614ae39,Money Market,PCB Treasury Plus,232626,PCB Pietermaritzburg Branch,KwaZulu-Natal,2024-07-12,,Active,862836.81,782472.56,862705.42,0.0097,Prime-linked,ZAR,0.0,2024-10-17
c7ad3bc6-1a1d-46cb-b151-51e2ba30a457,6077887431,f59ba850-c93d-46d4-b851-b4a1cdf0a89c,Cheque Account,PCB Plus Cheque,681898,PCB Centurion Branch,Gauteng,2023-10-04,,Active,31678.17,31108.2,31190.52,0.1234,Prime-linked,ZAR,201034.27,2024-05-08
bb4e9386-ef76-46a3-8bf2-2ba2575c38a8,8119544038,d0cf3d14-3b43-44c8-a21f-c8180ff47b4d,Savings Account,PCB SaveSmart,162283,PCB Welkom Branch,Free State,2020-07-16,,Active,19378.85,18096.67,19038.97,0.0107,Fixed,ZAR,0.0,2024-01-30
d782544d-87f6-418f-a429-ba767cf786ca,4384208519,d2367ea1-c1ad-4362-85ba-3f1645a7dde8,Cheque Account,PCB Plus Cheque,339980,PCB Polokwane Branch,Limpopo,2021-01-10,,Active,6824.21,6474.45,7189.32,0.1677,Fixed,ZAR,16693.25,2024-06-04
d4541ff3-80f5-49ab-84dd-7af86c942d05,8102503693,00a189c0-4f82-4e48-80fd-1cbd70ae9eee,Money Market,PCB Money Market 32-Day,303060,PCB Johannesburg Branch,Gauteng,2024-12-31,,Suspended,887638.02,881601.8,887416.36,0.1308,Variable,ZAR,0.0,2024-12-31
c8e70fec-2e9c-4c42-9900-ec9771b1633f,3265087010,65fe26e8-06a8-4528-96e9-13c2d67b977c,Savings Account,PCB SaveSmart,871734,PCB Newcastle Branch,KwaZulu-Natal,2021-11-28,,Active,4821.39,4400.79,5316.05,0.1149,Prime-linked,ZAR,0.0,2022-11-07
c919cbe2-d659-41b9-b8fb-1dbd6ed2e4a3,1213685357,c8e5d190-e13e-4704-b6a5-36344d58f206,Savings Account,PCB Goal Saver,269737,PCB Soweto Branch,Gauteng,2022-04-28,,Active,4714.3,4399.87,4738.18,0.1073,Variable,ZAR,0.0,2024-09-15
fe3f5539-54c8-4882-b8d6-d90957fceb22,7713756097,f8d83d78-b82a-4c81-b612-0515b0350694,Cheque Account,PCB Premier Cheque,269737,PCB Soweto Branch,Gauteng,2019-05-29,,Active,14717.91,14520.5,14603.61,0.0335,Variable,ZAR,177352.8,2019-12-30
f96e38a6-ee30-40e9-90d6-8949a476ce63,7403182469,cb99875a-50db-48ce-b53a-ee02b61fd057,Savings Account,PCB Flexi Save,571152,PCB Polokwane Branch,Limpopo,2021-01-01,,Active,18988.45,17742.74,19223.7,0.2049,Variable,ZAR,0.0,2023-06-08
32ff6d97-edec-4ca5-91ad-2ccdde3d2478,4510858531,52347243-9079-4ddd-b580-f6bf33305faa,Cheque Account,PCB Gold Cheque,680746,PCB Bellville Branch,Western Cape,2020-01-21,,Active,1582.35,1488.26,1472.69,0.1806,Variable,ZAR,40992.17,2023-05-19
2f40bed9-acd6-44b5-b602-97d39a9dc3a7,8142082313,01137316-1352-488d-a263-adc17ec0076e,Credit Card,PCB Gold Credit Card,169224,PCB Pietermaritzburg Branch,KwaZulu-Natal,2021-05-21,,Active,-32294.94,163089.63,-31824.01,0.086,Variable,ZAR,231415.75,2024-07-29
c7a26d51-be7b-4143-a7b3-7c7a10125a9f,5749549430,b821c31f-2e81-4027-8aca-b6593c5f836c,Cheque Account,PCB Premier Cheque,131962,PCB Polokwane Branch,Limpopo,2022-07-15,,Active,109182.82,101865.18,108857.53,0.0149,Fixed,ZAR,165830.56,2023-07-15
479a04c4-00d2-4b82-a752-6d70cadc6f32,3366512931,0ebc03c1-6701-445a-b1f1-b2a9bda64229,Credit Card,PCB Infinite Credit Card,838516,PCB Soweto Branch,Gauteng,2024-12-23,,Active,-110147.43,35558.08,-110008.47,0.0466,Variable,ZAR,277565.39,2024-12-24
b7e5bb5e-d79a-4d20-a70f-c0b800bcdcb1,3607959128,1665e346-afc9-4443-aaaf-51e2aca1f94a,Cheque Account,PCB Plus Cheque,809957,PCB Klerksdorp Branch,North West,2024-10-03,,Active,10363.36,10091.69,10312.63,0.2207,Fixed,ZAR,44165.69,2024-11-29
d36f7561-d063-41e9-a7df-7eb7c9698dc9,3306599217,eaf88bf2-93bd-40fc-bc6a-c6a64d63c873,Cheque Account,PCB Premier Cheque,127939,PCB Port Elizabeth Branch,Eastern Cape,2021-09-19,,Active,5157.7,4813.85,5602.82,0.149,Variable,ZAR,38861.13,2022-12-05
b111c3c9-1590-4e05-aa4a-f23ada39d8e4,9934621789,7004ba49-cc98-4563-98c1-fb9294bc842a,Money Market,PCB Money Market 32-Day,107945,PCB Brits Branch,North West,2024-09-06,,Active,304183.18,286228.63,304434.91,0.044,Prime-linked,ZAR,0.0,2024-12-13
e9abe7d2-8526-4438-a0b1-7cbfc8f7739f,5933645448,4a035d91-94df-4696-9323-c122be95d715,Savings Account,PCB PocketSave,944483,PCB Richards Bay Branch,KwaZulu-Natal,2024-02-15,,Active,103.83,96.59,495.89,0.0987,Prime-linked,ZAR,0.0,2024-04-18
6073c2e8-c74c-4def-87df-2df7289638d2,1161369282,b4ebc28f-526a-45ea-823c-588724471955,Cheque Account,PCB Prestige Cheque,117918,PCB Durban Branch,KwaZulu-Natal,2022-08-21,,Active,22560.26,21277.49,23022.42,0.1315,Fixed,ZAR,150612.62,2023-09-03
54e7453d-5075-4b60-bfd5-2259f604822e,8657614485,d29864d0-31fd-4f9f-883a-7f503b38f90f,Cheque Account,PCB Plus Cheque,744089,PCB Soweto Branch,Gauteng,2022-01-25,,Dormant,3333.35,3173.89,3050.1,0.0756,Prime-linked,ZAR,32190.54,2022-10-23
118e3033-0577-4e16-b669-000c93ad03e1,7403623109,aabcc99d-15c7-42bc-969c-dae285cb001e,Cheque Account,PCB Premier Cheque,542981,PCB Bethlehem Branch,Free State,2018-03-07,,Active,5236.17,4794.71,4914.11,0.1567,Fixed,ZAR,87614.84,2019-09-14
0652b4bd-9069-4a36-a4aa-427475522de4,6140937846,1bf46838-92d1-4b07-adc1-26f9bc1a6bdd,Money Market,PCB Money Market 32-Day,398889,PCB Louis Trichardt Branch,Limpopo,2024-11-03,,Active,198976.78,195269.91,198634.42,0.135,Variable,ZAR,0.0,2024-12-10
c335b617-914e-4994-ba79-866d351ece25,7148251964,dcfecbca-5653-435d-87a6-aafd3d6ffb52,Cheque Account,PCB Premier Cheque,339980,PCB Polokwane Branch,Limpopo,2024-01-21,,Active,4786.05,4512.96,4451.25,0.0331,Prime-linked,ZAR,17061.03,2024-03-03
2a6f29ca-3f12-4fb0-87b9-f7a45a129e2d,3784739035,31e7d721-e2e5-4bc2-8b0f-1c16bf58e45e,Fixed Deposit,PCB Fixed 12M,744089,PCB Soweto Branch,Gauteng,2023-02-18,,Active,1139639.47,1108082.51,1139860.69,0.1907,Variable,ZAR,0.0,2024-12-08
4f90f106-150d-43d6-b394-7e17bd1146f4,7264983500,927f9c91-979b-412b-838d-69e9b4cacaa7,Cheque Account,PCB Premier Cheque,339286,PCB Pinetown Branch,KwaZulu-Natal,2024-09-03,,Active,122056.08,113600.97,122051.03,0.1112,Fixed,ZAR,201784.2,2024-09-13
8cf91523-cc24-4fa9-a1dc-159a385b5f9c,2502131186,b3d39bd1-cd6f-46d9-a1c7-e921bcb43550,Savings Account,PCB PocketSave,799348,PCB East London Branch,Eastern Cape,2021-12-31,,Active,5844.72,5310.15,6014.04,0.0516,Variable,ZAR,0.0,2023-02-26
269882de-edc5-44f8-946b-bb4c37f46f1e,9805386623,106cb973-661a-496e-a060-9e09a57efbb5,Cheque Account,PCB Plus Cheque,850437,PCB Tzaneen Branch,Limpopo,2023-12-19,,Active,65633.38,62384.83,65165.04,0.1343,Variable,ZAR,249041.32,2024-03-08
34399c76-aff9-459e-8c62-d4885a04dd72,8059431874,ba099f63-97fe-4ebb-a93d-48ccaac8e11d,Money Market,PCB Money Market 32-Day,984479,PCB Queenstown Branch,Eastern Cape,2024-04-12,,Active,221465.22,204031.09,221345.76,0.1594,Prime-linked,ZAR,0.0,2024-11-28
01b0362d-4cb2-4bf7-87b4-4f147e3861e7,8692250071,1be44988-6b94-488c-8b74-8099fcf311ad,Cheque Account,PCB Prestige Cheque,322311,PCB Bellville Branch,Western Cape,2024-03-04,,Active,507.38,494.36,206.85,0.0271,Prime-linked,ZAR,39558.49,2024-09-13
1211cbca-086c-4f2d-b988-c4193144dd2d,9228597317,19c5ba73-e18f-49a2-a104-e01ab37e74f4,Savings Account,PCB SaveSmart,358051,PCB Centurion Branch,Gauteng,2023-04-20,,Active,1894.88,1793.1,1719.39,0.0929,Fixed,ZAR,0.0,2023-12-09
a55ec68a-8b91-4906-9818-2bdd327dfefb,7330538173,7485cdbb-65ba-42a2-a49c-9f40d2f7a197,Cheque Account,PCB Premier Cheque,963495,PCB Bethlehem Branch,Free State,2020-10-23,,Active,11729.38,10888.55,11245.02,0.0371,Fixed,ZAR,212561.02,2024-02-19
46c2a66e-1fbc-4515-8b68-46d80b2873eb,4434669423,a6f2e94d-f410-4243-a848-ecf52b593958,Money Market,PCB Treasury Plus,128355,PCB Thohoyandou Branch,Limpopo,2019-12-05,,Active,1776598.13,1627098.55,1776248.38,0.2076,Prime-linked,ZAR,0.0,2020-07-10
