card_transaction_id,transaction_date,posting_date,account_id,customer_id,card_brand,card_type,card_last_four,transaction_type,amount,currency,exchange_rate,amount_zar,merchant_name,merchant_category_code,merchant_category_name,merchant_city,merchant_country,is_international,authorization_code,status,is_contactless,is_chip
b600cdd2-a0d0-42bd-94be-88493bd66e3d,2021-10-16,2021-10-17,eb488e77-92b6-4933-ba76-67a314f849d7,d008e9b4-a86d-491e-bb43-dcf5c491c1cc,Visa,Debit,8744,Contactless Payment,4482.35,ZAR,1.0,4482.35,Spar,5945,Hobby & Toy Shops,Martinton,ZA,False,AUTH598231,Reversed,True,True
3ee2defb-306c-4f63-b422-07f30aaaa58c,2019-04-08,2019-04-08,9c7e2c81-a85b-4300-a99b-6edfbfd42cfe,2b230825-6b17-4ffe-9620-5f77ec1c9594,Visa,Debit,8956,Purchase,6094.23,ZAR,1.0,6094.23,Vodacom,4111,Transportation,Rustenburg,ZA,False,AUTH929979,Approved,False,True
2c47763d-8ce0-4503-ae0d-ea615d262602,2018-10-08,2018-10-08,88fcd419-afb8-498a-8393-2030dc1539b7,96a0dd93-d9ee-4528-9173-61228081da8c,Mastercard,Debit,6914,Online Purchase,5017.43,ZAR,1.0,5017.43,Virgin Active,4816,Online Services,Benoni,ZA,False,AUTH716230,Approved,False,True
8d08f64b-a5ea-4ed4-8455-d73096c54e28,2017-03-30,2017-04-01,f75c54cf-e16c-4fc0-b3ae-a93a591a7503,4ea440d8-ce17-45ae-9037-e5677b3c173e,Mastercard,Credit,3593,Contactless Payment,1024.39,ZAR,1.0,1024.39,Dischem,5411,Grocery Stores,Kathu,ZA,False,AUTH667894,Approved,True,True
258cc39f-8205-461a-a9e3-9259abd78090,2016-03-09,2016-03-11,8fd4a71b-f5a9-4402-8203-5dcbcb3e2d8b,97ddac20-2ab1-412a-aa23-deabd20e4497,Mastercard,Credit,1765,Cash Advance,4240.35,ZAR,1.0,4240.35,BP SA,5661,Shoe Stores,Mahikeng,ZA,False,AUTH796932,Approved,False,True
7b78bbec-ab5a-4f32-8ad1-99b2a67b628e,2023-08-04,2023-08-05,2e9fadba-1c18-4053-b20a-30f32b47e2c1,5695af93-72f8-45b0-8581-09cf6b0fd54d,Mastercard,Credit,4787,Purchase,13902.66,ZAR,1.0,13902.66,Pioneer Foods,5621,Women's Clothing Stores,Randfontein,ZA,False,AUTH627629,Approved,False,True
95a7ba48-7ca1-469d-871c-c415e772f7d0,2016-03-21,2016-03-21,2f40bed9-acd6-44b5-b602-97d39a9dc3a7,01137316-1352-488d-a263-adc17ec0076e,Mastercard,Debit,3841,Purchase,6407.11,ZAR,1.0,6407.11,Eskom,5999,Retail Stores,Stellenbosch,ZA,False,AUTH186394,Approved,False,True
67a337de-c314-4692-8b06-5d1a0cff715f,2021-12-30,2022-01-01,2d1a95ad-70c8-4da0-9425-cbcf269d5d92,1e1c0a15-403d-4187-8c88-eabcdf85a18b,Mastercard,Debit,7194,Purchase,9903.77,ZAR,1.0,9903.77,Pioneer Foods,4111,Transportation,eGoli,ZA,False,AUTH597294,Approved,False,False
8dd4b0f0-9a22-4013-8df7-a6a6d01e8712,2020-01-26,2020-01-27,bf8cac5f-dc55-4b58-9a74-a337e8826ca8,eaf88bf2-93bd-40fc-bc6a-c6a64d63c873,Visa,Debit,1747,Chargeback,8852.58,ZAR,1.0,8852.58,Planet Fitness,4814,Telecommunications,Kathrynview,ZA,False,AUTH579097,Approved,False,True
aaebc61a-5c31-4a4c-8878-24813b4998fe,2016-03-18,2016-03-18,199fc55c-040a-4422-82b2-ea48bcd49d87,01137316-1352-488d-a263-adc17ec0076e,Visa,Debit,8708,Purchase,7779.07,ZAR,1.0,7779.07,Steers,5621,Women's Clothing Stores,Paarl,ZA,False,AUTH797850,Approved,False,True
cefa07b3-9921-4251-bf23-f04628b29449,2024-12-24,2024-12-24,35546f62-b8a6-4c44-8732-216de4b3c1b0,5136d8b2-a93b-41aa-92f7-db3139d0a2d3,Mastercard,Debit,2050,Purchase,5492.28,ZAR,1.0,5492.28,Naspers,5411,Grocery Stores,North Russell,ZA,False,AUTH986293,Approved,False,True
715c668b-e24b-4156-a910-01532c9102b0,2023-04-16,2023-04-17,5d927ea6-081d-41ef-9bbb-a4551deedcb3,91c9be29-eee1-4cde-a664-efe7e53212d5,Visa,Credit,1129,Purchase,887.51,ZAR,1.0,887.51,Amazon SA,5621,Women's Clothing Stores,Vereeniging,ZA,False,AUTH916672,Approved,False,True
21e3d2cd-f8ac-4594-afff-dfa07b40fe13,2018-06-12,2018-06-13,e3d96443-c719-4a01-9d3f-aa8b4640df6c,106cb973-661a-496e-a060-9e09a57efbb5,Visa,Debit,9621,Online Purchase,8951.17,ZAR,1.0,8951.17,Telkom,5541,Service Stations,Joycetown,ZA,False,AUTH186544,Reversed,False,True
8d1d81ab-3581-42ef-a6f6-74c12bd642e6,2021-02-11,2021-02-12,8d039ef6-8817-4daf-8557-6afd37468d93,3b306728-de33-45da-8613-34f78fd3ca6a,Visa,Debit,1507,Purchase,6454.92,ZAR,1.0,6454.92,Gym Company,5734,Electronics Stores,Witbank,ZA,False,AUTH369266,Approved,False,True
c03b1ff6-bd6b-4227-8eaa-575937546428,2023-04-09,2023-04-11,f51fab0c-b6f1-4627-96eb-f77a8e93c249,9a9d31d4-f9f8-4cf1-9cd8-0ab438e86ec7,Mastercard,Credit,4273,Contactless Payment,9089.97,ZAR,1.0,9089.97,Netflix SA,5541,Service Stations,Paynefurt,ZA,False,AUTH117257,Approved,True,True
5bb54471-f2df-4015-abd6-feceb33237f5,2017-07-26,2017-07-28,3a159030-051f-4e9c-b8f5-ecff7e5cddbc,95c94f51-1c42-4219-bd5d-6d7d5f07f30b,Visa,Credit,2432,Purchase,7085.91,ZAR,1.0,7085.91,Debonairs,5661,Shoe Stores,Boksburg,ZA,False,AUTH169440,Approved,False,False
3fc0b1a8-99c9-4c09-a2b6-aba87804fb05,2019-05-07,2019-05-07,3c8fb798-c3b6-409f-9971-2b15000eae45,96a0dd93-d9ee-4528-9173-61228081da8c,Mastercard,Credit,7364,Contactless Payment,2290.49,ZAR,1.0,2290.49,Superbalist,4814,Telecommunications,North Laura,ZA,False,AUTH275257,Approved,True,True
9abbd7e0-8660-4cd0-ae35-8fdd40cf9790,2020-04-24,2020-04-25,8204bddf-d38e-4c7d-840f-54335762aae3,056217c6-c731-4f79-b30f-c0d7ac911f00,Mastercard,Debit,7542,Purchase,10920.55,ZAR,1.0,10920.55,Amazon SA,5999,Retail Stores,West Dale,ZA,False,AUTH121220,Approved,False,True
b17c22b9-34a1-4565-9aa4-50b7b6e4715d,2020-07-30,2020-07-31,c9b07011-12b8-43f6-9ef8-d9b8b4500878,f08a0cb8-0801-4ed0-bad6-d7251ed2fea2,Visa,Credit,6638,Contactless Payment,5177.02,ZAR,1.0,5177.02,Checkers,5621,Women's Clothing Stores,Port Alexander,ZA,False,AUTH778780,Declined,True,False
78b413f3-2043-4f83-a8f9-858b561d75dd,2015-02-07,2015-02-07,4beec51d-b1b6-43b8-9476-6cc885b51c37,1bf46838-92d1-4b07-adc1-26f9bc1a6bdd,Visa,Debit,1064,Purchase,612.04,ZAR,1.0,612.04,Telkom,5411,Grocery Stores,Stellenbosch,ZA,False,AUTH294072,Approved,False,False
4a931c3a-ce57-401d-8559-cba99089d2e7,2021-11-24,2021-11-24,f75c54cf-e16c-4fc0-b3ae-a93a591a7503,4ea440d8-ce17-45ae-9037-e5677b3c173e,Mastercard,Debit,1076,Purchase,1812.53,ZAR,1.0,1812.53,Virgin Active,5999,Retail Stores,Krugersdorp,ZA,False,AUTH142080,Approved,False,True
272d4b0b-1a58-4d9e-a623-622816e31d33,2016-10-30,2016-10-30,52a4cc24-f574-4f97-8a7f-81182feb1bca,69a41e41-6acb-4658-847d-8f0ff4992a00,Mastercard,Debit,4660,Purchase,11964.1,ZAR,1.0,11964.1,Debonairs,5541,Service Stations,Bethlehem,ZA,False,AUTH466136,Approved,False,True
4193a254-fb41-4862-bb31-01d70c3cb79a,2022-02-12,2022-02-13,fed69861-8ec4-4b55-b235-e1a07492e0c5,bca80148-e7b8-4cd0-9ed4-29ebc0a69045,Visa,Debit,5809,Online Purchase,5115.72,ZAR,1.0,5115.72,Truworths,4814,Telecommunications,Lake Geoffrey,ZA,False,AUTH775545,Approved,False,True
15c316eb-524f-4738-92cb-4373c9c38a88,2016-05-30,2016-05-30,eb97036f-6a6f-4120-a2eb-224c81d759fa,77595890-46d2-4f84-ba33-d6e12b874937,Visa,Credit,6353,Purchase,8987.48,ZAR,1.0,8987.48,Mr Price,5411,Grocery Stores,North Jessicaview,ZA,False,AUTH127225,Approved,False,True
3d911a05-8fb4-4ee7-be28-cb18f366748b,2024-10-12,2024-10-13,5137b34d-8625-47ad-87b4-3444074f3fc3,b4ebc28f-526a-45ea-823c-588724471955,Visa,Credit,6985,International Purchase,20731.23,GBP,24.8553,515280.94,MTN,5541,Service Stations,Boksburg,FR,True,AUTH228220,Approved,False,True
9162543c-18f8-4938-95cc-d0a37893b282,2024-08-19,2024-08-19,f2565d0e-f8d4-42d3-abea-5f571338fc08,f1584ac8-e703-493b-b684-5079521cb443,Mastercard,Credit,3036,Contactless Payment,7669.43,ZAR,1.0,7669.43,Total SA,5661,Shoe Stores,North Aliceton,ZA,False,AUTH576155,Approved,True,True
aa74e619-14d0-46a3-a7bb-ef1658443933,2018-06-27,2018-06-29,0fe356f8-f46a-4f49-ae78-2a7ccbdd02f4,19720c0b-051e-47ea-b902-9b819c88f5ca,Mastercard,Debit,3492,Purchase,7232.18,ZAR,1.0,7232.18,Edgars,5912,Drug Stores & Pharmacies,Springs,ZA,False,AUTH400266,Approved,False,True
7492d578-6f8d-4479-ae8b-3a7818cf0c35,2020-10-08,2020-10-10,fe481b7b-4617-4cd9-8f7e-4780fbed25c9,97ddac20-2ab1-412a-aa23-deabd20e4497,Mastercard,Debit,2298,Purchase,10914.09,ZAR,1.0,10914.09,Vodacom,5311,Department Stores,iKapa,ZA,False,AUTH771657,Approved,False,True
bc44dbfd-1865-4758-a3df-8f8add36cd52,2017-07-04,2017-07-06,a4c5d2c4-a68a-43cd-8b90-d2a7c5a22394,aa0cf632-0446-46d5-9ce0-006948caa2ce,Visa,Debit,6275,Purchase,8609.52,ZAR,1.0,8609.52,City Power,7011,Hotels & Motels,Centurion,ZA,False,AUTH680041,Approved,False,True
c81edfe6-a12c-4c8c-be1e-9d002fd10aea,2022-02-20,2022-02-22,c69ea691-8454-4fff-a519-5f3221bb6779,d29864d0-31fd-4f9f-883a-7f503b38f90f,Visa,Debit,2917,Purchase,10094.97,ZAR,1.0,10094.97,Eskom,7011,Hotels & Motels,Stellenbosch,ZA,False,AUTH444355,Approved,False,True
091e9d68-6baa-4690-8aee-bc48e27803bc,2022-02-13,2022-02-14,4c821eef-220b-4049-905b-2db203a164d4,99bb606a-d40c-4df5-9890-d18086d5f335,Mastercard,Credit,1197,Contactless Payment,13776.85,ZAR,1.0,13776.85,Shell SA,5311,Department Stores,Bloemfontein,ZA,False,AUTH807317,Approved,True,False
a03a0257-2ce8-4d73-97c1-ef22e8a45968,2017-02-15,2017-02-15,a4341b92-e767-4d9a-a8bc-a1cd5c3cac45,e48bf09c-1d7e-4a66-9946-31e8e782c08e,Mastercard,Debit,2484,Purchase,1453.74,ZAR,1.0,1453.74,Dischem,4814,Telecommunications,Potchefstroom,ZA,False,AUTH767680,Approved,False,False
67fe5d1c-abdd-4321-97c7-a0587ab4f939,2022-11-04,2022-11-04,23954309-3a57-467d-a753-fdfafe6dfe53,e468483b-cf18-479d-8b10-3fc7f309a13a,Visa,Credit,6556,Purchase,9404.94,ZAR,1.0,9404.94,Total SA,5912,Drug Stores & Pharmacies,Springs,ZA,False,AUTH569144,Approved,False,False
ab71650b-0503-490f-b2b3-1b0eacaf28cc,2016-02-03,2016-02-03,c20e3e17-658f-42db-8bed-0130fef2c901,f560a11f-0a60-4875-a976-a07c45530d17,Mastercard,Debit,3775,Purchase,6328.41,ZAR,1.0,6328.41,Caltex SA,7011,Hotels & Motels,Lake Jackmouth,ZA,False,AUTH827013,Approved,False,False
ae16b2d6-e58e-4998-950d-668a60f0a0cb,2024-10-10,2024-10-10,f75c54cf-e16c-4fc0-b3ae-a93a591a7503,4ea440d8-ce17-45ae-9037-e5677b3c173e,Mastercard,Credit,5925,Purchase,11290.8,ZAR,1.0,11290.8,Truworths,5945,Hobby & Toy Shops,Kathu,ZA,False,AUTH130181,Approved,False,True
16a3a421-c969-4752-b8fa-a39eb9a876ba,2021-12-29,2021-12-31,2394630b-f57c-4ba1-8501-c26889763147,802e7e56-190c-41fd-a9d0-3d2880dd2cc3,Mastercard,Debit,5502,Purchase,5852.11,ZAR,1.0,5852.11,Woolworths,5661,Shoe Stores,Uitenhage,ZA,False,AUTH675916,Approved,False,True
ef97ebc5-28ee-4b5c-8c18-54d182af4325,2021-07-11,2021-07-13,ea3f5b5d-69d1-4f5a-892f-3598e5da8f70,fe7e677d-74e5-49b5-b656-0b6c8f1374bb,Visa,Credit,2889,Purchase,10979.43,ZAR,1.0,10979.43,Tiger Brands,5945,Hobby & Toy Shops,Upington,ZA,False,AUTH450209,Approved,False,True
7c452a0a-8b56-48b2-8fe6-e4c204df9714,2021-06-30,2021-07-02,ba8016de-86c1-4920-88db-bee7d0cd9b87,a97c8ade-97f8-47e0-8d05-75fbfdef84b4,Mastercard,Credit,1189,Purchase,12868.21,ZAR,1.0,12868.21,Takealot,5621,Women's Clothing Stores,Paarl,ZA,False,AUTH346745,Approved,False,True
9ec54ef7-f422-42da-899e-076550a82709,2020-05-12,2020-05-14,23daee00-7b68-4552-84d5-fde347167f98,1bf46838-92d1-4b07-adc1-26f9bc1a6bdd,Mastercard,Credit,9876,Purchase,10441.38,ZAR,1.0,10441.38,Takealot,5812,Eating Places & Restaurants,Mahikeng,ZA,False,AUTH339914,Approved,False,False
8d9f14a8-d434-421f-841d-355af3876122,2021-08-13,2021-08-13,d2e5e758-c7b6-47a8-8e69-495162641831,a19093bd-f153-4dbc-bcd8-fb5ad1a36321,Mastercard,Credit,1555,Contactless Payment,14319.45,ZAR,1.0,14319.45,H&M SA,5945,Hobby & Toy Shops,George,ZA,False,AUTH940332,Approved,True,True
c677ff43-2304-4620-b58d-e31de77e0ea3,2023-04-10,2023-04-11,c42d8640-cf6b-42f1-ab42-941239ae7479,88faa5c9-4534-4792-8d20-8b7f6ca3c0fd,Visa,Debit,5826,Contactless Payment,8980.66,ZAR,1.0,8980.66,Steers,7011,Hotels & Motels,North Nicole,ZA,False,AUTH722061,Approved,True,True
f9cd9dcf-b971-41d2-befe-12193cd3b176,2020-01-07,2020-01-08,f2565d0e-f8d4-42d3-abea-5f571338fc08,f1584ac8-e703-493b-b684-5079521cb443,Mastercard,Debit,4122,Online Purchase,7306.67,ZAR,1.0,7306.67,Naspers,5945,Hobby & Toy Shops,eThekwini,ZA,False,AUTH673122,Approved,False,True
d687365e-8bc1-4cb2-86a6-143688a064ce,2022-04-05,2022-04-06,fe481b7b-4617-4cd9-8f7e-4780fbed25c9,97ddac20-2ab1-412a-aa23-deabd20e4497,Visa,Credit,8305,Chargeback,1600.3,ZAR,1.0,1600.3,Checkers,8011,Doctors & Physicians,Stellenbosch,ZA,False,AUTH912408,Approved,False,True
c501a05e-dfc2-4d0c-afe2-8040025bb526,2018-08-06,2018-08-07,5d46670a-5225-449b-86c3-a18bc4e72537,148694da-57d4-425a-9f97-96d8293011be,Mastercard,Credit,9620,Purchase,10426.01,ZAR,1.0,10426.01,Truworths,4816,Online Services,Upington,ZA,False,AUTH548820,Approved,False,True
1821904c-a02f-4b7c-b62b-89bbfe57b368,2016-10-13,2016-10-14,07c7e1bc-65dc-48ff-ab9a-3dce36774fc6,8931f44e-bcba-4267-9d91-cf99c1259d56,Mastercard,Debit,9592,Refund,1541.42,ZAR,1.0,1541.42,Checkers,4111,Transportation,Uitenhage,ZA,False,AUTH588392,Approved,False,True
864c1a43-3cc5-40e8-a4fd-002ced89945f,2015-07-05,2015-07-06,24c74360-9832-4d08-89dd-a00aaef9e898,31e7d721-e2e5-4bc2-8b0f-1c16bf58e45e,Visa,Credit,2785,Refund,7638.6,ZAR,1.0,7638.6,Engen,5661,Shoe Stores,West Marilyn,ZA,False,AUTH558143,Approved,False,True
6a94a73e-e594-4124-89fb-56e358ead35d,2024-04-25,2024-04-25,82fa8ab9-24e2-490b-bacc-e9c122ee0ff1,02523414-87f6-4817-8cf2-297f40600402,Visa,Debit,4551,Purchase,2411.41,ZAR,1.0,2411.41,Steers,5999,Retail Stores,Lake Howard,ZA,False,AUTH475443,Approved,False,True
468ca41d-0005-4acf-9af6-3edc7079f28b,2019-04-25,2019-04-25,c20e3e17-658f-42db-8bed-0130fef2c901,f560a11f-0a60-4875-a976-a07c45530d17,Mastercard,Credit,9603,Purchase,2588.09,ZAR,1.0,2588.09,Total SA,5621,Women's Clothing Stores,Lyonsland,ZA,False,AUTH885607,Approved,False,True
1dc12f48-679a-41e5-9b82-6f8de6106fa0,2022-03-31,2022-04-02,3cf01646-9180-4f8f-bf3c-dae3ee96c9af,a230f313-bffe-4fb1-884a-180392f85ad8,Visa,Credit,5226,Contactless Payment,4348.17,ZAR,1.0,4348.17,Eskom,5621,Women's Clothing Stores,Middelburg,ZA,False,AUTH610704,Approved,True,True
0a2efc79-d04a-4bff-bca9-62292d16ddca,2017-07-04,2017-07-06,eb97036f-6a6f-4120-a2eb-224c81d759fa,77595890-46d2-4f84-ba33-d6e12b874937,Mastercard,Credit,7013,Purchase,10803.24,ZAR,1.0,10803.24,Shoprite,4816,Online Services,Rustenburg,ZA,False,AUTH826313,Approved,False,True
aa75ba70-bb8e-4cc7-b74c-395d8a1e80d8,2016-05-19,2016-05-19,5c81b1bd-9dfe-4a26-903c-066c5f50e929,67c9be79-bce5-4b32-a44d-98517a2477e3,Mastercard,Debit,2218,Contactless Payment,4730.33,ZAR,1.0,4730.33,Superbalist,5945,Hobby & Toy Shops,South Jodie,ZA,False,AUTH876684,Approved,True,True
270c7fb5-a623-49b2-85d5-bed3f7a43346,2015-03-18,2015-03-18,78a218ef-f8f6-496f-903b-dfa91c2ba2f4,5f07ee40-578a-4751-985d-4e36af164992,Visa,Credit,1018,Contactless Payment,1318.7,ZAR,1.0,1318.7,Shoprite,4814,Telecommunications,Bloemfontein,ZA,False,AUTH357313,Approved,True,True
236a8e26-1371-41ee-a4ab-dcbff48badc6,2022-05-23,2022-05-24,e58cee77-d20c-47d6-b192-9e0939c880b7,943b547a-caaf-4494-a2d8-c22932b3d538,Visa,Debit,3830,Chargeback,1379.94,ZAR,1.0,1379.94,Superbalist,4111,Transportation,Klerksdorp,ZA,False,AUTH511740,Approved,False,False
1f6440d1-3c45-4c11-a560-7b0284d2a47e,2018-06-06,2018-06-08,fe481b7b-4617-4cd9-8f7e-4780fbed25c9,97ddac20-2ab1-412a-aa23-deabd20e4497,Mastercard,Credit,7949,Contactless Payment,4225.55,ZAR,1.0,4225.55,Checkers,5621,Women's Clothing Stores,Soweto,ZA,False,AUTH852522,Approved,True,True
3222c01c-ee21-4f69-9ae0-16618a24812a,2021-10-25,2021-10-26,502acaed-89ca-45fa-845d-4c5e3b6db22f,3e12b679-d262-4e5f-abb3-e50d983421e2,Mastercard,Debit,9918,Purchase,13447.99,ZAR,1.0,13447.99,H&M SA,5734,Electronics Stores,Gibbonston,ZA,False,AUTH945326,Approved,False,True
837864eb-4305-4de2-9d8b-4d67dc1e7c11,2019-07-12,2019-07-12,df09270a-820a-466a-bf70-721bb00f6850,f08a0cb8-0801-4ed0-bad6-d7251ed2fea2,Mastercard,Credit,8693,Purchase,4470.74,ZAR,1.0,4470.74,Pick n Pay,4814,Telecommunications,Vanderbijlpark,ZA,False,AUTH187538,Approved,False,True
db2af164-ea19-4701-bf21-1e5173c05d0f,2020-10-06,2020-10-07,eb97036f-6a6f-4120-a2eb-224c81d759fa,77595890-46d2-4f84-ba33-d6e12b874937,Visa,Credit,8937,Cash Advance,760.16,ZAR,1.0,760.16,Bidvest,5734,Electronics Stores,Middelburg,ZA,False,AUTH237459,Approved,False,True
7b986041-02fa-4386-b00a-857223f9400b,2015-01-09,2015-01-11,6bdf7092-bcb0-4eb2-8aab-d75d40b7e1d7,a5b3d0e7-1c37-41b2-8e9b-c9b78f83cb2d,Mastercard,Debit,9828,Refund,2490.97,ZAR,1.0,2490.97,Takealot,7011,Hotels & Motels,Randfontein,ZA,False,AUTH887861,Approved,False,True
01d2bd68-1705-46ea-adfb-7e6a56a76064,2021-02-12,2021-02-14,63ab2f34-dcdc-4e11-932a-63aa3598f8ee,7d4231d8-3c31-40d7-b590-408208c140a4,Mastercard,Credit,2425,Purchase,11724.16,ZAR,1.0,11724.16,Cell C,4111,Transportation,iBhayi,ZA,False,AUTH302866,Approved,False,False
d1d9ac59-eec2-4557-acbc-9f5c397d7cf9,2015-04-30,2015-04-30,7aef813b-dc7c-43e8-9b97-6ed2aa92d763,2e55a89e-d749-4d86-862c-9b529be6064f,Mastercard,Credit,8595,Contactless Payment,2050.93,ZAR,1.0,2050.93,Foschini,7011,Hotels & Motels,Rosschester,ZA,False,AUTH578641,Approved,True,False
4465d6ac-ddd9-4cfd-a05d-5dbdef4639dc,2020-09-19,2020-09-20,16f89369-1dde-4ef9-8c3d-ead81a0c6cf5,cb29fca6-4779-47de-b4d8-d702da77cbe5,Mastercard,Credit,3088,Purchase,5071.34,ZAR,1.0,5071.34,Takealot,4814,Telecommunications,Lake Staceymouth,ZA,False,AUTH612977,Approved,False,True
430b5542-ef8a-434a-8864-fe51fedc33ec,2022-11-17,2022-11-18,25db4c54-6c26-4cee-b061-bdd813529556,52347243-9079-4ddd-b580-f6bf33305faa,Visa,Credit,6418,Contactless Payment,14593.61,ZAR,1.0,14593.61,Pick n Pay,5541,Service Stations,Josephinetown,ZA,False,AUTH270754,Approved,True,False
dbb52b83-cce8-44c0-982e-7d3ea226b459,2024-04-27,2024-04-28,c07fb421-32df-432f-a1e3-5dca2a0d375c,d185f9f0-8fc7-406e-8e5a-ca0aeae36542,Visa,Credit,5671,Purchase,12241.51,ZAR,1.0,12241.51,Caltex SA,5411,Grocery Stores,Uitenhage,ZA,False,AUTH159607,Approved,False,False
9861581d-1918-4ac9-aae0-3cd6883cc20b,2024-02-03,2024-02-04,eafe49c0-9bf7-4fd2-b7aa-09b6344d100e,5ab5c897-3eeb-45ec-b3b9-ee1be43e5652,Visa,Credit,7291,Purchase,12514.11,ZAR,1.0,12514.11,Momentum,5541,Service Stations,Witbank,ZA,False,AUTH280927,Approved,False,True
8aba0a20-5548-483c-99b6-c601599f5fbd,2023-02-08,2023-02-10,8723aed5-97bd-488b-8ff1-776545d3901a,bbbac18e-3bf9-43fa-9184-da720b7e6c0d,Visa,Debit,2112,Cash Advance,4594.85,ZAR,1.0,4594.85,Netflix SA,5661,Shoe Stores,Smithstad,ZA,False,AUTH489554,Reversed,False,False
91e90dc3-2643-4691-b072-bc2a45bc617f,2015-12-22,2015-12-24,9c7e2c81-a85b-4300-a99b-6edfbfd42cfe,2b230825-6b17-4ffe-9620-5f77ec1c9594,Visa,Credit,9311,Purchase,12731.85,ZAR,1.0,12731.85,Cell C,5734,Electronics Stores,Aliborough,ZA,False,AUTH133553,Approved,False,False
ba322a25-2342-4a42-ab7f-69a0a4fcd29d,2017-06-10,2017-06-12,db617c72-425e-437c-a34a-66b127cb489e,aa0cf632-0446-46d5-9ce0-006948caa2ce,Visa,Credit,3788,Purchase,1063.83,ZAR,1.0,1063.83,McDonald's SA,7011,Hotels & Motels,Musina,ZA,False,AUTH262501,Approved,False,True
43f37711-24b5-4432-a96c-c80561d8f6c1,2020-08-29,2020-08-30,336f8b76-410a-4137-bf38-e53cb171eb88,c1dc20be-75a1-4a1d-ac08-a8936903ed07,Mastercard,Debit,6378,Refund,5886.57,ZAR,1.0,5886.57,Dischem,8011,Doctors & Physicians,George,ZA,False,AUTH268330,Approved,False,False
2145eb79-6175-44fb-9a8b-47438193d4b7,2022-09-14,2022-09-14,8fd4a71b-f5a9-4402-8203-5dcbcb3e2d8b,97ddac20-2ab1-412a-aa23-deabd20e4497,Mastercard,Debit,8033,Purchase,6336.11,ZAR,1.0,6336.11,Woolworths,4814,Telecommunications,Abbottland,ZA,False,AUTH568732,Approved,False,True
b82ed47b-5c0d-4e6e-bf34-6ce4ed071be9,2018-03-28,2018-03-30,997d4533-20ea-4718-aacf-97d0a3287dc8,d7243b67-f245-405d-aa9e-5320dfd3fe49,Visa,Credit,8436,Purchase,6080.33,ZAR,1.0,6080.33,Checkers,4814,Telecommunications,Paarl,ZA,False,AUTH617713,Approved,False,True
e66d2821-4d26-4fcd-8cb9-a29a8de79260,2022-03-29,2022-03-31,82fa8ab9-24e2-490b-bacc-e9c122ee0ff1,02523414-87f6-4817-8cf2-297f40600402,Visa,Credit,5043,Purchase,3506.94,ZAR,1.0,3506.94,Clicks,5945,Hobby & Toy Shops,Morganburgh,ZA,False,AUTH283430,Approved,False,True
9684363a-73f5-475b-900b-e0f9215fa6d6,2018-07-19,2018-07-19,c18d8060-909e-49d1-8e42-9445994037b0,1e6bfc01-54e8-49f1-b039-a6bce14d302e,Mastercard,Credit,6688,Purchase,8772.69,ZAR,1.0,8772.69,Debonairs,5912,Drug Stores & Pharmacies,Chatsworth,ZA,False,AUTH233611,Pending,False,False
16bcc4f7-09ec-494d-948a-7352cf1d2feb,2016-02-19,2016-02-19,4e1bb47c-33e0-4919-8fbe-e23eea0e3802,19c5ba73-e18f-49a2-a104-e01ab37e74f4,Mastercard,Credit,6790,Contactless Payment,1174.49,ZAR,1.0,1174.49,Cell C,4814,Telecommunications,Soweto,ZA,False,AUTH383760,Approved,True,True
75489551-c309-4e0b-9551-6473a87aa20a,2024-12-29,2024-12-30,920f40d1-f7a7-466f-aa09-4666c67e8967,91c9be29-eee1-4cde-a664-efe7e53212d5,Mastercard,Debit,9097,Purchase,14549.51,ZAR,1.0,14549.51,Engen,4816,Online Services,Kathu,ZA,False,AUTH505122,Reversed,False,True
f9e3e809-0af1-4461-a66b-5a20cfa4cd9d,2019-01-26,2019-01-27,35546f62-b8a6-4c44-8732-216de4b3c1b0,5136d8b2-a93b-41aa-92f7-db3139d0a2d3,Visa,Debit,4803,Cash Advance,1842.08,ZAR,1.0,1842.08,Steers,4111,Transportation,Bethlehem,ZA,False,AUTH234143,Approved,False,True
22ab6f42-ca7d-443c-a1ff-28ddb25d7ad5,2022-02-09,2022-02-11,997d4533-20ea-4718-aacf-97d0a3287dc8,d7243b67-f245-405d-aa9e-5320dfd3fe49,Visa,Debit,2030,Purchase,7544.16,ZAR,1.0,7544.16,Clicks,5945,Hobby & Toy Shops,Fordmouth,ZA,False,AUTH477865,Approved,False,True
d1dfba32-f85c-4b17-954f-20e19e920b62,2024-04-23,2024-04-24,bf8cac5f-dc55-4b58-9a74-a337e8826ca8,eaf88bf2-93bd-40fc-bc6a-c6a64d63c873,Visa,Debit,7931,International Purchase,28598.25,GBP,23.351,667797.74,Eskom,5661,Shoe Stores,East Leigh,VA,True,AUTH326044,Declined,False,False
7d9f0b57-428b-4541-bbf4-d384ab917b73,2018-05-15,2018-05-15,24c74360-9832-4d08-89dd-a00aaef9e898,31e7d721-e2e5-4bc2-8b0f-1c16bf58e45e,Visa,Credit,4738,Purchase,2605.56,ZAR,1.0,2605.56,Truworths,4814,Telecommunications,Tembisa,ZA,False,AUTH541727,Approved,False,False
0273bcf2-2543-4b0d-a232-950790f1d3e4,2022-04-05,2022-04-07,16f89369-1dde-4ef9-8c3d-ead81a0c6cf5,cb29fca6-4779-47de-b4d8-d702da77cbe5,Mastercard,Credit,6286,Purchase,8565.77,ZAR,1.0,8565.77,Rain,8011,Doctors & Physicians,Taylorfurt,ZA,False,AUTH722927,Approved,False,True
6d74e2fd-2c2e-4b6c-b8c3-cc43a88ec900,2022-02-19,2022-02-20,ea3f5b5d-69d1-4f5a-892f-3598e5da8f70,fe7e677d-74e5-49b5-b656-0b6c8f1374bb,Visa,Credit,6646,Purchase,12365.29,ZAR,1.0,12365.29,Foschini,5734,Electronics Stores,Priceburgh,ZA,False,AUTH137629,Approved,False,False
9ecdb74d-f110-4a25-9b12-c17acdec7a22,2020-02-04,2020-02-04,b3dbbf39-5550-42f3-b00d-7a5655610449,796496b2-fedc-473f-b0ad-08543529cc77,Visa,Credit,8320,Purchase,8281.97,ZAR,1.0,8281.97,Vodacom,7011,Hotels & Motels,Brownville,ZA,False,AUTH310047,Approved,False,True
e2cf6bcf-982e-46a7-9586-5c4fa6823935,2020-10-23,2020-10-24,f75c54cf-e16c-4fc0-b3ae-a93a591a7503,4ea440d8-ce17-45ae-9037-e5677b3c173e,Mastercard,Debit,4993,Purchase,2494.79,ZAR,1.0,2494.79,Eskom,4816,Online Services,Newcastle,ZA,False,AUTH837009,Approved,False,True
e7b64dc7-ce1b-44f4-a110-540079e1ef36,2024-04-30,2024-05-02,5656c271-b7f6-47be-a823-9b30ba17ca69,7b6b59d2-c460-4e97-b24f-535647c53c9c,Mastercard,Debit,2749,Cash Advance,567.82,ZAR,1.0,567.82,Pioneer Foods,5661,Shoe Stores,Newcastle,ZA,False,AUTH564614,Approved,False,False
67eb0b10-9007-45c9-8e8b-7ad47e7b040b,2019-06-28,2019-06-30,8d039ef6-8817-4daf-8557-6afd37468d93,3b306728-de33-45da-8613-34f78fd3ca6a,Visa,Credit,6854,Contactless Payment,4021.07,ZAR,1.0,4021.07,Caltex SA,5734,Electronics Stores,North Toby,ZA,False,AUTH226578,Approved,True,True
ddfedc4b-8efb-468d-a34e-1546ce333511,2023-09-18,2023-09-20,2da72a17-96ff-44bc-a3e0-bb5ff6d8ba48,04d8ed45-f4c5-422c-9678-d8c8ce690ee3,Visa,Debit,7621,Refund,1062.68,ZAR,1.0,1062.68,Vodacom,4814,Telecommunications,Polokwane,ZA,False,AUTH559494,Approved,False,False
f4c863a7-d011-4cd6-8304-c9befc0e96f8,2021-01-24,2021-01-25,df09270a-820a-466a-bf70-721bb00f6850,f08a0cb8-0801-4ed0-bad6-d7251ed2fea2,Visa,Credit,3827,Purchase,7618.32,ZAR,1.0,7618.32,Amazon SA,5411,Grocery Stores,George,ZA,False,AUTH908887,Approved,False,True
987b2cc7-03f4-4d9e-bced-002c749f9d86,2022-10-22,2022-10-23,bf8cac5f-dc55-4b58-9a74-a337e8826ca8,eaf88bf2-93bd-40fc-bc6a-c6a64d63c873,Visa,Credit,2312,Contactless Payment,12732.81,ZAR,1.0,12732.81,Edgars,5311,Department Stores,eGoli,ZA,False,AUTH193419,Pending,True,True
8e4706d5-9ff4-44a6-815f-f677b9b5bd58,2024-06-09,2024-06-09,e82178cd-a4b0-4b70-a302-64ff8846651f,b2ebfe50-e47c-439c-abf6-a9f68942352d,Visa,Credit,1431,Contactless Payment,13844.46,ZAR,1.0,13844.46,Takealot,7011,Hotels & Motels,Springs,ZA,False,AUTH380534,Approved,True,True
5e2e59c4-d6ba-4889-9763-966600e4df40,2022-11-17,2022-11-19,232a900f-e0f5-46b1-b3b6-0c6117dea625,27b64371-9beb-43d4-b155-f5264a48d714,Visa,Credit,9482,Purchase,5148.3,ZAR,1.0,5148.3,Dischem,5999,Retail Stores,George,ZA,False,AUTH255604,Approved,False,False
449aa113-2e74-462e-b59f-c477ff4781df,2018-03-17,2018-03-18,37ee2fc0-92b0-48d6-bc94-afa2c3d86d65,8f16d71b-084e-4609-9ded-09077e4d8d48,Mastercard,Debit,5527,Contactless Payment,1605.23,ZAR,1.0,1605.23,Discovery Health,4111,Transportation,Springs,ZA,False,AUTH377170,Approved,True,True
133f5edd-4afc-4d03-bfa1-83d05649defd,2021-11-23,2021-11-23,07c7e1bc-65dc-48ff-ab9a-3dce36774fc6,8931f44e-bcba-4267-9d91-cf99c1259d56,Visa,Debit,6243,Purchase,12433.48,ZAR,1.0,12433.48,Foschini,5912,Drug Stores & Pharmacies,Middelburg,ZA,False,AUTH701915,Approved,False,True
a9835d6a-d784-4228-b52d-5d3bd397d0fc,2016-02-24,2016-02-26,eb37afca-78cc-4a2b-a2f5-dbebff5ac57c,d29864d0-31fd-4f9f-883a-7f503b38f90f,Visa,Credit,5482,Purchase,9859.57,ZAR,1.0,9859.57,Zara SA,4111,Transportation,Springs,ZA,False,AUTH806290,Approved,False,True
bd31e540-8da2-406b-bf21-ca48a0cd2ae3,2024-11-03,2024-11-03,f204a453-cbb5-46ea-83bd-0d60fa26cc40,9a189484-cd9f-435c-b424-c12d0a715eb2,Mastercard,Debit,1116,Purchase,13944.12,ZAR,1.0,13944.12,Momentum,5912,Drug Stores & Pharmacies,Tembisa,ZA,False,AUTH300292,Approved,False,False
8938ebe9-e21a-4ebe-81a2-05b4902ca744,2019-08-10,2019-08-10,fe481b7b-4617-4cd9-8f7e-4780fbed25c9,97ddac20-2ab1-412a-aa23-deabd20e4497,Mastercard,Credit,6584,Purchase,91.23,ZAR,1.0,91.23,Caltex SA,8011,Doctors & Physicians,Derekside,ZA,False,AUTH796923,Approved,False,True
98891278-1f57-4545-9cd5-ca7501c6418e,2016-05-17,2016-05-18,3c8fb798-c3b6-409f-9971-2b15000eae45,96a0dd93-d9ee-4528-9173-61228081da8c,Mastercard,Debit,3564,Purchase,9273.26,ZAR,1.0,9273.26,Edgars,4816,Online Services,North Marie,ZA,False,AUTH549616,Approved,False,True
fc4ec36a-f4d9-4faa-bd66-8a6e7775228f,2023-11-23,2023-11-24,52a4cc24-f574-4f97-8a7f-81182feb1bca,69a41e41-6acb-4658-847d-8f0ff4992a00,Visa,Debit,6606,Contactless Payment,4369.7,ZAR,1.0,4369.7,Zara SA,5912,Drug Stores & Pharmacies,Vanessafurt,ZA,False,AUTH367811,Approved,True,True
df56e079-d384-4e63-a21c-c8064f1f244c,2023-06-05,2023-06-05,5141a537-c78b-49c1-bb68-03a6c7a29c6e,f4be94ff-f06b-46a4-8cba-1a36fadcbac4,Visa,Credit,9109,Online Purchase,6849.64,ZAR,1.0,6849.64,Truworths,4111,Transportation,Lake Dorothy,ZA,False,AUTH436374,Approved,False,True
b8a8b3e7-089d-4cb8-9c52-6cfbb44618e3,2019-10-24,2019-10-25,ea3f5b5d-69d1-4f5a-892f-3598e5da8f70,fe7e677d-74e5-49b5-b656-0b6c8f1374bb,Visa,Debit,6173,Purchase,14702.01,ZAR,1.0,14702.01,Pick n Pay,5912,Drug Stores & Pharmacies,eGoli,ZA,False,AUTH211023,Approved,False,True
dc49f6db-cb29-447f-9573-53f8269b8328,2016-11-23,2016-11-23,3a159030-051f-4e9c-b8f5-ecff7e5cddbc,95c94f51-1c42-4219-bd5d-6d7d5f07f30b,Visa,Debit,5534,International Purchase,46325.88,USD,19.327,895340.28,Telkom,4111,Transportation,North Maureen,HT,True,AUTH469581,Approved,False,True
7136954a-7e17-479f-b95b-9bf6c7977b17,2015-10-04,2015-10-06,d2e5e758-c7b6-47a8-8e69-495162641831,a19093bd-f153-4dbc-bcd8-fb5ad1a36321,Visa,Debit,3294,Purchase,7169.97,ZAR,1.0,7169.97,Amazon SA,8011,Doctors & Physicians,North Shirley,ZA,False,AUTH281496,Approved,False,False
67e6f47c-ef8c-49c6-b5eb-2db2db57ea14,2024-02-23,2024-02-24,df3ccd5a-2655-4b8d-ba9d-5e75326a858b,f5385827-522c-4f2a-b11f-b00e9abc58f9,Visa,Debit,6011,Refund,8957.28,ZAR,1.0,8957.28,Netflix SA,5945,Hobby & Toy Shops,Roweville,ZA,False,AUTH605607,Declined,False,True
b93b53c2-bd11-488f-b569-b220d29ce035,2016-05-02,2016-05-02,4b004718-d836-4fb6-b039-83e1b568947f,d008e9b4-a86d-491e-bb43-dcf5c491c1cc,Mastercard,Credit,9031,Online Purchase,10275.65,ZAR,1.0,10275.65,Shell SA,5945,Hobby & Toy Shops,Harveyshire,ZA,False,AUTH659359,Approved,False,True
1bb32a60-449e-4580-8382-93e519c1c17d,2017-06-03,2017-06-05,7eeed1d1-15ed-42e0-87ba-d1dbbd42faf6,8ae8649d-15a3-4909-a8f1-1a3ee8cc2f3b,Visa,Debit,5353,Purchase,10731.86,ZAR,1.0,10731.86,Cell C,5945,Hobby & Toy Shops,George,ZA,False,AUTH728200,Approved,False,False
8eff3045-28e3-4224-a068-af8385d26739,2022-09-03,2022-09-04,7aef813b-dc7c-43e8-9b97-6ed2aa92d763,2e55a89e-d749-4d86-862c-9b529be6064f,Mastercard,Credit,5642,Refund,9414.95,ZAR,1.0,9414.95,Engen,7011,Hotels & Motels,Polokwane,ZA,False,AUTH371446,Approved,False,True
56304a0a-4105-4d0b-b8f5-d01891e45db0,2017-07-16,2017-07-18,218bfaab-5190-4c94-bce0-c4b85f27e67c,2f418199-1049-4389-83b4-2ea755610f9d,Visa,Credit,3442,Refund,8573.89,ZAR,1.0,8573.89,Steers,5812,Eating Places & Restaurants,Duncantown,ZA,False,AUTH765291,Approved,False,True
03116121-5bcb-4a21-a196-8f6105da4981,2023-03-06,2023-03-06,7120625f-8f83-463d-86c2-61f078fe07f4,a5b3d0e7-1c37-41b2-8e9b-c9b78f83cb2d,Mastercard,Credit,9004,Contactless Payment,9658.81,ZAR,1.0,9658.81,Steers,5999,Retail Stores,Hansonhaven,ZA,False,AUTH234469,Approved,True,True
a512e2c6-f110-40d3-8d69-fac69f117fc4,2021-04-30,2021-05-01,3cf01646-9180-4f8f-bf3c-dae3ee96c9af,a230f313-bffe-4fb1-884a-180392f85ad8,Mastercard,Debit,5911,Online Purchase,4957.97,ZAR,1.0,4957.97,Total SA,5912,Drug Stores & Pharmacies,Catherineberg,ZA,False,AUTH812265,Approved,False,True
6629e89b-e43c-470e-906a-0662f87b76b2,2017-06-07,2017-06-09,37ee2fc0-92b0-48d6-bc94-afa2c3d86d65,8f16d71b-084e-4609-9ded-09077e4d8d48,Visa,Credit,5229,Purchase,12072.46,ZAR,1.0,12072.46,Edgars,4111,Transportation,West Louisport,ZA,False,AUTH557280,Approved,False,True
4e875923-7b0c-4a45-973e-bc7e62007f66,2021-10-31,2021-11-01,5d46670a-5225-449b-86c3-a18bc4e72537,148694da-57d4-425a-9f97-96d8293011be,Visa,Debit,2952,Purchase,8822.07,ZAR,1.0,8822.07,Superbalist,8011,Doctors & Physicians,Trevorburgh,ZA,False,AUTH435759,Declined,False,True
bef1cf37-7ad7-49ff-8f5f-bede32f577d9,2015-03-23,2015-03-24,8640d78f-b184-41ff-a961-88fe3b3f03fc,668aa1f6-0941-44cb-9c52-07b3cb7e79c7,Visa,Debit,7532,International Purchase,14553.86,USD,17.5229,255025.83,Mr Price,7011,Hotels & Motels,North Sylvia,RO,True,AUTH381069,Approved,False,False
6a937359-13f5-47c8-83a4-078c0272bab0,2021-04-10,2021-04-10,ea0a8fdf-9c34-4cf9-a946-ba796d693257,5f91b043-7d72-40ec-8c92-c61cb0c1833c,Visa,Credit,3993,Contactless Payment,14983.95,ZAR,1.0,14983.95,Netflix SA,5541,Service Stations,Gloverton,ZA,False,AUTH329201,Approved,True,False
c94400a1-6cba-4de3-ac7a-4f9c3f145edf,2020-07-16,2020-07-16,8723aed5-97bd-488b-8ff1-776545d3901a,bbbac18e-3bf9-43fa-9184-da720b7e6c0d,Mastercard,Debit,3585,International Purchase,16170.46,EUR,21.1153,341444.11,Spar,5411,Grocery Stores,Hughesburgh,SB,True,AUTH667814,Approved,False,False
0e6be962-5eb3-4f61-9ff6-2fe96036806f,2024-06-11,2024-06-12,7120625f-8f83-463d-86c2-61f078fe07f4,a5b3d0e7-1c37-41b2-8e9b-c9b78f83cb2d,Mastercard,Debit,4804,Purchase,7367.69,ZAR,1.0,7367.69,Edgars,5912,Drug Stores & Pharmacies,East Samanthaland,ZA,False,AUTH603546,Approved,False,True
87dc8f17-7350-424b-bc72-a3ef3c44518c,2017-07-18,2017-07-19,7fa830a4-4bbf-4890-b724-7beb73038ac3,e468483b-cf18-479d-8b10-3fc7f309a13a,Mastercard,Credit,4614,Purchase,11913.7,ZAR,1.0,11913.7,Telkom,5999,Retail Stores,Bloemfontein,ZA,False,AUTH222112,Approved,False,True
040f58db-d5c2-4322-a8a5-328eb331f01a,2018-02-25,2018-02-27,2bb22dfa-4591-42ad-8ca2-9d8ac28410c2,28720e79-2cb0-4e43-86b0-8b3a863c5f5b,Mastercard,Credit,3618,Contactless Payment,7920.61,ZAR,1.0,7920.61,Old Mutual,5541,Service Stations,New Joehaven,ZA,False,AUTH640209,Approved,True,True
68fe6edf-7a42-4b7b-a3f9-e70016281b4b,2019-08-14,2019-08-14,d2fcf2e8-ef02-4aee-bc6f-02c5ab328a79,93e49ad9-221b-44ed-8d8b-837f2221b03a,Mastercard,Debit,2768,Online Purchase,14526.14,ZAR,1.0,14526.14,Netflix SA,5999,Retail Stores,East Kelly,ZA,False,AUTH674464,Approved,False,True
67b31399-1726-422f-955a-c591db1e4b5b,2015-07-29,2015-07-29,3a110452-e114-47e9-83fd-63718fc0960b,526d7d1c-ebad-40c5-9ff2-b568477570ad,Visa,Debit,7208,Online Purchase,3154.15,ZAR,1.0,3154.15,Engen,8011,Doctors & Physicians,Springs,ZA,False,AUTH363704,Approved,False,False
1df2f143-0415-4cb4-bafe-2aa35dd10155,2019-07-14,2019-07-16,3e1f00b0-580e-4765-9b00-8aa4a93425e3,3e12b679-d262-4e5f-abb3-e50d983421e2,Mastercard,Debit,9537,Purchase,8320.99,ZAR,1.0,8320.99,Truworths,5734,Electronics Stores,Springs,ZA,False,AUTH788473,Approved,False,True
87a57a9b-201a-43d1-ab1c-10e6dd4eb99f,2022-03-22,2022-03-24,f10b0f9b-017d-4bf4-af61-4f3447a68ab9,91c9be29-eee1-4cde-a664-efe7e53212d5,Visa,Credit,2593,Purchase,6828.53,ZAR,1.0,6828.53,Naspers,5734,Electronics Stores,Hussaintown,ZA,False,AUTH970424,Approved,False,True
70db5025-f1ab-4ca0-8614-1c19ff228353,2015-03-16,2015-03-18,8c3df183-e48d-4079-ad3d-5e8ecb7fc3d0,52c43632-653a-46c0-a7af-cb4c3a1026a2,Visa,Credit,6351,Purchase,10081.67,ZAR,1.0,10081.67,Amazon SA,8011,Doctors & Physicians,Williamsmouth,ZA,False,AUTH351250,Approved,False,True
1f9a8a90-e64a-4ca9-a4b7-c5fe0e3d78fd,2015-01-27,2015-01-27,07c7e1bc-65dc-48ff-ab9a-3dce36774fc6,8931f44e-bcba-4267-9d91-cf99c1259d56,Mastercard,Credit,7184,Refund,9247.91,ZAR,1.0,9247.91,H&M SA,5734,Electronics Stores,Port Eric,ZA,False,AUTH248938,Approved,False,True
7f3a0320-e26a-4d00-8801-dd0c30aa12cb,2020-04-19,2020-04-19,eb97036f-6a6f-4120-a2eb-224c81d759fa,77595890-46d2-4f84-ba33-d6e12b874937,Visa,Credit,9276,Purchase,8864.72,ZAR,1.0,8864.72,Mr Price,5541,Service Stations,North Hazelfort,ZA,False,AUTH161453,Approved,False,True
17f69227-0a6b-4d48-a648-8dbbde46a184,2016-04-02,2016-04-02,8ecbc864-fae7-4886-ac0e-9c1596769e09,97996329-6e3f-48fe-bc36-b36c88817145,Visa,Credit,5093,Cash Advance,2699.18,ZAR,1.0,2699.18,Vodacom,7011,Hotels & Motels,Martinland,ZA,False,AUTH280954,Approved,False,True
ba49c7d4-917a-4528-affe-7c599c60d949,2023-04-05,2023-04-06,586fb80b-c9a6-4c7a-9cb3-93a45cef0412,29de0f00-71e0-4673-9a83-7340a28f9433,Mastercard,Credit,2689,Refund,6880.86,ZAR,1.0,6880.86,Eskom,5661,Shoe Stores,Lake Nicolestad,ZA,False,AUTH670061,Approved,False,True
a1ffc6f0-afde-4d05-b2a5-7e0d893d2b82,2023-07-08,2023-07-09,8d039ef6-8817-4daf-8557-6afd37468d93,3b306728-de33-45da-8613-34f78fd3ca6a,Visa,Debit,6707,Refund,6066.93,ZAR,1.0,6066.93,Foschini,7011,Hotels & Motels,Vereeniging,ZA,False,AUTH775434,Approved,False,True
9e9cdd79-444c-4684-a132-2fc4853a9f79,2022-11-23,2022-11-23,28557b72-bf6c-4a63-8a60-d0e3a9d17ce5,04485172-9859-4d78-ab90-1473d401724d,Mastercard,Debit,9609,Purchase,3637.79,ZAR,1.0,3637.79,Checkers,5411,Grocery Stores,Polokwane,ZA,False,AUTH929909,Approved,False,False
806858fc-394e-4a04-b0b7-11f767b3348f,2019-12-21,2019-12-21,5a870365-af3d-4a7e-8930-be9fb8b3306c,52c43632-653a-46c0-a7af-cb4c3a1026a2,Mastercard,Debit,7296,Contactless Payment,9655.45,ZAR,1.0,9655.45,H&M SA,8011,Doctors & Physicians,Jacquelineborough,ZA,False,AUTH703655,Approved,True,False
4646583e-9310-43af-af52-7c663fd7e129,2020-02-14,2020-02-15,526d5f06-e2c7-4c74-81bb-046cf77becf3,cfb6b46a-57ca-4813-a5e8-ca78f77e473a,Visa,Credit,9931,Purchase,1068.96,ZAR,1.0,1068.96,McDonald's SA,4816,Online Services,New Liamside,ZA,False,AUTH854878,Approved,False,True
aadf7ead-cb3e-4b7b-b847-3eeee3a5f0db,2022-05-13,2022-05-14,9c7e2c81-a85b-4300-a99b-6edfbfd42cfe,2b230825-6b17-4ffe-9620-5f77ec1c9594,Mastercard,Debit,4496,Purchase,10268.14,ZAR,1.0,10268.14,Total SA,4111,Transportation,West Denisside,ZA,False,AUTH148451,Approved,False,True
205bbcec-7e87-4fe7-84ef-4ef07b01c7ba,2018-01-28,2018-01-30,f84582bd-160f-41e9-8e4c-01cea251f754,60e9b09c-e343-401f-9e56-3f88d8ea072a,Visa,Credit,2558,International Purchase,8827.99,USD,19.1847,169362.34,Old Mutual,4111,Transportation,Randfontein,IL,True,AUTH236956,Approved,False,False
f78dfc4a-321c-4f16-bb2c-4064a4e0f311,2024-07-06,2024-07-07,5c81b1bd-9dfe-4a26-903c-066c5f50e929,67c9be79-bce5-4b32-a44d-98517a2477e3,Visa,Debit,2621,Refund,6743.57,ZAR,1.0,6743.57,Discovery Health,4111,Transportation,Kingbury,ZA,False,AUTH323668,Approved,False,True
33ada2f5-1a49-498f-8573-68c459f39b10,2019-09-14,2019-09-14,c07fb421-32df-432f-a1e3-5dca2a0d375c,d185f9f0-8fc7-406e-8e5a-ca0aeae36542,Visa,Debit,2033,Refund,2203.28,ZAR,1.0,2203.28,Tiger Brands,4111,Transportation,iKapa,ZA,False,AUTH716889,Approved,False,False
43385553-871d-4d3d-a75c-f2cba447444d,2017-07-03,2017-07-04,920f40d1-f7a7-466f-aa09-4666c67e8967,91c9be29-eee1-4cde-a664-efe7e53212d5,Visa,Debit,3834,International Purchase,13603.03,ZAR,1.0,13603.03,H&M SA,8011,Doctors & Physicians,Harperport,TZ,True,AUTH152079,Approved,False,True
4513dc72-e78a-4b30-9aeb-3c3508f3e1cc,2021-01-11,2021-01-11,5d46670a-5225-449b-86c3-a18bc4e72537,148694da-57d4-425a-9f97-96d8293011be,Visa,Credit,6910,Contactless Payment,12168.93,ZAR,1.0,12168.93,Spar,4814,Telecommunications,Springs,ZA,False,AUTH586286,Declined,True,True
5cef4417-b794-4221-9203-fa0b36f9d842,2023-12-07,2023-12-09,d1c60b8b-8b23-448a-a853-e84ceb19ead5,5427a72c-adea-4248-901b-4111111cdd4b,Mastercard,Credit,3084,Contactless Payment,9951.05,ZAR,1.0,9951.05,Pick n Pay,5999,Retail Stores,Terenceside,ZA,False,AUTH527025,Approved,True,True
1402596e-9c8e-4bce-a57e-4a08da378a0d,2017-09-28,2017-09-29,1548c47b-bc81-4e5f-b221-ff7b6c016b8b,87805b14-50da-45b2-b8d0-37963f00a73b,Visa,Debit,2045,Purchase,6325.65,ZAR,1.0,6325.65,Eskom,7011,Hotels & Motels,Port Frederickside,ZA,False,AUTH271160,Approved,False,False
213f4e7e-4476-40f5-8817-c555b8ecb515,2023-08-04,2023-08-06,df3ccd5a-2655-4b8d-ba9d-5e75326a858b,f5385827-522c-4f2a-b11f-b00e9abc58f9,Visa,Credit,1685,Cash Advance,3025.22,ZAR,1.0,3025.22,Spar,5812,Eating Places & Restaurants,Polokwane,ZA,False,AUTH513303,Approved,False,True
bf13bdee-2526-4186-8db4-57cb9a86c191,2024-12-12,2024-12-13,f10b0f9b-017d-4bf4-af61-4f3447a68ab9,91c9be29-eee1-4cde-a664-efe7e53212d5,Visa,Debit,5304,Purchase,6037.6,ZAR,1.0,6037.6,Amazon SA,5912,Drug Stores & Pharmacies,Paarl,ZA,False,AUTH562451,Approved,False,True
dc1fb46a-cc7c-4340-a736-3141046145d8,2016-10-15,2016-10-17,28557b72-bf6c-4a63-8a60-d0e3a9d17ce5,04485172-9859-4d78-ab90-1473d401724d,Mastercard,Credit,8052,Refund,7569.55,ZAR,1.0,7569.55,Telkom,5541,Service Stations,Hiltonton,ZA,False,AUTH756091,Approved,False,True
51606a66-8114-4c0f-86f2-a7e02b7cb3f9,2020-11-23,2020-11-25,3a110452-e114-47e9-83fd-63718fc0960b,526d7d1c-ebad-40c5-9ff2-b568477570ad,Mastercard,Debit,6498,Purchase,6601.08,ZAR,1.0,6601.08,Tiger Brands,4814,Telecommunications,Thohoyandou,ZA,False,AUTH108154,Approved,False,False
6bfe28cf-83d2-4656-9d8e-86122d9623c5,2017-12-26,2017-12-28,4b004718-d836-4fb6-b039-83e1b568947f,d008e9b4-a86d-491e-bb43-dcf5c491c1cc,Visa,Credit,6255,Purchase,5404.51,ZAR,1.0,5404.51,Mr Price,7011,Hotels & Motels,Teresatown,ZA,False,AUTH569949,Approved,False,True
8ab14434-cc86-4a0a-bc09-bb1093b1e69f,2015-06-04,2015-06-05,dfb4c8d3-6244-4f66-8b9d-97a6b5333545,4ba230a6-5e15-47e5-83ef-a692d23a7128,Visa,Credit,1605,Purchase,6118.33,ZAR,1.0,6118.33,Rain,5999,Retail Stores,East Deborahmouth,ZA,False,AUTH965619,Approved,False,True
81f05c5f-3ba5-48b1-bda6-ecfb1aad1770,2020-08-14,2020-08-15,6bdf7092-bcb0-4eb2-8aab-d75d40b7e1d7,a5b3d0e7-1c37-41b2-8e9b-c9b78f83cb2d,Visa,Debit,4816,Contactless Payment,13157.2,ZAR,1.0,13157.2,Mr Price,5945,Hobby & Toy Shops,Polokwane,ZA,False,AUTH956652,Declined,True,True
57520c14-19a6-4292-8cd6-76e23b6353af,2016-05-17,2016-05-18,2da72a17-96ff-44bc-a3e0-bb5ff6d8ba48,04d8ed45-f4c5-422c-9678-d8c8ce690ee3,Mastercard,Debit,7170,Purchase,8842.64,ZAR,1.0,8842.64,Spur,5999,Retail Stores,Hazelchester,ZA,False,AUTH780004,Approved,False,True
ce04412a-f32a-4673-939a-4e78b55f02ae,2017-10-11,2017-10-13,e3d96443-c719-4a01-9d3f-aa8b4640df6c,106cb973-661a-496e-a060-9e09a57efbb5,Mastercard,Credit,3848,Contactless Payment,3317.35,ZAR,1.0,3317.35,Spur,5999,Retail Stores,Vereeniging,ZA,False,AUTH534041,Approved,True,False
256f27d8-a912-45f3-b3d0-cd5a939b3e74,2016-04-26,2016-04-26,3cf01646-9180-4f8f-bf3c-dae3ee96c9af,a230f313-bffe-4fb1-884a-180392f85ad8,Mastercard,Debit,2010,Online Purchase,606.43,ZAR,1.0,606.43,Telkom,5999,Retail Stores,Danielston,ZA,False,AUTH225080,Approved,False,True
fe76c1cd-9cb1-49e2-a0ab-09fca76d289b,2024-10-02,2024-10-04,4b004718-d836-4fb6-b039-83e1b568947f,d008e9b4-a86d-491e-bb43-dcf5c491c1cc,Visa,Credit,9993,Contactless Payment,12644.54,ZAR,1.0,12644.54,Rain,5734,Electronics Stores,Springs,ZA,False,AUTH941682,Approved,True,True
a5e3e95f-240d-41c5-b7c9-a76811e31b4b,2019-04-25,2019-04-27,2d269844-d32d-48d0-acbd-011f5e84612a,696dd856-e6af-4dd3-9595-cc197764d7c1,Visa,Debit,2438,Purchase,6201.46,ZAR,1.0,6201.46,Shoprite,4814,Telecommunications,New Kathleenton,ZA,False,AUTH445834,Approved,False,True
a4e83d56-64b0-4eee-a45c-3f4d30dc029a,2020-06-19,2020-06-21,eb488e77-92b6-4933-ba76-67a314f849d7,d008e9b4-a86d-491e-bb43-dcf5c491c1cc,Visa,Debit,3098,Purchase,5142.71,ZAR,1.0,5142.71,Cell C,5621,Women's Clothing Stores,Thomasside,ZA,False,AUTH949958,Approved,False,False
c14af9fe-0e77-44aa-93d8-b92597d066c7,2022-03-06,2022-03-07,f2565d0e-f8d4-42d3-abea-5f571338fc08,f1584ac8-e703-493b-b684-5079521cb443,Mastercard,Credit,8574,Purchase,570.05,ZAR,1.0,570.05,Edgars,4814,Telecommunications,New Leslieton,ZA,False,AUTH898882,Approved,False,True
f8d6aaf9-be94-4348-88e0-95e466e2dbc0,2017-02-25,2017-02-26,2be9e2d8-fbb2-4b85-b60c-c3ac61dfba33,e7668c2c-8c8f-4de3-8db4-90ad16ae9b92,Mastercard,Debit,7857,Contactless Payment,10064.86,ZAR,1.0,10064.86,Cell C,4111,Transportation,Thohoyandou,ZA,False,AUTH882525,Approved,True,True
197db05c-9d44-4ba7-a986-315af9538229,2017-06-26,2017-06-27,c07fb421-32df-432f-a1e3-5dca2a0d375c,d185f9f0-8fc7-406e-8e5a-ca0aeae36542,Visa,Debit,2366,Purchase,3991.57,ZAR,1.0,3991.57,Rain,7011,Hotels & Motels,North Colin,ZA,False,AUTH430086,Approved,False,True
11a7e93e-590b-4f7d-9639-ee22d2c2c32d,2015-02-15,2015-02-17,1548c47b-bc81-4e5f-b221-ff7b6c016b8b,87805b14-50da-45b2-b8d0-37963f00a73b,Mastercard,Credit,1975,Online Purchase,8988.85,ZAR,1.0,8988.85,Truworths,4816,Online Services,Bethlehem,ZA,False,AUTH486588,Approved,False,False
66afd987-7257-4bb9-bfd3-b84b4db99b6d,2016-12-01,2016-12-01,d7952e5b-22e9-4289-8b87-5a5b800bceb8,2949a668-9ea3-4b41-9f9a-136b86be274f,Mastercard,Credit,3739,Online Purchase,7941.94,ZAR,1.0,7941.94,BP SA,5734,Electronics Stores,North Albertside,ZA,False,AUTH361990,Approved,False,False
e9487471-2ece-46b2-a6c2-e2e064814051,2024-07-16,2024-07-16,8ecbc864-fae7-4886-ac0e-9c1596769e09,97996329-6e3f-48fe-bc36-b36c88817145,Visa,Credit,3860,Online Purchase,4406.53,ZAR,1.0,4406.53,Checkers,5661,Shoe Stores,Chelseaton,ZA,False,AUTH177079,Approved,False,False
359465fb-e30f-4e1e-9e0d-e58971b69f38,2019-08-12,2019-08-14,69ed581f-8460-4fb0-867b-1205d9304df4,35467d6b-f1b1-4241-815d-df93767762c1,Visa,Credit,9643,Contactless Payment,2062.78,ZAR,1.0,2062.78,Planet Fitness,5411,Grocery Stores,Port Tracey,ZA,False,AUTH298149,Approved,True,True
e1328bee-f109-452a-a107-697eff864276,2021-09-11,2021-09-13,52a4cc24-f574-4f97-8a7f-81182feb1bca,69a41e41-6acb-4658-847d-8f0ff4992a00,Mastercard,Credit,7858,Purchase,11134.84,ZAR,1.0,11134.84,Spur,8011,Doctors & Physicians,Mahikeng,ZA,False,AUTH352660,Approved,False,False
b1a3d155-671c-4975-9141-3ccec4021dae,2017-06-27,2017-06-27,336f8b76-410a-4137-bf38-e53cb171eb88,c1dc20be-75a1-4a1d-ac08-a8936903ed07,Visa,Credit,4338,Purchase,2977.02,ZAR,1.0,2977.02,Foschini,4814,Telecommunications,iBhayi,ZA,False,AUTH669170,Approved,False,True
1ef18ffd-0392-482f-9d68-438c2f90992f,2016-08-02,2016-08-02,70442b96-2c44-4411-8341-22c6a2927df3,66a5b361-8f0b-41dc-80c4-bc7aaa6cf6c6,Visa,Debit,3260,Online Purchase,2487.09,ZAR,1.0,2487.09,Mr Price,5311,Department Stores,Robertsburgh,ZA,False,AUTH383708,Approved,False,False
f6624099-0735-4d7e-9daa-468767a0046c,2015-06-29,2015-06-30,23954309-3a57-467d-a753-fdfafe6dfe53,e468483b-cf18-479d-8b10-3fc7f309a13a,Mastercard,Credit,5106,International Purchase,47957.06,ZAR,1.0,47957.06,Rain,5411,Grocery Stores,Randfontein,US,True,AUTH824359,Approved,False,True
127f3e0a-f976-4841-85a6-1a072cce4e09,2024-09-08,2024-09-10,07c7e1bc-65dc-48ff-ab9a-3dce36774fc6,8931f44e-bcba-4267-9d91-cf99c1259d56,Visa,Credit,8595,Cash Advance,320.94,ZAR,1.0,320.94,Telkom,5812,Eating Places & Restaurants,South Lesleyview,ZA,False,AUTH714335,Approved,False,True
e6ad34f6-98c5-430e-8136-31ce0ba8af26,2024-04-12,2024-04-13,e3521f74-2679-412c-bb47-a397bc1e1d54,239ae69f-6fe0-4b40-91cf-cea7b0f8cec4,Mastercard,Credit,4054,Refund,5835.1,ZAR,1.0,5835.1,Pick n Pay,5621,Women's Clothing Stores,Bryanfort,ZA,False,AUTH977835,Approved,False,True
87921164-07e0-49f4-a1c5-4ca8e780d9cf,2023-02-04,2023-02-06,2d269844-d32d-48d0-acbd-011f5e84612a,696dd856-e6af-4dd3-9595-cc197764d7c1,Visa,Debit,3705,International Purchase,8578.45,ZAR,1.0,8578.45,Bidvest,5661,Shoe Stores,Benoni,PA,True,AUTH748461,Approved,False,True
5b0e2556-f5bf-4f4c-8be9-667b61262f02,2018-09-19,2018-09-21,218bfaab-5190-4c94-bce0-c4b85f27e67c,2f418199-1049-4389-83b4-2ea755610f9d,Visa,Debit,5744,Purchase,12984.41,ZAR,1.0,12984.41,BP SA,5541,Service Stations,Bethlehem,ZA,False,AUTH336610,Approved,False,True
aa435b7c-d01b-47ea-a3f9-c28dbbd40297,2023-05-18,2023-05-19,5137b34d-8625-47ad-87b4-3444074f3fc3,b4ebc28f-526a-45ea-823c-588724471955,Mastercard,Credit,9786,Purchase,832.6,ZAR,1.0,832.6,Caltex SA,5812,Eating Places & Restaurants,Vereeniging,ZA,False,AUTH536644,Approved,False,False
0780fb8d-f934-42cc-98fd-cfa2d134a2fb,2015-02-08,2015-02-09,ea3f5b5d-69d1-4f5a-892f-3598e5da8f70,fe7e677d-74e5-49b5-b656-0b6c8f1374bb,Visa,Credit,3387,Contactless Payment,2181.75,ZAR,1.0,2181.75,Steers,7011,Hotels & Motels,Hawkinsfort,ZA,False,AUTH643651,Approved,True,False
1171232c-0fe9-4958-98e4-0a554374ced4,2024-12-21,2024-12-21,21c82d2b-0e15-4d2b-a5fb-0decff95e559,0da3aca3-eeff-48be-9870-f0b2cd2d53c6,Mastercard,Credit,7396,Purchase,11532.32,ZAR,1.0,11532.32,Gym Company,4816,Online Services,Danielschester,ZA,False,AUTH431705,Approved,False,True
78b4d05c-7181-4bba-bdc0-83f487cc86b1,2018-05-31,2018-06-01,63ab2f34-dcdc-4e11-932a-63aa3598f8ee,7d4231d8-3c31-40d7-b590-408208c140a4,Visa,Debit,6387,Purchase,12619.74,ZAR,1.0,12619.74,Debonairs,5945,Hobby & Toy Shops,Randfontein,ZA,False,AUTH223826,Approved,False,False
c02f6eaf-54a8-4162-b250-9b7b8be8cca2,2017-08-13,2017-08-14,86bd2850-49bb-4cbb-953c-335aef36ef5c,f5385827-522c-4f2a-b11f-b00e9abc58f9,Visa,Debit,4003,Contactless Payment,13241.63,ZAR,1.0,13241.63,Eskom,7011,Hotels & Motels,West Daletown,ZA,False,AUTH291036,Approved,True,False
26611206-a5a8-42e6-8155-49f94b80a569,2023-08-08,2023-08-10,336f8b76-410a-4137-bf38-e53cb171eb88,c1dc20be-75a1-4a1d-ac08-a8936903ed07,Visa,Debit,4561,Contactless Payment,14118.44,ZAR,1.0,14118.44,Bidvest,5661,Shoe Stores,uMgungundlovu,ZA,False,AUTH884089,Approved,True,False
077284d9-8266-4569-a9f6-26126698f882,2017-12-08,2017-12-09,60e9647e-a04d-46a1-8b8f-e76819c57606,09b9d0bb-c032-4e23-a911-bae00f7df4ca,Mastercard,Credit,1246,Contactless Payment,10581.06,ZAR,1.0,10581.06,Steers,5999,Retail Stores,East Karenfort,ZA,False,AUTH472906,Approved,True,True
3903e086-4883-42fc-a73b-4fa85e9cf2ce,2022-05-11,2022-05-12,502acaed-89ca-45fa-845d-4c5e3b6db22f,3e12b679-d262-4e5f-abb3-e50d983421e2,Visa,Debit,9057,Cash Advance,1545.14,ZAR,1.0,1545.14,Zara SA,5411,Grocery Stores,East Charlottehaven,ZA,False,AUTH643532,Approved,False,True
bdc2e722-e322-4b4a-84d7-d3f839d1e5aa,2015-02-20,2015-02-21,23954309-3a57-467d-a753-fdfafe6dfe53,e468483b-cf18-479d-8b10-3fc7f309a13a,Mastercard,Credit,5073,Online Purchase,7682.37,ZAR,1.0,7682.37,Edgars,4814,Telecommunications,West Leefurt,ZA,False,AUTH763053,Declined,False,True
a8cd2db5-bf85-46e2-9702-262dea2e67da,2022-11-13,2022-11-13,8d039ef6-8817-4daf-8557-6afd37468d93,3b306728-de33-45da-8613-34f78fd3ca6a,Mastercard,Debit,1685,Cash Advance,3897.25,ZAR,1.0,3897.25,Pick n Pay,7011,Hotels & Motels,George,ZA,False,AUTH951034,Approved,False,True
ba81a172-8989-4735-a2f0-6b09e0e9cd15,2016-07-17,2016-07-19,4e1bb47c-33e0-4919-8fbe-e23eea0e3802,19c5ba73-e18f-49a2-a104-e01ab37e74f4,Visa,Debit,8468,Online Purchase,2609.25,ZAR,1.0,2609.25,Discovery Health,5411,Grocery Stores,South John,ZA,False,AUTH684040,Approved,False,True
182c2453-2c53-47cb-b299-21c8b3203ea1,2023-04-11,2023-04-11,db2a1018-04fc-4b89-bded-9d908c281204,2ea14f7d-a56a-4f64-86f9-a70de9fdfd34,Mastercard,Debit,1470,International Purchase,29289.84,USD,17.8143,521778.0,Foschini,5661,Shoe Stores,East Melanieland,IQ,True,AUTH606383,Approved,False,False
619ad1b6-b317-4227-a970-bb105fd8f190,2022-08-17,2022-08-19,51c3d72e-845a-4bd4-976b-1c3857a20752,c3d68512-ee39-41cc-9791-0586599d9721,Visa,Credit,1889,Online Purchase,358.46,ZAR,1.0,358.46,Woolworths,5541,Service Stations,eGoli,ZA,False,AUTH802793,Approved,False,False
43c3dd24-2837-4e74-a211-c3c2d811224a,2024-06-08,2024-06-08,2e9fadba-1c18-4053-b20a-30f32b47e2c1,5695af93-72f8-45b0-8581-09cf6b0fd54d,Visa,Credit,1828,Refund,5896.62,ZAR,1.0,5896.62,Momentum,5912,Drug Stores & Pharmacies,Paarl,ZA,False,AUTH281870,Approved,False,True
193065a7-4827-4064-90d8-96e410858751,2016-04-05,2016-04-05,2306d171-782e-48a8-9934-2a665366e51e,2ecc888d-d15b-4f39-b160-3e1801da08c9,Visa,Debit,9383,Refund,8867.25,ZAR,1.0,8867.25,Dischem,5621,Women's Clothing Stores,iKapa,ZA,False,AUTH450485,Approved,False,False
12fda492-a9e5-4e00-baa5-d425e89e2f55,2020-03-21,2020-03-23,24c74360-9832-4d08-89dd-a00aaef9e898,31e7d721-e2e5-4bc2-8b0f-1c16bf58e45e,Visa,Debit,7012,Online Purchase,4389.75,ZAR,1.0,4389.75,Shell SA,5734,Electronics Stores,Bloemfontein,ZA,False,AUTH157919,Reversed,False,True
fb817bdc-520c-4937-86b9-17df11999b56,2019-06-02,2019-06-04,35546f62-b8a6-4c44-8732-216de4b3c1b0,5136d8b2-a93b-41aa-92f7-db3139d0a2d3,Mastercard,Credit,6817,Purchase,13098.21,ZAR,1.0,13098.21,Bidvest,5812,Eating Places & Restaurants,North Tina,ZA,False,AUTH484386,Approved,False,True
faf0da1e-7bad-42d1-86c3-d1e59cc99dff,2020-05-29,2020-05-31,bef3a334-00f2-442a-a744-5a5afdc54f96,6ccbeb87-4cd6-46b3-81bc-6bc4ddb7301d,Mastercard,Credit,6199,Refund,2259.59,ZAR,1.0,2259.59,Pioneer Foods,5411,Grocery Stores,Charlesborough,ZA,False,AUTH417295,Approved,False,False
01853775-0dda-4166-9756-ddf7c10334e7,2022-12-17,2022-12-17,3e0e2ec9-2349-4b39-8c19-6617841621a7,9a3f7ed0-8efc-4452-905c-031240e0733f,Mastercard,Credit,3264,Purchase,14171.19,ZAR,1.0,14171.19,Superbalist,8011,Doctors & Physicians,Shirleymouth,ZA,False,AUTH337805,Approved,False,True
25308511-ad4d-4f32-9576-cde45586bff6,2020-12-11,2020-12-12,2bb22dfa-4591-42ad-8ca2-9d8ac28410c2,28720e79-2cb0-4e43-86b0-8b3a863c5f5b,Mastercard,Debit,5169,Online Purchase,10463.57,ZAR,1.0,10463.57,Planet Fitness,4816,Online Services,Port Nathan,ZA,False,AUTH524880,Approved,False,False
1a3b1d1c-5970-4d8c-a5c3-c75baf781647,2016-09-08,2016-09-09,2bb22dfa-4591-42ad-8ca2-9d8ac28410c2,28720e79-2cb0-4e43-86b0-8b3a863c5f5b,Mastercard,Credit,6112,Chargeback,2692.61,ZAR,1.0,2692.61,Amazon SA,5311,Department Stores,iBhayi,ZA,False,AUTH290183,Approved,False,True
bb0f2bcf-0cc2-46f2-a468-a27b29b043f9,2016-09-21,2016-09-21,3e0e2ec9-2349-4b39-8c19-6617841621a7,9a3f7ed0-8efc-4452-905c-031240e0733f,Visa,Credit,2745,Contactless Payment,7684.53,ZAR,1.0,7684.53,Shell SA,5812,Eating Places & Restaurants,iBhayi,ZA,False,AUTH334687,Approved,True,True
060c0d0f-7de1-4451-ba16-536111aff1ab,2015-06-12,2015-06-13,8ecbc864-fae7-4886-ac0e-9c1596769e09,97996329-6e3f-48fe-bc36-b36c88817145,Visa,Debit,1423,Chargeback,1024.46,ZAR,1.0,1024.46,Vodacom,5912,Drug Stores & Pharmacies,Witbank,ZA,False,AUTH581462,Approved,False,True
93aa2aa0-8a47-4dce-a7fa-a5ecab3865d3,2017-09-27,2017-09-27,37ee2fc0-92b0-48d6-bc94-afa2c3d86d65,8f16d71b-084e-4609-9ded-09077e4d8d48,Mastercard,Credit,4528,Online Purchase,3853.99,ZAR,1.0,3853.99,Caltex SA,5411,Grocery Stores,Irenemouth,ZA,False,AUTH132828,Approved,False,True
82d7e5eb-6133-425d-96be-bcbc79d69aca,2019-02-28,2019-02-28,b45ec370-5394-422e-b494-6ef0e37643c1,f72d813d-996f-430d-ae57-13eb80207635,Visa,Credit,6733,Purchase,12191.38,ZAR,1.0,12191.38,Amazon SA,5311,Department Stores,Harrietshire,ZA,False,AUTH397246,Approved,False,False
c1389304-bbb7-4f4e-96ba-4fb4b9953927,2021-03-02,2021-03-02,8d039ef6-8817-4daf-8557-6afd37468d93,3b306728-de33-45da-8613-34f78fd3ca6a,Visa,Debit,3898,Purchase,1858.51,ZAR,1.0,1858.51,Bidvest,5621,Women's Clothing Stores,Randfontein,ZA,False,AUTH668541,Declined,False,True
e23aeed1-184c-4b16-8ba2-13faa0764fdf,2015-12-10,2015-12-11,3cf01646-9180-4f8f-bf3c-dae3ee96c9af,a230f313-bffe-4fb1-884a-180392f85ad8,Mastercard,Credit,1152,Purchase,1729.76,ZAR,1.0,1729.76,BP SA,4814,Telecommunications,Annetteport,ZA,False,AUTH334492,Approved,False,True
d125d7c7-020d-4acf-88e0-41dde693ef5e,2023-01-12,2023-01-14,eafe49c0-9bf7-4fd2-b7aa-09b6344d100e,5ab5c897-3eeb-45ec-b3b9-ee1be43e5652,Visa,Debit,6485,Contactless Payment,13653.08,ZAR,1.0,13653.08,Amazon SA,4814,Telecommunications,New George,ZA,False,AUTH256763,Approved,True,True
c7f34865-c6ea-41fe-af24-c3b82a72d346,2021-03-03,2021-03-05,7eeed1d1-15ed-42e0-87ba-d1dbbd42faf6,8ae8649d-15a3-4909-a8f1-1a3ee8cc2f3b,Visa,Credit,7943,Refund,4855.66,ZAR,1.0,4855.66,Mr Price,5311,Department Stores,Potchefstroom,ZA,False,AUTH859212,Approved,False,True
9f3ff152-8550-495e-9b3e-6d4586c60603,2024-01-25,2024-01-25,e3db2750-f26e-4c8b-9584-43a53a2bfde4,e0b5f00e-16ba-45c5-a3b3-a04b555efc7c,Mastercard,Credit,5266,Contactless Payment,5848.89,ZAR,1.0,5848.89,KFC SA,8011,Doctors & Physicians,Witbank,ZA,False,AUTH763612,Approved,True,False
6ce5f4a4-9739-4dd2-a7bd-1a83d65b1634,2015-12-13,2015-12-15,6bdf7092-bcb0-4eb2-8aab-d75d40b7e1d7,a5b3d0e7-1c37-41b2-8e9b-c9b78f83cb2d,Visa,Debit,4752,Contactless Payment,1821.45,ZAR,1.0,1821.45,Truworths,4111,Transportation,West Lawrence,ZA,False,AUTH721564,Approved,True,True
eeef55ab-85d4-4a98-a455-db7518833319,2023-02-18,2023-02-20,479a04c4-00d2-4b82-a752-6d70cadc6f32,0ebc03c1-6701-445a-b1f1-b2a9bda64229,Visa,Debit,6240,Purchase,4618.2,ZAR,1.0,4618.2,Debonairs,4816,Online Services,Robinsonburgh,ZA,False,AUTH916902,Reversed,False,True
d26a7a02-dd27-413b-b5d1-7478a0878198,2016-07-27,2016-07-29,7120625f-8f83-463d-86c2-61f078fe07f4,a5b3d0e7-1c37-41b2-8e9b-c9b78f83cb2d,Visa,Debit,1339,Purchase,3583.99,ZAR,1.0,3583.99,Woolworths,5912,Drug Stores & Pharmacies,Bloemfontein,ZA,False,AUTH900104,Approved,False,True
b726eff7-faff-4a4a-a251-1e6c03780ed2,2024-03-31,2024-04-02,479a04c4-00d2-4b82-a752-6d70cadc6f32,0ebc03c1-6701-445a-b1f1-b2a9bda64229,Visa,Debit,7907,Purchase,5891.41,ZAR,1.0,5891.41,Dischem,5661,Shoe Stores,Sasolburg,ZA,False,AUTH979855,Approved,False,False
b7d35c30-7722-4af0-b5b0-bcce51b5c40a,2023-09-12,2023-09-13,6b72653b-95f5-4f30-a1a9-590a82e01634,b4b59e19-8f45-47b7-a9df-b6f96235253a,Mastercard,Debit,1622,Purchase,13930.23,ZAR,1.0,13930.23,Gym Company,5311,Department Stores,Upington,ZA,False,AUTH612006,Approved,False,True
fe05f9aa-88d0-45ba-915e-a13636860e3a,2024-05-25,2024-05-27,f941003f-6ee8-444d-a05b-1e24523a0b8a,489a6541-a54b-4982-ab84-00aa5d9b5247,Mastercard,Credit,9529,Purchase,9038.82,ZAR,1.0,9038.82,MTN,5999,Retail Stores,East Michelleville,ZA,False,AUTH622528,Approved,False,True
529a6238-b042-47d2-bfe4-8e6dde66108a,2017-03-22,2017-03-24,f204a453-cbb5-46ea-83bd-0d60fa26cc40,9a189484-cd9f-435c-b424-c12d0a715eb2,Mastercard,Credit,6247,Purchase,3312.27,ZAR,1.0,3312.27,Discovery Health,5661,Shoe Stores,West Joanna,ZA,False,AUTH636628,Approved,False,False
31da44c3-c2cb-410f-a60f-cceca6a9b9ea,2022-10-03,2022-10-04,d1c60b8b-8b23-448a-a853-e84ceb19ead5,5427a72c-adea-4248-901b-4111111cdd4b,Visa,Debit,6271,International Purchase,28568.94,ZAR,1.0,28568.94,Discovery Health,5812,Eating Places & Restaurants,South Markport,DZ,True,AUTH130765,Approved,False,True
5c394c15-a7ec-4570-bc04-ab24e850d5a5,2023-10-19,2023-10-19,3a159030-051f-4e9c-b8f5-ecff7e5cddbc,95c94f51-1c42-4219-bd5d-6d7d5f07f30b,Mastercard,Credit,2061,Purchase,10573.69,ZAR,1.0,10573.69,Zara SA,5945,Hobby & Toy Shops,George,ZA,False,AUTH177402,Approved,False,False
49a8b586-2eb0-4fa6-abd9-a59f8d2f1423,2015-10-01,2015-10-03,df3ccd5a-2655-4b8d-ba9d-5e75326a858b,f5385827-522c-4f2a-b11f-b00e9abc58f9,Mastercard,Debit,6549,Online Purchase,12713.39,ZAR,1.0,12713.39,Spar,5311,Department Stores,Benoni,ZA,False,AUTH571922,Approved,False,False
b6a0f022-9348-4529-9840-7b9926abe527,2015-09-18,2015-09-18,cbb0b5b8-4767-4e6c-9616-a09c3be594a3,f1223908-ced9-4191-98a2-7223e90fc330,Mastercard,Credit,2287,Purchase,11560.92,ZAR,1.0,11560.92,Old Mutual,5999,Retail Stores,West Leannestad,ZA,False,AUTH569362,Approved,False,True
82d9abd5-583c-4404-abf7-9202b7ab15a6,2016-03-04,2016-03-05,ec4f5235-c485-47ab-9100-a624cb729e72,fd250f7b-e79e-409d-82f0-7d0f61426f0b,Mastercard,Credit,8003,Purchase,13376.1,ZAR,1.0,13376.1,Tiger Brands,5311,Department Stores,Klerksdorp,ZA,False,AUTH485288,Approved,False,True
db1b035b-a7b7-4bbd-b92e-47139dc677ea,2020-10-07,2020-10-08,336f8b76-410a-4137-bf38-e53cb171eb88,c1dc20be-75a1-4a1d-ac08-a8936903ed07,Mastercard,Credit,2922,Contactless Payment,4887.79,ZAR,1.0,4887.79,Momentum,4814,Telecommunications,uMgungundlovu,ZA,False,AUTH819531,Pending,True,True
5f6c7fa4-10c0-439c-976f-d467fd95948b,2017-12-15,2017-12-17,2be9e2d8-fbb2-4b85-b60c-c3ac61dfba33,e7668c2c-8c8f-4de3-8db4-90ad16ae9b92,Visa,Credit,7942,Purchase,13881.16,ZAR,1.0,13881.16,Woolworths,7011,Hotels & Motels,Lake Heather,ZA,False,AUTH664555,Approved,False,False
5b51405f-b091-4a4f-89df-2c7056a581a0,2018-05-04,2018-05-05,61097e07-f0be-4f4c-955c-a08d7dbfaed8,fe1a8c18-0675-4320-8f1e-042b27d85a51,Visa,Debit,5985,Refund,233.09,ZAR,1.0,233.09,Gym Company,4814,Telecommunications,Sasolburg,ZA,False,AUTH981804,Approved,False,True
2cba443e-7d37-4a5b-b736-c3199b4eace7,2016-04-27,2016-04-29,ec4f5235-c485-47ab-9100-a624cb729e72,fd250f7b-e79e-409d-82f0-7d0f61426f0b,Mastercard,Credit,9690,Online Purchase,13975.23,ZAR,1.0,13975.23,Eskom,4814,Telecommunications,Musina,ZA,False,AUTH442294,Reversed,False,False
91d4adde-1327-4eb9-ab98-10936b9c2407,2017-03-08,2017-03-09,be62e15c-7c23-42b8-ba55-8524277e4c10,50f6d663-1915-47b1-87fd-38c31e37a363,Visa,Debit,5842,International Purchase,2544.93,USD,19.2251,48926.53,Netflix SA,5411,Grocery Stores,Newcastle,TO,True,AUTH198078,Approved,False,False
34554909-b329-420b-87eb-d18c1c891cc1,2021-01-09,2021-01-09,25db4c54-6c26-4cee-b061-bdd813529556,52347243-9079-4ddd-b580-f6bf33305faa,Visa,Debit,2712,Contactless Payment,4822.87,ZAR,1.0,4822.87,McDonald's SA,4111,Transportation,Kimberley,ZA,False,AUTH889607,Approved,True,False
20507df3-6b8b-4ca5-9a44-314d8119e54e,2021-07-27,2021-07-29,2f40bed9-acd6-44b5-b602-97d39a9dc3a7,01137316-1352-488d-a263-adc17ec0076e,Visa,Debit,2262,Purchase,13643.82,ZAR,1.0,13643.82,Checkers,5311,Department Stores,Springs,ZA,False,AUTH164001,Approved,False,False
bf8f1955-dc04-48e0-9051-e575f83cd7e6,2019-11-01,2019-11-01,b47c51d6-3737-4e6a-8075-7131afe3b374,82342e76-2880-4405-b49b-784e5cede8db,Mastercard,Credit,3489,Purchase,12293.74,ZAR,1.0,12293.74,Discovery Health,4816,Online Services,Vereeniging,ZA,False,AUTH837059,Approved,False,True
5795c686-3600-4ca9-bb3b-e39afb328551,2021-04-02,2021-04-03,bae7ce90-799f-4870-afe8-84b00be4553d,d7867a56-0757-4fd2-a165-ce93bae23f55,Mastercard,Debit,8023,Refund,6213.24,ZAR,1.0,6213.24,Shoprite,5912,Drug Stores & Pharmacies,Angelashire,ZA,False,AUTH513450,Approved,False,True
5dd45e69-c35e-4d07-a064-d7052339a500,2018-08-20,2018-08-22,6bdf7092-bcb0-4eb2-8aab-d75d40b7e1d7,a5b3d0e7-1c37-41b2-8e9b-c9b78f83cb2d,Visa,Debit,3910,Purchase,12991.67,ZAR,1.0,12991.67,Debonairs,4814,Telecommunications,Lake Nicolaview,ZA,False,AUTH289111,Approved,False,True
e9051de8-7c78-4a6a-8ff5-4c0dceec5faf,2016-02-21,2016-02-23,218bfaab-5190-4c94-bce0-c4b85f27e67c,2f418199-1049-4389-83b4-2ea755610f9d,Visa,Debit,4230,International Purchase,15749.3,USD,18.7156,294757.6,Gym Company,7011,Hotels & Motels,North Gail,MD,True,AUTH813366,Approved,False,True
d0fd4870-0ae0-41e8-8ed2-2cf8a85f0530,2023-07-26,2023-07-27,aac5f32c-1732-4eeb-b771-b11f29217999,92c7a67a-0282-45bd-b9e5-b0c203b7dba1,Visa,Credit,1244,International Purchase,19623.07,GBP,24.3211,477254.65,Pick n Pay,5912,Drug Stores & Pharmacies,West Kellyville,PS,True,AUTH979745,Pending,False,False
225827f1-057d-4d60-b725-459fd4447a74,2022-07-24,2022-07-26,3cf01646-9180-4f8f-bf3c-dae3ee96c9af,a230f313-bffe-4fb1-884a-180392f85ad8,Visa,Credit,9630,Refund,344.75,ZAR,1.0,344.75,Foschini,5945,Hobby & Toy Shops,Arnoldport,ZA,False,AUTH312612,Approved,False,True
0f93f90b-5b4a-402f-81f0-76967b985e55,2021-12-09,2021-12-11,97537a5d-cabb-4ff1-834f-bf6bbe065a58,2c1f5492-41c0-4eb5-ac83-84e813685831,Visa,Credit,2432,Purchase,12978.13,ZAR,1.0,12978.13,Shell SA,7011,Hotels & Motels,South Mohamed,ZA,False,AUTH721130,Approved,False,True
b8a7f0a9-8273-4b02-b7be-74ca9e9bfa09,2019-08-14,2019-08-15,2bf8d2fa-f5b6-450f-8a17-636f3764609f,3acebc57-2f2f-4565-9336-7b9605009e45,Mastercard,Debit,5494,Purchase,10350.7,ZAR,1.0,10350.7,Spar,4111,Transportation,New Damianborough,ZA,False,AUTH789945,Approved,False,True
d807e633-f5f3-4eb2-876b-e47b934c42b4,2024-10-12,2024-10-12,ea3f5b5d-69d1-4f5a-892f-3598e5da8f70,fe7e677d-74e5-49b5-b656-0b6c8f1374bb,Mastercard,Credit,7260,Contactless Payment,2298.24,ZAR,1.0,2298.24,Truworths,5999,Retail Stores,Smithside,ZA,False,AUTH251157,Reversed,True,True
61b03cd8-6991-49b0-b8da-31f0c4c2aa35,2021-07-20,2021-07-20,2d1a95ad-70c8-4da0-9425-cbcf269d5d92,1e1c0a15-403d-4187-8c88-eabcdf85a18b,Mastercard,Credit,4220,Contactless Payment,7520.05,ZAR,1.0,7520.05,Truworths,5311,Department Stores,Kaurtown,ZA,False,AUTH115180,Approved,True,False
581a41a4-35bc-40f6-a60a-1b80ddaf85ff,2017-05-17,2017-05-19,0fe356f8-f46a-4f49-ae78-2a7ccbdd02f4,19720c0b-051e-47ea-b902-9b819c88f5ca,Visa,Credit,2857,Contactless Payment,10824.16,ZAR,1.0,10824.16,Total SA,4814,Telecommunications,Parkerburgh,ZA,False,AUTH424514,Reversed,True,False
7bcae664-ed94-419e-8b97-bdd258c36c15,2022-11-08,2022-11-10,25db4c54-6c26-4cee-b061-bdd813529556,52347243-9079-4ddd-b580-f6bf33305faa,Visa,Credit,2805,Chargeback,6104.16,ZAR,1.0,6104.16,Truworths,5812,Eating Places & Restaurants,Krugersdorp,ZA,False,AUTH220659,Approved,False,False
d7d08512-44c7-4fa2-ad86-1c828099fe45,2024-10-19,2024-10-19,997d4533-20ea-4718-aacf-97d0a3287dc8,d7243b67-f245-405d-aa9e-5320dfd3fe49,Visa,Debit,5598,Cash Advance,3033.86,ZAR,1.0,3033.86,Truworths,5411,Grocery Stores,Vereeniging,ZA,False,AUTH836925,Approved,False,True
18b44058-bf0d-4b07-b6bc-52e79cc17dae,2022-11-03,2022-11-04,7120625f-8f83-463d-86c2-61f078fe07f4,a5b3d0e7-1c37-41b2-8e9b-c9b78f83cb2d,Mastercard,Debit,4854,Contactless Payment,5979.72,ZAR,1.0,5979.72,H&M SA,5812,Eating Places & Restaurants,Kathu,ZA,False,AUTH831286,Declined,True,False
11a1b8e3-3f03-4943-b24d-08655a010150,2016-02-28,2016-02-28,c69ea691-8454-4fff-a519-5f3221bb6779,d29864d0-31fd-4f9f-883a-7f503b38f90f,Visa,Credit,6296,Purchase,1887.41,ZAR,1.0,1887.41,Total SA,5812,Eating Places & Restaurants,eThekwini,ZA,False,AUTH421104,Reversed,False,False
1ed7fd8b-8f3d-4ec1-bccf-1bc710f04d38,2017-07-28,2017-07-29,096e0e50-fb3b-4fa4-a64c-268b059881f5,792cf5fa-6e6c-47f4-8b08-8b279135255f,Mastercard,Credit,5581,Purchase,2967.87,ZAR,1.0,2967.87,Discovery Health,4816,Online Services,Jonesborough,ZA,False,AUTH158096,Approved,False,False
9970000b-7fa0-4262-8ceb-95dda8b2b1e9,2019-08-05,2019-08-06,52973e09-5cc7-4418-af22-95f871ac3698,005acb16-83f0-4423-a42f-150fbdebffc9,Visa,Credit,1443,Cash Advance,2082.67,ZAR,1.0,2082.67,Gym Company,5945,Hobby & Toy Shops,Krugersdorp,ZA,False,AUTH737820,Approved,False,False
55134f19-6503-41b5-a73a-3bf017787a32,2020-05-24,2020-05-26,2394630b-f57c-4ba1-8501-c26889763147,802e7e56-190c-41fd-a9d0-3d2880dd2cc3,Mastercard,Debit,8361,Purchase,7647.94,ZAR,1.0,7647.94,City Power,5945,Hobby & Toy Shops,Tembisa,ZA,False,AUTH184160,Approved,False,False
7d8381e7-eca1-45c9-9e8b-97dc585a3a12,2016-06-18,2016-06-18,6b72653b-95f5-4f30-a1a9-590a82e01634,b4b59e19-8f45-47b7-a9df-b6f96235253a,Mastercard,Debit,4855,Online Purchase,2771.71,ZAR,1.0,2771.71,Pick n Pay,5541,Service Stations,Garryton,ZA,False,AUTH828152,Approved,False,False
730a75a5-39b5-4d18-8edb-a585d3f067a6,2016-12-05,2016-12-05,199fc55c-040a-4422-82b2-ea48bcd49d87,01137316-1352-488d-a263-adc17ec0076e,Visa,Debit,2323,Online Purchase,1397.28,ZAR,1.0,1397.28,Zara SA,4111,Transportation,Randfontein,ZA,False,AUTH732730,Approved,False,True
6501c81b-133c-4bb6-b34a-9108da2dd3fd,2016-02-05,2016-02-07,8fd4a71b-f5a9-4402-8203-5dcbcb3e2d8b,97ddac20-2ab1-412a-aa23-deabd20e4497,Visa,Debit,2922,Online Purchase,4312.48,ZAR,1.0,4312.48,Tiger Brands,5311,Department Stores,George,ZA,False,AUTH866540,Approved,False,False
820ed6c4-8ecb-4ec7-8bc4-39c9bbb1167f,2017-11-12,2017-11-13,07c7e1bc-65dc-48ff-ab9a-3dce36774fc6,8931f44e-bcba-4267-9d91-cf99c1259d56,Mastercard,Credit,7468,Online Purchase,2288.28,ZAR,1.0,2288.28,H&M SA,5812,Eating Places & Restaurants,Richardsshire,ZA,False,AUTH353149,Approved,False,True
c9f2e37e-f47b-4773-9fe8-352146d815d2,2016-08-06,2016-08-06,db2a1018-04fc-4b89-bded-9d908c281204,2ea14f7d-a56a-4f64-86f9-a70de9fdfd34,Visa,Debit,8813,International Purchase,31802.41,ZAR,1.0,31802.41,Truworths,5945,Hobby & Toy Shops,Rustenburg,PY,True,AUTH596979,Approved,False,True
e7b8a6a3-a21b-49cd-9040-951341806fdf,2015-01-18,2015-01-19,8204bddf-d38e-4c7d-840f-54335762aae3,056217c6-c731-4f79-b30f-c0d7ac911f00,Mastercard,Credit,9404,Online Purchase,10038.39,ZAR,1.0,10038.39,Shell SA,5945,Hobby & Toy Shops,Welkom,ZA,False,AUTH792021,Approved,False,True
9bc14777-134a-481a-a601-db608ee09923,2017-06-05,2017-06-06,c42d8640-cf6b-42f1-ab42-941239ae7479,88faa5c9-4534-4792-8d20-8b7f6ca3c0fd,Mastercard,Debit,5368,Purchase,1657.86,ZAR,1.0,1657.86,McDonald's SA,5661,Shoe Stores,North Barry,ZA,False,AUTH160230,Approved,False,True
5c321ead-7047-4ab9-ba0c-94f241f7013f,2021-09-02,2021-09-04,f2565d0e-f8d4-42d3-abea-5f571338fc08,f1584ac8-e703-493b-b684-5079521cb443,Visa,Credit,8772,Purchase,4267.66,ZAR,1.0,4267.66,Tiger Brands,5734,Electronics Stores,eThekwini,ZA,False,AUTH525236,Approved,False,True
e2f86dae-0c60-4690-9934-0f5712b9c7f2,2020-04-03,2020-04-05,eb488e77-92b6-4933-ba76-67a314f849d7,d008e9b4-a86d-491e-bb43-dcf5c491c1cc,Visa,Credit,3940,Contactless Payment,14908.92,ZAR,1.0,14908.92,Truworths,5734,Electronics Stores,eGoli,ZA,False,AUTH525203,Approved,True,True
4dfd9fd4-69f4-48c4-814a-28d18686d45e,2015-12-28,2015-12-30,5a870365-af3d-4a7e-8930-be9fb8b3306c,52c43632-653a-46c0-a7af-cb4c3a1026a2,Visa,Debit,3783,Contactless Payment,8503.07,ZAR,1.0,8503.07,Virgin Active,4816,Online Services,Benoni,ZA,False,AUTH893751,Approved,True,True
c3b7f960-2354-4ef1-a134-91310348f536,2019-02-25,2019-02-25,61097e07-f0be-4f4c-955c-a08d7dbfaed8,fe1a8c18-0675-4320-8f1e-042b27d85a51,Visa,Credit,7913,Purchase,2180.62,ZAR,1.0,2180.62,Total SA,5812,Eating Places & Restaurants,Newcastle,ZA,False,AUTH609958,Approved,False,True
0da2f50e-2d30-4683-9f7d-fc36d2067aef,2016-08-16,2016-08-17,3c8fb798-c3b6-409f-9971-2b15000eae45,96a0dd93-d9ee-4528-9173-61228081da8c,Mastercard,Credit,4583,Online Purchase,1576.89,ZAR,1.0,1576.89,Pioneer Foods,5734,Electronics Stores,Ashleyborough,ZA,False,AUTH402655,Approved,False,True
acea5674-73d9-49e8-a659-b92962ac45af,2023-09-05,2023-09-05,562742d0-bd33-4cc0-9193-454a4a62c33c,c39e3656-040a-45bc-a4f4-b3d763b675a8,Visa,Credit,8165,Contactless Payment,9773.47,ZAR,1.0,9773.47,Shoprite,5734,Electronics Stores,Knowlesshire,ZA,False,AUTH958967,Approved,True,True
35624ad2-bd11-463e-83f1-60633780551d,2018-04-21,2018-04-22,7fa830a4-4bbf-4890-b724-7beb73038ac3,e468483b-cf18-479d-8b10-3fc7f309a13a,Visa,Credit,5529,Purchase,12276.37,ZAR,1.0,12276.37,H&M SA,4111,Transportation,Krugersdorp,ZA,False,AUTH452843,Declined,False,False
c9a3dd8d-c63e-47e7-ba7c-68325d7064f4,2021-04-11,2021-04-13,eafe49c0-9bf7-4fd2-b7aa-09b6344d100e,5ab5c897-3eeb-45ec-b3b9-ee1be43e5652,Visa,Debit,6234,International Purchase,34657.29,EUR,20.1341,697793.34,Rain,5621,Women's Clothing Stores,Grahammouth,FM,True,AUTH923573,Declined,False,True
6ff50870-bfd3-4883-a690-b889c18550ca,2021-05-03,2021-05-03,316559e8-d002-48f7-9473-9b342c03b151,cec5e0c3-6738-44ea-ad52-629e935afa47,Mastercard,Debit,8784,Contactless Payment,2728.92,ZAR,1.0,2728.92,Gym Company,7011,Hotels & Motels,South Kevin,ZA,False,AUTH119483,Approved,True,True
55c0e6bb-178c-4607-a782-d21f75b8d825,2020-04-08,2020-04-09,e3521f74-2679-412c-bb47-a397bc1e1d54,239ae69f-6fe0-4b40-91cf-cea7b0f8cec4,Mastercard,Credit,6761,Contactless Payment,2384.03,ZAR,1.0,2384.03,KFC SA,5661,Shoe Stores,Amandashire,ZA,False,AUTH147948,Approved,True,False
81d48bb6-0521-4184-811e-8cf4daf70b8f,2023-08-19,2023-08-19,60e9647e-a04d-46a1-8b8f-e76819c57606,09b9d0bb-c032-4e23-a911-bae00f7df4ca,Mastercard,Debit,1921,Contactless Payment,11949.94,ZAR,1.0,11949.94,Telkom,5661,Shoe Stores,Potchefstroom,ZA,False,AUTH359089,Approved,True,True
c22bfe81-d272-4b82-aee3-d49af689466d,2024-06-17,2024-06-18,2bb22dfa-4591-42ad-8ca2-9d8ac28410c2,28720e79-2cb0-4e43-86b0-8b3a863c5f5b,Visa,Debit,1024,Purchase,11928.79,ZAR,1.0,11928.79,Checkers,5999,Retail Stores,eThekwini,ZA,False,AUTH754641,Reversed,False,True
02113d21-32ce-4c0a-8c4a-f35cf9ac9084,2020-03-29,2020-03-29,61097e07-f0be-4f4c-955c-a08d7dbfaed8,fe1a8c18-0675-4320-8f1e-042b27d85a51,Visa,Debit,4562,Purchase,4342.24,ZAR,1.0,4342.24,BP SA,4816,Online Services,Middelburg,ZA,False,AUTH220327,Approved,False,True
3e1b9356-2ce5-415d-a530-423faf922570,2015-01-30,2015-02-01,16f89369-1dde-4ef9-8c3d-ead81a0c6cf5,cb29fca6-4779-47de-b4d8-d702da77cbe5,Visa,Credit,2466,Online Purchase,11704.18,ZAR,1.0,11704.18,Superbalist,4816,Online Services,Bloemfontein,ZA,False,AUTH537641,Approved,False,True
639a89ae-e01b-4c9d-8e70-a7c42d11d6d4,2022-06-28,2022-06-30,c42d8640-cf6b-42f1-ab42-941239ae7479,88faa5c9-4534-4792-8d20-8b7f6ca3c0fd,Mastercard,Credit,5181,Purchase,12645.08,ZAR,1.0,12645.08,City Power,5999,Retail Stores,Bloemfontein,ZA,False,AUTH748984,Approved,False,False
99705788-2fe1-4884-99aa-fb56166a65b1,2023-01-29,2023-01-30,479a04c4-00d2-4b82-a752-6d70cadc6f32,0ebc03c1-6701-445a-b1f1-b2a9bda64229,Visa,Credit,9965,Chargeback,3956.33,ZAR,1.0,3956.33,Momentum,8011,Doctors & Physicians,Vanderbijlpark,ZA,False,AUTH152371,Approved,False,False
58dbce84-895c-4332-9fd7-630417a19203,2022-11-05,2022-11-06,35546f62-b8a6-4c44-8732-216de4b3c1b0,5136d8b2-a93b-41aa-92f7-db3139d0a2d3,Visa,Credit,2551,Purchase,1808.16,ZAR,1.0,1808.16,Superbalist,5411,Grocery Stores,Lloydland,ZA,False,AUTH719938,Approved,False,True
a013e50a-7431-4d93-aada-3a87ca30a765,2016-05-22,2016-05-24,407d09d3-c2ed-4660-9392-cf5688eb6347,e04dd813-e742-4c4d-bb5d-55efda8742ab,Visa,Debit,4356,Online Purchase,9399.04,ZAR,1.0,9399.04,Debonairs,5311,Department Stores,South Joanneport,ZA,False,AUTH981846,Approved,False,True
26e225ac-ed90-47d5-894a-8c6fb24af2a0,2022-08-31,2022-08-31,c18d8060-909e-49d1-8e42-9445994037b0,1e6bfc01-54e8-49f1-b039-a6bce14d302e,Mastercard,Debit,6124,Refund,369.87,ZAR,1.0,369.87,Shell SA,4816,Online Services,Port Angelatown,ZA,False,AUTH483745,Approved,False,True
75dd8a65-c22c-4b60-b60e-5747c9e17d01,2022-02-23,2022-02-24,3882ede9-0650-4117-b505-04f03140d409,3d67fcbd-6beb-4aed-b77d-5e1e53dd0cb2,Mastercard,Debit,9988,Purchase,323.26,ZAR,1.0,323.26,Pick n Pay,8011,Doctors & Physicians,iKapa,ZA,False,AUTH409105,Approved,False,True
38a5f102-7514-4faf-abe4-9a1f8dc351f4,2022-10-28,2022-10-30,920f40d1-f7a7-466f-aa09-4666c67e8967,91c9be29-eee1-4cde-a664-efe7e53212d5,Visa,Credit,2419,Purchase,7469.42,ZAR,1.0,7469.42,Gym Company,4816,Online Services,iBhayi,ZA,False,AUTH299267,Approved,False,True
745e4507-bfc0-40a6-b883-ec909349159a,2019-01-26,2019-01-27,39b67ad5-984f-44bb-8a1c-acf71a1980b7,f8d83d78-b82a-4c81-b612-0515b0350694,Mastercard,Credit,2481,Refund,6962.46,ZAR,1.0,6962.46,Spur,5999,Retail Stores,Lesliehaven,ZA,False,AUTH752938,Approved,False,False
f690e4fc-c745-478e-9c91-6d89060be021,2020-06-21,2020-06-23,c69ea691-8454-4fff-a519-5f3221bb6779,d29864d0-31fd-4f9f-883a-7f503b38f90f,Mastercard,Debit,7377,Purchase,1808.21,ZAR,1.0,1808.21,City Power,5411,Grocery Stores,Lake Gerard,ZA,False,AUTH718344,Reversed,False,True
3e2c2e1f-bdda-4301-ae9e-17212cd3bab0,2017-11-24,2017-11-25,d1c60b8b-8b23-448a-a853-e84ceb19ead5,5427a72c-adea-4248-901b-4111111cdd4b,Mastercard,Credit,9354,Online Purchase,14611.41,ZAR,1.0,14611.41,Old Mutual,4814,Telecommunications,Krugersdorp,ZA,False,AUTH245406,Approved,False,True
b955881d-628c-41c4-8d18-def48be1f367,2016-01-14,2016-01-16,23954309-3a57-467d-a753-fdfafe6dfe53,e468483b-cf18-479d-8b10-3fc7f309a13a,Visa,Debit,3109,Contactless Payment,4036.86,ZAR,1.0,4036.86,Old Mutual,5541,Service Stations,East Oliviaview,ZA,False,AUTH799470,Approved,True,True
26f3f988-7faa-41ba-b350-471d7b458be6,2018-02-15,2018-02-15,feff1299-937c-40f7-a410-c2b9dbc2b24a,486ed9cf-3f99-439b-a292-305d038605bf,Visa,Debit,5758,Purchase,12884.52,ZAR,1.0,12884.52,Total SA,4814,Telecommunications,Krugersdorp,ZA,False,AUTH343348,Approved,False,False
172228a7-407d-4b71-afe5-f39d3b8f7ee6,2016-03-21,2016-03-23,a4341b92-e767-4d9a-a8bc-a1cd5c3cac45,e48bf09c-1d7e-4a66-9946-31e8e782c08e,Visa,Credit,7856,Purchase,2054.78,ZAR,1.0,2054.78,MTN,5311,Department Stores,South Sandra,ZA,False,AUTH466032,Approved,False,False
3388618a-99b6-4e39-bf97-6d10f428b620,2024-11-19,2024-11-21,f84582bd-160f-41e9-8e4c-01cea251f754,60e9b09c-e343-401f-9e56-3f88d8ea072a,Mastercard,Credit,4247,Contactless Payment,13343.69,ZAR,1.0,13343.69,Telkom,5999,Retail Stores,West Shirley,ZA,False,AUTH793832,Approved,True,True
4a740324-7550-486c-b6bb-383fd9b7d3d9,2017-12-05,2017-12-05,89508310-0e20-4767-b6ca-b33dbc0c4fff,796496b2-fedc-473f-b0ad-08543529cc77,Visa,Debit,9291,Purchase,14453.07,ZAR,1.0,14453.07,Amazon SA,5411,Grocery Stores,Rustenburg,ZA,False,AUTH970896,Approved,False,True
eeea9c5d-2ebb-4d09-ba45-a82805fb5b84,2017-05-19,2017-05-20,ba8016de-86c1-4920-88db-bee7d0cd9b87,a97c8ade-97f8-47e0-8d05-75fbfdef84b4,Visa,Credit,1297,Purchase,9596.99,ZAR,1.0,9596.99,Pick n Pay,5812,Eating Places & Restaurants,Vereeniging,ZA,False,AUTH336092,Approved,False,True
974a4ea9-b9ff-4841-96ff-156085908c3b,2020-09-12,2020-09-13,cdaec3c8-a553-4168-8956-d80c9a9098b4,0ec62bd1-42db-4ffd-b12d-f1738b4fdec9,Mastercard,Credit,2963,Refund,5420.9,ZAR,1.0,5420.9,Total SA,5999,Retail Stores,Port Natasha,ZA,False,AUTH488955,Approved,False,False
261290f3-9d8c-49de-b5bb-3ae0be3be097,2016-03-06,2016-03-08,8fd4a71b-f5a9-4402-8203-5dcbcb3e2d8b,97ddac20-2ab1-412a-aa23-deabd20e4497,Visa,Debit,3320,Contactless Payment,9987.14,ZAR,1.0,9987.14,McDonald's SA,5999,Retail Stores,Youngview,ZA,False,AUTH837488,Approved,True,False
6c6e0535-0c68-4bc5-a70f-2cba81645c1f,2022-02-07,2022-02-07,ec4f5235-c485-47ab-9100-a624cb729e72,fd250f7b-e79e-409d-82f0-7d0f61426f0b,Mastercard,Credit,8884,Purchase,1252.7,ZAR,1.0,1252.7,Vodacom,4111,Transportation,West Marionmouth,ZA,False,AUTH193041,Approved,False,False
4f388ea3-9e29-4293-90fb-1620e7369c7d,2015-07-25,2015-07-26,5eaeb8fb-8d85-485e-8945-0f308bb3f76a,c77092ad-e107-4373-89eb-0a50e994a500,Visa,Debit,7456,Online Purchase,1974.9,ZAR,1.0,1974.9,Naspers,5311,Department Stores,Marilynfort,ZA,False,AUTH820891,Approved,False,False
c660580b-7d55-4341-996e-325d7adb85c0,2024-03-24,2024-03-25,fce6c593-c13e-4a92-bea7-d82654dbd4a8,dcfecbca-5653-435d-87a6-aafd3d6ffb52,Visa,Debit,5813,Contactless Payment,10925.47,ZAR,1.0,10925.47,Momentum,5411,Grocery Stores,Newcastle,ZA,False,AUTH825106,Declined,True,True
7dcba007-1a5d-4ee9-9fc3-454743336750,2022-01-22,2022-01-22,eb97036f-6a6f-4120-a2eb-224c81d759fa,77595890-46d2-4f84-ba33-d6e12b874937,Visa,Debit,7948,Contactless Payment,12886.75,ZAR,1.0,12886.75,H&M SA,5411,Grocery Stores,Kathu,ZA,False,AUTH904602,Reversed,True,True
8629f8b4-c1e9-4eba-930a-ab97f923b122,2022-11-28,2022-11-29,1a606c21-28a9-4901-b958-7c8b79cbd4ee,802e7e56-190c-41fd-a9d0-3d2880dd2cc3,Mastercard,Debit,1920,International Purchase,39867.18,EUR,20.8886,832769.58,Takealot,4814,Telecommunications,West Junehaven,AU,True,AUTH786401,Approved,False,True
00bb3a72-4dd6-458a-840f-7cef1f060549,2023-03-23,2023-03-23,e3db2750-f26e-4c8b-9584-43a53a2bfde4,e0b5f00e-16ba-45c5-a3b3-a04b555efc7c,Visa,Credit,6602,Purchase,6175.87,ZAR,1.0,6175.87,Amazon SA,5411,Grocery Stores,Stephenport,ZA,False,AUTH126089,Approved,False,False
b613043a-391c-42ef-8fda-cb7f74acf263,2017-02-24,2017-02-26,2306d171-782e-48a8-9934-2a665366e51e,2ecc888d-d15b-4f39-b160-3e1801da08c9,Mastercard,Credit,5424,Online Purchase,8877.68,ZAR,1.0,8877.68,Edgars,5945,Hobby & Toy Shops,Upington,ZA,False,AUTH598067,Approved,False,True
4d57ec33-374e-49e7-89ce-5a1b93b94f19,2024-12-17,2024-12-19,2be9e2d8-fbb2-4b85-b60c-c3ac61dfba33,e7668c2c-8c8f-4de3-8db4-90ad16ae9b92,Mastercard,Debit,8791,Purchase,7231.84,ZAR,1.0,7231.84,Virgin Active,8011,Doctors & Physicians,Robinberg,ZA,False,AUTH738678,Approved,False,False
7a0ed8c4-9a1c-4d1f-b9ca-96de7b59f032,2021-03-12,2021-03-14,4b1b6349-a418-4ad6-a483-5f8f7e720193,93c73736-9251-4422-849a-28d5d4bdc725,Visa,Debit,4066,Chargeback,4218.14,ZAR,1.0,4218.14,Checkers,5621,Women's Clothing Stores,Paarl,ZA,False,AUTH714445,Approved,False,True
0aeff2be-05f5-4661-955b-3621c825aff1,2020-07-08,2020-07-09,dd9decd1-caf1-447c-9928-6851d0aa1ed0,dadbdb7a-ad83-4e90-9356-19f735b66d27,Mastercard,Credit,6682,International Purchase,15479.95,EUR,21.3411,330359.16,Engen,4111,Transportation,Spencerville,VC,True,AUTH891945,Approved,False,True
11792365-2ae3-4094-98d3-0629cbd67ea8,2022-01-06,2022-01-06,3cf01646-9180-4f8f-bf3c-dae3ee96c9af,a230f313-bffe-4fb1-884a-180392f85ad8,Mastercard,Debit,3014,Contactless Payment,13129.24,ZAR,1.0,13129.24,Planet Fitness,5621,Women's Clothing Stores,Boksburg,ZA,False,AUTH137911,Reversed,True,False
a552a57d-4f19-4fca-bfca-5096fa4e3b4c,2016-12-31,2016-12-31,fce6c593-c13e-4a92-bea7-d82654dbd4a8,dcfecbca-5653-435d-87a6-aafd3d6ffb52,Mastercard,Credit,5235,Online Purchase,8325.5,ZAR,1.0,8325.5,Truworths,5999,Retail Stores,Julianview,ZA,False,AUTH904830,Approved,False,False
86b3b301-9759-4e9e-a9ad-b4268b2c069c,2020-08-14,2020-08-14,3e0e2ec9-2349-4b39-8c19-6617841621a7,9a3f7ed0-8efc-4452-905c-031240e0733f,Mastercard,Debit,8503,Purchase,6684.08,ZAR,1.0,6684.08,Foschini,5411,Grocery Stores,uMgungundlovu,ZA,False,AUTH159397,Approved,False,True
d57ed1e9-db1e-428c-a85a-f5c56261adc8,2016-12-01,2016-12-01,e82178cd-a4b0-4b70-a302-64ff8846651f,b2ebfe50-e47c-439c-abf6-a9f68942352d,Visa,Debit,9992,Online Purchase,4750.69,ZAR,1.0,4750.69,Pick n Pay,4111,Transportation,Musina,ZA,False,AUTH586593,Approved,False,True
b954cce0-4176-4838-b1b8-6702e4ad0b79,2015-08-09,2015-08-10,e58cee77-d20c-47d6-b192-9e0939c880b7,943b547a-caaf-4494-a2d8-c22932b3d538,Mastercard,Credit,9403,Purchase,581.67,ZAR,1.0,581.67,Spur,5999,Retail Stores,Benoni,ZA,False,AUTH316224,Approved,False,True
096f1a12-94a8-478c-8143-8ef25938f180,2022-12-13,2022-12-13,2be9e2d8-fbb2-4b85-b60c-c3ac61dfba33,e7668c2c-8c8f-4de3-8db4-90ad16ae9b92,Mastercard,Debit,4858,Purchase,7936.7,ZAR,1.0,7936.7,Zara SA,5734,Electronics Stores,Hodgsonburgh,ZA,False,AUTH655238,Approved,False,False
687a87ec-76b3-41ab-abc9-cd65511045c5,2020-09-13,2020-09-15,5c81b1bd-9dfe-4a26-903c-066c5f50e929,67c9be79-bce5-4b32-a44d-98517a2477e3,Visa,Debit,3472,Purchase,7629.05,ZAR,1.0,7629.05,Zara SA,4814,Telecommunications,Edwardshaven,ZA,False,AUTH454558,Pending,False,True
d276233d-5847-4970-94c4-0111d17f89af,2021-01-12,2021-01-13,b1a269fe-8526-4bbe-b46a-d7134620a6e3,c978e671-abb7-4632-8b23-ab955c9acf81,Visa,Credit,8092,Purchase,8400.15,ZAR,1.0,8400.15,Virgin Active,5912,Drug Stores & Pharmacies,Port Sallyhaven,ZA,False,AUTH913260,Approved,False,True
88e1bd5f-b477-488c-9168-138b71b52b91,2016-02-06,2016-02-06,cc4d93f2-8c8d-4f30-805f-e2f4081a6155,475c2f67-b3cb-4fac-8e1a-0ed764b9a2fe,Visa,Credit,4443,Online Purchase,7612.48,ZAR,1.0,7612.48,Old Mutual,8011,Doctors & Physicians,Tembisa,ZA,False,AUTH919685,Approved,False,True
c026afad-6b5e-4e18-903b-b6310633cf43,2015-03-07,2015-03-07,cbb0b5b8-4767-4e6c-9616-a09c3be594a3,f1223908-ced9-4191-98a2-7223e90fc330,Visa,Credit,5780,Chargeback,4549.97,ZAR,1.0,4549.97,Caltex SA,5311,Department Stores,Tomlinsonside,ZA,False,AUTH922854,Approved,False,True
c9f42149-3faf-4029-b7bf-aecbe8e2c6da,2019-07-28,2019-07-30,51c3d72e-845a-4bd4-976b-1c3857a20752,c3d68512-ee39-41cc-9791-0586599d9721,Visa,Credit,9257,Online Purchase,5596.22,ZAR,1.0,5596.22,Planet Fitness,5541,Service Stations,South Zoeton,ZA,False,AUTH739131,Approved,False,True
57a30fd5-1701-49e6-a39a-cf31bea1e4af,2016-04-15,2016-04-16,050a2c77-0f72-4593-a5a8-8e26eccc6d35,7f164959-ebef-49cb-89cd-6a303fdad6f3,Mastercard,Debit,5348,Purchase,11796.92,ZAR,1.0,11796.92,Planet Fitness,5411,Grocery Stores,Lake Marcview,ZA,False,AUTH672202,Approved,False,True
aaaa47af-9fa0-4dc0-9588-0a56ab38b685,2023-06-26,2023-06-26,2394630b-f57c-4ba1-8501-c26889763147,802e7e56-190c-41fd-a9d0-3d2880dd2cc3,Visa,Debit,8151,Purchase,1779.35,ZAR,1.0,1779.35,Bidvest,5734,Electronics Stores,Rogersshire,ZA,False,AUTH109571,Approved,False,True
e3f2341b-dc93-4683-ab2e-5ae16d2d5253,2021-03-05,2021-03-07,9c7e2c81-a85b-4300-a99b-6edfbfd42cfe,2b230825-6b17-4ffe-9620-5f77ec1c9594,Visa,Credit,3544,Purchase,8207.36,ZAR,1.0,8207.36,Takealot,4816,Online Services,Jenningsmouth,ZA,False,AUTH216784,Declined,False,False
8dc14374-3270-455e-99ff-0e7b3fd16258,2017-12-26,2017-12-28,28557b72-bf6c-4a63-8a60-d0e3a9d17ce5,04485172-9859-4d78-ab90-1473d401724d,Mastercard,Credit,2758,Contactless Payment,7276.83,ZAR,1.0,7276.83,Clicks,5541,Service Stations,Johnsonshire,ZA,False,AUTH455491,Approved,True,True
a4d1a10d-ceea-4341-ac7a-2f5000d0d56d,2022-09-10,2022-09-10,5461ca2f-1892-4371-b2a2-7c455e990452,1bf46838-92d1-4b07-adc1-26f9bc1a6bdd,Visa,Debit,7959,Contactless Payment,4287.84,ZAR,1.0,4287.84,Old Mutual,4816,Online Services,Lake Joanna,ZA,False,AUTH157487,Approved,True,False
4651193b-75b4-47f9-9b62-6ed656be76d9,2015-06-10,2015-06-11,3a159030-051f-4e9c-b8f5-ecff7e5cddbc,95c94f51-1c42-4219-bd5d-6d7d5f07f30b,Visa,Credit,8019,Contactless Payment,13108.85,ZAR,1.0,13108.85,Mr Price,5945,Hobby & Toy Shops,Vanderbijlpark,ZA,False,AUTH865732,Approved,True,True
7af3169f-403c-4a35-8bb1-9cac5e416e23,2021-03-13,2021-03-15,5141a537-c78b-49c1-bb68-03a6c7a29c6e,f4be94ff-f06b-46a4-8cba-1a36fadcbac4,Mastercard,Credit,1974,Purchase,14799.88,ZAR,1.0,14799.88,Edgars,7011,Hotels & Motels,George,ZA,False,AUTH566079,Approved,False,True
f66f485f-7be5-4769-bba2-56e232843ea1,2015-08-07,2015-08-09,f10b0f9b-017d-4bf4-af61-4f3447a68ab9,91c9be29-eee1-4cde-a664-efe7e53212d5,Mastercard,Credit,8861,Contactless Payment,2689.76,ZAR,1.0,2689.76,Bidvest,5999,Retail Stores,Thohoyandou,ZA,False,AUTH422256,Reversed,True,True
71db2fbb-a200-41bd-b884-55aa31e91054,2019-03-02,2019-03-04,f22f270a-6581-4dfc-99bf-ccafa6313f55,d2a252aa-3d52-420a-b18f-5c134e1fa217,Mastercard,Debit,3709,Online Purchase,7074.55,ZAR,1.0,7074.55,Telkom,5621,Women's Clothing Stores,Upington,ZA,False,AUTH946693,Approved,False,True
9745a9f0-de12-4814-8554-39023bfd6499,2019-07-08,2019-07-08,2d269844-d32d-48d0-acbd-011f5e84612a,696dd856-e6af-4dd3-9595-cc197764d7c1,Visa,Debit,2943,Purchase,921.43,ZAR,1.0,921.43,Cell C,5999,Retail Stores,George,ZA,False,AUTH747155,Approved,False,True
05c2989b-3309-4761-b8f3-e4ce830e7c08,2022-07-18,2022-07-18,0fe356f8-f46a-4f49-ae78-2a7ccbdd02f4,19720c0b-051e-47ea-b902-9b819c88f5ca,Visa,Credit,4679,Online Purchase,8360.52,ZAR,1.0,8360.52,Total SA,8011,Doctors & Physicians,Mbombela,ZA,False,AUTH153577,Declined,False,False
f0f1275c-4351-4311-be70-c4476f1ce848,2019-04-23,2019-04-23,0594e29f-85b7-4c9b-907f-24c8478f2410,ccfb2fd8-3927-4ffc-bb87-d12a67ce37a5,Visa,Credit,9511,Cash Advance,1231.94,ZAR,1.0,1231.94,BP SA,7011,Hotels & Motels,Susanmouth,ZA,False,AUTH443605,Approved,False,False
f42417f1-7ddd-4295-9ef3-171c4b33c04d,2023-09-21,2023-09-21,920f40d1-f7a7-466f-aa09-4666c67e8967,91c9be29-eee1-4cde-a664-efe7e53212d5,Visa,Debit,9456,International Purchase,27818.82,GBP,24.0355,668639.25,Tiger Brands,5621,Women's Clothing Stores,Watsonmouth,TL,True,AUTH968361,Approved,False,True
07e8b9a4-f466-4943-87d9-77c91810d878,2017-03-03,2017-03-03,24c74360-9832-4d08-89dd-a00aaef9e898,31e7d721-e2e5-4bc2-8b0f-1c16bf58e45e,Mastercard,Credit,8065,Contactless Payment,14203.31,ZAR,1.0,14203.31,Cell C,5621,Women's Clothing Stores,Tobystad,ZA,False,AUTH974507,Declined,True,True
05732c14-124e-477b-a7a0-da16c432dc4c,2017-10-17,2017-10-17,60e9647e-a04d-46a1-8b8f-e76819c57606,09b9d0bb-c032-4e23-a911-bae00f7df4ca,Visa,Credit,1497,Purchase,13794.52,ZAR,1.0,13794.52,Planet Fitness,8011,Doctors & Physicians,Oliverburgh,ZA,False,AUTH403413,Approved,False,True
1edf864c-49ba-4283-9d39-ccc2dc6e8bc1,2021-06-22,2021-06-23,1d81fca0-874b-4f42-a1f4-160fec4a5baf,0da3aca3-eeff-48be-9870-f0b2cd2d53c6,Visa,Credit,1500,Contactless Payment,12537.94,ZAR,1.0,12537.94,Dischem,4111,Transportation,Crawfordtown,ZA,False,AUTH273677,Approved,True,False
572fc4c8-bcaf-42d3-9a06-4f644c970e3b,2015-04-03,2015-04-05,d7952e5b-22e9-4289-8b87-5a5b800bceb8,2949a668-9ea3-4b41-9f9a-136b86be274f,Visa,Debit,4280,Online Purchase,7511.03,ZAR,1.0,7511.03,Shell SA,5661,Shoe Stores,Bethlehem,ZA,False,AUTH625116,Approved,False,False
c1fb7521-5d7e-48b7-909d-49c3ef373aeb,2018-10-20,2018-10-20,e1fd2535-42c6-463e-84ac-3d2fa55c1357,ba5dd48f-c112-4397-bc7a-8933ff5b11dc,Mastercard,Credit,6414,Purchase,364.01,ZAR,1.0,364.01,Tiger Brands,5411,Grocery Stores,Mariachester,ZA,False,AUTH559659,Approved,False,True
39e33d92-6f44-47d6-b776-8e9eaf9874f6,2023-09-28,2023-09-29,050a2c77-0f72-4593-a5a8-8e26eccc6d35,7f164959-ebef-49cb-89cd-6a303fdad6f3,Visa,Debit,9708,Refund,4594.77,ZAR,1.0,4594.77,Engen,5812,Eating Places & Restaurants,iKapa,ZA,False,AUTH917152,Approved,False,False
d7cc4bde-bfc3-4608-b56e-8aa370b0c1e8,2022-11-08,2022-11-09,7120625f-8f83-463d-86c2-61f078fe07f4,a5b3d0e7-1c37-41b2-8e9b-c9b78f83cb2d,Visa,Debit,6867,Contactless Payment,5836.24,ZAR,1.0,5836.24,Naspers,5812,Eating Places & Restaurants,South Margaretstad,ZA,False,AUTH788942,Approved,True,False
6bc985b7-14a7-4507-96b4-d5ab924758ce,2020-11-22,2020-11-22,db2a1018-04fc-4b89-bded-9d908c281204,2ea14f7d-a56a-4f64-86f9-a70de9fdfd34,Visa,Credit,9348,Refund,1988.47,ZAR,1.0,1988.47,Total SA,5661,Shoe Stores,Kennethberg,ZA,False,AUTH569660,Approved,False,True
f03263c5-d5b4-45e1-8ee4-c9dd3e44273f,2022-06-03,2022-06-03,3c8fb798-c3b6-409f-9971-2b15000eae45,96a0dd93-d9ee-4528-9173-61228081da8c,Mastercard,Credit,4884,Purchase,14055.3,ZAR,1.0,14055.3,Momentum,5661,Shoe Stores,Springs,ZA,False,AUTH186426,Approved,False,True
0fb9207e-abf6-419c-aa9f-0d8f3201427f,2017-10-20,2017-10-21,f941003f-6ee8-444d-a05b-1e24523a0b8a,489a6541-a54b-4982-ab84-00aa5d9b5247,Visa,Credit,6086,Online Purchase,1626.55,ZAR,1.0,1626.55,Naspers,8011,Doctors & Physicians,Port Sallyshire,ZA,False,AUTH794820,Approved,False,True
1094f09d-ce38-458a-a4de-f1bd6228d83b,2018-11-07,2018-11-08,ff638ebf-bcaf-4a04-8876-a1a9e236c918,ab89aa9f-66e2-4754-bec4-86f8d62d6503,Visa,Debit,7405,Purchase,13732.97,ZAR,1.0,13732.97,Takealot,5661,Shoe Stores,Christopherberg,ZA,False,AUTH567812,Approved,False,True
a5b8492a-3e7b-4a61-be85-2ebbf2e59961,2015-07-31,2015-08-02,6bdf7092-bcb0-4eb2-8aab-d75d40b7e1d7,a5b3d0e7-1c37-41b2-8e9b-c9b78f83cb2d,Visa,Debit,4384,Contactless Payment,12001.8,ZAR,1.0,12001.8,Caltex SA,5734,Electronics Stores,Newcastle,ZA,False,AUTH994929,Approved,True,True
91fce799-5840-42fb-bf76-827c5f7ab15a,2016-08-05,2016-08-07,3a159030-051f-4e9c-b8f5-ecff7e5cddbc,95c94f51-1c42-4219-bd5d-6d7d5f07f30b,Visa,Credit,6659,Online Purchase,7218.86,ZAR,1.0,7218.86,Engen,5621,Women's Clothing Stores,Brownbury,ZA,False,AUTH198026,Declined,False,False
c497d131-97be-43ab-8703-86f95bd7eedf,2023-04-05,2023-04-05,7eeed1d1-15ed-42e0-87ba-d1dbbd42faf6,8ae8649d-15a3-4909-a8f1-1a3ee8cc2f3b,Visa,Credit,3897,Purchase,13974.55,ZAR,1.0,13974.55,Cell C,5661,Shoe Stores,Taylorland,ZA,False,AUTH187631,Approved,False,True
678dfa40-3524-4528-a0fd-0544a2e114f9,2016-03-28,2016-03-29,8640d78f-b184-41ff-a961-88fe3b3f03fc,668aa1f6-0941-44cb-9c52-07b3cb7e79c7,Mastercard,Credit,1989,Contactless Payment,4290.86,ZAR,1.0,4290.86,MTN,4814,Telecommunications,East Michelleborough,ZA,False,AUTH647793,Approved,True,False
fa43775f-7c69-4547-80e9-023fc2bd84e3,2015-11-09,2015-11-10,e3d96443-c719-4a01-9d3f-aa8b4640df6c,106cb973-661a-496e-a060-9e09a57efbb5,Visa,Credit,1888,Purchase,11419.62,ZAR,1.0,11419.62,Spar,5621,Women's Clothing Stores,Uitenhage,ZA,False,AUTH277049,Approved,False,False
285b7d84-de37-4157-8fcc-cb8e586e6f84,2016-07-14,2016-07-16,feff1299-937c-40f7-a410-c2b9dbc2b24a,486ed9cf-3f99-439b-a292-305d038605bf,Mastercard,Debit,3503,Refund,1107.79,ZAR,1.0,1107.79,Spur,5945,Hobby & Toy Shops,Centurion,ZA,False,AUTH649037,Approved,False,True
d3d8e2a1-c774-4560-8589-43e888bed050,2024-09-06,2024-09-07,07c7e1bc-65dc-48ff-ab9a-3dce36774fc6,8931f44e-bcba-4267-9d91-cf99c1259d56,Visa,Debit,9289,Contactless Payment,4705.99,ZAR,1.0,4705.99,Woolworths,4816,Online Services,East Jordanmouth,ZA,False,AUTH836946,Approved,True,False
88aefe0e-fa5d-4618-8ff4-cf3c194f727e,2015-07-09,2015-07-09,be62e15c-7c23-42b8-ba55-8524277e4c10,50f6d663-1915-47b1-87fd-38c31e37a363,Visa,Debit,8653,Contactless Payment,5073.6,ZAR,1.0,5073.6,Pioneer Foods,5999,Retail Stores,eThekwini,ZA,False,AUTH689267,Approved,True,True
db46b96d-f3fb-483a-a19e-cc34f99da06b,2022-10-24,2022-10-24,050a2c77-0f72-4593-a5a8-8e26eccc6d35,7f164959-ebef-49cb-89cd-6a303fdad6f3,Visa,Debit,2287,Online Purchase,3268.27,ZAR,1.0,3268.27,BP SA,5311,Department Stores,East Maxshire,ZA,False,AUTH886697,Declined,False,True
031c075c-a574-467e-aae0-0cf25b83ce72,2019-03-15,2019-03-15,218bfaab-5190-4c94-bce0-c4b85f27e67c,2f418199-1049-4389-83b4-2ea755610f9d,Visa,Debit,7611,Purchase,8536.4,ZAR,1.0,8536.4,Woolworths,5812,Eating Places & Restaurants,uMgungundlovu,ZA,False,AUTH459778,Approved,False,True
1df8641a-2fda-405b-bbc2-d78a4f0a22b9,2016-11-02,2016-11-02,52973e09-5cc7-4418-af22-95f871ac3698,005acb16-83f0-4423-a42f-150fbdebffc9,Visa,Credit,5885,Purchase,8919.97,ZAR,1.0,8919.97,Shell SA,7011,Hotels & Motels,Taylorshire,ZA,False,AUTH864363,Approved,False,True
26398cf7-0f66-410b-a1dc-09f0426c0f9a,2019-08-17,2019-08-19,be62e15c-7c23-42b8-ba55-8524277e4c10,50f6d663-1915-47b1-87fd-38c31e37a363,Visa,Debit,5352,Contactless Payment,11172.39,ZAR,1.0,11172.39,Zara SA,4814,Telecommunications,Port Abdul,ZA,False,AUTH409385,Approved,True,False
6a9ae6e1-aca3-480d-b161-ca0dec88ce40,2017-08-04,2017-08-05,86bd2850-49bb-4cbb-953c-335aef36ef5c,f5385827-522c-4f2a-b11f-b00e9abc58f9,Visa,Debit,7075,Purchase,981.52,ZAR,1.0,981.52,Rain,5661,Shoe Stores,New Max,ZA,False,AUTH942798,Approved,False,True
176fc461-b85e-45f8-bd31-b096f6a62c65,2022-10-19,2022-10-19,1d81fca0-874b-4f42-a1f4-160fec4a5baf,0da3aca3-eeff-48be-9870-f0b2cd2d53c6,Visa,Debit,7064,Online Purchase,3897.33,ZAR,1.0,3897.33,Takealot,5945,Hobby & Toy Shops,Klerksdorp,ZA,False,AUTH731170,Pending,False,True
a3750d7f-6752-4ddd-8ee7-3988fff23cae,2018-07-17,2018-07-17,db617c72-425e-437c-a34a-66b127cb489e,aa0cf632-0446-46d5-9ce0-006948caa2ce,Mastercard,Debit,3408,Purchase,8760.0,ZAR,1.0,8760.0,Debonairs,5945,Hobby & Toy Shops,Kerrytown,ZA,False,AUTH171838,Approved,False,False
ccc2f152-1d9e-4a0c-9961-cadb727f2727,2015-02-12,2015-02-14,aac5f32c-1732-4eeb-b771-b11f29217999,92c7a67a-0282-45bd-b9e5-b0c203b7dba1,Visa,Credit,4197,International Purchase,26023.19,USD,18.1488,472289.67,Shell SA,5621,Women's Clothing Stores,Lukemouth,MH,True,AUTH529116,Approved,False,True
2429c384-0c9b-4c1a-8553-f33e86fd415b,2016-10-15,2016-10-17,2d1a95ad-70c8-4da0-9425-cbcf269d5d92,1e1c0a15-403d-4187-8c88-eabcdf85a18b,Mastercard,Credit,6782,Online Purchase,8971.49,ZAR,1.0,8971.49,Debonairs,5945,Hobby & Toy Shops,Burnshaven,ZA,False,AUTH933113,Approved,False,True
48f0bd6c-9eff-403c-82cc-74065ac735fc,2018-07-21,2018-07-21,25db4c54-6c26-4cee-b061-bdd813529556,52347243-9079-4ddd-b580-f6bf33305faa,Mastercard,Credit,5927,Contactless Payment,9092.17,ZAR,1.0,9092.17,Superbalist,4111,Transportation,Sasolburg,ZA,False,AUTH879757,Approved,True,True
4f73b37d-5459-462e-b83b-6428f3cb8ae1,2018-10-07,2018-10-07,4e1bb47c-33e0-4919-8fbe-e23eea0e3802,19c5ba73-e18f-49a2-a104-e01ab37e74f4,Visa,Credit,5090,Purchase,13576.54,ZAR,1.0,13576.54,Bidvest,4814,Telecommunications,eThekwini,ZA,False,AUTH923682,Approved,False,False
961e96bf-c50f-4574-8053-4460e2f060bb,2020-03-05,2020-03-07,4b004718-d836-4fb6-b039-83e1b568947f,d008e9b4-a86d-491e-bb43-dcf5c491c1cc,Mastercard,Debit,9824,Contactless Payment,10900.04,ZAR,1.0,10900.04,Foschini,5812,Eating Places & Restaurants,East Sylviachester,ZA,False,AUTH668086,Reversed,True,True
1b5925ba-9d2f-4524-a1e6-a036c463e0a9,2020-09-08,2020-09-10,d1c60b8b-8b23-448a-a853-e84ceb19ead5,5427a72c-adea-4248-901b-4111111cdd4b,Mastercard,Credit,5406,Online Purchase,1235.87,ZAR,1.0,1235.87,Checkers,5812,Eating Places & Restaurants,Chatsworth,ZA,False,AUTH539240,Approved,False,False
997910fa-4e2e-487c-ac9a-b4fe1b694acd,2018-06-07,2018-06-07,8723aed5-97bd-488b-8ff1-776545d3901a,bbbac18e-3bf9-43fa-9184-da720b7e6c0d,Mastercard,Credit,1172,Contactless Payment,8561.0,ZAR,1.0,8561.0,Truworths,5661,Shoe Stores,Lake Samuel,ZA,False,AUTH967023,Approved,True,False
c401d0f3-b978-48e1-b6ef-9a2a4fa15168,2015-03-12,2015-03-14,bf8cac5f-dc55-4b58-9a74-a337e8826ca8,eaf88bf2-93bd-40fc-bc6a-c6a64d63c873,Visa,Credit,2806,Contactless Payment,14004.4,ZAR,1.0,14004.4,Spar,5912,Drug Stores & Pharmacies,Witbank,ZA,False,AUTH356124,Declined,True,False
4d3f4f64-8674-4fb5-a45a-8ab8a34304de,2017-10-08,2017-10-10,c18d8060-909e-49d1-8e42-9445994037b0,1e6bfc01-54e8-49f1-b039-a6bce14d302e,Mastercard,Debit,7684,Contactless Payment,14214.19,ZAR,1.0,14214.19,Vodacom,5999,Retail Stores,Newcastle,ZA,False,AUTH536908,Approved,True,True
e3497079-b062-46b2-88f5-b62a6896d307,2018-02-03,2018-02-05,3a110452-e114-47e9-83fd-63718fc0960b,526d7d1c-ebad-40c5-9ff2-b568477570ad,Visa,Debit,4927,Contactless Payment,7264.84,ZAR,1.0,7264.84,Momentum,8011,Doctors & Physicians,South Karlport,ZA,False,AUTH941805,Approved,True,True
b8db40fa-4954-4a39-ab25-a9799ac524cb,2015-12-02,2015-12-02,336f8b76-410a-4137-bf38-e53cb171eb88,c1dc20be-75a1-4a1d-ac08-a8936903ed07,Mastercard,Credit,7565,Cash Advance,1077.79,ZAR,1.0,1077.79,Checkers,5999,Retail Stores,Welkom,ZA,False,AUTH432095,Approved,False,True
fa4d6b19-3688-4ad5-b143-4ffd72fa46ca,2023-07-06,2023-07-07,e58cee77-d20c-47d6-b192-9e0939c880b7,943b547a-caaf-4494-a2d8-c22932b3d538,Mastercard,Debit,5215,Purchase,875.92,ZAR,1.0,875.92,Pioneer Foods,5541,Service Stations,Stellenbosch,ZA,False,AUTH950477,Approved,False,True
75b42b44-86b8-42a1-a15d-1653e94b000c,2018-05-23,2018-05-25,51c3d72e-845a-4bd4-976b-1c3857a20752,c3d68512-ee39-41cc-9791-0586599d9721,Visa,Credit,1229,Purchase,9266.49,ZAR,1.0,9266.49,MTN,5812,Eating Places & Restaurants,Staceychester,ZA,False,AUTH564543,Reversed,False,False
5651cf3c-ac42-4792-a2a3-178f32062317,2015-07-03,2015-07-03,199fc55c-040a-4422-82b2-ea48bcd49d87,01137316-1352-488d-a263-adc17ec0076e,Visa,Credit,3802,Purchase,9176.01,ZAR,1.0,9176.01,MTN,5945,Hobby & Toy Shops,Kathrynstad,ZA,False,AUTH912035,Approved,False,True
f3bc2ae2-9e9a-4b16-a02e-8931a17fa314,2024-09-14,2024-09-14,f10b0f9b-017d-4bf4-af61-4f3447a68ab9,91c9be29-eee1-4cde-a664-efe7e53212d5,Mastercard,Credit,1541,Contactless Payment,9419.25,ZAR,1.0,9419.25,Steers,5945,Hobby & Toy Shops,uMgungundlovu,ZA,False,AUTH120718,Approved,True,True
71fd1635-a83d-4af9-93f0-dfcae757c619,2019-10-20,2019-10-21,07c7e1bc-65dc-48ff-ab9a-3dce36774fc6,8931f44e-bcba-4267-9d91-cf99c1259d56,Visa,Credit,3308,Online Purchase,4618.02,ZAR,1.0,4618.02,Superbalist,5311,Department Stores,Joycehaven,ZA,False,AUTH423643,Approved,False,False
af760369-bed2-487d-b433-555add5f8703,2018-06-14,2018-06-15,28557b72-bf6c-4a63-8a60-d0e3a9d17ce5,04485172-9859-4d78-ab90-1473d401724d,Mastercard,Credit,6548,Purchase,1031.1,ZAR,1.0,1031.1,Gym Company,8011,Doctors & Physicians,eGoli,ZA,False,AUTH617704,Approved,False,True
c7aa402a-84cf-4c35-885c-4c958f8efe4f,2020-09-05,2020-09-06,502acaed-89ca-45fa-845d-4c5e3b6db22f,3e12b679-d262-4e5f-abb3-e50d983421e2,Mastercard,Credit,8064,Purchase,3329.0,ZAR,1.0,3329.0,Spur,5411,Grocery Stores,Newcastle,ZA,False,AUTH209656,Approved,False,True
8939b1a3-ddc7-44b3-ac4a-2a1b3e12adcf,2024-06-03,2024-06-04,316559e8-d002-48f7-9473-9b342c03b151,cec5e0c3-6738-44ea-ad52-629e935afa47,Visa,Credit,7772,Refund,7173.74,ZAR,1.0,7173.74,Pioneer Foods,4111,Transportation,Kennethshire,ZA,False,AUTH807166,Approved,False,True
4bddef38-c8e2-4ea7-a53a-170b53e65edd,2017-02-15,2017-02-17,699cd23b-fb1d-4f45-8f13-ec500d08a994,4899ed45-9c58-43fc-a9b1-110f1e0da786,Visa,Credit,6338,International Purchase,49236.24,EUR,19.2565,948117.66,Pick n Pay,5999,Retail Stores,East Eileen,DO,True,AUTH841660,Approved,False,True
6c811a94-a7f6-4d98-9ff4-9ddda655d466,2022-12-30,2022-12-31,316559e8-d002-48f7-9473-9b342c03b151,cec5e0c3-6738-44ea-ad52-629e935afa47,Visa,Debit,9802,Purchase,10660.56,ZAR,1.0,10660.56,Momentum,8011,Doctors & Physicians,Lake Carlystad,ZA,False,AUTH157696,Approved,False,False
3c259b4d-aaf4-46ae-8d83-752076b777a1,2015-05-14,2015-05-14,4e1bb47c-33e0-4919-8fbe-e23eea0e3802,19c5ba73-e18f-49a2-a104-e01ab37e74f4,Visa,Debit,6859,Purchase,9489.05,ZAR,1.0,9489.05,Tiger Brands,4816,Online Services,Rogermouth,ZA,False,AUTH797639,Approved,False,True
fee19a0c-d843-4677-be86-94c26371ab50,2023-09-14,2023-09-16,1d81fca0-874b-4f42-a1f4-160fec4a5baf,0da3aca3-eeff-48be-9870-f0b2cd2d53c6,Visa,Credit,3227,Contactless Payment,7688.61,ZAR,1.0,7688.61,Clicks,5541,Service Stations,Harrishaven,ZA,False,AUTH581702,Approved,True,False
26f7cf26-2673-4ee8-8ecc-4c162e89bbd0,2018-03-11,2018-03-13,218bfaab-5190-4c94-bce0-c4b85f27e67c,2f418199-1049-4389-83b4-2ea755610f9d,Mastercard,Debit,2146,Purchase,8805.2,ZAR,1.0,8805.2,Naspers,5311,Department Stores,Vanderbijlpark,ZA,False,AUTH168557,Declined,False,False
8849fc9b-e6a0-43c3-aacf-b73396bcfeb3,2017-01-25,2017-01-27,b3dbbf39-5550-42f3-b00d-7a5655610449,796496b2-fedc-473f-b0ad-08543529cc77,Visa,Debit,2920,Purchase,1755.27,ZAR,1.0,1755.27,City Power,5661,Shoe Stores,Bethlehem,ZA,False,AUTH694845,Declined,False,False
3b3e4ae4-4df3-4bac-92ce-739df604d1a9,2023-07-27,2023-07-28,cc4d93f2-8c8d-4f30-805f-e2f4081a6155,475c2f67-b3cb-4fac-8e1a-0ed764b9a2fe,Visa,Debit,2256,Purchase,10663.18,ZAR,1.0,10663.18,Shoprite,4816,Online Services,Port Marie,ZA,False,AUTH534445,Approved,False,True
7a3e82d0-b497-488b-bbba-b8c7861905e1,2019-06-11,2019-06-13,9a0fce8f-96ca-4c4f-a669-888b0b796de0,3f4aa40e-79e7-4a14-84a7-1bf79aaf67ac,Mastercard,Debit,1104,Purchase,7057.0,ZAR,1.0,7057.0,H&M SA,5661,Shoe Stores,Klerksdorp,ZA,False,AUTH440063,Approved,False,True
ab8fa3c6-0347-4bef-b2de-002166a70503,2024-07-02,2024-07-03,16f89369-1dde-4ef9-8c3d-ead81a0c6cf5,cb29fca6-4779-47de-b4d8-d702da77cbe5,Visa,Debit,8887,Purchase,9348.78,ZAR,1.0,9348.78,Spur,5812,Eating Places & Restaurants,Stellenbosch,ZA,False,AUTH920756,Approved,False,False
ee20f761-cb34-433a-a50e-8a58a1b0d924,2018-09-01,2018-09-03,fed69861-8ec4-4b55-b235-e1a07492e0c5,bca80148-e7b8-4cd0-9ed4-29ebc0a69045,Mastercard,Credit,1989,Contactless Payment,8107.35,ZAR,1.0,8107.35,Caltex SA,8011,Doctors & Physicians,Bloemfontein,ZA,False,AUTH871140,Approved,True,False
09ce61c9-a4f5-4b07-8387-32e2d25be056,2015-09-14,2015-09-16,a4c5d2c4-a68a-43cd-8b90-d2a7c5a22394,aa0cf632-0446-46d5-9ce0-006948caa2ce,Mastercard,Credit,2206,Purchase,8920.09,ZAR,1.0,8920.09,Takealot,7011,Hotels & Motels,Mauriceshire,ZA,False,AUTH472786,Approved,False,True
07380f1f-51fc-4374-8543-e43414d8c8b1,2019-08-28,2019-08-29,eb488e77-92b6-4933-ba76-67a314f849d7,d008e9b4-a86d-491e-bb43-dcf5c491c1cc,Mastercard,Debit,1044,Purchase,9954.71,ZAR,1.0,9954.71,BP SA,4111,Transportation,Johnsonshire,ZA,False,AUTH876949,Approved,False,True
b979d7b7-51bc-4473-aba1-0eed1531a481,2015-11-28,2015-11-30,8204bddf-d38e-4c7d-840f-54335762aae3,056217c6-c731-4f79-b30f-c0d7ac911f00,Mastercard,Credit,2415,Online Purchase,13324.63,ZAR,1.0,13324.63,Caltex SA,7011,Hotels & Motels,Bloemfontein,ZA,False,AUTH317451,Approved,False,False
7d9053e9-1e42-4b0a-8c4a-d58328784615,2018-07-21,2018-07-22,ea30a547-290d-4b22-9e7c-c2ef9891fc4d,35467d6b-f1b1-4241-815d-df93767762c1,Visa,Debit,7742,Purchase,14450.02,ZAR,1.0,14450.02,Pioneer Foods,5812,Eating Places & Restaurants,Stellenbosch,ZA,False,AUTH714329,Reversed,False,True
64597e4b-5b0e-4661-9102-78971cf16933,2019-08-12,2019-08-13,f22f270a-6581-4dfc-99bf-ccafa6313f55,d2a252aa-3d52-420a-b18f-5c134e1fa217,Visa,Credit,8657,International Purchase,28551.39,ZAR,1.0,28551.39,Discovery Health,5734,Electronics Stores,Krugersdorp,PG,True,AUTH283212,Approved,False,True
97dc5749-040b-4933-835e-77a931edcaf8,2019-06-28,2019-06-28,2f40bed9-acd6-44b5-b602-97d39a9dc3a7,01137316-1352-488d-a263-adc17ec0076e,Mastercard,Credit,4993,Purchase,13917.04,ZAR,1.0,13917.04,Amazon SA,5661,Shoe Stores,Rustenburg,ZA,False,AUTH718902,Approved,False,True
b7131d18-0cdb-4f0d-aa34-596c7f07000f,2018-01-14,2018-01-14,050a2c77-0f72-4593-a5a8-8e26eccc6d35,7f164959-ebef-49cb-89cd-6a303fdad6f3,Mastercard,Debit,1698,Refund,6443.28,ZAR,1.0,6443.28,McDonald's SA,4814,Telecommunications,Kathu,ZA,False,AUTH678414,Approved,False,False
cad109e7-dfcf-455a-acc2-d1fa38b0f1cc,2017-09-03,2017-09-03,8d039ef6-8817-4daf-8557-6afd37468d93,3b306728-de33-45da-8613-34f78fd3ca6a,Visa,Debit,6838,Purchase,1469.49,ZAR,1.0,1469.49,Amazon SA,5912,Drug Stores & Pharmacies,Musina,ZA,False,AUTH888843,Approved,False,True
67be968b-6a43-4d68-84fb-c8817fcd50d2,2015-10-12,2015-10-12,ad695409-e052-4bb8-83f8-6400e38a55f4,0197d7ef-b2fb-457c-9bdd-b76dc3b0d59e,Visa,Debit,9319,Contactless Payment,7242.45,ZAR,1.0,7242.45,Engen,5734,Electronics Stores,Joannamouth,ZA,False,AUTH742187,Approved,True,True
090f3d35-6470-4cf6-ab9f-e8ba8036aedd,2023-05-31,2023-06-01,3882ede9-0650-4117-b505-04f03140d409,3d67fcbd-6beb-4aed-b77d-5e1e53dd0cb2,Mastercard,Credit,5745,Purchase,7584.71,ZAR,1.0,7584.71,KFC SA,5311,Department Stores,Stellenbosch,ZA,False,AUTH259494,Declined,False,False
184f651d-710b-445d-ab6d-502dab7aeeb4,2015-06-30,2015-06-30,5eaeb8fb-8d85-485e-8945-0f308bb3f76a,c77092ad-e107-4373-89eb-0a50e994a500,Visa,Credit,6693,Purchase,14120.12,ZAR,1.0,14120.12,Debonairs,5812,Eating Places & Restaurants,Geraldineview,ZA,False,AUTH153940,Approved,False,False
a4e83028-4d9b-4638-bd76-9bb93cceb498,2017-08-12,2017-08-12,fce6c593-c13e-4a92-bea7-d82654dbd4a8,dcfecbca-5653-435d-87a6-aafd3d6ffb52,Mastercard,Debit,8966,Purchase,6791.53,ZAR,1.0,6791.53,Foschini,5661,Shoe Stores,Upington,ZA,False,AUTH756894,Approved,False,True
dbffdf34-3130-4f99-93d5-3ef9a41cb234,2022-04-14,2022-04-15,61097e07-f0be-4f4c-955c-a08d7dbfaed8,fe1a8c18-0675-4320-8f1e-042b27d85a51,Mastercard,Credit,7059,International Purchase,3765.33,USD,18.6916,70380.04,Clicks,8011,Doctors & Physicians,Terryborough,ST,True,AUTH437707,Approved,False,True
d087fe94-7937-47a0-ae77-078d096bac2e,2021-05-11,2021-05-11,ec4f5235-c485-47ab-9100-a624cb729e72,fd250f7b-e79e-409d-82f0-7d0f61426f0b,Mastercard,Debit,2014,Purchase,4350.15,ZAR,1.0,4350.15,Cell C,7011,Hotels & Motels,Tembisa,ZA,False,AUTH838445,Approved,False,True
b514388e-377f-4c9b-856a-4de1b5dbef0a,2020-06-09,2020-06-09,316559e8-d002-48f7-9473-9b342c03b151,cec5e0c3-6738-44ea-ad52-629e935afa47,Mastercard,Credit,5739,Purchase,6180.84,ZAR,1.0,6180.84,Telkom,5912,Drug Stores & Pharmacies,West Caroleland,ZA,False,AUTH772980,Approved,False,True
73354d95-c2fd-4665-a88c-24688c638a3a,2017-12-11,2017-12-12,88fcd419-afb8-498a-8393-2030dc1539b7,96a0dd93-d9ee-4528-9173-61228081da8c,Mastercard,Debit,6585,Purchase,8452.07,ZAR,1.0,8452.07,Dischem,5734,Electronics Stores,Fosterside,ZA,False,AUTH819425,Approved,False,True
da6e595d-063d-428c-a083-f55e0146e74a,2020-11-13,2020-11-13,316559e8-d002-48f7-9473-9b342c03b151,cec5e0c3-6738-44ea-ad52-629e935afa47,Visa,Debit,9346,Contactless Payment,7365.01,ZAR,1.0,7365.01,KFC SA,5661,Shoe Stores,Denisefurt,ZA,False,AUTH255157,Approved,True,True
195dfc3a-094a-4f13-acf2-f39775535d49,2022-02-18,2022-02-19,ad695409-e052-4bb8-83f8-6400e38a55f4,0197d7ef-b2fb-457c-9bdd-b76dc3b0d59e,Visa,Debit,4798,Online Purchase,8786.36,ZAR,1.0,8786.36,Shoprite,5541,Service Stations,Potchefstroom,ZA,False,AUTH173855,Approved,False,True
7fc55b4f-c0f5-434e-8808-755c2188101b,2020-10-30,2020-10-30,52a4cc24-f574-4f97-8a7f-81182feb1bca,69a41e41-6acb-4658-847d-8f0ff4992a00,Visa,Credit,6514,Purchase,13455.57,ZAR,1.0,13455.57,Planet Fitness,4814,Telecommunications,Potchefstroom,ZA,False,AUTH286159,Approved,False,True
881e6a95-80e7-441f-ae6f-971bc32dd331,2024-12-13,2024-12-15,be62e15c-7c23-42b8-ba55-8524277e4c10,50f6d663-1915-47b1-87fd-38c31e37a363,Visa,Credit,9741,Purchase,14492.73,ZAR,1.0,14492.73,Total SA,8011,Doctors & Physicians,Martintown,ZA,False,AUTH754748,Approved,False,True
a77fe710-c464-4025-8890-5595fd3bbb40,2021-04-16,2021-04-17,6b72653b-95f5-4f30-a1a9-590a82e01634,b4b59e19-8f45-47b7-a9df-b6f96235253a,Mastercard,Credit,2237,Purchase,5661.33,ZAR,1.0,5661.33,Vodacom,5541,Service Stations,Krugersdorp,ZA,False,AUTH986238,Approved,False,True
e531c2da-d1aa-44e1-a573-99434615fb03,2024-04-03,2024-04-04,d7952e5b-22e9-4289-8b87-5a5b800bceb8,2949a668-9ea3-4b41-9f9a-136b86be274f,Visa,Debit,2537,Purchase,10459.06,ZAR,1.0,10459.06,McDonald's SA,7011,Hotels & Motels,East Frankshire,ZA,False,AUTH640213,Approved,False,False
285a73a1-836b-40f1-ba1c-c0b86a3c8236,2016-11-06,2016-11-06,07c7e1bc-65dc-48ff-ab9a-3dce36774fc6,8931f44e-bcba-4267-9d91-cf99c1259d56,Visa,Debit,6559,Contactless Payment,11485.29,ZAR,1.0,11485.29,Takealot,7011,Hotels & Motels,East Geoffreytown,ZA,False,AUTH674615,Approved,True,False
174a8217-f71c-414e-b1b5-77cf94f3bc10,2024-10-25,2024-10-27,51c3d72e-845a-4bd4-976b-1c3857a20752,c3d68512-ee39-41cc-9791-0586599d9721,Mastercard,Credit,6431,Contactless Payment,4153.28,ZAR,1.0,4153.28,Truworths,5999,Retail Stores,New Janiceville,ZA,False,AUTH134837,Approved,True,True
18be3785-a7bb-46f5-9580-bc7684827ebd,2021-02-09,2021-02-10,8fd4a71b-f5a9-4402-8203-5dcbcb3e2d8b,97ddac20-2ab1-412a-aa23-deabd20e4497,Visa,Debit,8647,Purchase,4573.96,ZAR,1.0,4573.96,Bidvest,5812,Eating Places & Restaurants,Mbombela,ZA,False,AUTH730588,Approved,False,False
0e82fd8c-49be-4035-b914-09235bead76f,2020-09-02,2020-09-03,5141a537-c78b-49c1-bb68-03a6c7a29c6e,f4be94ff-f06b-46a4-8cba-1a36fadcbac4,Visa,Debit,9240,Online Purchase,2931.82,ZAR,1.0,2931.82,Telkom,5734,Electronics Stores,Sasolburg,ZA,False,AUTH704831,Approved,False,False
99d48b86-9557-49ee-a857-8ce85cbef0d7,2024-09-25,2024-09-26,5eaeb8fb-8d85-485e-8945-0f308bb3f76a,c77092ad-e107-4373-89eb-0a50e994a500,Visa,Credit,2323,International Purchase,1986.25,GBP,24.5004,48663.92,Gym Company,4816,Online Services,Bethlehem,CL,True,AUTH589537,Approved,False,True
ccbe296b-b667-4696-afbd-128ed76e6292,2020-07-28,2020-07-29,2394630b-f57c-4ba1-8501-c26889763147,802e7e56-190c-41fd-a9d0-3d2880dd2cc3,Mastercard,Credit,6939,Online Purchase,13484.7,ZAR,1.0,13484.7,Steers,4816,Online Services,Paarl,ZA,False,AUTH474898,Approved,False,True
037daed2-9b83-42ee-b79e-89a187c5aa36,2022-05-16,2022-05-17,e3d96443-c719-4a01-9d3f-aa8b4640df6c,106cb973-661a-496e-a060-9e09a57efbb5,Visa,Debit,1862,Purchase,11071.61,ZAR,1.0,11071.61,Pick n Pay,4814,Telecommunications,Krugersdorp,ZA,False,AUTH184373,Declined,False,True
46a80544-172a-4f1a-b50a-94c3dbfc8945,2015-10-08,2015-10-08,eafe49c0-9bf7-4fd2-b7aa-09b6344d100e,5ab5c897-3eeb-45ec-b3b9-ee1be43e5652,Visa,Credit,7900,Purchase,6229.68,ZAR,1.0,6229.68,Zara SA,5812,Eating Places & Restaurants,Bethlehem,ZA,False,AUTH478570,Approved,False,True
7c42e363-50e9-4a6e-b842-4b9e6b47a0bb,2017-09-08,2017-09-09,135f4e0f-cb3f-4295-8974-d59248f94e56,eaf88bf2-93bd-40fc-bc6a-c6a64d63c873,Mastercard,Credit,6439,Purchase,9065.54,ZAR,1.0,9065.54,Old Mutual,7011,Hotels & Motels,Uitenhage,ZA,False,AUTH674426,Approved,False,True
468ef709-d320-42c9-b7ee-2d0b3ba7af51,2018-01-11,2018-01-11,479a04c4-00d2-4b82-a752-6d70cadc6f32,0ebc03c1-6701-445a-b1f1-b2a9bda64229,Visa,Credit,9389,Purchase,5759.46,ZAR,1.0,5759.46,Virgin Active,5812,Eating Places & Restaurants,Tinamouth,ZA,False,AUTH655358,Approved,False,True
e066ac64-ec7a-45dd-bcee-12d5f4e5fc70,2024-02-25,2024-02-25,f22f270a-6581-4dfc-99bf-ccafa6313f55,d2a252aa-3d52-420a-b18f-5c134e1fa217,Mastercard,Credit,1605,Purchase,11502.25,ZAR,1.0,11502.25,Dischem,5311,Department Stores,Randfontein,ZA,False,AUTH769489,Declined,False,True
765193e5-e7ca-4f37-a9e1-1cbfc92787bc,2017-01-01,2017-01-02,6bdf7092-bcb0-4eb2-8aab-d75d40b7e1d7,a5b3d0e7-1c37-41b2-8e9b-c9b78f83cb2d,Visa,Debit,4158,Contactless Payment,8661.68,ZAR,1.0,8661.68,Truworths,7011,Hotels & Motels,Sasolburg,ZA,False,AUTH441874,Approved,True,True
6043afdc-f982-4daf-a88d-bc19f966379a,2018-12-22,2018-12-22,60e9647e-a04d-46a1-8b8f-e76819c57606,09b9d0bb-c032-4e23-a911-bae00f7df4ca,Visa,Debit,4670,Purchase,12045.27,ZAR,1.0,12045.27,Pick n Pay,5541,Service Stations,Lewischester,ZA,False,AUTH668490,Approved,False,False
35792089-0f4a-4107-b17d-2aec4f49f32e,2016-01-02,2016-01-02,232a900f-e0f5-46b1-b3b6-0c6117dea625,27b64371-9beb-43d4-b155-f5264a48d714,Visa,Debit,1740,Purchase,4841.13,ZAR,1.0,4841.13,Shell SA,5411,Grocery Stores,Boksburg,ZA,False,AUTH570476,Approved,False,True
31a449cc-b102-4d7c-8bca-eee1004d5548,2020-05-22,2020-05-24,3882ede9-0650-4117-b505-04f03140d409,3d67fcbd-6beb-4aed-b77d-5e1e53dd0cb2,Visa,Debit,2787,Purchase,10519.87,ZAR,1.0,10519.87,KFC SA,7011,Hotels & Motels,Brownfort,ZA,False,AUTH461649,Approved,False,True
23720e61-9ed9-4fc7-ad4b-9009542e4e56,2024-04-01,2024-04-03,c42d8640-cf6b-42f1-ab42-941239ae7479,88faa5c9-4534-4792-8d20-8b7f6ca3c0fd,Visa,Debit,3456,International Purchase,3467.15,GBP,24.9352,86454.08,Takealot,5999,Retail Stores,Lake Oliver,KM,True,AUTH415901,Reversed,False,True
e2a14829-6431-4ff1-b119-af68ffe6180d,2020-01-26,2020-01-28,9202ce26-699c-4e6b-9e8c-75a30dbd3b67,f72d813d-996f-430d-ae57-13eb80207635,Visa,Debit,3802,Refund,900.58,ZAR,1.0,900.58,Engen,5912,Drug Stores & Pharmacies,Randfontein,ZA,False,AUTH190102,Approved,False,True
a523ddc2-7dc6-4f11-99c0-43f291e2eb5c,2020-06-16,2020-06-16,3a110452-e114-47e9-83fd-63718fc0960b,526d7d1c-ebad-40c5-9ff2-b568477570ad,Visa,Credit,4459,Purchase,8120.14,ZAR,1.0,8120.14,Shoprite,5734,Electronics Stores,Juliaton,ZA,False,AUTH543999,Approved,False,True
924b1b27-b113-40f6-aa02-26bb13d097b1,2021-12-17,2021-12-18,07c7e1bc-65dc-48ff-ab9a-3dce36774fc6,8931f44e-bcba-4267-9d91-cf99c1259d56,Mastercard,Credit,4963,Contactless Payment,14478.46,ZAR,1.0,14478.46,Caltex SA,4816,Online Services,Davieston,ZA,False,AUTH459482,Approved,True,False
cfa6b087-22ef-4a1c-b415-1abd58a9421c,2022-10-29,2022-10-29,6b72653b-95f5-4f30-a1a9-590a82e01634,b4b59e19-8f45-47b7-a9df-b6f96235253a,Visa,Debit,8114,Refund,1431.78,ZAR,1.0,1431.78,Dischem,4816,Online Services,Lake Colin,ZA,False,AUTH790775,Reversed,False,True
ced0362a-2a47-4667-9525-fc46fd926dba,2015-04-23,2015-04-23,2bb22dfa-4591-42ad-8ca2-9d8ac28410c2,28720e79-2cb0-4e43-86b0-8b3a863c5f5b,Visa,Credit,6642,Contactless Payment,14264.36,ZAR,1.0,14264.36,Total SA,5411,Grocery Stores,New Henry,ZA,False,AUTH824515,Approved,True,False
44f0bbf0-aaa1-4e2f-b7fd-dc7ca9897c68,2021-08-16,2021-08-18,86bd2850-49bb-4cbb-953c-335aef36ef5c,f5385827-522c-4f2a-b11f-b00e9abc58f9,Visa,Credit,2887,Online Purchase,2767.69,ZAR,1.0,2767.69,Clicks,5311,Department Stores,Samuelport,ZA,False,AUTH690776,Approved,False,True
9e05bf6f-aac0-4f6c-aa7e-b36606a31088,2017-10-04,2017-10-05,8d039ef6-8817-4daf-8557-6afd37468d93,3b306728-de33-45da-8613-34f78fd3ca6a,Visa,Debit,3266,Purchase,6518.39,ZAR,1.0,6518.39,Bidvest,5945,Hobby & Toy Shops,North Martin,ZA,False,AUTH439850,Approved,False,True
33f61885-ee3e-4bbe-9974-06c37a212495,2015-03-27,2015-03-28,cdaec3c8-a553-4168-8956-d80c9a9098b4,0ec62bd1-42db-4ffd-b12d-f1738b4fdec9,Visa,Debit,7494,Purchase,11800.91,ZAR,1.0,11800.91,Engen,8011,Doctors & Physicians,West Pamelaton,ZA,False,AUTH318376,Approved,False,True
c069ae9c-4e9f-4cdc-9086-fb74690cc712,2015-02-14,2015-02-16,eb37afca-78cc-4a2b-a2f5-dbebff5ac57c,d29864d0-31fd-4f9f-883a-7f503b38f90f,Mastercard,Credit,2132,Purchase,13173.76,ZAR,1.0,13173.76,Total SA,5411,Grocery Stores,Welkom,ZA,False,AUTH623767,Approved,False,True
f15a0793-1c24-49d3-947a-f3eed349bde5,2023-08-30,2023-09-01,89508310-0e20-4767-b6ca-b33dbc0c4fff,796496b2-fedc-473f-b0ad-08543529cc77,Visa,Debit,3789,International Purchase,25001.08,GBP,22.0094,550258.77,Truworths,7011,Hotels & Motels,East Joanneside,CI,True,AUTH732596,Approved,False,True
3056bc63-d63e-4786-aad8-353fc82b225a,2023-08-12,2023-08-13,feff1299-937c-40f7-a410-c2b9dbc2b24a,486ed9cf-3f99-439b-a292-305d038605bf,Visa,Debit,5002,Purchase,2687.8,ZAR,1.0,2687.8,Takealot,5812,Eating Places & Restaurants,Littleside,ZA,False,AUTH510115,Approved,False,True
933baa60-52ca-464d-a2b2-38ee0f940fd2,2016-06-13,2016-06-14,8ecbc864-fae7-4886-ac0e-9c1596769e09,97996329-6e3f-48fe-bc36-b36c88817145,Mastercard,Debit,3520,Purchase,2898.89,ZAR,1.0,2898.89,Shoprite,5541,Service Stations,Paarl,ZA,False,AUTH699456,Approved,False,False
6680b8a9-cb08-4757-9f78-2826e808fad4,2018-04-25,2018-04-26,ea0a8fdf-9c34-4cf9-a946-ba796d693257,5f91b043-7d72-40ec-8c92-c61cb0c1833c,Visa,Credit,5386,Contactless Payment,7878.15,ZAR,1.0,7878.15,H&M SA,5311,Department Stores,Richardsside,ZA,False,AUTH422671,Approved,True,True
6e58db71-51b6-46ac-96fc-24dc420f921b,2022-02-15,2022-02-17,526d5f06-e2c7-4c74-81bb-046cf77becf3,cfb6b46a-57ca-4813-a5e8-ca78f77e473a,Mastercard,Credit,8338,Purchase,11022.87,ZAR,1.0,11022.87,Zara SA,4816,Online Services,Welkom,ZA,False,AUTH905232,Approved,False,False
64c563fd-a80b-46cd-b628-af0ec769216b,2022-07-03,2022-07-05,cc4d93f2-8c8d-4f30-805f-e2f4081a6155,475c2f67-b3cb-4fac-8e1a-0ed764b9a2fe,Visa,Credit,2763,Chargeback,2460.17,ZAR,1.0,2460.17,Tiger Brands,5661,Shoe Stores,Susanchester,ZA,False,AUTH634439,Approved,False,False
090624ed-cc4e-4e65-85b1-c2085706c210,2023-09-06,2023-09-08,f204a453-cbb5-46ea-83bd-0d60fa26cc40,9a189484-cd9f-435c-b424-c12d0a715eb2,Visa,Credit,9891,Refund,9952.08,ZAR,1.0,9952.08,Checkers,5621,Women's Clothing Stores,Victoriafort,ZA,False,AUTH580053,Approved,False,False
da41d50c-7a7a-4e78-bd08-c57ba9d875e4,2018-11-07,2018-11-09,ff638ebf-bcaf-4a04-8876-a1a9e236c918,ab89aa9f-66e2-4754-bec4-86f8d62d6503,Mastercard,Credit,1739,Online Purchase,7955.65,ZAR,1.0,7955.65,KFC SA,5621,Women's Clothing Stores,Port Dalechester,ZA,False,AUTH242464,Approved,False,True
04939a18-ac33-439c-8098-7ed8c0fa3491,2018-10-01,2018-10-01,3e0e2ec9-2349-4b39-8c19-6617841621a7,9a3f7ed0-8efc-4452-905c-031240e0733f,Mastercard,Debit,7995,Purchase,9899.67,ZAR,1.0,9899.67,Gym Company,4816,Online Services,Danielland,ZA,False,AUTH992883,Reversed,False,True
3e664a86-ed44-4bda-bc9e-7515ebd0adf5,2017-02-16,2017-02-17,1d81fca0-874b-4f42-a1f4-160fec4a5baf,0da3aca3-eeff-48be-9870-f0b2cd2d53c6,Visa,Credit,8447,Contactless Payment,3592.16,ZAR,1.0,3592.16,Mr Price,4111,Transportation,East Molly,ZA,False,AUTH929840,Reversed,True,True
ad964575-7200-4fa2-a347-9cb725530492,2023-03-02,2023-03-04,21c82d2b-0e15-4d2b-a5fb-0decff95e559,0da3aca3-eeff-48be-9870-f0b2cd2d53c6,Mastercard,Debit,4850,International Purchase,32992.09,ZAR,1.0,32992.09,Truworths,7011,Hotels & Motels,Lloydfort,CL,True,AUTH404913,Declined,False,True
50e7a9e3-5ec7-40d5-a0cb-ecc06a49a9a1,2020-05-05,2020-05-05,2da72a17-96ff-44bc-a3e0-bb5ff6d8ba48,04d8ed45-f4c5-422c-9678-d8c8ce690ee3,Mastercard,Credit,3227,Contactless Payment,5551.2,ZAR,1.0,5551.2,Clicks,5621,Women's Clothing Stores,Owenburgh,ZA,False,AUTH199725,Declined,True,True
0da2c4ee-ab8b-44f6-b8de-38e8bf2bd18a,2023-01-27,2023-01-28,78a218ef-f8f6-496f-903b-dfa91c2ba2f4,5f07ee40-578a-4751-985d-4e36af164992,Visa,Debit,9543,Purchase,4998.1,ZAR,1.0,4998.1,Foschini,5621,Women's Clothing Stores,Welkom,ZA,False,AUTH445221,Approved,False,True
f6a516f8-25a0-4d0e-a091-50c48de65021,2018-02-19,2018-02-21,eb97036f-6a6f-4120-a2eb-224c81d759fa,77595890-46d2-4f84-ba33-d6e12b874937,Mastercard,Debit,3416,International Purchase,22981.28,USD,18.7759,431494.22,City Power,4816,Online Services,Potchefstroom,KN,True,AUTH576080,Approved,False,True
3405090c-c3b9-4da8-a759-e172633c4d51,2022-08-16,2022-08-16,479a04c4-00d2-4b82-a752-6d70cadc6f32,0ebc03c1-6701-445a-b1f1-b2a9bda64229,Mastercard,Debit,4107,Purchase,6557.46,ZAR,1.0,6557.46,H&M SA,4816,Online Services,Kathu,ZA,False,AUTH894494,Approved,False,False
d1f373c5-d7dc-45ea-b48d-07da49c48c0b,2017-02-25,2017-02-25,fe481b7b-4617-4cd9-8f7e-4780fbed25c9,97ddac20-2ab1-412a-aa23-deabd20e4497,Visa,Credit,1130,Purchase,2463.73,ZAR,1.0,2463.73,H&M SA,4111,Transportation,Potchefstroom,ZA,False,AUTH805314,Approved,False,True
ae8be6de-bf70-447d-a8b7-7a08e4fc1cc8,2021-02-19,2021-02-19,eb97036f-6a6f-4120-a2eb-224c81d759fa,77595890-46d2-4f84-ba33-d6e12b874937,Visa,Credit,5479,International Purchase,9406.88,USD,18.1021,170284.28,Caltex SA,5311,Department Stores,Jemmaburgh,GT,True,AUTH327313,Approved,False,False
39672355-5b1a-46d7-8bd2-bc7bce64fa1b,2024-02-14,2024-02-14,a4341b92-e767-4d9a-a8bc-a1cd5c3cac45,e48bf09c-1d7e-4a66-9946-31e8e782c08e,Visa,Debit,3184,Purchase,4151.34,ZAR,1.0,4151.34,Takealot,4816,Online Services,Polokwane,ZA,False,AUTH174763,Approved,False,True
7858655a-5b3b-4242-aa64-b6d9831a3d65,2017-03-19,2017-03-20,ad695409-e052-4bb8-83f8-6400e38a55f4,0197d7ef-b2fb-457c-9bdd-b76dc3b0d59e,Mastercard,Credit,1345,International Purchase,24258.11,GBP,24.3196,589947.53,Steers,5311,Department Stores,Brianside,YE,True,AUTH658229,Approved,False,True
5ede3f19-3ad7-4e97-98e9-33ced3886a76,2017-09-08,2017-09-09,3e1f00b0-580e-4765-9b00-8aa4a93425e3,3e12b679-d262-4e5f-abb3-e50d983421e2,Mastercard,Credit,3464,Refund,2671.05,ZAR,1.0,2671.05,Total SA,5661,Shoe Stores,New Ann,ZA,False,AUTH811594,Approved,False,True
1f7fcc39-2a55-4b1d-beae-b1234e5e19f9,2023-12-12,2023-12-13,f84582bd-160f-41e9-8e4c-01cea251f754,60e9b09c-e343-401f-9e56-3f88d8ea072a,Visa,Debit,6723,Cash Advance,3099.69,ZAR,1.0,3099.69,Momentum,5734,Electronics Stores,South Gavinport,ZA,False,AUTH505920,Approved,False,True
586b7770-b18f-4027-b7c0-2d46c7c7d5f0,2020-07-09,2020-07-11,8c3df183-e48d-4079-ad3d-5e8ecb7fc3d0,52c43632-653a-46c0-a7af-cb4c3a1026a2,Mastercard,Credit,4896,Refund,5973.88,ZAR,1.0,5973.88,Pick n Pay,7011,Hotels & Motels,Bakerview,ZA,False,AUTH103242,Approved,False,True
56adc6cf-8a4f-4c24-a668-72ac6939d039,2023-11-28,2023-11-29,f204a453-cbb5-46ea-83bd-0d60fa26cc40,9a189484-cd9f-435c-b424-c12d0a715eb2,Visa,Credit,7912,Purchase,11474.5,ZAR,1.0,11474.5,Truworths,5661,Shoe Stores,Lake Adrian,ZA,False,AUTH330446,Approved,False,True
11027ef8-519a-4561-bdf1-99429c0932fe,2017-05-22,2017-05-22,5d927ea6-081d-41ef-9bbb-a4551deedcb3,91c9be29-eee1-4cde-a664-efe7e53212d5,Visa,Debit,5531,International Purchase,30448.81,USD,18.2885,556863.06,City Power,5621,Women's Clothing Stores,Paigeport,YE,True,AUTH806412,Approved,False,False
2750f4cc-3809-477d-a011-19ec37071ead,2024-08-27,2024-08-29,479a04c4-00d2-4b82-a752-6d70cadc6f32,0ebc03c1-6701-445a-b1f1-b2a9bda64229,Mastercard,Debit,7585,Purchase,4867.26,ZAR,1.0,4867.26,MTN,7011,Hotels & Motels,Kathrynville,ZA,False,AUTH111800,Declined,False,False
ca931523-033f-41da-a8f3-e8a63a381170,2019-10-13,2019-10-13,63ab2f34-dcdc-4e11-932a-63aa3598f8ee,7d4231d8-3c31-40d7-b590-408208c140a4,Mastercard,Debit,2302,Purchase,469.62,ZAR,1.0,469.62,Spur,4814,Telecommunications,South Paulmouth,ZA,False,AUTH865732,Approved,False,False
fdea9f9b-b382-4612-ba5c-5f1bbf73cac9,2024-07-22,2024-07-22,5656c271-b7f6-47be-a823-9b30ba17ca69,7b6b59d2-c460-4e97-b24f-535647c53c9c,Mastercard,Credit,5793,Online Purchase,6151.97,ZAR,1.0,6151.97,Superbalist,5621,Women's Clothing Stores,Rustenburg,ZA,False,AUTH976809,Approved,False,True
bbeacdf5-089a-43c9-aee4-c98487c3f6f0,2021-09-19,2021-09-21,3e0e2ec9-2349-4b39-8c19-6617841621a7,9a3f7ed0-8efc-4452-905c-031240e0733f,Mastercard,Debit,2224,Purchase,7237.47,ZAR,1.0,7237.47,Discovery Health,5621,Women's Clothing Stores,George,ZA,False,AUTH402945,Approved,False,True
861a0f6d-ba51-4a74-adcf-8d5fb2c436b2,2018-08-05,2018-08-06,d1c60b8b-8b23-448a-a853-e84ceb19ead5,5427a72c-adea-4248-901b-4111111cdd4b,Mastercard,Credit,8208,Purchase,2529.24,ZAR,1.0,2529.24,Checkers,4814,Telecommunications,Mbombela,ZA,False,AUTH486031,Approved,False,True
2e0d627c-bb2d-4abf-8719-c0d863b3b800,2015-12-04,2015-12-06,24c74360-9832-4d08-89dd-a00aaef9e898,31e7d721-e2e5-4bc2-8b0f-1c16bf58e45e,Mastercard,Debit,5447,International Purchase,40605.99,GBP,23.8561,968700.56,Virgin Active,5945,Hobby & Toy Shops,Uitenhage,MV,True,AUTH228138,Approved,False,True
343d5ec6-e7e5-4c47-8c27-5e51349bfbd6,2016-07-30,2016-08-01,ea30a547-290d-4b22-9e7c-c2ef9891fc4d,35467d6b-f1b1-4241-815d-df93767762c1,Mastercard,Credit,9923,Purchase,226.39,ZAR,1.0,226.39,Eskom,5812,Eating Places & Restaurants,Potchefstroom,ZA,False,AUTH794366,Approved,False,True
9c3b6336-d0ba-4fe5-a939-8497a6a5db83,2020-10-10,2020-10-10,3882ede9-0650-4117-b505-04f03140d409,3d67fcbd-6beb-4aed-b77d-5e1e53dd0cb2,Mastercard,Debit,6760,International Purchase,29920.52,ZAR,1.0,29920.52,Woolworths,5912,Drug Stores & Pharmacies,Vanderbijlpark,AR,True,AUTH969572,Approved,False,True
65a5c242-080f-498a-b844-9c06c8d47659,2016-04-07,2016-04-09,4beec51d-b1b6-43b8-9476-6cc885b51c37,1bf46838-92d1-4b07-adc1-26f9bc1a6bdd,Visa,Debit,7914,Online Purchase,7853.82,ZAR,1.0,7853.82,Virgin Active,5311,Department Stores,Thohoyandou,ZA,False,AUTH691667,Approved,False,False
51173696-ed51-46b7-96ee-9c98f1f98453,2018-02-15,2018-02-15,316559e8-d002-48f7-9473-9b342c03b151,cec5e0c3-6738-44ea-ad52-629e935afa47,Visa,Debit,9264,Refund,3743.18,ZAR,1.0,3743.18,Pioneer Foods,5734,Electronics Stores,Rosiebury,ZA,False,AUTH546521,Approved,False,True
dc3eccd3-ab58-4b4f-8d86-19e9b5dee1b0,2015-06-29,2015-07-01,52a4cc24-f574-4f97-8a7f-81182feb1bca,69a41e41-6acb-4658-847d-8f0ff4992a00,Visa,Credit,7174,Online Purchase,14463.65,ZAR,1.0,14463.65,Amazon SA,5734,Electronics Stores,Bloemfontein,ZA,False,AUTH863822,Approved,False,True
f63589a7-8440-47f2-91fe-382bcb97faf5,2021-06-05,2021-06-07,89508310-0e20-4767-b6ca-b33dbc0c4fff,796496b2-fedc-473f-b0ad-08543529cc77,Visa,Debit,3151,Refund,1650.89,ZAR,1.0,1650.89,Amazon SA,5411,Grocery Stores,Robertshire,ZA,False,AUTH382111,Approved,False,True
80005c80-16e4-4d0c-8617-9c1e567b38de,2020-08-26,2020-08-27,1d81fca0-874b-4f42-a1f4-160fec4a5baf,0da3aca3-eeff-48be-9870-f0b2cd2d53c6,Mastercard,Credit,3691,Contactless Payment,6772.53,ZAR,1.0,6772.53,Takealot,5311,Department Stores,North Nicole,ZA,False,AUTH928157,Approved,True,False
f5e277f5-b0f1-49e1-b2b8-f32cd559608d,2018-07-19,2018-07-19,6f29cf29-b65b-47e6-b3ae-5300ab3cf264,01137316-1352-488d-a263-adc17ec0076e,Mastercard,Credit,9019,Contactless Payment,5095.48,ZAR,1.0,5095.48,Mr Price,7011,Hotels & Motels,Bethlehem,ZA,False,AUTH720999,Approved,True,True
bd285acb-21a7-4fac-bd2b-898ea2a6b5c3,2023-02-23,2023-02-25,1d81fca0-874b-4f42-a1f4-160fec4a5baf,0da3aca3-eeff-48be-9870-f0b2cd2d53c6,Visa,Credit,5464,Purchase,12060.18,ZAR,1.0,12060.18,McDonald's SA,4816,Online Services,Leesfurt,ZA,False,AUTH135793,Approved,False,False
91dfba5c-3744-4601-86d6-a6e9545bcc2b,2016-07-24,2016-07-25,f10b0f9b-017d-4bf4-af61-4f3447a68ab9,91c9be29-eee1-4cde-a664-efe7e53212d5,Visa,Debit,7065,Cash Advance,475.6,ZAR,1.0,475.6,Planet Fitness,5661,Shoe Stores,Williamsland,ZA,False,AUTH728948,Approved,False,True
3c1bf4e1-d341-4ced-a92b-583e56c34061,2022-09-30,2022-09-30,1a606c21-28a9-4901-b958-7c8b79cbd4ee,802e7e56-190c-41fd-a9d0-3d2880dd2cc3,Mastercard,Debit,9508,Contactless Payment,11061.54,ZAR,1.0,11061.54,Eskom,8011,Doctors & Physicians,Randfontein,ZA,False,AUTH633465,Approved,True,True
87f13664-2ff0-4fa7-9046-8705fc2868c7,2015-05-04,2015-05-04,6b72653b-95f5-4f30-a1a9-590a82e01634,b4b59e19-8f45-47b7-a9df-b6f96235253a,Mastercard,Debit,6956,International Purchase,17151.59,ZAR,1.0,17151.59,Virgin Active,5945,Hobby & Toy Shops,West Clive,CR,True,AUTH899088,Approved,False,True
f140b58d-5f76-4c8b-8add-db1754824990,2022-12-23,2022-12-25,e3521f74-2679-412c-bb47-a397bc1e1d54,239ae69f-6fe0-4b40-91cf-cea7b0f8cec4,Visa,Credit,9730,Refund,4741.54,ZAR,1.0,4741.54,Superbalist,5541,Service Stations,Welkom,ZA,False,AUTH908026,Approved,False,True
67901f6a-f7a3-4644-9449-b937b290e462,2016-03-14,2016-03-15,357fe0dd-b2e6-41e7-bc2b-c441b7603862,80a0e354-f0ed-4c02-8581-df6ad8d9e5b4,Visa,Debit,5594,Online Purchase,9786.49,ZAR,1.0,9786.49,Takealot,5999,Retail Stores,North Gavinmouth,ZA,False,AUTH982275,Approved,False,False
34266943-e483-45e9-8c95-659ff57c4fed,2016-12-07,2016-12-07,e82178cd-a4b0-4b70-a302-64ff8846651f,b2ebfe50-e47c-439c-abf6-a9f68942352d,Visa,Debit,9558,Refund,7273.83,ZAR,1.0,7273.83,Shoprite,5999,Retail Stores,South Holly,ZA,False,AUTH483042,Approved,False,True
2c9820f5-4495-4253-80d0-0e1ad0dbc0f3,2019-12-24,2019-12-26,2306d171-782e-48a8-9934-2a665366e51e,2ecc888d-d15b-4f39-b160-3e1801da08c9,Visa,Credit,6214,Online Purchase,2999.39,ZAR,1.0,2999.39,Steers,7011,Hotels & Motels,North Elainemouth,ZA,False,AUTH242360,Approved,False,True
40155803-6403-4bea-bdd4-a4241e1d59fa,2018-02-14,2018-02-14,df3ccd5a-2655-4b8d-ba9d-5e75326a858b,f5385827-522c-4f2a-b11f-b00e9abc58f9,Visa,Credit,8923,Chargeback,1456.95,ZAR,1.0,1456.95,KFC SA,5311,Department Stores,Bloemfontein,ZA,False,AUTH887057,Approved,False,True
65c810ec-f221-45a5-953c-3e2287ec82c1,2016-09-22,2016-09-23,69ed581f-8460-4fb0-867b-1205d9304df4,35467d6b-f1b1-4241-815d-df93767762c1,Mastercard,Credit,7736,International Purchase,14150.38,ZAR,1.0,14150.38,Discovery Health,8011,Doctors & Physicians,Sophieville,KE,True,AUTH967051,Approved,False,True
57667a50-2d8d-4a26-b4db-9b76c61af41c,2015-05-20,2015-05-20,2be9e2d8-fbb2-4b85-b60c-c3ac61dfba33,e7668c2c-8c8f-4de3-8db4-90ad16ae9b92,Visa,Credit,5954,Purchase,8147.84,ZAR,1.0,8147.84,Mr Price,4111,Transportation,Tembisa,ZA,False,AUTH936722,Pending,False,False
9657d76c-6c94-456a-999f-38a0f33be861,2018-07-22,2018-07-22,ec87679a-3375-4518-a0c0-646cc3731d25,1be44988-6b94-488c-8b74-8099fcf311ad,Mastercard,Debit,1415,Purchase,4898.5,ZAR,1.0,4898.5,Eskom,8011,Doctors & Physicians,uMgungundlovu,ZA,False,AUTH624124,Approved,False,True
c2c77f0b-ce51-4ef1-b3c7-cce452a914c4,2015-08-04,2015-08-06,e3521f74-2679-412c-bb47-a397bc1e1d54,239ae69f-6fe0-4b40-91cf-cea7b0f8cec4,Mastercard,Credit,1528,Purchase,1706.65,ZAR,1.0,1706.65,Takealot,5661,Shoe Stores,Hannahstad,ZA,False,AUTH775946,Approved,False,False
806f8983-be02-4655-bef3-91b5f7a3f66e,2022-04-15,2022-04-15,096e0e50-fb3b-4fa4-a64c-268b059881f5,792cf5fa-6e6c-47f4-8b08-8b279135255f,Mastercard,Credit,3361,Contactless Payment,94.3,ZAR,1.0,94.3,Eskom,5912,Drug Stores & Pharmacies,Bradleyfurt,ZA,False,AUTH634670,Approved,True,True
a97ae3a0-f6a5-49f9-885c-652d8b6581a4,2019-08-11,2019-08-11,199fc55c-040a-4422-82b2-ea48bcd49d87,01137316-1352-488d-a263-adc17ec0076e,Mastercard,Debit,1004,Contactless Payment,7614.15,ZAR,1.0,7614.15,Mr Price,8011,Doctors & Physicians,Potchefstroom,ZA,False,AUTH773811,Approved,True,False
1e201930-ce59-451a-9b28-46a948b62a5a,2016-11-15,2016-11-15,f204a453-cbb5-46ea-83bd-0d60fa26cc40,9a189484-cd9f-435c-b424-c12d0a715eb2,Visa,Credit,9878,Contactless Payment,713.47,ZAR,1.0,713.47,Takealot,4814,Telecommunications,South Scott,ZA,False,AUTH440965,Approved,True,True
ea4e6c38-1b08-47cf-8d31-02cd5284ccc8,2020-06-29,2020-07-01,0594e29f-85b7-4c9b-907f-24c8478f2410,ccfb2fd8-3927-4ffc-bb87-d12a67ce37a5,Visa,Debit,1658,Purchase,5951.09,ZAR,1.0,5951.09,Mr Price,5812,Eating Places & Restaurants,North Kirsty,ZA,False,AUTH851081,Approved,False,True
747b5e7f-eb32-4d42-9937-d0caf1807c9e,2019-03-11,2019-03-11,9202ce26-699c-4e6b-9e8c-75a30dbd3b67,f72d813d-996f-430d-ae57-13eb80207635,Mastercard,Debit,7648,Contactless Payment,1833.61,ZAR,1.0,1833.61,Woolworths,5999,Retail Stores,Lawrencemouth,ZA,False,AUTH363495,Approved,True,False
b71ab66a-a276-4a2a-8006-1827c7ff797c,2020-12-22,2020-12-24,86bd2850-49bb-4cbb-953c-335aef36ef5c,f5385827-522c-4f2a-b11f-b00e9abc58f9,Visa,Credit,2911,Contactless Payment,6793.06,ZAR,1.0,6793.06,Woolworths,5661,Shoe Stores,Lake Justin,ZA,False,AUTH152057,Approved,True,True
69cf26a6-b07e-416a-ac05-e51c470ecf09,2021-07-16,2021-07-17,357fe0dd-b2e6-41e7-bc2b-c441b7603862,80a0e354-f0ed-4c02-8581-df6ad8d9e5b4,Visa,Debit,5274,Purchase,14259.35,ZAR,1.0,14259.35,Checkers,5661,Shoe Stores,Patelview,ZA,False,AUTH109047,Declined,False,True
b8b64eeb-d4fe-4f46-9c45-6d2bb125e6bd,2022-07-02,2022-07-02,23daee00-7b68-4552-84d5-fde347167f98,1bf46838-92d1-4b07-adc1-26f9bc1a6bdd,Visa,Debit,6181,Contactless Payment,3208.08,ZAR,1.0,3208.08,Amazon SA,4816,Online Services,iBhayi,ZA,False,AUTH502992,Approved,True,True
d83a85b7-4c54-4c82-b924-9466513566d5,2018-05-09,2018-05-11,f10b0f9b-017d-4bf4-af61-4f3447a68ab9,91c9be29-eee1-4cde-a664-efe7e53212d5,Mastercard,Credit,7332,Cash Advance,1562.2,ZAR,1.0,1562.2,Pioneer Foods,4111,Transportation,Potchefstroom,ZA,False,AUTH864070,Approved,False,True
535fd17e-5a2e-4854-82f7-3c40a70cbed6,2019-07-18,2019-07-20,5eaeb8fb-8d85-485e-8945-0f308bb3f76a,c77092ad-e107-4373-89eb-0a50e994a500,Visa,Debit,5229,Purchase,1105.86,ZAR,1.0,1105.86,City Power,4814,Telecommunications,East Albertmouth,ZA,False,AUTH500515,Approved,False,True
4c4e713f-077d-4449-a0b8-3b49df16bb2e,2017-01-24,2017-01-25,07c7e1bc-65dc-48ff-ab9a-3dce36774fc6,8931f44e-bcba-4267-9d91-cf99c1259d56,Visa,Credit,9403,Purchase,9430.29,ZAR,1.0,9430.29,Naspers,7011,Hotels & Motels,Uitenhage,ZA,False,AUTH242238,Approved,False,True
00e4c086-e2e6-4d7b-aac1-1c12c12415fd,2024-03-18,2024-03-19,e82178cd-a4b0-4b70-a302-64ff8846651f,b2ebfe50-e47c-439c-abf6-a9f68942352d,Mastercard,Credit,5796,Cash Advance,2312.55,ZAR,1.0,2312.55,Eskom,4814,Telecommunications,Georginafurt,ZA,False,AUTH644902,Approved,False,True
0f6a6fca-78aa-401b-b978-dbc0b9955b2d,2018-07-29,2018-07-30,89508310-0e20-4767-b6ca-b33dbc0c4fff,796496b2-fedc-473f-b0ad-08543529cc77,Mastercard,Credit,7981,Refund,5087.81,ZAR,1.0,5087.81,KFC SA,5912,Drug Stores & Pharmacies,East Eleanor,ZA,False,AUTH460043,Approved,False,True
bcc2a298-c46a-4b19-8eda-05b70b57c385,2018-05-11,2018-05-12,8d039ef6-8817-4daf-8557-6afd37468d93,3b306728-de33-45da-8613-34f78fd3ca6a,Mastercard,Credit,7767,International Purchase,16250.32,GBP,22.9902,373598.11,Naspers,5411,Grocery Stores,Springs,TW,True,AUTH306610,Approved,False,True
53223e23-3dff-4634-9232-eba7f04c634b,2017-12-22,2017-12-22,db617c72-425e-437c-a34a-66b127cb489e,aa0cf632-0446-46d5-9ce0-006948caa2ce,Mastercard,Debit,3919,Purchase,1846.7,ZAR,1.0,1846.7,Tiger Brands,5812,Eating Places & Restaurants,uMgungundlovu,ZA,False,AUTH348905,Approved,False,True
7a684d23-d3b3-4b9a-a75e-a6f76630c360,2017-02-18,2017-02-19,4b004718-d836-4fb6-b039-83e1b568947f,d008e9b4-a86d-491e-bb43-dcf5c491c1cc,Visa,Debit,6440,Contactless Payment,533.08,ZAR,1.0,533.08,Engen,5812,Eating Places & Restaurants,Martynfurt,ZA,False,AUTH392225,Approved,True,False
3f1d3e12-70ad-4bfa-8696-df4baa6e9ab4,2018-04-26,2018-04-26,b47c51d6-3737-4e6a-8075-7131afe3b374,82342e76-2880-4405-b49b-784e5cede8db,Visa,Debit,4666,Purchase,7294.44,ZAR,1.0,7294.44,Truworths,4816,Online Services,Krugersdorp,ZA,False,AUTH106241,Approved,False,True
f4b322fc-ed3c-407a-b65a-bfae2434b744,2020-12-05,2020-12-07,3882ede9-0650-4117-b505-04f03140d409,3d67fcbd-6beb-4aed-b77d-5e1e53dd0cb2,Visa,Credit,8806,Cash Advance,3747.8,ZAR,1.0,3747.8,Planet Fitness,5999,Retail Stores,East Sarah,ZA,False,AUTH980744,Approved,False,False
131e6a16-d599-426d-9066-5394a1594c41,2016-09-05,2016-09-07,ea3f5b5d-69d1-4f5a-892f-3598e5da8f70,fe7e677d-74e5-49b5-b656-0b6c8f1374bb,Mastercard,Credit,5008,Purchase,3949.47,ZAR,1.0,3949.47,City Power,7011,Hotels & Motels,Chatsworth,ZA,False,AUTH780916,Declined,False,True
8e30cceb-881a-4d69-ad3a-f98d790fb396,2018-06-10,2018-06-12,88fcd419-afb8-498a-8393-2030dc1539b7,96a0dd93-d9ee-4528-9173-61228081da8c,Mastercard,Credit,9815,Purchase,14937.89,ZAR,1.0,14937.89,BP SA,4814,Telecommunications,Wrightmouth,ZA,False,AUTH817264,Approved,False,True
59409fac-e86a-49bf-a822-2bc40a0e1bc5,2018-07-12,2018-07-14,096e0e50-fb3b-4fa4-a64c-268b059881f5,792cf5fa-6e6c-47f4-8b08-8b279135255f,Visa,Credit,2563,Purchase,9150.88,ZAR,1.0,9150.88,Truworths,5661,Shoe Stores,Kimberley,ZA,False,AUTH126916,Approved,False,False
368333d4-0660-4e8e-8a6f-e75685caf8ea,2016-11-20,2016-11-21,feff1299-937c-40f7-a410-c2b9dbc2b24a,486ed9cf-3f99-439b-a292-305d038605bf,Mastercard,Debit,7038,Purchase,11141.72,ZAR,1.0,11141.72,Momentum,8011,Doctors & Physicians,eGoli,ZA,False,AUTH951404,Approved,False,True
87c90a99-ceea-4c5c-8258-2d69734c03be,2015-11-13,2015-11-13,2bf8d2fa-f5b6-450f-8a17-636f3764609f,3acebc57-2f2f-4565-9336-7b9605009e45,Mastercard,Debit,1277,Contactless Payment,9488.98,ZAR,1.0,9488.98,Woolworths,8011,Doctors & Physicians,Normanmouth,ZA,False,AUTH275515,Approved,True,True
796a0e90-c7a2-493d-83a1-9961463de3ab,2018-08-04,2018-08-04,3882ede9-0650-4117-b505-04f03140d409,3d67fcbd-6beb-4aed-b77d-5e1e53dd0cb2,Visa,Credit,1893,Contactless Payment,12985.3,ZAR,1.0,12985.3,City Power,5999,Retail Stores,Fieldhaven,ZA,False,AUTH426972,Approved,True,True
89c387bc-c9d9-406b-bbc6-37ff1f535379,2020-08-07,2020-08-07,ad695409-e052-4bb8-83f8-6400e38a55f4,0197d7ef-b2fb-457c-9bdd-b76dc3b0d59e,Visa,Credit,5939,Purchase,1886.48,ZAR,1.0,1886.48,Momentum,4814,Telecommunications,Newcastle,ZA,False,AUTH295018,Approved,False,True
f727e458-4786-4958-8bd5-02fa0284cf45,2021-12-16,2021-12-17,2394630b-f57c-4ba1-8501-c26889763147,802e7e56-190c-41fd-a9d0-3d2880dd2cc3,Visa,Debit,1017,Contactless Payment,9414.59,ZAR,1.0,9414.59,Dischem,5411,Grocery Stores,North Oliverside,ZA,False,AUTH120620,Approved,True,True
d1df02e2-ebcb-43f9-aca8-9e27b0705ad4,2018-12-07,2018-12-07,51c3d72e-845a-4bd4-976b-1c3857a20752,c3d68512-ee39-41cc-9791-0586599d9721,Visa,Credit,1742,Contactless Payment,10058.42,ZAR,1.0,10058.42,Old Mutual,4814,Telecommunications,North Graeme,ZA,False,AUTH673066,Approved,True,True
f38918af-d5c7-4d5b-b37c-2cc290f8b2dd,2015-08-20,2015-08-21,69ed581f-8460-4fb0-867b-1205d9304df4,35467d6b-f1b1-4241-815d-df93767762c1,Visa,Debit,4227,Purchase,8777.75,ZAR,1.0,8777.75,Takealot,4814,Telecommunications,Randfontein,ZA,False,AUTH765762,Approved,False,False
df26701d-ec85-4cdf-8e24-5bde8b333f8e,2017-09-25,2017-09-25,eafe49c0-9bf7-4fd2-b7aa-09b6344d100e,5ab5c897-3eeb-45ec-b3b9-ee1be43e5652,Mastercard,Credit,2926,Purchase,9325.22,ZAR,1.0,9325.22,Takealot,5945,Hobby & Toy Shops,Chatsworth,ZA,False,AUTH977450,Approved,False,True
56f0b200-a084-47b8-8574-42f7ae547de1,2020-03-30,2020-03-30,5a870365-af3d-4a7e-8930-be9fb8b3306c,52c43632-653a-46c0-a7af-cb4c3a1026a2,Visa,Credit,2354,Contactless Payment,7279.82,ZAR,1.0,7279.82,Rain,5311,Department Stores,Krugersdorp,ZA,False,AUTH461032,Approved,True,True
185938d1-0032-4f0d-bd06-09cb864e7b17,2019-11-04,2019-11-04,b1a269fe-8526-4bbe-b46a-d7134620a6e3,c978e671-abb7-4632-8b23-ab955c9acf81,Visa,Debit,7238,Purchase,1097.85,ZAR,1.0,1097.85,Tiger Brands,5541,Service Stations,Lake Stuart,ZA,False,AUTH737460,Approved,False,True
507deb6f-e1db-4522-8da4-e78f41e40e77,2022-08-30,2022-09-01,bae7ce90-799f-4870-afe8-84b00be4553d,d7867a56-0757-4fd2-a165-ce93bae23f55,Mastercard,Credit,9953,International Purchase,31390.74,GBP,24.7181,775919.45,Discovery Health,5912,Drug Stores & Pharmacies,Potchefstroom,SY,True,AUTH459038,Pending,False,True
cb5e922a-11c5-45e2-ba07-4cb7e84e3f7b,2017-08-24,2017-08-24,218bfaab-5190-4c94-bce0-c4b85f27e67c,2f418199-1049-4389-83b4-2ea755610f9d,Mastercard,Credit,7112,Cash Advance,2570.41,ZAR,1.0,2570.41,KFC SA,5311,Department Stores,North Jaynefurt,ZA,False,AUTH216609,Pending,False,True
d6739ad8-ceb0-40de-a363-57bae68e168f,2022-04-06,2022-04-08,3cf01646-9180-4f8f-bf3c-dae3ee96c9af,a230f313-bffe-4fb1-884a-180392f85ad8,Visa,Debit,4807,Contactless Payment,4025.5,ZAR,1.0,4025.5,Momentum,5812,Eating Places & Restaurants,Atkinsmouth,ZA,False,AUTH327964,Approved,True,True
850d3f7c-f7f8-4d16-bc12-3d1f75e73aa4,2017-12-30,2018-01-01,aeff89cd-3c53-4414-b22b-489c1649d441,bd5e639e-5096-4b8e-ab11-dd6fbdee615b,Mastercard,Debit,2589,Purchase,853.54,ZAR,1.0,853.54,Bidvest,5945,Hobby & Toy Shops,South Jemmaside,ZA,False,AUTH232080,Approved,False,True
8b7f0e19-ad46-4904-80e2-0f305650d8a3,2015-03-26,2015-03-28,eafe49c0-9bf7-4fd2-b7aa-09b6344d100e,5ab5c897-3eeb-45ec-b3b9-ee1be43e5652,Visa,Debit,8867,International Purchase,40185.92,ZAR,1.0,40185.92,Momentum,8011,Doctors & Physicians,Musina,HN,True,AUTH892751,Declined,False,False
c0eb1a45-bb9c-4c34-810b-7e4b4dc8f46a,2016-10-01,2016-10-01,aac5f32c-1732-4eeb-b771-b11f29217999,92c7a67a-0282-45bd-b9e5-b0c203b7dba1,Visa,Debit,1385,Contactless Payment,5063.4,ZAR,1.0,5063.4,Mr Price,5945,Hobby & Toy Shops,Chatsworth,ZA,False,AUTH617342,Approved,True,True
43afdbf6-5db5-483e-a4d9-a4e81871fc6a,2016-12-08,2016-12-10,f2565d0e-f8d4-42d3-abea-5f571338fc08,f1584ac8-e703-493b-b684-5079521cb443,Mastercard,Debit,3525,Online Purchase,7301.2,ZAR,1.0,7301.2,Naspers,5912,Drug Stores & Pharmacies,eGoli,ZA,False,AUTH916202,Approved,False,True
cbeb8433-2db6-4473-9e30-1b556f4f3ea3,2023-08-09,2023-08-10,479a04c4-00d2-4b82-a752-6d70cadc6f32,0ebc03c1-6701-445a-b1f1-b2a9bda64229,Visa,Credit,4351,Contactless Payment,14281.78,ZAR,1.0,14281.78,Clicks,7011,Hotels & Motels,North Jeffreyborough,ZA,False,AUTH878679,Approved,True,False
2d40230c-a74a-478d-8827-332945da1fa1,2024-10-05,2024-10-07,cbb0b5b8-4767-4e6c-9616-a09c3be594a3,f1223908-ced9-4191-98a2-7223e90fc330,Visa,Debit,7901,Cash Advance,1202.55,ZAR,1.0,1202.55,Foschini,5311,Department Stores,Centurion,ZA,False,AUTH433879,Approved,False,False
2ec54c16-7303-498d-9aae-0c6ce8bd40f3,2016-04-06,2016-04-06,23daee00-7b68-4552-84d5-fde347167f98,1bf46838-92d1-4b07-adc1-26f9bc1a6bdd,Visa,Credit,6376,Contactless Payment,5670.91,ZAR,1.0,5670.91,Zara SA,5734,Electronics Stores,Eileenmouth,ZA,False,AUTH105638,Approved,True,False
ce564db0-d45e-4e4d-954f-f1d5d7b966bc,2021-05-21,2021-05-21,f84582bd-160f-41e9-8e4c-01cea251f754,60e9b09c-e343-401f-9e56-3f88d8ea072a,Visa,Credit,4834,Contactless Payment,5157.04,ZAR,1.0,5157.04,Dischem,5945,Hobby & Toy Shops,Kimberley,ZA,False,AUTH454819,Approved,True,True
67efd403-bb36-4797-a608-790947e5ea25,2022-09-10,2022-09-10,52973e09-5cc7-4418-af22-95f871ac3698,005acb16-83f0-4423-a42f-150fbdebffc9,Mastercard,Credit,9919,Contactless Payment,14504.78,ZAR,1.0,14504.78,Total SA,5912,Drug Stores & Pharmacies,Mbombela,ZA,False,AUTH144046,Approved,True,True
f454c258-c3a9-4e38-ac9b-53798b9aa2ef,2021-05-11,2021-05-11,f75c54cf-e16c-4fc0-b3ae-a93a591a7503,4ea440d8-ce17-45ae-9037-e5677b3c173e,Visa,Credit,1812,Contactless Payment,14448.94,ZAR,1.0,14448.94,Discovery Health,4111,Transportation,Bloemfontein,ZA,False,AUTH707217,Approved,True,False
042eb2d7-a38c-4cda-8b7f-3804e034934d,2019-12-25,2019-12-27,e3521f74-2679-412c-bb47-a397bc1e1d54,239ae69f-6fe0-4b40-91cf-cea7b0f8cec4,Mastercard,Credit,1682,Online Purchase,10429.09,ZAR,1.0,10429.09,Shoprite,5411,Grocery Stores,Upington,ZA,False,AUTH331413,Approved,False,True
a54e0e9a-db74-4f7d-aa48-f4eb7e00d16f,2021-11-11,2021-11-11,37e86a8d-69c5-4ce0-8cb5-ee7924b11e98,60e9b09c-e343-401f-9e56-3f88d8ea072a,Visa,Credit,1515,Purchase,12537.25,ZAR,1.0,12537.25,KFC SA,5912,Drug Stores & Pharmacies,North Guyland,ZA,False,AUTH518698,Approved,False,False
7634287d-ef92-477a-a36a-0d8ade62ec2e,2017-02-22,2017-02-23,7eeed1d1-15ed-42e0-87ba-d1dbbd42faf6,8ae8649d-15a3-4909-a8f1-1a3ee8cc2f3b,Mastercard,Debit,2172,Purchase,5960.42,ZAR,1.0,5960.42,Foschini,5541,Service Stations,Joanshire,ZA,False,AUTH521478,Approved,False,True
aeb858b4-f9b6-45ad-b3a6-3e69d29f7e91,2016-06-25,2016-06-27,6b72653b-95f5-4f30-a1a9-590a82e01634,b4b59e19-8f45-47b7-a9df-b6f96235253a,Visa,Debit,5081,Contactless Payment,76.56,ZAR,1.0,76.56,Shell SA,5621,Women's Clothing Stores,Mbombela,ZA,False,AUTH978433,Approved,True,False
7e353e9e-1a2e-45ce-ae06-c485b8a72d7d,2021-10-16,2021-10-18,7867629d-04e0-4401-8c0b-ad6a57d69ac8,9a3f7ed0-8efc-4452-905c-031240e0733f,Visa,Credit,1784,Contactless Payment,12228.01,ZAR,1.0,12228.01,Foschini,7011,Hotels & Motels,Lawrenceborough,ZA,False,AUTH326631,Approved,True,False
e18f7fb4-63c8-4387-9690-23ac8580cea2,2019-12-19,2019-12-21,fe481b7b-4617-4cd9-8f7e-4780fbed25c9,97ddac20-2ab1-412a-aa23-deabd20e4497,Visa,Debit,5392,Contactless Payment,11455.89,ZAR,1.0,11455.89,Telkom,5999,Retail Stores,Kimberley,ZA,False,AUTH102182,Approved,True,False
b8477ebe-a567-4c0a-8fc8-b1b5b2b29713,2024-12-30,2025-01-01,70442b96-2c44-4411-8341-22c6a2927df3,66a5b361-8f0b-41dc-80c4-bc7aaa6cf6c6,Mastercard,Credit,4533,Purchase,14769.96,ZAR,1.0,14769.96,Total SA,5912,Drug Stores & Pharmacies,iBhayi,ZA,False,AUTH749293,Approved,False,True
176c6e3a-8070-4b9e-9d22-0cd42db3d946,2015-09-04,2015-09-05,997d4533-20ea-4718-aacf-97d0a3287dc8,d7243b67-f245-405d-aa9e-5320dfd3fe49,Visa,Credit,6058,Purchase,9922.14,ZAR,1.0,9922.14,Momentum,5812,Eating Places & Restaurants,Welkom,ZA,False,AUTH890048,Approved,False,True
2a555f85-a965-4a66-a9b2-3fae3585503a,2015-05-20,2015-05-21,eb97036f-6a6f-4120-a2eb-224c81d759fa,77595890-46d2-4f84-ba33-d6e12b874937,Visa,Credit,5870,Purchase,7967.67,ZAR,1.0,7967.67,Debonairs,5945,Hobby & Toy Shops,Soweto,ZA,False,AUTH329876,Pending,False,False
7c85173b-02a6-445e-ae8d-4c809d550e4e,2015-10-02,2015-10-03,2143fcc5-c0dd-4d9a-91a9-c397c3668087,e67fb514-f205-44b3-8ad0-92adffde1fbe,Mastercard,Credit,6655,Purchase,1610.71,ZAR,1.0,1610.71,Dischem,4814,Telecommunications,Bethlehem,ZA,False,AUTH243996,Declined,False,True
8eb6e9a7-5ac5-47e6-b911-f81d35837f15,2018-07-08,2018-07-09,3a110452-e114-47e9-83fd-63718fc0960b,526d7d1c-ebad-40c5-9ff2-b568477570ad,Visa,Debit,5808,Purchase,905.01,ZAR,1.0,905.01,Bidvest,5541,Service Stations,Mbombela,ZA,False,AUTH275864,Approved,False,True
f82f80bf-f1e9-4158-98b3-159871fc516d,2022-07-04,2022-07-05,7120625f-8f83-463d-86c2-61f078fe07f4,a5b3d0e7-1c37-41b2-8e9b-c9b78f83cb2d,Mastercard,Debit,9723,Purchase,6430.21,ZAR,1.0,6430.21,Steers,5541,Service Stations,Mahikeng,ZA,False,AUTH736655,Approved,False,False
4bc30e89-baf5-4843-8f3f-df74ffbc04fd,2017-01-04,2017-01-05,3a159030-051f-4e9c-b8f5-ecff7e5cddbc,95c94f51-1c42-4219-bd5d-6d7d5f07f30b,Visa,Debit,2337,Online Purchase,9550.57,ZAR,1.0,9550.57,Debonairs,7011,Hotels & Motels,Thohoyandou,ZA,False,AUTH919113,Approved,False,True
0b099659-10a0-49ee-b92c-cfe5cb0b0780,2019-06-21,2019-06-23,ea0a8fdf-9c34-4cf9-a946-ba796d693257,5f91b043-7d72-40ec-8c92-c61cb0c1833c,Mastercard,Debit,6281,Purchase,12848.95,ZAR,1.0,12848.95,Tiger Brands,5912,Drug Stores & Pharmacies,East Beverley,ZA,False,AUTH927580,Approved,False,True
c7e0fef1-732c-4bdf-858b-3378af34b9c3,2019-12-08,2019-12-10,ba8016de-86c1-4920-88db-bee7d0cd9b87,a97c8ade-97f8-47e0-8d05-75fbfdef84b4,Visa,Credit,2372,Online Purchase,3852.01,ZAR,1.0,3852.01,Vodacom,5541,Service Stations,Welkom,ZA,False,AUTH224686,Approved,False,True
5d034274-fa67-4f24-ad1a-46fce6475273,2021-10-22,2021-10-23,f22f270a-6581-4dfc-99bf-ccafa6313f55,d2a252aa-3d52-420a-b18f-5c134e1fa217,Visa,Debit,3122,Purchase,14317.94,ZAR,1.0,14317.94,Takealot,5812,Eating Places & Restaurants,Soweto,ZA,False,AUTH992203,Approved,False,False
84daeb87-227e-4892-bbd0-faebf8e7bfa3,2024-05-12,2024-05-12,c42d8640-cf6b-42f1-ab42-941239ae7479,88faa5c9-4534-4792-8d20-8b7f6ca3c0fd,Mastercard,Credit,7881,Purchase,12395.49,ZAR,1.0,12395.49,Naspers,5661,Shoe Stores,Port Allanburgh,ZA,False,AUTH694515,Reversed,False,True
50f2306b-606a-4774-9599-48896ef06d24,2016-04-28,2016-04-29,4e1bb47c-33e0-4919-8fbe-e23eea0e3802,19c5ba73-e18f-49a2-a104-e01ab37e74f4,Visa,Credit,5572,International Purchase,47984.89,EUR,20.9356,1004592.46,City Power,4816,Online Services,Boksburg,GD,True,AUTH587006,Approved,False,True
26758b59-9e60-4eea-a7f7-3b30c0244523,2015-05-14,2015-05-15,3c8fb798-c3b6-409f-9971-2b15000eae45,96a0dd93-d9ee-4528-9173-61228081da8c,Mastercard,Credit,6409,Contactless Payment,3180.06,ZAR,1.0,3180.06,Caltex SA,5912,Drug Stores & Pharmacies,Malcolmborough,ZA,False,AUTH570005,Reversed,True,True
ee8861bd-e61d-490d-bda5-48a0438f13b2,2018-02-01,2018-02-03,fe481b7b-4617-4cd9-8f7e-4780fbed25c9,97ddac20-2ab1-412a-aa23-deabd20e4497,Visa,Credit,8255,Refund,8438.73,ZAR,1.0,8438.73,Telkom,5541,Service Stations,New Tracey,ZA,False,AUTH574381,Approved,False,True
12d5254d-7417-489b-8baf-280165f42547,2016-06-04,2016-06-05,8204bddf-d38e-4c7d-840f-54335762aae3,056217c6-c731-4f79-b30f-c0d7ac911f00,Visa,Debit,3316,International Purchase,32913.55,USD,18.842,620157.11,Naspers,5311,Department Stores,Kathrynmouth,AF,True,AUTH336033,Approved,False,False
85237f45-d003-4045-8ca3-249f7fe51b55,2015-04-17,2015-04-19,218bfaab-5190-4c94-bce0-c4b85f27e67c,2f418199-1049-4389-83b4-2ea755610f9d,Mastercard,Debit,2336,Purchase,2577.75,ZAR,1.0,2577.75,Checkers,5411,Grocery Stores,Paarl,ZA,False,AUTH632686,Approved,False,True
d382a7d9-774b-4995-a301-daadc5384bf9,2023-10-19,2023-10-20,c9b07011-12b8-43f6-9ef8-d9b8b4500878,f08a0cb8-0801-4ed0-bad6-d7251ed2fea2,Mastercard,Debit,7419,Online Purchase,4445.0,ZAR,1.0,4445.0,Shell SA,5999,Retail Stores,O'Connorburgh,ZA,False,AUTH246142,Approved,False,True
a8d48f6c-e55c-4f8e-9b1c-be9fe3e067eb,2022-12-24,2022-12-24,60e9647e-a04d-46a1-8b8f-e76819c57606,09b9d0bb-c032-4e23-a911-bae00f7df4ca,Visa,Credit,6844,Chargeback,7237.28,ZAR,1.0,7237.28,MTN,5541,Service Stations,Vereeniging,ZA,False,AUTH964987,Approved,False,False
deeae371-8e71-4882-a37d-be46905522c6,2022-02-01,2022-02-02,6bdf7092-bcb0-4eb2-8aab-d75d40b7e1d7,a5b3d0e7-1c37-41b2-8e9b-c9b78f83cb2d,Visa,Debit,1222,Online Purchase,13216.48,ZAR,1.0,13216.48,Total SA,4111,Transportation,Woodsfort,ZA,False,AUTH486676,Approved,False,False
ba223e86-bece-41e4-a2db-d43144b4df70,2023-09-03,2023-09-05,c42d8640-cf6b-42f1-ab42-941239ae7479,88faa5c9-4534-4792-8d20-8b7f6ca3c0fd,Mastercard,Debit,3484,Purchase,13814.29,ZAR,1.0,13814.29,Planet Fitness,5812,Eating Places & Restaurants,Kathu,ZA,False,AUTH172131,Approved,False,True
d0cd5f17-87ec-4e87-9097-7e63e4317e56,2023-07-19,2023-07-21,f941003f-6ee8-444d-a05b-1e24523a0b8a,489a6541-a54b-4982-ab84-00aa5d9b5247,Visa,Debit,7846,Purchase,10110.06,ZAR,1.0,10110.06,Clicks,7011,Hotels & Motels,New Megan,ZA,False,AUTH583152,Approved,False,True
6cae8d1f-22a9-483d-bd0e-53b86e241735,2021-02-20,2021-02-22,37e86a8d-69c5-4ce0-8cb5-ee7924b11e98,60e9b09c-e343-401f-9e56-3f88d8ea072a,Visa,Credit,8742,Purchase,5970.13,ZAR,1.0,5970.13,Pioneer Foods,4111,Transportation,George,ZA,False,AUTH714648,Approved,False,True
4c477cde-79b2-404f-b7c5-b2df3651e220,2024-07-18,2024-07-18,1a606c21-28a9-4901-b958-7c8b79cbd4ee,802e7e56-190c-41fd-a9d0-3d2880dd2cc3,Mastercard,Debit,8740,Refund,7290.9,ZAR,1.0,7290.9,Pick n Pay,5812,Eating Places & Restaurants,Soweto,ZA,False,AUTH378756,Approved,False,True
accedefb-5cc3-4ff8-a679-303550c2a82b,2019-04-24,2019-04-26,16f89369-1dde-4ef9-8c3d-ead81a0c6cf5,cb29fca6-4779-47de-b4d8-d702da77cbe5,Visa,Debit,2316,Contactless Payment,11668.18,ZAR,1.0,11668.18,BP SA,5311,Department Stores,Middletonmouth,ZA,False,AUTH320438,Reversed,True,True
63cd1cf8-61c8-428c-8807-de9f12a85e0f,2019-09-08,2019-09-10,b47c51d6-3737-4e6a-8075-7131afe3b374,82342e76-2880-4405-b49b-784e5cede8db,Visa,Debit,5552,Contactless Payment,2930.22,ZAR,1.0,2930.22,Takealot,5541,Service Stations,Sasolburg,ZA,False,AUTH209722,Approved,True,True
1bccd92e-5277-4d16-b7f4-5d6632f730ba,2020-02-21,2020-02-21,69ed581f-8460-4fb0-867b-1205d9304df4,35467d6b-f1b1-4241-815d-df93767762c1,Visa,Credit,2984,Online Purchase,14427.22,ZAR,1.0,14427.22,Naspers,5311,Department Stores,West Louis,ZA,False,AUTH289013,Approved,False,True
d701c038-dc96-4643-bd2b-788303eed5b1,2024-07-13,2024-07-14,60e9647e-a04d-46a1-8b8f-e76819c57606,09b9d0bb-c032-4e23-a911-bae00f7df4ca,Visa,Debit,9156,Contactless Payment,5271.0,ZAR,1.0,5271.0,BP SA,7011,Hotels & Motels,Upington,ZA,False,AUTH300026,Approved,True,True
f3f79737-b0a9-46ae-a7b6-fa0214097b63,2021-04-20,2021-04-22,aeff89cd-3c53-4414-b22b-489c1649d441,bd5e639e-5096-4b8e-ab11-dd6fbdee615b,Visa,Debit,5096,Purchase,7212.12,ZAR,1.0,7212.12,Rain,5311,Department Stores,West Elainestad,ZA,False,AUTH866433,Approved,False,True
6767de3d-db4a-47ad-a1e6-1c3253af642c,2024-05-28,2024-05-28,24c74360-9832-4d08-89dd-a00aaef9e898,31e7d721-e2e5-4bc2-8b0f-1c16bf58e45e,Mastercard,Debit,7022,Refund,3793.69,ZAR,1.0,3793.69,Debonairs,5999,Retail Stores,George,ZA,False,AUTH209662,Reversed,False,True
33555f0f-9241-442a-91a2-47215ded0c46,2016-05-06,2016-05-07,232a900f-e0f5-46b1-b3b6-0c6117dea625,27b64371-9beb-43d4-b155-f5264a48d714,Visa,Credit,4783,Contactless Payment,9237.96,ZAR,1.0,9237.96,Debonairs,4814,Telecommunications,West Angela,ZA,False,AUTH244203,Approved,True,True
113cf8b7-6a64-4952-8fd4-d8848a194cf7,2021-12-16,2021-12-18,2bb22dfa-4591-42ad-8ca2-9d8ac28410c2,28720e79-2cb0-4e43-86b0-8b3a863c5f5b,Mastercard,Credit,3523,Purchase,2579.15,ZAR,1.0,2579.15,Spur,4111,Transportation,Williamsmouth,ZA,False,AUTH806584,Approved,False,True
52a0468f-3188-49b5-b20c-83f196072cc4,2018-02-09,2018-02-09,07c7e1bc-65dc-48ff-ab9a-3dce36774fc6,8931f44e-bcba-4267-9d91-cf99c1259d56,Visa,Credit,4650,Contactless Payment,3489.54,ZAR,1.0,3489.54,Tiger Brands,8011,Doctors & Physicians,Tembisa,ZA,False,AUTH263460,Approved,True,True
04b63d34-c827-450d-bbc3-a17d9b08d531,2021-01-01,2021-01-03,2da72a17-96ff-44bc-a3e0-bb5ff6d8ba48,04d8ed45-f4c5-422c-9678-d8c8ce690ee3,Mastercard,Credit,3688,Purchase,6314.06,ZAR,1.0,6314.06,BP SA,4111,Transportation,Port Ashleigh,ZA,False,AUTH695629,Approved,False,True
ffbddd70-b4d4-4813-bc58-4e13038a001d,2019-05-09,2019-05-11,f204a453-cbb5-46ea-83bd-0d60fa26cc40,9a189484-cd9f-435c-b424-c12d0a715eb2,Visa,Debit,9097,Refund,6367.33,ZAR,1.0,6367.33,Caltex SA,5411,Grocery Stores,East Gregory,ZA,False,AUTH673342,Approved,False,True
4741f563-0c5e-4db3-9cea-b8c26b25bea6,2021-10-19,2021-10-20,e1fd2535-42c6-463e-84ac-3d2fa55c1357,ba5dd48f-c112-4397-bc7a-8933ff5b11dc,Mastercard,Credit,3493,Cash Advance,2632.76,ZAR,1.0,2632.76,Takealot,5541,Service Stations,Sasolburg,ZA,False,AUTH145808,Approved,False,True
9617963f-6a91-4e31-b09e-c05e96327bf8,2021-09-06,2021-09-08,37e86a8d-69c5-4ce0-8cb5-ee7924b11e98,60e9b09c-e343-401f-9e56-3f88d8ea072a,Visa,Debit,6985,Purchase,12883.41,ZAR,1.0,12883.41,Spar,5311,Department Stores,Mbombela,ZA,False,AUTH560543,Approved,False,True
89ed4d4f-f33f-49a7-9a9b-8795d201f7f4,2016-03-20,2016-03-20,ec4f5235-c485-47ab-9100-a624cb729e72,fd250f7b-e79e-409d-82f0-7d0f61426f0b,Mastercard,Debit,9232,Contactless Payment,394.71,ZAR,1.0,394.71,Old Mutual,4111,Transportation,Reevesmouth,ZA,False,AUTH374604,Reversed,True,True
81ec6ab3-8b5e-44b0-8cdd-e19baf1fccc9,2015-08-10,2015-08-10,2d269844-d32d-48d0-acbd-011f5e84612a,696dd856-e6af-4dd3-9595-cc197764d7c1,Mastercard,Credit,4912,Contactless Payment,10986.02,ZAR,1.0,10986.02,Vodacom,5945,Hobby & Toy Shops,Lake Kayleigh,ZA,False,AUTH803264,Approved,True,False
1975ac09-5fd9-46de-b16e-54dfa47b83d5,2021-03-25,2021-03-26,52a4cc24-f574-4f97-8a7f-81182feb1bca,69a41e41-6acb-4658-847d-8f0ff4992a00,Visa,Debit,5645,Contactless Payment,12250.08,ZAR,1.0,12250.08,Pick n Pay,5812,Eating Places & Restaurants,Uitenhage,ZA,False,AUTH500286,Approved,True,True
cb00a89b-bfbb-4544-9cc6-46177cc94071,2018-08-25,2018-08-26,bef3a334-00f2-442a-a744-5a5afdc54f96,6ccbeb87-4cd6-46b3-81bc-6bc4ddb7301d,Mastercard,Debit,6979,Refund,7200.57,ZAR,1.0,7200.57,Mr Price,5999,Retail Stores,Upington,ZA,False,AUTH951603,Approved,False,True
7635e3e5-8666-4061-b18f-f37e4415be84,2020-06-05,2020-06-05,ec87679a-3375-4518-a0c0-646cc3731d25,1be44988-6b94-488c-8b74-8099fcf311ad,Mastercard,Debit,7240,Purchase,4961.52,ZAR,1.0,4961.52,Telkom,4816,Online Services,Smithshire,ZA,False,AUTH441079,Approved,False,True
606009c3-5e1b-4878-a655-22dd03768643,2017-05-29,2017-05-31,5fc063d7-d3fd-420f-b12b-06dd7e5d0a2e,30c2e83a-3ad0-4c9e-8a9d-2ec15dd897f2,Mastercard,Credit,1066,Purchase,6361.68,ZAR,1.0,6361.68,Cell C,5999,Retail Stores,Mbombela,ZA,False,AUTH104846,Approved,False,True
143de4d3-ae70-4ac3-b148-f24d1ebc5028,2019-08-05,2019-08-05,2bb22dfa-4591-42ad-8ca2-9d8ac28410c2,28720e79-2cb0-4e43-86b0-8b3a863c5f5b,Mastercard,Credit,3185,Contactless Payment,4254.0,ZAR,1.0,4254.0,MTN,7011,Hotels & Motels,West Anna,ZA,False,AUTH870160,Approved,True,False
22266ab7-7685-49f2-93d2-c66436d91911,2016-07-13,2016-07-14,eb488e77-92b6-4933-ba76-67a314f849d7,d008e9b4-a86d-491e-bb43-dcf5c491c1cc,Mastercard,Credit,4202,Purchase,13940.38,ZAR,1.0,13940.38,Pick n Pay,5621,Women's Clothing Stores,New Tina,ZA,False,AUTH446433,Approved,False,False
5a55527c-4ec6-457a-af25-9c12ab0a3c4e,2022-12-17,2022-12-19,316559e8-d002-48f7-9473-9b342c03b151,cec5e0c3-6738-44ea-ad52-629e935afa47,Visa,Credit,8382,Purchase,5953.68,ZAR,1.0,5953.68,Woolworths,5411,Grocery Stores,Mbombela,ZA,False,AUTH517705,Approved,False,True
f3da9bf2-2bec-4f04-b80f-7ce3e6e955d3,2018-04-30,2018-05-02,f2565d0e-f8d4-42d3-abea-5f571338fc08,f1584ac8-e703-493b-b684-5079521cb443,Visa,Credit,3646,Purchase,3468.48,ZAR,1.0,3468.48,Clicks,5734,Electronics Stores,Lake Donna,ZA,False,AUTH990552,Approved,False,False
647b4c28-66c0-4c32-9c07-b218a90d9c74,2024-11-08,2024-11-08,1d81fca0-874b-4f42-a1f4-160fec4a5baf,0da3aca3-eeff-48be-9870-f0b2cd2d53c6,Mastercard,Debit,9750,Contactless Payment,10999.76,ZAR,1.0,10999.76,Dischem,5999,Retail Stores,George,ZA,False,AUTH520494,Approved,True,True
d54c59f7-2917-4b00-aaa8-051f58abf148,2017-06-03,2017-06-05,f75c54cf-e16c-4fc0-b3ae-a93a591a7503,4ea440d8-ce17-45ae-9037-e5677b3c173e,Mastercard,Credit,5787,Contactless Payment,2951.56,ZAR,1.0,2951.56,Planet Fitness,5541,Service Stations,Polokwane,ZA,False,AUTH962189,Approved,True,True
9529a1ea-d36d-4e41-bef2-397882ba4444,2024-07-15,2024-07-15,86bd2850-49bb-4cbb-953c-335aef36ef5c,f5385827-522c-4f2a-b11f-b00e9abc58f9,Mastercard,Debit,1773,Purchase,4825.55,ZAR,1.0,4825.55,McDonald's SA,5541,Service Stations,eThekwini,ZA,False,AUTH525387,Approved,False,False
53f34c33-2583-4181-af83-bd8d97798528,2017-06-22,2017-06-24,c2920edc-dec9-4757-88c2-b79375ce9845,9ec1fa1b-150e-4929-9302-27b04c992487,Mastercard,Debit,3244,Purchase,12123.92,ZAR,1.0,12123.92,BP SA,5812,Eating Places & Restaurants,South Callum,ZA,False,AUTH591022,Approved,False,True
ca8f6215-2ab3-4e91-832c-cc0697fc130d,2024-02-23,2024-02-24,c07fb421-32df-432f-a1e3-5dca2a0d375c,d185f9f0-8fc7-406e-8e5a-ca0aeae36542,Visa,Debit,5357,Purchase,12036.51,ZAR,1.0,12036.51,Spur,4111,Transportation,South Hollieburgh,ZA,False,AUTH558859,Approved,False,True
2e139578-b2a7-4da8-a021-3c16ce740823,2022-12-16,2022-12-18,aeff89cd-3c53-4414-b22b-489c1649d441,bd5e639e-5096-4b8e-ab11-dd6fbdee615b,Mastercard,Debit,3252,Purchase,10211.24,ZAR,1.0,10211.24,Total SA,5621,Women's Clothing Stores,Uitenhage,ZA,False,AUTH418771,Approved,False,False
8002d22a-911f-47b5-8395-4623dd0accaa,2016-01-06,2016-01-08,096e0e50-fb3b-4fa4-a64c-268b059881f5,792cf5fa-6e6c-47f4-8b08-8b279135255f,Visa,Debit,9614,Purchase,14125.66,ZAR,1.0,14125.66,Debonairs,5621,Women's Clothing Stores,Schofieldtown,ZA,False,AUTH845600,Approved,False,True
0933ea11-913e-40eb-94fd-042ed5dc4638,2021-05-18,2021-05-18,f22f270a-6581-4dfc-99bf-ccafa6313f55,d2a252aa-3d52-420a-b18f-5c134e1fa217,Mastercard,Credit,6083,Purchase,10482.22,ZAR,1.0,10482.22,Old Mutual,5734,Electronics Stores,Uitenhage,ZA,False,AUTH408182,Approved,False,True
4fe079e7-76d8-410e-80f3-ae511738a6a8,2021-11-19,2021-11-19,b47c51d6-3737-4e6a-8075-7131afe3b374,82342e76-2880-4405-b49b-784e5cede8db,Mastercard,Credit,8615,Purchase,4730.99,ZAR,1.0,4730.99,Eskom,4816,Online Services,Kimberley,ZA,False,AUTH923442,Approved,False,True
ae1fcc3c-8172-4448-bf56-5c19810a37d1,2024-02-11,2024-02-12,9a0fce8f-96ca-4c4f-a669-888b0b796de0,3f4aa40e-79e7-4a14-84a7-1bf79aaf67ac,Visa,Debit,6511,Purchase,14605.84,ZAR,1.0,14605.84,Edgars,4814,Telecommunications,George,ZA,False,AUTH899361,Approved,False,False
9cdef066-2c67-400c-ab3b-557ef6cd9b4f,2015-02-12,2015-02-12,e3521f74-2679-412c-bb47-a397bc1e1d54,239ae69f-6fe0-4b40-91cf-cea7b0f8cec4,Mastercard,Credit,7159,Online Purchase,3865.81,ZAR,1.0,3865.81,Momentum,5912,Drug Stores & Pharmacies,Vanderbijlpark,ZA,False,AUTH816275,Approved,False,False
77475049-17b1-4d0a-8dc1-5d1b9893245a,2023-10-23,2023-10-24,1548c47b-bc81-4e5f-b221-ff7b6c016b8b,87805b14-50da-45b2-b8d0-37963f00a73b,Visa,Credit,9085,Contactless Payment,13367.49,ZAR,1.0,13367.49,Zara SA,5311,Department Stores,West Jemma,ZA,False,AUTH720671,Approved,True,False
ba565f9d-2e50-4e70-97af-3c94148c43f4,2019-10-10,2019-10-11,68cf211e-6b58-4ab4-83c1-536b5263abbd,06b4cbf1-5e59-4e2f-93b9-72bec63fdd0f,Visa,Credit,8738,International Purchase,18863.71,ZAR,1.0,18863.71,Woolworths,5999,Retail Stores,Lake Rosemary,MW,True,AUTH299963,Approved,False,True
fbc12f0c-dfd5-450c-9019-29f0abd0ff9e,2017-06-25,2017-06-25,cdaec3c8-a553-4168-8956-d80c9a9098b4,0ec62bd1-42db-4ffd-b12d-f1738b4fdec9,Visa,Debit,5583,Purchase,7452.61,ZAR,1.0,7452.61,Planet Fitness,8011,Doctors & Physicians,Carolborough,ZA,False,AUTH619606,Approved,False,False
af33d8c4-e32d-421f-a893-dccd318d824b,2018-04-21,2018-04-23,cc4d93f2-8c8d-4f30-805f-e2f4081a6155,475c2f67-b3cb-4fac-8e1a-0ed764b9a2fe,Mastercard,Debit,9113,Purchase,5292.85,ZAR,1.0,5292.85,Engen,5999,Retail Stores,Stellenbosch,ZA,False,AUTH162958,Approved,False,False
26c4024d-890f-4fce-a01c-3aa412eeb30b,2019-07-19,2019-07-20,bef3a334-00f2-442a-a744-5a5afdc54f96,6ccbeb87-4cd6-46b3-81bc-6bc4ddb7301d,Visa,Debit,1488,Online Purchase,2341.31,ZAR,1.0,2341.31,Rain,4111,Transportation,eGoli,ZA,False,AUTH350772,Approved,False,True
dff6f818-a42e-47dd-9e4e-d433a2898ba9,2024-10-06,2024-10-07,f51fab0c-b6f1-4627-96eb-f77a8e93c249,9a9d31d4-f9f8-4cf1-9cd8-0ab438e86ec7,Visa,Debit,8801,Cash Advance,3002.52,ZAR,1.0,3002.52,Naspers,5734,Electronics Stores,Kathu,ZA,False,AUTH687832,Approved,False,False
a8f83961-e5f6-4db9-9bc3-b40a632d6a23,2019-04-28,2019-04-29,61097e07-f0be-4f4c-955c-a08d7dbfaed8,fe1a8c18-0675-4320-8f1e-042b27d85a51,Visa,Credit,9857,Purchase,5109.57,ZAR,1.0,5109.57,Gym Company,4814,Telecommunications,Lake Jamieburgh,ZA,False,AUTH274418,Approved,False,True
b3185000-cf17-41d8-b8e8-14b1f0fa7290,2024-06-01,2024-06-01,bef3a334-00f2-442a-a744-5a5afdc54f96,6ccbeb87-4cd6-46b3-81bc-6bc4ddb7301d,Mastercard,Credit,8238,Purchase,4497.75,ZAR,1.0,4497.75,Gym Company,5734,Electronics Stores,Edwardsshire,ZA,False,AUTH898343,Approved,False,False
cf30e7de-da5a-4546-92e1-1d74364fd1ad,2019-03-29,2019-03-30,ea3f5b5d-69d1-4f5a-892f-3598e5da8f70,fe7e677d-74e5-49b5-b656-0b6c8f1374bb,Visa,Debit,1551,Refund,9623.55,ZAR,1.0,9623.55,Steers,5311,Department Stores,New Michellemouth,ZA,False,AUTH405051,Approved,False,True
98067bf6-1c4c-4237-892b-9b499ca7984b,2022-06-15,2022-06-16,ff638ebf-bcaf-4a04-8876-a1a9e236c918,ab89aa9f-66e2-4754-bec4-86f8d62d6503,Visa,Credit,3466,Purchase,9699.35,ZAR,1.0,9699.35,Netflix SA,5411,Grocery Stores,Potchefstroom,ZA,False,AUTH830115,Approved,False,True
52d3981a-c319-4b88-9bb3-e8edd2ec66fe,2020-07-28,2020-07-29,cbb0b5b8-4767-4e6c-9616-a09c3be594a3,f1223908-ced9-4191-98a2-7223e90fc330,Visa,Credit,1172,Contactless Payment,9648.94,ZAR,1.0,9648.94,Caltex SA,5999,Retail Stores,Boksburg,ZA,False,AUTH148675,Approved,True,False
b100c1bd-0133-4669-94d2-75c0540483b5,2023-08-19,2023-08-21,75d167cd-b2a3-4603-b9e8-90f9e4e7dae4,445d1261-31b5-4737-96e9-9f67918894a2,Mastercard,Credit,7381,Purchase,631.68,ZAR,1.0,631.68,Total SA,5999,Retail Stores,iBhayi,ZA,False,AUTH726531,Approved,False,True
a4b5d5fb-0980-4f67-80a0-a072432285a9,2024-12-04,2024-12-05,37e86a8d-69c5-4ce0-8cb5-ee7924b11e98,60e9b09c-e343-401f-9e56-3f88d8ea072a,Mastercard,Debit,5318,Contactless Payment,79.11,ZAR,1.0,79.11,Bidvest,4111,Transportation,Mbombela,ZA,False,AUTH295921,Approved,True,False
80dbdce0-834a-4265-ac45-71a6cdcb28d6,2019-11-27,2019-11-28,69ed581f-8460-4fb0-867b-1205d9304df4,35467d6b-f1b1-4241-815d-df93767762c1,Mastercard,Credit,5877,Contactless Payment,3219.11,ZAR,1.0,3219.11,Cell C,5411,Grocery Stores,Kathu,ZA,False,AUTH240389,Approved,True,True
b041a086-77a6-4d3c-a1bc-b4b2e5aec331,2022-09-17,2022-09-17,9202ce26-699c-4e6b-9e8c-75a30dbd3b67,f72d813d-996f-430d-ae57-13eb80207635,Visa,Credit,6407,Online Purchase,6432.91,ZAR,1.0,6432.91,Mr Price,4814,Telecommunications,George,ZA,False,AUTH701968,Approved,False,True
d56c02ed-bb47-4453-9150-7eee0cfff43b,2024-10-01,2024-10-01,eb488e77-92b6-4933-ba76-67a314f849d7,d008e9b4-a86d-491e-bb43-dcf5c491c1cc,Mastercard,Credit,9331,Contactless Payment,5443.76,ZAR,1.0,5443.76,Superbalist,7011,Hotels & Motels,Paarl,ZA,False,AUTH475831,Approved,True,True
434a1552-bc36-4ab5-b5c5-29c144ed87b7,2016-07-21,2016-07-22,69ed581f-8460-4fb0-867b-1205d9304df4,35467d6b-f1b1-4241-815d-df93767762c1,Visa,Debit,2380,International Purchase,27215.93,USD,18.6195,506747.01,H&M SA,7011,Hotels & Motels,Benoni,HT,True,AUTH489076,Approved,False,True
c206155e-8f42-4dd2-abd9-48b2476d9641,2018-05-05,2018-05-05,5c81b1bd-9dfe-4a26-903c-066c5f50e929,67c9be79-bce5-4b32-a44d-98517a2477e3,Visa,Credit,4230,Purchase,7282.07,ZAR,1.0,7282.07,Engen,7011,Hotels & Motels,Robinfort,ZA,False,AUTH455973,Approved,False,True
2e56b4bd-87c1-4e59-aa27-0d69c85149e2,2024-04-29,2024-05-01,ea30a547-290d-4b22-9e7c-c2ef9891fc4d,35467d6b-f1b1-4241-815d-df93767762c1,Mastercard,Credit,1685,Purchase,10944.28,ZAR,1.0,10944.28,Takealot,5411,Grocery Stores,Mossborough,ZA,False,AUTH698223,Declined,False,True
df016b62-509b-4e52-be0b-f39595009f10,2023-05-23,2023-05-24,ea3f5b5d-69d1-4f5a-892f-3598e5da8f70,fe7e677d-74e5-49b5-b656-0b6c8f1374bb,Mastercard,Debit,9077,Online Purchase,3740.98,ZAR,1.0,3740.98,Bidvest,7011,Hotels & Motels,West Jordanshire,ZA,False,AUTH140852,Approved,False,True
d2c99876-4a5b-40a8-a2be-725dff9d5071,2016-02-03,2016-02-05,4beec51d-b1b6-43b8-9476-6cc885b51c37,1bf46838-92d1-4b07-adc1-26f9bc1a6bdd,Mastercard,Credit,4684,Purchase,10304.0,ZAR,1.0,10304.0,Bidvest,5621,Women's Clothing Stores,Lake Benjaminland,ZA,False,AUTH805723,Approved,False,True
7a73594a-9e79-45e2-82d6-a10099368874,2021-09-08,2021-09-09,86bd2850-49bb-4cbb-953c-335aef36ef5c,f5385827-522c-4f2a-b11f-b00e9abc58f9,Visa,Debit,3027,Refund,510.41,ZAR,1.0,510.41,KFC SA,5945,Hobby & Toy Shops,Fosterton,ZA,False,AUTH119874,Approved,False,True
9989f352-fe4a-4a77-8cbd-2645dc053a35,2020-09-13,2020-09-15,cc4d93f2-8c8d-4f30-805f-e2f4081a6155,475c2f67-b3cb-4fac-8e1a-0ed764b9a2fe,Mastercard,Credit,9080,International Purchase,1559.42,EUR,20.6474,32197.97,Mr Price,4111,Transportation,Thohoyandou,CA,True,AUTH859141,Approved,False,False
051fe3a3-9e92-4937-9d62-1b05ee2e8d0c,2024-06-02,2024-06-04,5c81b1bd-9dfe-4a26-903c-066c5f50e929,67c9be79-bce5-4b32-a44d-98517a2477e3,Mastercard,Credit,7078,Online Purchase,14377.02,ZAR,1.0,14377.02,Spar,7011,Hotels & Motels,West Rosemaryshire,ZA,False,AUTH622371,Approved,False,False
4dbba0a4-d282-40b8-bfa6-bcb4ff48278d,2016-05-10,2016-05-12,f941003f-6ee8-444d-a05b-1e24523a0b8a,489a6541-a54b-4982-ab84-00aa5d9b5247,Visa,Credit,2270,Chargeback,1290.51,ZAR,1.0,1290.51,Spur,5734,Electronics Stores,iKapa,ZA,False,AUTH225738,Approved,False,True
804a72ad-39cd-412e-bbb0-51e2bfbb2483,2023-02-08,2023-02-08,7aef813b-dc7c-43e8-9b97-6ed2aa92d763,2e55a89e-d749-4d86-862c-9b529be6064f,Visa,Credit,1348,Purchase,3511.07,ZAR,1.0,3511.07,Checkers,5912,Drug Stores & Pharmacies,North Derek,ZA,False,AUTH901125,Approved,False,False
ab42c976-c7cc-4563-849d-f6a0b8b1adad,2024-11-10,2024-11-10,cc4d93f2-8c8d-4f30-805f-e2f4081a6155,475c2f67-b3cb-4fac-8e1a-0ed764b9a2fe,Mastercard,Debit,6810,Refund,3374.26,ZAR,1.0,3374.26,Pick n Pay,5311,Department Stores,Bennettfurt,ZA,False,AUTH328456,Approved,False,False
6c84ef80-8ab8-4207-83b4-b5856fcb07f4,2015-04-30,2015-05-01,ff638ebf-bcaf-4a04-8876-a1a9e236c918,ab89aa9f-66e2-4754-bec4-86f8d62d6503,Mastercard,Credit,7439,Purchase,6220.2,ZAR,1.0,6220.2,Pioneer Foods,5945,Hobby & Toy Shops,iBhayi,ZA,False,AUTH379631,Approved,False,False
59a0775a-7358-48a7-b373-5e7e73ee2782,2016-12-18,2016-12-19,5fc063d7-d3fd-420f-b12b-06dd7e5d0a2e,30c2e83a-3ad0-4c9e-8a9d-2ec15dd897f2,Mastercard,Debit,3877,Purchase,4280.47,ZAR,1.0,4280.47,Woolworths,5812,Eating Places & Restaurants,Bloemfontein,ZA,False,AUTH754922,Approved,False,False
8f5392db-8933-4c3b-89f6-d8b743a3c8a1,2018-03-11,2018-03-13,6b72653b-95f5-4f30-a1a9-590a82e01634,b4b59e19-8f45-47b7-a9df-b6f96235253a,Mastercard,Credit,1919,Purchase,7670.76,ZAR,1.0,7670.76,Truworths,8011,Doctors & Physicians,Chatsworth,ZA,False,AUTH651755,Approved,False,True
cd3f5b20-1ad7-41de-bf8f-e491b94083cb,2020-04-06,2020-04-06,3a159030-051f-4e9c-b8f5-ecff7e5cddbc,95c94f51-1c42-4219-bd5d-6d7d5f07f30b,Visa,Credit,9378,International Purchase,39978.9,GBP,22.5799,902719.56,McDonald's SA,5661,Shoe Stores,Andreaview,BH,True,AUTH762683,Approved,False,True
88de0d69-752e-489f-bf9e-e01b90aeacf5,2022-10-11,2022-10-11,e1fd2535-42c6-463e-84ac-3d2fa55c1357,ba5dd48f-c112-4397-bc7a-8933ff5b11dc,Mastercard,Debit,4946,Refund,747.06,ZAR,1.0,747.06,Checkers,5945,Hobby & Toy Shops,Benoni,ZA,False,AUTH751360,Approved,False,True
edfc2fd5-bbd4-41f9-a6f3-2a45ee53df02,2022-09-07,2022-09-08,c20e3e17-658f-42db-8bed-0130fef2c901,f560a11f-0a60-4875-a976-a07c45530d17,Mastercard,Credit,9976,Purchase,2525.09,ZAR,1.0,2525.09,Truworths,5411,Grocery Stores,iKapa,ZA,False,AUTH156046,Approved,False,True
9e227fb5-01df-42ef-88ca-38ddd7655090,2016-05-27,2016-05-29,f10b0f9b-017d-4bf4-af61-4f3447a68ab9,91c9be29-eee1-4cde-a664-efe7e53212d5,Visa,Debit,1663,Contactless Payment,13654.68,ZAR,1.0,13654.68,MTN,5621,Women's Clothing Stores,South Marieville,ZA,False,AUTH990433,Approved,True,True
afc7fe28-74a1-41ed-bf30-6f62959a3b0d,2024-07-12,2024-07-12,c18d8060-909e-49d1-8e42-9445994037b0,1e6bfc01-54e8-49f1-b039-a6bce14d302e,Visa,Debit,5512,Purchase,8359.37,ZAR,1.0,8359.37,Eskom,5541,Service Stations,iKapa,ZA,False,AUTH792912,Approved,False,True
f571a7b0-b752-40f7-a0c7-6b7d773a829d,2022-01-26,2022-01-28,502acaed-89ca-45fa-845d-4c5e3b6db22f,3e12b679-d262-4e5f-abb3-e50d983421e2,Mastercard,Credit,2351,Purchase,12803.58,ZAR,1.0,12803.58,Engen,5734,Electronics Stores,Krugersdorp,ZA,False,AUTH529418,Approved,False,True
4f0310c6-1dd5-4cc5-beca-d3006fa9364d,2023-08-07,2023-08-08,4c821eef-220b-4049-905b-2db203a164d4,99bb606a-d40c-4df5-9890-d18086d5f335,Visa,Credit,6953,Online Purchase,12777.16,ZAR,1.0,12777.16,Edgars,5411,Grocery Stores,Sasolburg,ZA,False,AUTH539507,Approved,False,True
304d400f-2403-4228-ab15-b6eee0242e6f,2018-07-08,2018-07-10,2d269844-d32d-48d0-acbd-011f5e84612a,696dd856-e6af-4dd3-9595-cc197764d7c1,Visa,Credit,9770,Contactless Payment,8777.49,ZAR,1.0,8777.49,Dischem,5541,Service Stations,Kimberley,ZA,False,AUTH988072,Approved,True,True
ba820e94-db19-479e-909b-09373fc69320,2018-03-24,2018-03-25,5fc063d7-d3fd-420f-b12b-06dd7e5d0a2e,30c2e83a-3ad0-4c9e-8a9d-2ec15dd897f2,Mastercard,Credit,8374,Purchase,10204.55,ZAR,1.0,10204.55,Naspers,5661,Shoe Stores,eThekwini,ZA,False,AUTH663476,Approved,False,True
59d912af-aedc-4b27-bc92-95257e66588a,2015-08-08,2015-08-09,1a606c21-28a9-4901-b958-7c8b79cbd4ee,802e7e56-190c-41fd-a9d0-3d2880dd2cc3,Mastercard,Credit,1358,Purchase,797.21,ZAR,1.0,797.21,Momentum,5621,Women's Clothing Stores,Stellenbosch,ZA,False,AUTH688842,Approved,False,True
a0c48c8d-2baf-448f-a913-ef83478f3b40,2016-12-28,2016-12-30,be62e15c-7c23-42b8-ba55-8524277e4c10,50f6d663-1915-47b1-87fd-38c31e37a363,Visa,Credit,1104,Purchase,9299.24,ZAR,1.0,9299.24,Mr Price,5812,Eating Places & Restaurants,Newcastle,ZA,False,AUTH223218,Approved,False,True
f2624be7-8e04-4ee8-b042-418ea3d0c115,2016-09-07,2016-09-08,c69ea691-8454-4fff-a519-5f3221bb6779,d29864d0-31fd-4f9f-883a-7f503b38f90f,Mastercard,Credit,8499,Purchase,5287.61,ZAR,1.0,5287.61,Dischem,5541,Service Stations,Polokwane,ZA,False,AUTH693731,Approved,False,False
ab570acf-1fa3-4228-a816-d57b1677b7f1,2016-10-29,2016-10-30,b45ec370-5394-422e-b494-6ef0e37643c1,f72d813d-996f-430d-ae57-13eb80207635,Visa,Debit,8423,Purchase,13224.97,ZAR,1.0,13224.97,Virgin Active,5945,Hobby & Toy Shops,Thohoyandou,ZA,False,AUTH197329,Pending,False,True
e7781b67-17c4-4e44-bc7e-a7d75b034c98,2018-06-08,2018-06-10,2da72a17-96ff-44bc-a3e0-bb5ff6d8ba48,04d8ed45-f4c5-422c-9678-d8c8ce690ee3,Mastercard,Debit,4689,Purchase,687.87,ZAR,1.0,687.87,Mr Price,5912,Drug Stores & Pharmacies,Elliottberg,ZA,False,AUTH125284,Approved,False,False
0a07b0ba-99b3-4ee0-8f09-4aed49b71d41,2020-05-18,2020-05-18,1a606c21-28a9-4901-b958-7c8b79cbd4ee,802e7e56-190c-41fd-a9d0-3d2880dd2cc3,Mastercard,Debit,1618,Chargeback,176.02,ZAR,1.0,176.02,McDonald's SA,4816,Online Services,Port Tinaborough,ZA,False,AUTH574403,Approved,False,True
a3a02c4e-89ef-47a0-b6b9-111218a30fa8,2023-01-22,2023-01-23,5141a537-c78b-49c1-bb68-03a6c7a29c6e,f4be94ff-f06b-46a4-8cba-1a36fadcbac4,Mastercard,Debit,7662,Purchase,14088.62,ZAR,1.0,14088.62,Pioneer Foods,5311,Department Stores,Bakerstad,ZA,False,AUTH588803,Approved,False,True
c619b214-7660-4cd6-b6de-06dfbf8220ca,2017-05-29,2017-05-31,3e0e2ec9-2349-4b39-8c19-6617841621a7,9a3f7ed0-8efc-4452-905c-031240e0733f,Mastercard,Credit,4417,Refund,4366.85,ZAR,1.0,4366.85,Bidvest,5912,Drug Stores & Pharmacies,Harrischester,ZA,False,AUTH205302,Approved,False,True
082285c9-9a14-4dc2-8c10-ef4f29a18d1a,2021-12-03,2021-12-03,2d1a95ad-70c8-4da0-9425-cbcf269d5d92,1e1c0a15-403d-4187-8c88-eabcdf85a18b,Visa,Credit,4727,Purchase,14141.09,ZAR,1.0,14141.09,Old Mutual,5999,Retail Stores,Vereeniging,ZA,False,AUTH414327,Approved,False,True
2eecccf2-89f0-482f-bf6c-b437519fa450,2020-12-26,2020-12-26,0fe356f8-f46a-4f49-ae78-2a7ccbdd02f4,19720c0b-051e-47ea-b902-9b819c88f5ca,Visa,Debit,1494,Contactless Payment,11699.44,ZAR,1.0,11699.44,Vodacom,5411,Grocery Stores,Sasolburg,ZA,False,AUTH558831,Reversed,True,False
98d009ec-d691-45c2-9f83-b94c80a79a62,2017-05-10,2017-05-12,75d167cd-b2a3-4603-b9e8-90f9e4e7dae4,445d1261-31b5-4737-96e9-9f67918894a2,Mastercard,Debit,9476,International Purchase,41576.36,ZAR,1.0,41576.36,Superbalist,7011,Hotels & Motels,Lake Jessicaville,DO,True,AUTH796622,Approved,False,False
d06536a8-c7ad-4c53-bd8e-17cac071365e,2021-06-28,2021-06-30,dfb4c8d3-6244-4f66-8b9d-97a6b5333545,4ba230a6-5e15-47e5-83ef-a692d23a7128,Mastercard,Credit,5312,Contactless Payment,994.03,ZAR,1.0,994.03,Naspers,4814,Telecommunications,Mahikeng,ZA,False,AUTH808025,Approved,True,False
25d6a793-9f13-4513-b045-b3d55b95eb5f,2018-02-09,2018-02-09,5c81b1bd-9dfe-4a26-903c-066c5f50e929,67c9be79-bce5-4b32-a44d-98517a2477e3,Mastercard,Debit,4457,Purchase,759.06,ZAR,1.0,759.06,Mr Price,5945,Hobby & Toy Shops,Anthonyland,ZA,False,AUTH874178,Approved,False,True
66e5c0b8-1a55-445e-ab7f-9b679ffd6257,2015-08-29,2015-08-30,e82178cd-a4b0-4b70-a302-64ff8846651f,b2ebfe50-e47c-439c-abf6-a9f68942352d,Visa,Debit,8252,Purchase,5976.52,ZAR,1.0,5976.52,Truworths,5945,Hobby & Toy Shops,Boksburg,ZA,False,AUTH236011,Approved,False,True
9ee9e87c-9e85-45fd-ad97-0ea6216fe11f,2015-04-10,2015-04-10,f51fab0c-b6f1-4627-96eb-f77a8e93c249,9a9d31d4-f9f8-4cf1-9cd8-0ab438e86ec7,Mastercard,Debit,3619,Purchase,3097.76,ZAR,1.0,3097.76,Pioneer Foods,5999,Retail Stores,iKapa,ZA,False,AUTH781782,Approved,False,True
f0410031-7098-48ca-bd3e-f436504ef342,2018-10-10,2018-10-12,c07fb421-32df-432f-a1e3-5dca2a0d375c,d185f9f0-8fc7-406e-8e5a-ca0aeae36542,Visa,Credit,8023,Purchase,3799.93,ZAR,1.0,3799.93,Woolworths,5661,Shoe Stores,Morganburgh,ZA,False,AUTH402802,Pending,False,True
8c63068f-5517-4cdf-8567-8e4071f31c4b,2022-05-29,2022-05-29,4beec51d-b1b6-43b8-9476-6cc885b51c37,1bf46838-92d1-4b07-adc1-26f9bc1a6bdd,Visa,Credit,4345,Contactless Payment,11415.22,ZAR,1.0,11415.22,Woolworths,5621,Women's Clothing Stores,South Lorraineview,ZA,False,AUTH618810,Approved,True,True
d4e4eb71-e430-4136-b98d-461e80e97918,2023-03-29,2023-03-31,4beec51d-b1b6-43b8-9476-6cc885b51c37,1bf46838-92d1-4b07-adc1-26f9bc1a6bdd,Visa,Debit,6705,Purchase,13147.43,ZAR,1.0,13147.43,Shoprite,5812,Eating Places & Restaurants,Mohammedmouth,ZA,False,AUTH410121,Declined,False,True
b7b4c26e-4896-4c7b-8645-6928eb4ee4ce,2022-11-26,2022-11-28,60e9647e-a04d-46a1-8b8f-e76819c57606,09b9d0bb-c032-4e23-a911-bae00f7df4ca,Visa,Credit,5953,Purchase,11953.53,ZAR,1.0,11953.53,Naspers,5621,Women's Clothing Stores,Springs,ZA,False,AUTH488976,Approved,False,True
8bf450d4-4f68-4485-9f08-1fc088f9aa71,2015-09-10,2015-09-12,69ed581f-8460-4fb0-867b-1205d9304df4,35467d6b-f1b1-4241-815d-df93767762c1,Mastercard,Debit,7626,Chargeback,7164.96,ZAR,1.0,7164.96,Planet Fitness,5812,Eating Places & Restaurants,Kimberley,ZA,False,AUTH710457,Approved,False,True
6d3de5db-93e9-4e03-a926-464000b44d6b,2021-07-24,2021-07-26,7867629d-04e0-4401-8c0b-ad6a57d69ac8,9a3f7ed0-8efc-4452-905c-031240e0733f,Mastercard,Credit,6672,Online Purchase,5651.96,ZAR,1.0,5651.96,Dischem,5541,Service Stations,Hollyland,ZA,False,AUTH895369,Approved,False,False
bb4f87c9-a291-4ae0-a61e-f9674364f7d7,2019-11-27,2019-11-27,b45ec370-5394-422e-b494-6ef0e37643c1,f72d813d-996f-430d-ae57-13eb80207635,Mastercard,Credit,9950,Online Purchase,8990.35,ZAR,1.0,8990.35,Discovery Health,5311,Department Stores,Mariahaven,ZA,False,AUTH438324,Approved,False,True
a1c13681-aa59-4f39-a526-e8280b3a3b8c,2020-12-27,2020-12-28,7867629d-04e0-4401-8c0b-ad6a57d69ac8,9a3f7ed0-8efc-4452-905c-031240e0733f,Mastercard,Credit,5592,Refund,9050.46,ZAR,1.0,9050.46,Caltex SA,5999,Retail Stores,Blackport,ZA,False,AUTH312847,Approved,False,False
29ef9d5c-1a2a-4e1c-a88f-c91516fd6b67,2024-04-07,2024-04-09,135f4e0f-cb3f-4295-8974-d59248f94e56,eaf88bf2-93bd-40fc-bc6a-c6a64d63c873,Mastercard,Credit,2800,Contactless Payment,2565.04,ZAR,1.0,2565.04,Shell SA,4816,Online Services,eThekwini,ZA,False,AUTH530635,Approved,True,True
ee19cdf0-7f80-48a6-be9f-b9568feded08,2023-01-06,2023-01-06,e1fd2535-42c6-463e-84ac-3d2fa55c1357,ba5dd48f-c112-4397-bc7a-8933ff5b11dc,Mastercard,Debit,8575,Chargeback,817.07,ZAR,1.0,817.07,Momentum,5912,Drug Stores & Pharmacies,New Teresamouth,ZA,False,AUTH881389,Approved,False,True
295f4d8a-0f13-430e-9b99-4c975204ae67,2023-05-30,2023-05-31,e3521f74-2679-412c-bb47-a397bc1e1d54,239ae69f-6fe0-4b40-91cf-cea7b0f8cec4,Visa,Credit,3391,Purchase,2812.05,ZAR,1.0,2812.05,Engen,5541,Service Stations,Godfreyfurt,ZA,False,AUTH269294,Reversed,False,True
bfff9f37-94d8-480c-9ae1-3827969737bf,2020-09-12,2020-09-14,ec4f5235-c485-47ab-9100-a624cb729e72,fd250f7b-e79e-409d-82f0-7d0f61426f0b,Visa,Debit,6202,Contactless Payment,13656.71,ZAR,1.0,13656.71,Edgars,5999,Retail Stores,Klerksdorp,ZA,False,AUTH745120,Approved,True,True
457fc1e9-8b5e-408a-aa8f-98aaf9fafb1d,2018-02-09,2018-02-11,3882ede9-0650-4117-b505-04f03140d409,3d67fcbd-6beb-4aed-b77d-5e1e53dd0cb2,Mastercard,Credit,4702,Purchase,4876.55,ZAR,1.0,4876.55,Caltex SA,5945,Hobby & Toy Shops,Port Jeffrey,ZA,False,AUTH523568,Approved,False,True
c6cd3eac-5e65-4a2c-9010-704e323572db,2017-03-02,2017-03-04,3882ede9-0650-4117-b505-04f03140d409,3d67fcbd-6beb-4aed-b77d-5e1e53dd0cb2,Mastercard,Debit,2053,Online Purchase,9338.56,ZAR,1.0,9338.56,Netflix SA,5999,Retail Stores,South Deanfurt,ZA,False,AUTH989388,Approved,False,True
0af00ccc-3823-47ce-a5d3-71968b5047f3,2023-03-20,2023-03-21,59711b52-4b18-4407-95a8-40de9422b3f5,447cf377-fced-4c3f-8591-b9520197daf7,Mastercard,Credit,8923,Online Purchase,9871.36,ZAR,1.0,9871.36,Cell C,4814,Telecommunications,Port Hilary,ZA,False,AUTH723179,Approved,False,False
3d41348d-479d-4079-8797-08adf9d36579,2015-01-11,2015-01-11,28557b72-bf6c-4a63-8a60-d0e3a9d17ce5,04485172-9859-4d78-ab90-1473d401724d,Visa,Debit,9392,Purchase,1490.5,ZAR,1.0,1490.5,Tiger Brands,5411,Grocery Stores,Owenview,ZA,False,AUTH498985,Approved,False,True
eed1b717-9421-4e3f-b797-4845cd245d3a,2016-12-24,2016-12-25,2394630b-f57c-4ba1-8501-c26889763147,802e7e56-190c-41fd-a9d0-3d2880dd2cc3,Mastercard,Credit,2070,Contactless Payment,7282.97,ZAR,1.0,7282.97,Truworths,5912,Drug Stores & Pharmacies,South Danielton,ZA,False,AUTH839412,Approved,True,True
0a2779a5-7489-423a-9b1f-69e7aeda79d2,2016-03-25,2016-03-26,dfb4c8d3-6244-4f66-8b9d-97a6b5333545,4ba230a6-5e15-47e5-83ef-a692d23a7128,Visa,Credit,4521,Purchase,10510.69,ZAR,1.0,10510.69,McDonald's SA,4816,Online Services,Uitenhage,ZA,False,AUTH594036,Approved,False,True
1bf6b355-2283-4696-aa02-6f80d18178c7,2024-10-13,2024-10-13,d2fcf2e8-ef02-4aee-bc6f-02c5ab328a79,93e49ad9-221b-44ed-8d8b-837f2221b03a,Mastercard,Credit,6792,Purchase,1487.96,ZAR,1.0,1487.96,Clicks,5411,Grocery Stores,eGoli,ZA,False,AUTH326933,Approved,False,True
fddc3a08-57e0-4135-84e3-56a0167edcb2,2016-08-20,2016-08-22,b3dbbf39-5550-42f3-b00d-7a5655610449,796496b2-fedc-473f-b0ad-08543529cc77,Visa,Credit,9899,Contactless Payment,13632.97,ZAR,1.0,13632.97,Amazon SA,7011,Hotels & Motels,Taylorview,ZA,False,AUTH757992,Approved,True,False
dfa0939c-f8f2-4dcd-8cec-60ba631caaaf,2020-08-01,2020-08-01,3e0e2ec9-2349-4b39-8c19-6617841621a7,9a3f7ed0-8efc-4452-905c-031240e0733f,Mastercard,Debit,3633,Contactless Payment,6334.14,ZAR,1.0,6334.14,Shoprite,7011,Hotels & Motels,Mbombela,ZA,False,AUTH665960,Approved,True,True
3c423639-57c2-4a3a-a7d8-ff0edc62045f,2017-01-01,2017-01-03,2da72a17-96ff-44bc-a3e0-bb5ff6d8ba48,04d8ed45-f4c5-422c-9678-d8c8ce690ee3,Visa,Credit,5917,Contactless Payment,768.61,ZAR,1.0,768.61,Spar,5912,Drug Stores & Pharmacies,Upington,ZA,False,AUTH523827,Approved,True,True
6c6557b1-f846-4e40-8a16-c27c86b37848,2022-04-01,2022-04-03,ec4f5235-c485-47ab-9100-a624cb729e72,fd250f7b-e79e-409d-82f0-7d0f61426f0b,Mastercard,Credit,5193,Purchase,14850.64,ZAR,1.0,14850.64,Naspers,4111,Transportation,Lake Abdulville,ZA,False,AUTH729360,Approved,False,False
ca518bbf-5019-4644-9a98-14d1e2c4b3dc,2015-12-01,2015-12-03,2da72a17-96ff-44bc-a3e0-bb5ff6d8ba48,04d8ed45-f4c5-422c-9678-d8c8ce690ee3,Mastercard,Debit,9269,Purchase,2992.86,ZAR,1.0,2992.86,Netflix SA,4111,Transportation,New Patrick,ZA,False,AUTH855926,Approved,False,False
b1467795-21a3-4273-8b8f-bb428bcf893d,2024-02-05,2024-02-05,00fe6982-263c-4b58-8179-a46e1275ec98,c1dc20be-75a1-4a1d-ac08-a8936903ed07,Visa,Debit,8612,Purchase,5653.45,ZAR,1.0,5653.45,Eskom,5411,Grocery Stores,Upington,ZA,False,AUTH423934,Approved,False,True
cdf7b429-0cf3-49e3-9c74-21670764415e,2020-11-11,2020-11-12,9a0fce8f-96ca-4c4f-a669-888b0b796de0,3f4aa40e-79e7-4a14-84a7-1bf79aaf67ac,Visa,Debit,5986,Contactless Payment,14575.93,ZAR,1.0,14575.93,Amazon SA,5411,Grocery Stores,Centurion,ZA,False,AUTH357442,Approved,True,True
06221d18-e539-4725-8145-e4d2733e3a56,2023-10-17,2023-10-19,5d46670a-5225-449b-86c3-a18bc4e72537,148694da-57d4-425a-9f97-96d8293011be,Mastercard,Debit,2847,Purchase,11064.43,ZAR,1.0,11064.43,Takealot,7011,Hotels & Motels,Witbank,ZA,False,AUTH946945,Approved,False,False
d35ef545-7011-4159-96f4-b8e713fbbc4a,2021-11-27,2021-11-29,050a2c77-0f72-4593-a5a8-8e26eccc6d35,7f164959-ebef-49cb-89cd-6a303fdad6f3,Mastercard,Debit,5818,Contactless Payment,4304.39,ZAR,1.0,4304.39,Rain,5999,Retail Stores,Welkom,ZA,False,AUTH262002,Approved,True,True
d2afaf42-f5e7-4e1f-9a2c-6f002f409637,2024-02-29,2024-03-01,b98609ac-ae1c-4ac0-90af-7c1b2576a485,f5385827-522c-4f2a-b11f-b00e9abc58f9,Mastercard,Debit,6144,Purchase,3732.61,ZAR,1.0,3732.61,Telkom,8011,Doctors & Physicians,Soweto,ZA,False,AUTH105663,Approved,False,True
44315b53-acac-42d6-8d2a-f58001c30761,2023-06-16,2023-06-16,ba8016de-86c1-4920-88db-bee7d0cd9b87,a97c8ade-97f8-47e0-8d05-75fbfdef84b4,Visa,Credit,6242,Contactless Payment,14813.46,ZAR,1.0,14813.46,Dischem,5812,Eating Places & Restaurants,Middelburg,ZA,False,AUTH539941,Approved,True,True
06351aff-b40d-4950-bfae-1240e46e7392,2024-09-21,2024-09-23,bef3a334-00f2-442a-a744-5a5afdc54f96,6ccbeb87-4cd6-46b3-81bc-6bc4ddb7301d,Visa,Debit,9887,Contactless Payment,8786.88,ZAR,1.0,8786.88,KFC SA,5541,Service Stations,Krugersdorp,ZA,False,AUTH207827,Approved,True,True
e5119093-283a-4678-80fc-a541bdb6afba,2021-08-31,2021-09-02,eb97036f-6a6f-4120-a2eb-224c81d759fa,77595890-46d2-4f84-ba33-d6e12b874937,Mastercard,Credit,4911,Purchase,9500.88,ZAR,1.0,9500.88,Steers,5812,Eating Places & Restaurants,New Alex,ZA,False,AUTH955500,Approved,False,False
6bfca43e-ce7c-4a51-8db0-8d30c0d75543,2021-11-24,2021-11-25,4beec51d-b1b6-43b8-9476-6cc885b51c37,1bf46838-92d1-4b07-adc1-26f9bc1a6bdd,Visa,Debit,8617,Purchase,13429.35,ZAR,1.0,13429.35,Clicks,5411,Grocery Stores,Ryantown,ZA,False,AUTH473728,Approved,False,False
9da35abc-6587-450d-bdca-5135a1a4c181,2019-02-04,2019-02-06,25db4c54-6c26-4cee-b061-bdd813529556,52347243-9079-4ddd-b580-f6bf33305faa,Mastercard,Credit,2854,Purchase,2411.4,ZAR,1.0,2411.4,Amazon SA,5621,Women's Clothing Stores,North Andreaview,ZA,False,AUTH990672,Declined,False,True
256738e0-4445-473a-8545-7ec047f2f9e9,2020-04-05,2020-04-07,b47c51d6-3737-4e6a-8075-7131afe3b374,82342e76-2880-4405-b49b-784e5cede8db,Visa,Credit,3862,Online Purchase,271.97,ZAR,1.0,271.97,Planet Fitness,4816,Online Services,East Christineville,ZA,False,AUTH714125,Approved,False,True
e0cc72d9-c49a-4f4c-9dc0-dd4e5e8da686,2016-03-25,2016-03-25,4beec51d-b1b6-43b8-9476-6cc885b51c37,1bf46838-92d1-4b07-adc1-26f9bc1a6bdd,Visa,Debit,9919,Purchase,1454.43,ZAR,1.0,1454.43,Engen,5661,Shoe Stores,Witbank,ZA,False,AUTH164259,Approved,False,True
aa6dce77-92c6-4481-9c40-0335f5b79c72,2016-07-27,2016-07-27,feff1299-937c-40f7-a410-c2b9dbc2b24a,486ed9cf-3f99-439b-a292-305d038605bf,Mastercard,Debit,9574,Contactless Payment,14418.5,ZAR,1.0,14418.5,City Power,4111,Transportation,Benoni,ZA,False,AUTH471874,Approved,True,True
2488ce23-04ff-4705-bb28-7414433e7068,2020-12-26,2020-12-28,fce6c593-c13e-4a92-bea7-d82654dbd4a8,dcfecbca-5653-435d-87a6-aafd3d6ffb52,Visa,Credit,9971,Purchase,8254.8,ZAR,1.0,8254.8,Caltex SA,8011,Doctors & Physicians,Murrayburgh,ZA,False,AUTH649673,Reversed,False,True
28bb9463-9f15-4417-a80a-451c614a29bd,2018-07-24,2018-07-25,86bd2850-49bb-4cbb-953c-335aef36ef5c,f5385827-522c-4f2a-b11f-b00e9abc58f9,Visa,Credit,2547,Contactless Payment,4058.93,ZAR,1.0,4058.93,Vodacom,5621,Women's Clothing Stores,Musina,ZA,False,AUTH931586,Declined,True,False
bef3d85a-7d93-41c4-ad60-f391d8f50a72,2023-01-27,2023-01-27,eb37afca-78cc-4a2b-a2f5-dbebff5ac57c,d29864d0-31fd-4f9f-883a-7f503b38f90f,Visa,Debit,9841,Online Purchase,712.63,ZAR,1.0,712.63,BP SA,5661,Shoe Stores,Lake Bethstad,ZA,False,AUTH576216,Approved,False,True
34401859-f585-4290-8d3c-bfda24752a4d,2015-10-24,2015-10-26,4c821eef-220b-4049-905b-2db203a164d4,99bb606a-d40c-4df5-9890-d18086d5f335,Visa,Debit,4317,Online Purchase,12657.64,ZAR,1.0,12657.64,Amazon SA,5812,Eating Places & Restaurants,New Gillianhaven,ZA,False,AUTH539384,Approved,False,True
73c7366b-ee33-47b9-a985-2aa33c729150,2018-06-23,2018-06-23,2be9e2d8-fbb2-4b85-b60c-c3ac61dfba33,e7668c2c-8c8f-4de3-8db4-90ad16ae9b92,Visa,Debit,2485,Purchase,13199.55,ZAR,1.0,13199.55,Shoprite,5734,Electronics Stores,Kimberley,ZA,False,AUTH830037,Approved,False,False
b3ee5a0a-7e25-47c0-8aab-799289268c0d,2022-05-24,2022-05-24,bf8cac5f-dc55-4b58-9a74-a337e8826ca8,eaf88bf2-93bd-40fc-bc6a-c6a64d63c873,Visa,Credit,6676,Purchase,2010.39,ZAR,1.0,2010.39,MTN,4111,Transportation,eThekwini,ZA,False,AUTH332429,Approved,False,False
6a87df14-dbcb-41a4-a92c-640521fc2d06,2020-04-20,2020-04-22,050a2c77-0f72-4593-a5a8-8e26eccc6d35,7f164959-ebef-49cb-89cd-6a303fdad6f3,Mastercard,Debit,5552,International Purchase,5022.19,USD,18.7631,94231.85,Shell SA,5945,Hobby & Toy Shops,New Gerardmouth,KI,True,AUTH750780,Approved,False,False
98c630c7-12c4-40f7-8401-52f2a50d9da5,2024-08-19,2024-08-19,61097e07-f0be-4f4c-955c-a08d7dbfaed8,fe1a8c18-0675-4320-8f1e-042b27d85a51,Visa,Credit,9185,Purchase,2633.29,ZAR,1.0,2633.29,Engen,5999,Retail Stores,Kimberley,ZA,False,AUTH270350,Declined,False,True
dfde19e1-d167-4143-a21a-b74727962ea4,2021-10-12,2021-10-12,e3db2750-f26e-4c8b-9584-43a53a2bfde4,e0b5f00e-16ba-45c5-a3b3-a04b555efc7c,Visa,Debit,9868,Purchase,2277.01,ZAR,1.0,2277.01,Shoprite,5541,Service Stations,Middelburg,ZA,False,AUTH539693,Approved,False,True
6ae0bad4-d6e8-439e-bf79-a3c5a396da9f,2019-07-27,2019-07-28,ea30a547-290d-4b22-9e7c-c2ef9891fc4d,35467d6b-f1b1-4241-815d-df93767762c1,Visa,Credit,4461,Online Purchase,4094.36,ZAR,1.0,4094.36,Vodacom,5541,Service Stations,Robertsport,ZA,False,AUTH551192,Declined,False,True
7e16b462-54fc-4615-bf7f-d9ba5aa15e57,2022-12-26,2022-12-28,2bf8d2fa-f5b6-450f-8a17-636f3764609f,3acebc57-2f2f-4565-9336-7b9605009e45,Mastercard,Credit,3661,Online Purchase,14973.74,ZAR,1.0,14973.74,H&M SA,5912,Drug Stores & Pharmacies,Soweto,ZA,False,AUTH384267,Approved,False,True
f5ae6c18-6d94-45d7-9689-0240f202526d,2016-10-25,2016-10-26,69ed581f-8460-4fb0-867b-1205d9304df4,35467d6b-f1b1-4241-815d-df93767762c1,Mastercard,Credit,7843,Purchase,3721.63,ZAR,1.0,3721.63,Virgin Active,5945,Hobby & Toy Shops,eThekwini,ZA,False,AUTH734964,Approved,False,False
67eaca92-7e29-4500-a3c1-05b7cec1085e,2024-02-21,2024-02-21,eb37afca-78cc-4a2b-a2f5-dbebff5ac57c,d29864d0-31fd-4f9f-883a-7f503b38f90f,Visa,Credit,9430,International Purchase,44377.33,GBP,24.0105,1065521.88,Dischem,5912,Drug Stores & Pharmacies,Port Leigh,TJ,True,AUTH486998,Approved,False,True
74d5b011-2a13-42b5-9af1-12c660911154,2017-07-22,2017-07-22,ea0a8fdf-9c34-4cf9-a946-ba796d693257,5f91b043-7d72-40ec-8c92-c61cb0c1833c,Visa,Credit,6452,Online Purchase,1084.75,ZAR,1.0,1084.75,Discovery Health,5411,Grocery Stores,Stellenbosch,ZA,False,AUTH759670,Approved,False,True
53cf100c-a527-4d18-bc27-c45ac4cc9ce5,2016-04-05,2016-04-06,ff638ebf-bcaf-4a04-8876-a1a9e236c918,ab89aa9f-66e2-4754-bec4-86f8d62d6503,Mastercard,Credit,5902,Contactless Payment,9008.2,ZAR,1.0,9008.2,Gym Company,5912,Drug Stores & Pharmacies,Mbombela,ZA,False,AUTH856400,Approved,True,True
5525715a-1a9f-474c-8125-d8dd7a9bf59f,2022-06-08,2022-06-08,7867629d-04e0-4401-8c0b-ad6a57d69ac8,9a3f7ed0-8efc-4452-905c-031240e0733f,Mastercard,Debit,3021,Purchase,3802.79,ZAR,1.0,3802.79,Zara SA,5311,Department Stores,Chatsworth,ZA,False,AUTH478862,Approved,False,True
fccbef72-7f0d-4d81-a305-a12b01ea5aff,2019-03-24,2019-03-26,5eaeb8fb-8d85-485e-8945-0f308bb3f76a,c77092ad-e107-4373-89eb-0a50e994a500,Visa,Debit,4198,Contactless Payment,12377.26,ZAR,1.0,12377.26,Takealot,5541,Service Stations,Kathu,ZA,False,AUTH582380,Reversed,True,True
612d1c84-69ff-43d8-981f-2875ba0c49d0,2019-09-12,2019-09-14,4b1b6349-a418-4ad6-a483-5f8f7e720193,93c73736-9251-4422-849a-28d5d4bdc725,Visa,Credit,3822,Refund,3170.5,ZAR,1.0,3170.5,Virgin Active,5912,Drug Stores & Pharmacies,Boksburg,ZA,False,AUTH408889,Approved,False,True
1dd3e85a-559f-450f-81b1-801cfb1b97e6,2015-01-21,2015-01-23,cc4d93f2-8c8d-4f30-805f-e2f4081a6155,475c2f67-b3cb-4fac-8e1a-0ed764b9a2fe,Visa,Credit,3358,Purchase,10711.85,ZAR,1.0,10711.85,Netflix SA,5311,Department Stores,Valeriestad,ZA,False,AUTH243925,Approved,False,True
11677e28-7219-4b9a-b649-e561fe0b6df5,2016-04-04,2016-04-05,ea0a8fdf-9c34-4cf9-a946-ba796d693257,5f91b043-7d72-40ec-8c92-c61cb0c1833c,Mastercard,Credit,3485,Refund,3093.15,ZAR,1.0,3093.15,Takealot,5999,Retail Stores,New Rickyburgh,ZA,False,AUTH683503,Approved,False,True
c7746578-eaea-4f15-8188-ad7f0cc5f3e5,2017-09-26,2017-09-26,c07fb421-32df-432f-a1e3-5dca2a0d375c,d185f9f0-8fc7-406e-8e5a-ca0aeae36542,Mastercard,Debit,6726,Contactless Payment,6890.04,ZAR,1.0,6890.04,Engen,5734,Electronics Stores,Musina,ZA,False,AUTH746595,Declined,True,True
eab7aa2b-fe9e-4d9f-89dc-c99ac5de40f2,2019-08-21,2019-08-22,21c82d2b-0e15-4d2b-a5fb-0decff95e559,0da3aca3-eeff-48be-9870-f0b2cd2d53c6,Mastercard,Debit,8770,Contactless Payment,10524.67,ZAR,1.0,10524.67,Cell C,5812,Eating Places & Restaurants,Witbank,ZA,False,AUTH798415,Approved,True,True
717f5eb0-53a9-475e-88e1-ece630d2e93b,2017-03-16,2017-03-16,e58cee77-d20c-47d6-b192-9e0939c880b7,943b547a-caaf-4494-a2d8-c22932b3d538,Mastercard,Debit,4338,Purchase,11409.94,ZAR,1.0,11409.94,McDonald's SA,5812,Eating Places & Restaurants,eGoli,ZA,False,AUTH840581,Approved,False,True
2981637d-634a-4365-8c8d-95015183f446,2019-11-05,2019-11-07,ea0a8fdf-9c34-4cf9-a946-ba796d693257,5f91b043-7d72-40ec-8c92-c61cb0c1833c,Visa,Debit,3781,Online Purchase,5727.62,ZAR,1.0,5727.62,Shoprite,4814,Telecommunications,Lake Anthonyfurt,ZA,False,AUTH163833,Approved,False,False
06f1350d-a545-4904-86c2-0327c4005dfc,2019-06-01,2019-06-02,e3db2750-f26e-4c8b-9584-43a53a2bfde4,e0b5f00e-16ba-45c5-a3b3-a04b555efc7c,Mastercard,Credit,6372,Purchase,1021.52,ZAR,1.0,1021.52,Spar,5621,Women's Clothing Stores,Nichollsbury,ZA,False,AUTH591576,Approved,False,True
ea5ddd4d-f737-4523-becd-6a36c24b461a,2023-02-03,2023-02-04,8fd4a71b-f5a9-4402-8203-5dcbcb3e2d8b,97ddac20-2ab1-412a-aa23-deabd20e4497,Visa,Credit,6555,Purchase,8147.5,ZAR,1.0,8147.5,Shoprite,5812,Eating Places & Restaurants,Christinemouth,ZA,False,AUTH296573,Approved,False,False
a37e07b5-12a4-494e-83ab-72c035235946,2020-06-07,2020-06-07,78a218ef-f8f6-496f-903b-dfa91c2ba2f4,5f07ee40-578a-4751-985d-4e36af164992,Visa,Credit,8251,Cash Advance,985.39,ZAR,1.0,985.39,Mr Price,5812,Eating Places & Restaurants,George,ZA,False,AUTH259326,Approved,False,False
46b67fa4-c6ab-4a72-877f-6e62a3ac83d1,2017-03-16,2017-03-17,88fcd419-afb8-498a-8393-2030dc1539b7,96a0dd93-d9ee-4528-9173-61228081da8c,Visa,Credit,8192,Purchase,7687.09,ZAR,1.0,7687.09,Edgars,5311,Department Stores,South Elizabeth,ZA,False,AUTH282793,Approved,False,True
f627f7d7-c9cc-467e-8be5-6aad02ee423c,2017-09-03,2017-09-03,7eeed1d1-15ed-42e0-87ba-d1dbbd42faf6,8ae8649d-15a3-4909-a8f1-1a3ee8cc2f3b,Mastercard,Credit,1195,Online Purchase,14288.6,ZAR,1.0,14288.6,Woolworths,5411,Grocery Stores,Upington,ZA,False,AUTH940417,Approved,False,True
2c3a451c-c520-44e5-af3e-f409a96242b6,2017-07-10,2017-07-10,699cd23b-fb1d-4f45-8f13-ec500d08a994,4899ed45-9c58-43fc-a9b1-110f1e0da786,Mastercard,Debit,5409,Purchase,14625.05,ZAR,1.0,14625.05,Steers,5621,Women's Clothing Stores,Paarl,ZA,False,AUTH391631,Approved,False,False
1f7683a0-dcb5-4d43-9cef-186980fdc993,2020-01-09,2020-01-10,d1c60b8b-8b23-448a-a853-e84ceb19ead5,5427a72c-adea-4248-901b-4111111cdd4b,Mastercard,Credit,6860,International Purchase,17026.1,EUR,20.6555,351682.61,Total SA,5661,Shoe Stores,Witbank,ZW,True,AUTH367344,Approved,False,True
cce250c7-0ac2-4a12-b44b-c24c5288b220,2015-07-06,2015-07-07,8ecbc864-fae7-4886-ac0e-9c1596769e09,97996329-6e3f-48fe-bc36-b36c88817145,Visa,Debit,3513,Purchase,7952.24,ZAR,1.0,7952.24,Momentum,5945,Hobby & Toy Shops,Benoni,ZA,False,AUTH780403,Approved,False,True
a5896097-c507-4d17-9b91-676fad78caa7,2017-07-30,2017-08-01,ff638ebf-bcaf-4a04-8876-a1a9e236c918,ab89aa9f-66e2-4754-bec4-86f8d62d6503,Visa,Credit,4226,Purchase,4629.87,ZAR,1.0,4629.87,Mr Price,5411,Grocery Stores,Richardsburgh,ZA,False,AUTH192046,Approved,False,True
bd95624e-b99f-4398-878f-d1d153279867,2016-11-17,2016-11-17,d1c60b8b-8b23-448a-a853-e84ceb19ead5,5427a72c-adea-4248-901b-4111111cdd4b,Visa,Credit,3491,Cash Advance,4554.0,ZAR,1.0,4554.0,Shoprite,5734,Electronics Stores,Maxport,ZA,False,AUTH188534,Approved,False,True
d9559ee5-ac76-47fb-ac83-bd1737fb2e49,2023-06-16,2023-06-17,5141a537-c78b-49c1-bb68-03a6c7a29c6e,f4be94ff-f06b-46a4-8cba-1a36fadcbac4,Visa,Debit,5696,Contactless Payment,10699.67,ZAR,1.0,10699.67,Caltex SA,5621,Women's Clothing Stores,Taylorburgh,ZA,False,AUTH505367,Approved,True,False
6dad0599-7d41-4cb4-b2b6-05f399af237b,2020-02-18,2020-02-19,d2e5e758-c7b6-47a8-8e69-495162641831,a19093bd-f153-4dbc-bcd8-fb5ad1a36321,Visa,Credit,2047,Purchase,7741.64,ZAR,1.0,7741.64,KFC SA,5734,Electronics Stores,New Lawrenceburgh,ZA,False,AUTH787705,Approved,False,True
56aca063-829d-4dcb-ad07-f0b1edec0789,2024-06-04,2024-06-05,bef3a334-00f2-442a-a744-5a5afdc54f96,6ccbeb87-4cd6-46b3-81bc-6bc4ddb7301d,Visa,Credit,3745,International Purchase,27753.14,GBP,23.4588,651055.36,Amazon SA,5411,Grocery Stores,Chatsworth,GH,True,AUTH374532,Approved,False,True
775c8916-1b16-4c65-ae04-c58159a9d677,2022-09-02,2022-09-02,8204bddf-d38e-4c7d-840f-54335762aae3,056217c6-c731-4f79-b30f-c0d7ac911f00,Visa,Credit,7044,Online Purchase,2994.17,ZAR,1.0,2994.17,Eskom,5661,Shoe Stores,Port Ryanview,ZA,False,AUTH337419,Approved,False,True
c233f2a6-f62e-4124-b6e2-a417b10c0db3,2018-11-23,2018-11-24,78a218ef-f8f6-496f-903b-dfa91c2ba2f4,5f07ee40-578a-4751-985d-4e36af164992,Visa,Debit,1709,Purchase,3421.53,ZAR,1.0,3421.53,KFC SA,8011,Doctors & Physicians,Kimberley,ZA,False,AUTH682849,Approved,False,True
aad8a2aa-d883-4899-aa8e-3175816ddde4,2019-12-14,2019-12-16,526d5f06-e2c7-4c74-81bb-046cf77becf3,cfb6b46a-57ca-4813-a5e8-ca78f77e473a,Mastercard,Credit,4344,Online Purchase,5115.66,ZAR,1.0,5115.66,McDonald's SA,5812,Eating Places & Restaurants,Lake Mohamedmouth,ZA,False,AUTH297837,Approved,False,True
c18eec0e-37b3-4aff-9b17-c5ee7e09c746,2015-04-21,2015-04-21,51c3d72e-845a-4bd4-976b-1c3857a20752,c3d68512-ee39-41cc-9791-0586599d9721,Mastercard,Credit,7272,Purchase,12898.78,ZAR,1.0,12898.78,Cell C,7011,Hotels & Motels,Mbombela,ZA,False,AUTH770136,Approved,False,True
e66e1182-07a6-412f-a678-9ea3024bb6ec,2023-05-28,2023-05-29,ad695409-e052-4bb8-83f8-6400e38a55f4,0197d7ef-b2fb-457c-9bdd-b76dc3b0d59e,Mastercard,Credit,9637,Contactless Payment,2092.46,ZAR,1.0,2092.46,Dischem,5912,Drug Stores & Pharmacies,Guymouth,ZA,False,AUTH117196,Approved,True,True
71c92050-c31b-442a-8094-20669e9b7c14,2024-09-23,2024-09-24,bae7ce90-799f-4870-afe8-84b00be4553d,d7867a56-0757-4fd2-a165-ce93bae23f55,Visa,Credit,7683,Purchase,4990.28,ZAR,1.0,4990.28,Caltex SA,5912,Drug Stores & Pharmacies,South Clivefort,ZA,False,AUTH238396,Pending,False,True
35ea6645-d565-488d-b657-126d04a3ff28,2016-03-25,2016-03-27,502acaed-89ca-45fa-845d-4c5e3b6db22f,3e12b679-d262-4e5f-abb3-e50d983421e2,Mastercard,Debit,5447,Contactless Payment,1604.45,ZAR,1.0,1604.45,Netflix SA,5999,Retail Stores,East Rickyburgh,ZA,False,AUTH187659,Approved,True,False
a83feb11-8717-47b2-9281-104d69cbc16f,2015-12-14,2015-12-14,5a870365-af3d-4a7e-8930-be9fb8b3306c,52c43632-653a-46c0-a7af-cb4c3a1026a2,Visa,Credit,7161,Refund,2322.45,ZAR,1.0,2322.45,Naspers,5734,Electronics Stores,Longborough,ZA,False,AUTH521237,Approved,False,True
3a2b5cb0-8a71-4abb-a0e8-d4a19f4d5688,2017-01-11,2017-01-11,a4c5d2c4-a68a-43cd-8b90-d2a7c5a22394,aa0cf632-0446-46d5-9ce0-006948caa2ce,Mastercard,Credit,4379,Contactless Payment,14942.92,ZAR,1.0,14942.92,Pioneer Foods,5945,Hobby & Toy Shops,Boksburg,ZA,False,AUTH644372,Approved,True,False
8b5be254-b4f8-4379-ad28-c1fd65b2acf0,2018-01-12,2018-01-13,7aef813b-dc7c-43e8-9b97-6ed2aa92d763,2e55a89e-d749-4d86-862c-9b529be6064f,Mastercard,Debit,8703,Purchase,12451.84,ZAR,1.0,12451.84,Rain,5734,Electronics Stores,Jeremybury,ZA,False,AUTH177224,Declined,False,False
b51bab30-4c16-4e03-9276-380bed1edfdd,2024-08-22,2024-08-24,2bb22dfa-4591-42ad-8ca2-9d8ac28410c2,28720e79-2cb0-4e43-86b0-8b3a863c5f5b,Visa,Credit,3649,Purchase,13071.36,ZAR,1.0,13071.36,Woolworths,5411,Grocery Stores,Thohoyandou,ZA,False,AUTH575051,Approved,False,True
25698479-b58b-46ee-b98b-beb52e8d8a97,2019-01-31,2019-02-01,6bdf7092-bcb0-4eb2-8aab-d75d40b7e1d7,a5b3d0e7-1c37-41b2-8e9b-c9b78f83cb2d,Visa,Credit,7324,Online Purchase,14905.66,ZAR,1.0,14905.66,Virgin Active,5661,Shoe Stores,Welkom,ZA,False,AUTH488735,Approved,False,True
a758fbc5-3ca3-460f-9841-7c9da17c56dd,2021-03-18,2021-03-20,f84582bd-160f-41e9-8e4c-01cea251f754,60e9b09c-e343-401f-9e56-3f88d8ea072a,Visa,Debit,2134,Contactless Payment,13178.17,ZAR,1.0,13178.17,Caltex SA,5945,Hobby & Toy Shops,eThekwini,ZA,False,AUTH670089,Approved,True,True
f0b5568b-38e6-4f3b-b5c6-eabcc3bc291b,2021-12-16,2021-12-16,ea0a8fdf-9c34-4cf9-a946-ba796d693257,5f91b043-7d72-40ec-8c92-c61cb0c1833c,Visa,Credit,8016,Purchase,11845.86,ZAR,1.0,11845.86,Vodacom,5912,Drug Stores & Pharmacies,George,ZA,False,AUTH590355,Approved,False,True
4c6ab004-77f8-44ad-b03c-de48f44d2c5c,2015-06-16,2015-06-18,61097e07-f0be-4f4c-955c-a08d7dbfaed8,fe1a8c18-0675-4320-8f1e-042b27d85a51,Visa,Debit,4763,Contactless Payment,14240.78,ZAR,1.0,14240.78,KFC SA,4814,Telecommunications,Vanderbijlpark,ZA,False,AUTH613346,Declined,True,True
0fa47eac-ad3e-43cd-a7bd-90213d526cb6,2023-11-06,2023-11-08,2d269844-d32d-48d0-acbd-011f5e84612a,696dd856-e6af-4dd3-9595-cc197764d7c1,Visa,Credit,6679,Purchase,9178.04,ZAR,1.0,9178.04,Superbalist,4111,Transportation,Sasolburg,ZA,False,AUTH746266,Approved,False,True
b11f8908-79ae-4ea4-82e2-916488c1f2f8,2020-04-19,2020-04-21,8204bddf-d38e-4c7d-840f-54335762aae3,056217c6-c731-4f79-b30f-c0d7ac911f00,Mastercard,Debit,9537,Purchase,6118.13,ZAR,1.0,6118.13,Total SA,5311,Department Stores,New Bradley,ZA,False,AUTH667047,Approved,False,True
ba711e49-c612-40a9-9592-d010322c4bad,2022-05-06,2022-05-07,89508310-0e20-4767-b6ca-b33dbc0c4fff,796496b2-fedc-473f-b0ad-08543529cc77,Mastercard,Debit,6080,Purchase,10518.84,ZAR,1.0,10518.84,KFC SA,5812,Eating Places & Restaurants,Springs,ZA,False,AUTH333254,Approved,False,True
370e9abb-5cf0-459b-b666-126c4cd78ad2,2024-09-27,2024-09-27,5eaeb8fb-8d85-485e-8945-0f308bb3f76a,c77092ad-e107-4373-89eb-0a50e994a500,Mastercard,Credit,5150,Purchase,7044.8,ZAR,1.0,7044.8,Truworths,5812,Eating Places & Restaurants,Stellenbosch,ZA,False,AUTH722371,Approved,False,False
6402dfa9-28c4-4803-a6d4-998e51c4f487,2021-11-18,2021-11-18,be62e15c-7c23-42b8-ba55-8524277e4c10,50f6d663-1915-47b1-87fd-38c31e37a363,Visa,Debit,9219,Contactless Payment,14701.71,ZAR,1.0,14701.71,MTN,4814,Telecommunications,Witbank,ZA,False,AUTH295491,Approved,True,True
9ebbb711-1b81-4288-bb97-f435d66e4061,2017-09-02,2017-09-03,89508310-0e20-4767-b6ca-b33dbc0c4fff,796496b2-fedc-473f-b0ad-08543529cc77,Mastercard,Debit,9201,Contactless Payment,1492.12,ZAR,1.0,1492.12,Naspers,4111,Transportation,George,ZA,False,AUTH574097,Approved,True,True
90c582dc-d60f-4d25-8c80-07fb89554bac,2020-07-26,2020-07-27,97537a5d-cabb-4ff1-834f-bf6bbe065a58,2c1f5492-41c0-4eb5-ac83-84e813685831,Visa,Credit,5611,Purchase,553.86,ZAR,1.0,553.86,Truworths,5999,Retail Stores,South Christopher,ZA,False,AUTH637251,Approved,False,True
4341f4ed-2ae5-4a05-8f4a-12e51bd65404,2019-06-15,2019-06-17,52973e09-5cc7-4418-af22-95f871ac3698,005acb16-83f0-4423-a42f-150fbdebffc9,Mastercard,Debit,1318,Contactless Payment,7725.99,ZAR,1.0,7725.99,Shoprite,4814,Telecommunications,East Owen,ZA,False,AUTH178065,Approved,True,True
1f19686e-155b-4573-993c-1badd32bd646,2024-12-01,2024-12-03,52a4cc24-f574-4f97-8a7f-81182feb1bca,69a41e41-6acb-4658-847d-8f0ff4992a00,Visa,Credit,3940,Purchase,477.12,ZAR,1.0,477.12,Dischem,5541,Service Stations,Mahikeng,ZA,False,AUTH937272,Approved,False,True
5dbf27fa-6aef-46fe-b6bb-ff56ef3dcd55,2017-05-05,2017-05-05,502acaed-89ca-45fa-845d-4c5e3b6db22f,3e12b679-d262-4e5f-abb3-e50d983421e2,Visa,Debit,4732,International Purchase,44809.42,GBP,23.2103,1040040.08,Momentum,5541,Service Stations,Centurion,KI,True,AUTH932807,Approved,False,True
e04c4d98-50bc-49e0-9375-cde7a4fd833d,2022-01-16,2022-01-16,aac5f32c-1732-4eeb-b771-b11f29217999,92c7a67a-0282-45bd-b9e5-b0c203b7dba1,Mastercard,Debit,1765,Contactless Payment,8816.73,ZAR,1.0,8816.73,Zara SA,8011,Doctors & Physicians,East Derekton,ZA,False,AUTH338430,Approved,True,True
bd45340e-fb45-49f4-b990-fac03f41c5b7,2015-10-24,2015-10-24,232a900f-e0f5-46b1-b3b6-0c6117dea625,27b64371-9beb-43d4-b155-f5264a48d714,Visa,Credit,7721,Contactless Payment,2427.94,ZAR,1.0,2427.94,Naspers,5541,Service Stations,Lake Fionaton,ZA,False,AUTH373963,Approved,True,True
1c88ea59-cdc4-46d6-81ec-53211bd56bf1,2019-04-27,2019-04-29,199fc55c-040a-4422-82b2-ea48bcd49d87,01137316-1352-488d-a263-adc17ec0076e,Visa,Debit,3034,International Purchase,48924.04,GBP,22.2743,1089748.74,Spur,5541,Service Stations,Vereeniging,MR,True,AUTH101318,Approved,False,False
d040c856-c7ae-4a74-abc6-dc5e407d0f4f,2024-04-12,2024-04-12,5d46670a-5225-449b-86c3-a18bc4e72537,148694da-57d4-425a-9f97-96d8293011be,Visa,Credit,4104,Purchase,9065.45,ZAR,1.0,9065.45,Zara SA,5999,Retail Stores,Sasolburg,ZA,False,AUTH785529,Approved,False,False
cafaf902-c108-4348-a665-c917a7e83fd1,2018-06-23,2018-06-23,d7952e5b-22e9-4289-8b87-5a5b800bceb8,2949a668-9ea3-4b41-9f9a-136b86be274f,Mastercard,Credit,3676,Contactless Payment,11949.52,ZAR,1.0,11949.52,Shell SA,5812,Eating Places & Restaurants,eGoli,ZA,False,AUTH335507,Approved,True,False
0073f8f5-aa73-4378-99df-eaaf63d8bd83,2019-04-23,2019-04-23,8ecbc864-fae7-4886-ac0e-9c1596769e09,97996329-6e3f-48fe-bc36-b36c88817145,Mastercard,Debit,7707,Purchase,13912.78,ZAR,1.0,13912.78,Pioneer Foods,5945,Hobby & Toy Shops,Soweto,ZA,False,AUTH408148,Approved,False,True
88ad0b4e-0795-4015-965e-bb01451e0228,2023-06-17,2023-06-18,07c7e1bc-65dc-48ff-ab9a-3dce36774fc6,8931f44e-bcba-4267-9d91-cf99c1259d56,Mastercard,Credit,4507,Refund,7681.65,ZAR,1.0,7681.65,Zara SA,5945,Hobby & Toy Shops,Gibsonberg,ZA,False,AUTH518114,Approved,False,True
186aa4e4-4cbc-4314-903f-57433f048c42,2017-10-01,2017-10-03,8fd4a71b-f5a9-4402-8203-5dcbcb3e2d8b,97ddac20-2ab1-412a-aa23-deabd20e4497,Mastercard,Debit,6029,Purchase,4232.72,ZAR,1.0,4232.72,Spur,5912,Drug Stores & Pharmacies,Bethlehem,ZA,False,AUTH415254,Pending,False,True
11ab3501-2d6f-4dcd-936c-9e4594cabdf3,2018-04-20,2018-04-20,f204a453-cbb5-46ea-83bd-0d60fa26cc40,9a189484-cd9f-435c-b424-c12d0a715eb2,Visa,Debit,4332,International Purchase,24039.88,ZAR,1.0,24039.88,Zara SA,4814,Telecommunications,Collinsstad,US,True,AUTH261679,Approved,False,True
716202d9-ac86-47f9-a196-c3669b98f771,2019-04-03,2019-04-04,5d46670a-5225-449b-86c3-a18bc4e72537,148694da-57d4-425a-9f97-96d8293011be,Visa,Credit,1988,Purchase,9273.59,ZAR,1.0,9273.59,Tiger Brands,5411,Grocery Stores,Lake Barbarashire,ZA,False,AUTH544160,Approved,False,False
2582e840-3f32-46ec-b7bb-927d4cb25a3c,2016-05-07,2016-05-08,699cd23b-fb1d-4f45-8f13-ec500d08a994,4899ed45-9c58-43fc-a9b1-110f1e0da786,Visa,Debit,4493,Contactless Payment,1402.69,ZAR,1.0,1402.69,Netflix SA,5621,Women's Clothing Stores,eGoli,ZA,False,AUTH701880,Approved,True,True
9b53c770-52f1-4907-a733-024068bdb843,2021-04-06,2021-04-06,2bf8d2fa-f5b6-450f-8a17-636f3764609f,3acebc57-2f2f-4565-9336-7b9605009e45,Visa,Debit,3155,Contactless Payment,5282.61,ZAR,1.0,5282.61,Steers,5311,Department Stores,Charlieberg,ZA,False,AUTH212620,Approved,True,True
a7a6649d-dca2-475e-9d47-c29a773156bb,2021-08-05,2021-08-07,69ed581f-8460-4fb0-867b-1205d9304df4,35467d6b-f1b1-4241-815d-df93767762c1,Mastercard,Credit,8934,Refund,4540.18,ZAR,1.0,4540.18,MTN,5411,Grocery Stores,Bethlehem,ZA,False,AUTH736972,Approved,False,True
b57a7832-f4ad-4e18-8b74-f2e1b4d6e557,2022-09-15,2022-09-17,fce6c593-c13e-4a92-bea7-d82654dbd4a8,dcfecbca-5653-435d-87a6-aafd3d6ffb52,Mastercard,Debit,3376,Online Purchase,14007.57,ZAR,1.0,14007.57,Shoprite,5912,Drug Stores & Pharmacies,Chadwickside,ZA,False,AUTH786465,Approved,False,True
dd658431-f52a-408b-813a-b31202fc4676,2017-10-31,2017-11-01,00fe6982-263c-4b58-8179-a46e1275ec98,c1dc20be-75a1-4a1d-ac08-a8936903ed07,Mastercard,Credit,8541,Contactless Payment,12135.69,ZAR,1.0,12135.69,Netflix SA,5541,Service Stations,Boksburg,ZA,False,AUTH614626,Declined,True,True
d141a152-f3f3-43d0-b095-29f320097947,2016-06-26,2016-06-26,ca7906af-7f80-42a9-be69-629fb7324e20,72735915-e495-4cdb-8670-8fd2e9bdf8d1,Visa,Credit,8090,Purchase,4629.87,ZAR,1.0,4629.87,Total SA,5945,Hobby & Toy Shops,Chloeport,ZA,False,AUTH782445,Approved,False,True
a9439d07-fafc-4091-878e-238d3ab148e6,2019-12-27,2019-12-27,5656c271-b7f6-47be-a823-9b30ba17ca69,7b6b59d2-c460-4e97-b24f-535647c53c9c,Mastercard,Debit,5257,Contactless Payment,7272.32,ZAR,1.0,7272.32,Pioneer Foods,5912,Drug Stores & Pharmacies,eGoli,ZA,False,AUTH615829,Reversed,True,True
29bcb3e7-3141-4681-a59f-d562c3201d47,2024-05-16,2024-05-16,2da72a17-96ff-44bc-a3e0-bb5ff6d8ba48,04d8ed45-f4c5-422c-9678-d8c8ce690ee3,Mastercard,Credit,8657,Contactless Payment,6838.24,ZAR,1.0,6838.24,Planet Fitness,5541,Service Stations,Witbank,ZA,False,AUTH603752,Approved,True,False
4151772e-e28b-41d0-b661-829c409d43ad,2024-08-11,2024-08-13,5d46670a-5225-449b-86c3-a18bc4e72537,148694da-57d4-425a-9f97-96d8293011be,Mastercard,Debit,2376,Contactless Payment,11182.71,ZAR,1.0,11182.71,Total SA,5999,Retail Stores,Polokwane,ZA,False,AUTH923295,Approved,True,False
774985b4-6265-4653-8b44-1593b289c206,2016-09-11,2016-09-13,e1fd2535-42c6-463e-84ac-3d2fa55c1357,ba5dd48f-c112-4397-bc7a-8933ff5b11dc,Visa,Debit,3453,Chargeback,2512.31,ZAR,1.0,2512.31,Shell SA,5734,Electronics Stores,Rowechester,ZA,False,AUTH575839,Approved,False,True
dc29edd1-b896-4568-813c-008e821391ee,2019-08-09,2019-08-10,e82178cd-a4b0-4b70-a302-64ff8846651f,b2ebfe50-e47c-439c-abf6-a9f68942352d,Visa,Credit,6024,Purchase,11898.91,ZAR,1.0,11898.91,MTN,5621,Women's Clothing Stores,Kevinstad,ZA,False,AUTH205717,Approved,False,True
4abf8ac7-a73d-4e34-8d78-8a18345cb544,2018-07-22,2018-07-23,2e9fadba-1c18-4053-b20a-30f32b47e2c1,5695af93-72f8-45b0-8581-09cf6b0fd54d,Visa,Credit,8972,Refund,8126.26,ZAR,1.0,8126.26,Total SA,5311,Department Stores,Upington,ZA,False,AUTH433554,Approved,False,True
4d491a47-5f03-4439-a997-04b94266900a,2017-06-06,2017-06-08,dd9decd1-caf1-447c-9928-6851d0aa1ed0,dadbdb7a-ad83-4e90-9356-19f735b66d27,Visa,Credit,6715,Refund,3711.13,ZAR,1.0,3711.13,Cell C,5999,Retail Stores,eThekwini,ZA,False,AUTH116713,Reversed,False,True
9b51e720-c98f-4f08-a621-0514d010f153,2019-09-21,2019-09-22,6b72653b-95f5-4f30-a1a9-590a82e01634,b4b59e19-8f45-47b7-a9df-b6f96235253a,Visa,Debit,7601,Purchase,5447.4,ZAR,1.0,5447.4,Cell C,5311,Department Stores,Randfontein,ZA,False,AUTH293241,Declined,False,False
a7b7a4ca-5b53-4fac-aec2-b7f0c6d05121,2018-09-04,2018-09-05,e82178cd-a4b0-4b70-a302-64ff8846651f,b2ebfe50-e47c-439c-abf6-a9f68942352d,Mastercard,Credit,7743,Refund,83.8,ZAR,1.0,83.8,Engen,5945,Hobby & Toy Shops,South Cherylland,ZA,False,AUTH394246,Approved,False,True
3de328f7-8989-459c-908d-b49083e5fd29,2023-07-18,2023-07-19,8640d78f-b184-41ff-a961-88fe3b3f03fc,668aa1f6-0941-44cb-9c52-07b3cb7e79c7,Visa,Debit,8039,Contactless Payment,7183.39,ZAR,1.0,7183.39,Naspers,5621,Women's Clothing Stores,Kimberley,ZA,False,AUTH674595,Approved,True,True
5a65c6e6-2d27-4983-809a-5ca5404a7940,2022-07-12,2022-07-13,25db4c54-6c26-4cee-b061-bdd813529556,52347243-9079-4ddd-b580-f6bf33305faa,Visa,Debit,8953,Refund,5159.41,ZAR,1.0,5159.41,Edgars,8011,Doctors & Physicians,Mahikeng,ZA,False,AUTH878714,Approved,False,True
83c7e5f4-7a0d-4fc4-92e7-2966193c2691,2019-06-14,2019-06-16,8fd4a71b-f5a9-4402-8203-5dcbcb3e2d8b,97ddac20-2ab1-412a-aa23-deabd20e4497,Visa,Debit,1482,Refund,7036.53,ZAR,1.0,7036.53,Telkom,8011,Doctors & Physicians,Johnsonmouth,ZA,False,AUTH893630,Approved,False,False
f98d7f26-5360-4e56-934e-1406fd97e39a,2023-02-25,2023-02-27,b45ec370-5394-422e-b494-6ef0e37643c1,f72d813d-996f-430d-ae57-13eb80207635,Visa,Debit,3313,Purchase,3281.64,ZAR,1.0,3281.64,Telkom,4816,Online Services,Krugersdorp,ZA,False,AUTH922882,Declined,False,False
60c139de-4426-48e7-b482-f3c7adc157e2,2024-02-17,2024-02-19,4e1bb47c-33e0-4919-8fbe-e23eea0e3802,19c5ba73-e18f-49a2-a104-e01ab37e74f4,Visa,Credit,8135,Contactless Payment,12090.05,ZAR,1.0,12090.05,Rain,5734,Electronics Stores,West Duncan,ZA,False,AUTH500727,Approved,True,True
5ea8522e-192a-49c1-8cc1-48aa3cc44954,2016-12-13,2016-12-15,b45ec370-5394-422e-b494-6ef0e37643c1,f72d813d-996f-430d-ae57-13eb80207635,Visa,Credit,4719,Purchase,6884.77,ZAR,1.0,6884.77,Edgars,5411,Grocery Stores,Benoni,ZA,False,AUTH747666,Approved,False,False
b4cab50e-a705-4bc1-81fc-883155a3671c,2015-07-23,2015-07-23,bf8cac5f-dc55-4b58-9a74-a337e8826ca8,eaf88bf2-93bd-40fc-bc6a-c6a64d63c873,Mastercard,Debit,1513,Contactless Payment,726.77,ZAR,1.0,726.77,Spar,5411,Grocery Stores,New Susanshire,ZA,False,AUTH963652,Declined,True,True
0f5fc74b-5ea2-4c52-9961-f34940d8e632,2018-05-01,2018-05-02,fce6c593-c13e-4a92-bea7-d82654dbd4a8,dcfecbca-5653-435d-87a6-aafd3d6ffb52,Visa,Credit,1519,Purchase,2074.69,ZAR,1.0,2074.69,KFC SA,5661,Shoe Stores,Kimberley,ZA,False,AUTH590609,Approved,False,False
8a5c165b-0b91-4bab-a20c-3f7a790e62d9,2020-02-21,2020-02-22,562742d0-bd33-4cc0-9193-454a4a62c33c,c39e3656-040a-45bc-a4f4-b3d763b675a8,Visa,Debit,4677,Purchase,1993.47,ZAR,1.0,1993.47,Shoprite,5812,Eating Places & Restaurants,Eileenhaven,ZA,False,AUTH469202,Approved,False,True
733b8dad-4e36-4968-a252-217e1b1111a1,2022-09-09,2022-09-09,5a870365-af3d-4a7e-8930-be9fb8b3306c,52c43632-653a-46c0-a7af-cb4c3a1026a2,Mastercard,Credit,3335,Purchase,8819.1,ZAR,1.0,8819.1,Zara SA,4814,Telecommunications,Quinnfort,ZA,False,AUTH161267,Approved,False,False
f990a50b-35ff-4816-9624-0b04aeaa74d6,2021-10-03,2021-10-05,ad695409-e052-4bb8-83f8-6400e38a55f4,0197d7ef-b2fb-457c-9bdd-b76dc3b0d59e,Mastercard,Debit,4285,Purchase,7006.85,ZAR,1.0,7006.85,Old Mutual,5812,Eating Places & Restaurants,Middelburg,ZA,False,AUTH446549,Approved,False,True
19ee6610-7d46-4e8d-a7cc-3a5bcfac145a,2017-11-03,2017-11-03,5fc063d7-d3fd-420f-b12b-06dd7e5d0a2e,30c2e83a-3ad0-4c9e-8a9d-2ec15dd897f2,Visa,Debit,1022,Purchase,5155.72,ZAR,1.0,5155.72,Pioneer Foods,5661,Shoe Stores,Benoni,ZA,False,AUTH658254,Approved,False,False
b6bf5fe8-216f-4f62-8982-6f9d3c942e37,2024-01-24,2024-01-26,8204bddf-d38e-4c7d-840f-54335762aae3,056217c6-c731-4f79-b30f-c0d7ac911f00,Mastercard,Credit,2919,Online Purchase,13114.19,ZAR,1.0,13114.19,Pioneer Foods,5945,Hobby & Toy Shops,eThekwini,ZA,False,AUTH944170,Approved,False,False
e8367ce0-d60d-4398-8e84-ffb51b3bcbc5,2020-08-31,2020-09-01,bef3a334-00f2-442a-a744-5a5afdc54f96,6ccbeb87-4cd6-46b3-81bc-6bc4ddb7301d,Mastercard,Debit,1715,Purchase,8607.4,ZAR,1.0,8607.4,Caltex SA,5411,Grocery Stores,Boksburg,ZA,False,AUTH191393,Approved,False,True
d2dc10c3-ba51-4e67-b95f-659d38b761c5,2020-10-18,2020-10-20,dfb4c8d3-6244-4f66-8b9d-97a6b5333545,4ba230a6-5e15-47e5-83ef-a692d23a7128,Visa,Debit,9299,Purchase,7828.41,ZAR,1.0,7828.41,Spar,4816,Online Services,Vereeniging,ZA,False,AUTH293922,Approved,False,True
7cdb9140-7abf-4ee8-bdd1-4cc5e49af92d,2022-04-20,2022-04-22,7fa830a4-4bbf-4890-b724-7beb73038ac3,e468483b-cf18-479d-8b10-3fc7f309a13a,Visa,Debit,3682,Purchase,906.51,ZAR,1.0,906.51,BP SA,4814,Telecommunications,Bloemfontein,ZA,False,AUTH945888,Approved,False,True
8d7f000e-11f4-4b32-a342-6b07c869e29b,2022-03-22,2022-03-23,5656c271-b7f6-47be-a823-9b30ba17ca69,7b6b59d2-c460-4e97-b24f-535647c53c9c,Visa,Debit,9427,Purchase,13588.23,ZAR,1.0,13588.23,Momentum,5912,Drug Stores & Pharmacies,Wardhaven,ZA,False,AUTH456484,Approved,False,False
f7ae2f02-c312-4b75-9ddb-3e59813a3df3,2018-12-04,2018-12-05,e1fd2535-42c6-463e-84ac-3d2fa55c1357,ba5dd48f-c112-4397-bc7a-8933ff5b11dc,Visa,Credit,4761,Refund,9968.87,ZAR,1.0,9968.87,H&M SA,4816,Online Services,Osborneberg,ZA,False,AUTH663983,Approved,False,True
d1020f9b-9636-41a6-bad4-83f98be63deb,2016-07-20,2016-07-21,88fcd419-afb8-498a-8393-2030dc1539b7,96a0dd93-d9ee-4528-9173-61228081da8c,Mastercard,Credit,9525,Online Purchase,4967.07,ZAR,1.0,4967.07,Telkom,5999,Retail Stores,Timothyfort,ZA,False,AUTH531123,Approved,False,True
7296c054-00e5-41e8-a34a-f39dabd8d255,2021-10-07,2021-10-07,232a900f-e0f5-46b1-b3b6-0c6117dea625,27b64371-9beb-43d4-b155-f5264a48d714,Visa,Credit,4083,Purchase,1794.75,ZAR,1.0,1794.75,City Power,5661,Shoe Stores,Upington,ZA,False,AUTH687704,Approved,False,False
6efc0791-802b-4a92-814f-be7482a71f0f,2020-01-03,2020-01-05,bae7ce90-799f-4870-afe8-84b00be4553d,d7867a56-0757-4fd2-a165-ce93bae23f55,Visa,Debit,1408,Refund,7828.23,ZAR,1.0,7828.23,Amazon SA,5734,Electronics Stores,West Rhyshaven,ZA,False,AUTH767726,Approved,False,True
58c24ca6-8647-476a-9c4c-c6acbb806a3b,2015-08-09,2015-08-09,c9b07011-12b8-43f6-9ef8-d9b8b4500878,f08a0cb8-0801-4ed0-bad6-d7251ed2fea2,Visa,Debit,8597,Purchase,7395.21,ZAR,1.0,7395.21,Caltex SA,5945,Hobby & Toy Shops,Mbombela,ZA,False,AUTH771834,Approved,False,False
563c1d1a-5462-4596-9ade-5e65a656ba96,2024-04-12,2024-04-12,c07fb421-32df-432f-a1e3-5dca2a0d375c,d185f9f0-8fc7-406e-8e5a-ca0aeae36542,Mastercard,Debit,7523,Purchase,5821.06,ZAR,1.0,5821.06,Old Mutual,5999,Retail Stores,eThekwini,ZA,False,AUTH929921,Approved,False,True
1c204ad8-a848-4841-9d44-1e1b705c2b64,2023-12-05,2023-12-05,096e0e50-fb3b-4fa4-a64c-268b059881f5,792cf5fa-6e6c-47f4-8b08-8b279135255f,Visa,Credit,3714,Purchase,8458.37,ZAR,1.0,8458.37,Shell SA,8011,Doctors & Physicians,Benchester,ZA,False,AUTH763087,Approved,False,False
788befb2-c259-4ef1-8735-96b99ed88251,2024-02-22,2024-02-24,89508310-0e20-4767-b6ca-b33dbc0c4fff,796496b2-fedc-473f-b0ad-08543529cc77,Mastercard,Credit,5113,Purchase,9869.55,ZAR,1.0,9869.55,Spur,5661,Shoe Stores,Jeffreychester,ZA,False,AUTH518320,Approved,False,True
6b8a046c-baab-42f8-a2d8-377808ad5f1c,2018-08-20,2018-08-20,0594e29f-85b7-4c9b-907f-24c8478f2410,ccfb2fd8-3927-4ffc-bb87-d12a67ce37a5,Mastercard,Credit,2727,Purchase,8971.09,ZAR,1.0,8971.09,Superbalist,4111,Transportation,Port Laura,ZA,False,AUTH485795,Approved,False,False
3b99e678-5815-48bc-81dc-fa6346912f2a,2024-05-13,2024-05-14,096e0e50-fb3b-4fa4-a64c-268b059881f5,792cf5fa-6e6c-47f4-8b08-8b279135255f,Visa,Credit,8142,International Purchase,21247.2,EUR,19.5709,415826.83,Spur,7011,Hotels & Motels,Sasolburg,IT,True,AUTH906426,Approved,False,True
2e0ef499-b391-4b54-b1ac-769c98197a67,2022-08-02,2022-08-04,61097e07-f0be-4f4c-955c-a08d7dbfaed8,fe1a8c18-0675-4320-8f1e-042b27d85a51,Mastercard,Debit,9537,International Purchase,34142.98,USD,19.0133,649170.72,Telkom,4814,Telecommunications,Geraldbury,MM,True,AUTH125313,Approved,False,True
42009688-2b81-429e-a293-e54997c814f2,2019-09-03,2019-09-03,407d09d3-c2ed-4660-9392-cf5688eb6347,e04dd813-e742-4c4d-bb5d-55efda8742ab,Visa,Credit,5640,Purchase,11754.59,ZAR,1.0,11754.59,Checkers,4816,Online Services,Emmafort,ZA,False,AUTH435907,Approved,False,True
943132b0-d027-4147-bbbd-6eaed72efebf,2022-07-18,2022-07-20,b45ec370-5394-422e-b494-6ef0e37643c1,f72d813d-996f-430d-ae57-13eb80207635,Visa,Debit,3286,Contactless Payment,11507.25,ZAR,1.0,11507.25,Pioneer Foods,4816,Online Services,Debramouth,ZA,False,AUTH847506,Declined,True,False
182328ed-a92b-4d48-9195-54d136d8d74c,2023-11-06,2023-11-06,25db4c54-6c26-4cee-b061-bdd813529556,52347243-9079-4ddd-b580-f6bf33305faa,Mastercard,Credit,7463,Purchase,3592.74,ZAR,1.0,3592.74,Spar,5945,Hobby & Toy Shops,Walshview,ZA,False,AUTH774740,Approved,False,True
80b51c93-58a9-49a6-9203-f1fe426eefc0,2022-05-18,2022-05-19,23954309-3a57-467d-a753-fdfafe6dfe53,e468483b-cf18-479d-8b10-3fc7f309a13a,Visa,Debit,8385,Purchase,742.27,ZAR,1.0,742.27,KFC SA,5541,Service Stations,Trevortown,ZA,False,AUTH139511,Approved,False,False
1955b662-84c2-44db-8141-cc58e8430b49,2019-08-14,2019-08-15,526d5f06-e2c7-4c74-81bb-046cf77becf3,cfb6b46a-57ca-4813-a5e8-ca78f77e473a,Visa,Debit,9524,Chargeback,4763.38,ZAR,1.0,4763.38,KFC SA,5621,Women's Clothing Stores,Johnsonmouth,ZA,False,AUTH413776,Approved,False,True
2be13ce0-90c5-4f39-9c08-f219e4b96e26,2015-12-16,2015-12-17,dd9decd1-caf1-447c-9928-6851d0aa1ed0,dadbdb7a-ad83-4e90-9356-19f735b66d27,Mastercard,Credit,7564,Online Purchase,13501.31,ZAR,1.0,13501.31,Engen,5912,Drug Stores & Pharmacies,Paarl,ZA,False,AUTH430500,Approved,False,False
7dd60dd5-7e32-4556-ba72-071c322b530e,2024-08-31,2024-09-02,aeff89cd-3c53-4414-b22b-489c1649d441,bd5e639e-5096-4b8e-ab11-dd6fbdee615b,Mastercard,Debit,3494,Purchase,4527.91,ZAR,1.0,4527.91,Debonairs,5661,Shoe Stores,Randfontein,ZA,False,AUTH113442,Pending,False,False
f4128e42-d0e3-4a26-8b1b-d37719832807,2024-10-09,2024-10-10,316559e8-d002-48f7-9473-9b342c03b151,cec5e0c3-6738-44ea-ad52-629e935afa47,Mastercard,Debit,7885,Purchase,7779.44,ZAR,1.0,7779.44,Superbalist,8011,Doctors & Physicians,Jamieberg,ZA,False,AUTH400100,Approved,False,True
e34b8527-a2a2-463f-b1cf-a76a2ba86b30,2022-11-14,2022-11-16,5d46670a-5225-449b-86c3-a18bc4e72537,148694da-57d4-425a-9f97-96d8293011be,Mastercard,Credit,3526,Contactless Payment,11787.83,ZAR,1.0,11787.83,Naspers,5734,Electronics Stores,Kimberley,ZA,False,AUTH273746,Approved,True,True
8748ac21-18c4-4160-b116-8f451db6c0d9,2022-02-18,2022-02-18,23954309-3a57-467d-a753-fdfafe6dfe53,e468483b-cf18-479d-8b10-3fc7f309a13a,Visa,Credit,7754,Refund,4834.1,ZAR,1.0,4834.1,Foschini,5621,Women's Clothing Stores,Ellisburgh,ZA,False,AUTH784025,Approved,False,True
0a89b29f-2cea-4865-b1c8-bd18b7567e34,2018-07-07,2018-07-09,135f4e0f-cb3f-4295-8974-d59248f94e56,eaf88bf2-93bd-40fc-bc6a-c6a64d63c873,Mastercard,Debit,2376,Purchase,9672.76,ZAR,1.0,9672.76,Dischem,5999,Retail Stores,eThekwini,ZA,False,AUTH898344,Approved,False,False
492a33c2-8bd3-44c8-9b81-2c3019fc8bfd,2015-05-12,2015-05-14,be62e15c-7c23-42b8-ba55-8524277e4c10,50f6d663-1915-47b1-87fd-38c31e37a363,Mastercard,Credit,1226,Purchase,13406.78,ZAR,1.0,13406.78,Bidvest,7011,Hotels & Motels,West Lydia,ZA,False,AUTH104925,Approved,False,True
9e465feb-16f1-4fda-81fe-36655d0e66dc,2020-03-27,2020-03-27,28557b72-bf6c-4a63-8a60-d0e3a9d17ce5,04485172-9859-4d78-ab90-1473d401724d,Visa,Credit,1575,Purchase,8981.72,ZAR,1.0,8981.72,Pioneer Foods,8011,Doctors & Physicians,North Wayne,ZA,False,AUTH213165,Approved,False,False
4b688c3f-232a-4abf-87ac-cda52b0c528f,2019-11-19,2019-11-21,b1a269fe-8526-4bbe-b46a-d7134620a6e3,c978e671-abb7-4632-8b23-ab955c9acf81,Visa,Credit,1768,Purchase,1662.93,ZAR,1.0,1662.93,Caltex SA,4814,Telecommunications,Musina,ZA,False,AUTH489261,Approved,False,True
2ff469f4-bacd-418d-b495-6e775d2d2585,2024-10-22,2024-10-24,70442b96-2c44-4411-8341-22c6a2927df3,66a5b361-8f0b-41dc-80c4-bc7aaa6cf6c6,Visa,Credit,8462,Purchase,4247.71,ZAR,1.0,4247.71,Woolworths,5999,Retail Stores,East Seanborough,ZA,False,AUTH876030,Approved,False,True
adb7b367-6c0c-4147-a7d8-4f46a8790928,2023-05-10,2023-05-10,23954309-3a57-467d-a753-fdfafe6dfe53,e468483b-cf18-479d-8b10-3fc7f309a13a,Mastercard,Credit,3844,Purchase,9231.05,ZAR,1.0,9231.05,Dischem,5661,Shoe Stores,Halltown,ZA,False,AUTH115114,Approved,False,True
23d666e1-7617-4d88-a135-418ca416e18c,2018-09-08,2018-09-08,ff638ebf-bcaf-4a04-8876-a1a9e236c918,ab89aa9f-66e2-4754-bec4-86f8d62d6503,Visa,Credit,8873,Purchase,13962.42,ZAR,1.0,13962.42,Caltex SA,7011,Hotels & Motels,Valerieshire,ZA,False,AUTH274224,Approved,False,True
47843153-18c4-4e59-838f-a169be6bfc16,2022-07-13,2022-07-14,479a04c4-00d2-4b82-a752-6d70cadc6f32,0ebc03c1-6701-445a-b1f1-b2a9bda64229,Visa,Debit,5745,Contactless Payment,3798.0,ZAR,1.0,3798.0,Debonairs,5411,Grocery Stores,West Connor,ZA,False,AUTH576572,Approved,True,False
e874143c-b8cf-4179-9ed4-cc041ee5c278,2016-06-22,2016-06-22,bae7ce90-799f-4870-afe8-84b00be4553d,d7867a56-0757-4fd2-a165-ce93bae23f55,Visa,Credit,7663,Purchase,5619.15,ZAR,1.0,5619.15,Gym Company,8011,Doctors & Physicians,South Peterborough,ZA,False,AUTH925021,Approved,False,True
8af9fd3f-1238-460e-8951-8c90374ebf66,2015-01-23,2015-01-25,be62e15c-7c23-42b8-ba55-8524277e4c10,50f6d663-1915-47b1-87fd-38c31e37a363,Visa,Debit,1630,Purchase,13180.36,ZAR,1.0,13180.36,Dischem,5999,Retail Stores,Polokwane,ZA,False,AUTH746470,Approved,False,True
cbd0bc99-6b1e-45a6-8936-c6f030176a47,2019-06-29,2019-06-30,ea0a8fdf-9c34-4cf9-a946-ba796d693257,5f91b043-7d72-40ec-8c92-c61cb0c1833c,Mastercard,Credit,6217,International Purchase,289.31,GBP,23.3355,6751.19,Dischem,5541,Service Stations,Duffyberg,FI,True,AUTH985833,Approved,False,False
f53ea82f-8292-4c2d-a334-276e1284b54c,2016-02-01,2016-02-03,6bdf7092-bcb0-4eb2-8aab-d75d40b7e1d7,a5b3d0e7-1c37-41b2-8e9b-c9b78f83cb2d,Visa,Debit,1543,Purchase,5856.51,ZAR,1.0,5856.51,Zara SA,5621,Women's Clothing Stores,Lake William,ZA,False,AUTH546005,Approved,False,True
83e8ae58-1f0d-4dea-83c3-9991250e69ba,2017-02-03,2017-02-05,3a159030-051f-4e9c-b8f5-ecff7e5cddbc,95c94f51-1c42-4219-bd5d-6d7d5f07f30b,Visa,Debit,1089,Contactless Payment,439.94,ZAR,1.0,439.94,Virgin Active,4111,Transportation,Philipfurt,ZA,False,AUTH207587,Approved,True,True
5d788d38-3c95-4054-b09d-3445636aaecf,2022-09-02,2022-09-03,39b67ad5-984f-44bb-8a1c-acf71a1980b7,f8d83d78-b82a-4c81-b612-0515b0350694,Visa,Credit,7599,Purchase,726.51,ZAR,1.0,726.51,Spur,5661,Shoe Stores,Millermouth,ZA,False,AUTH953885,Approved,False,True
9e7d8534-c931-4607-ae47-3371ab21356a,2021-02-26,2021-02-27,bf8cac5f-dc55-4b58-9a74-a337e8826ca8,eaf88bf2-93bd-40fc-bc6a-c6a64d63c873,Mastercard,Debit,3597,Online Purchase,11551.99,ZAR,1.0,11551.99,Momentum,5734,Electronics Stores,Benoni,ZA,False,AUTH714923,Approved,False,False
f5e14e41-bb6b-45e5-b8da-f67a7f03a497,2019-07-03,2019-07-05,586fb80b-c9a6-4c7a-9cb3-93a45cef0412,29de0f00-71e0-4673-9a83-7340a28f9433,Visa,Debit,8046,Online Purchase,900.29,ZAR,1.0,900.29,Netflix SA,5812,Eating Places & Restaurants,Lake Bradley,ZA,False,AUTH143768,Approved,False,True
09326212-f5e2-4f35-8f2f-e8578e887fb3,2017-08-01,2017-08-02,89508310-0e20-4767-b6ca-b33dbc0c4fff,796496b2-fedc-473f-b0ad-08543529cc77,Visa,Debit,1110,Purchase,2173.16,ZAR,1.0,2173.16,Discovery Health,5734,Electronics Stores,North Nathan,ZA,False,AUTH302718,Approved,False,True
d7db272a-35cd-40d2-805a-459ac7968946,2023-12-17,2023-12-17,28557b72-bf6c-4a63-8a60-d0e3a9d17ce5,04485172-9859-4d78-ab90-1473d401724d,Mastercard,Credit,6072,Contactless Payment,541.18,ZAR,1.0,541.18,Cell C,5411,Grocery Stores,Bloemfontein,ZA,False,AUTH520566,Declined,True,False
dc57f223-801f-4bb6-9af0-13eb68bb8a71,2024-08-26,2024-08-28,e3d96443-c719-4a01-9d3f-aa8b4640df6c,106cb973-661a-496e-a060-9e09a57efbb5,Visa,Debit,1795,Chargeback,170.9,ZAR,1.0,170.9,City Power,4814,Telecommunications,Newcastle,ZA,False,AUTH127419,Declined,False,False
e0c34424-db52-4922-a082-fb2593f1fb71,2024-08-21,2024-08-22,e58cee77-d20c-47d6-b192-9e0939c880b7,943b547a-caaf-4494-a2d8-c22932b3d538,Mastercard,Credit,4666,Purchase,6174.27,ZAR,1.0,6174.27,Cell C,5812,Eating Places & Restaurants,Malcolmfurt,ZA,False,AUTH423251,Approved,False,True
337d4587-9835-4af7-b177-7b6b1f012415,2018-11-18,2018-11-20,68cf211e-6b58-4ab4-83c1-536b5263abbd,06b4cbf1-5e59-4e2f-93b9-72bec63fdd0f,Mastercard,Credit,8884,Online Purchase,14010.76,ZAR,1.0,14010.76,KFC SA,7011,Hotels & Motels,East Phillip,ZA,False,AUTH366612,Approved,False,True
2c9a3c87-1302-4a2f-8128-df8157e3576a,2024-08-12,2024-08-13,4e1bb47c-33e0-4919-8fbe-e23eea0e3802,19c5ba73-e18f-49a2-a104-e01ab37e74f4,Visa,Debit,9063,Cash Advance,2328.44,ZAR,1.0,2328.44,Old Mutual,5311,Department Stores,Daviesfurt,ZA,False,AUTH642610,Approved,False,True
a712b51d-5fc8-42a2-ac47-08ba035ae1d8,2019-09-17,2019-09-17,e3521f74-2679-412c-bb47-a397bc1e1d54,239ae69f-6fe0-4b40-91cf-cea7b0f8cec4,Mastercard,Debit,1511,Online Purchase,7930.24,ZAR,1.0,7930.24,City Power,5812,Eating Places & Restaurants,Thohoyandou,ZA,False,AUTH607182,Approved,False,False
77d99182-5eed-44d3-bb80-c9d63bf8701a,2019-05-11,2019-05-13,2d269844-d32d-48d0-acbd-011f5e84612a,696dd856-e6af-4dd3-9595-cc197764d7c1,Visa,Debit,3809,Purchase,2014.28,ZAR,1.0,2014.28,Zara SA,5411,Grocery Stores,Woodland,ZA,False,AUTH321264,Approved,False,True
8de45b78-884e-409c-9964-8463ea52ada7,2021-10-11,2021-10-13,407d09d3-c2ed-4660-9392-cf5688eb6347,e04dd813-e742-4c4d-bb5d-55efda8742ab,Mastercard,Credit,8866,Purchase,8935.16,ZAR,1.0,8935.16,Netflix SA,5661,Shoe Stores,eGoli,ZA,False,AUTH918451,Approved,False,True
b277c795-30f0-4579-887f-86b1c620a30f,2021-03-27,2021-03-28,8640d78f-b184-41ff-a961-88fe3b3f03fc,668aa1f6-0941-44cb-9c52-07b3cb7e79c7,Visa,Credit,4976,Purchase,510.35,ZAR,1.0,510.35,Dischem,4111,Transportation,Lyndaport,ZA,False,AUTH927431,Approved,False,False
85e5e83b-f9b3-453b-84bd-f71aed02d3df,2023-12-30,2023-12-31,be62e15c-7c23-42b8-ba55-8524277e4c10,50f6d663-1915-47b1-87fd-38c31e37a363,Visa,Credit,4938,Cash Advance,4938.2,ZAR,1.0,4938.2,Shoprite,5999,Retail Stores,North Chelsea,ZA,False,AUTH555905,Approved,False,True
40d9abc0-2061-4332-861f-946a3386761c,2024-08-29,2024-08-29,9a0fce8f-96ca-4c4f-a669-888b0b796de0,3f4aa40e-79e7-4a14-84a7-1bf79aaf67ac,Mastercard,Credit,8349,Purchase,10744.76,ZAR,1.0,10744.76,Engen,5541,Service Stations,Whiteton,ZA,False,AUTH711958,Approved,False,True
7c8e6f1d-3bba-4c88-b393-589625194393,2019-05-15,2019-05-16,4b004718-d836-4fb6-b039-83e1b568947f,d008e9b4-a86d-491e-bb43-dcf5c491c1cc,Mastercard,Debit,2715,Online Purchase,4461.28,ZAR,1.0,4461.28,Virgin Active,5734,Electronics Stores,Bloemfontein,ZA,False,AUTH398804,Approved,False,True
f5f95619-0ab3-4889-b819-cc198eb05c09,2017-07-17,2017-07-19,fe481b7b-4617-4cd9-8f7e-4780fbed25c9,97ddac20-2ab1-412a-aa23-deabd20e4497,Mastercard,Credit,7836,Purchase,1599.85,ZAR,1.0,1599.85,Edgars,4814,Telecommunications,Colinshire,ZA,False,AUTH780704,Approved,False,True
82f7346a-9884-4f02-a9c2-81049ebfc0fa,2023-08-26,2023-08-27,5137b34d-8625-47ad-87b4-3444074f3fc3,b4ebc28f-526a-45ea-823c-588724471955,Visa,Debit,8490,Contactless Payment,2570.15,ZAR,1.0,2570.15,Cell C,5411,Grocery Stores,iKapa,ZA,False,AUTH252656,Approved,True,True
284a9a16-52e6-449c-9cd0-02ee56f7ec99,2023-01-07,2023-01-07,f22f270a-6581-4dfc-99bf-ccafa6313f55,d2a252aa-3d52-420a-b18f-5c134e1fa217,Mastercard,Credit,5646,International Purchase,41993.22,EUR,19.5672,821689.73,McDonald's SA,5621,Women's Clothing Stores,Mbombela,JP,True,AUTH403802,Approved,False,True
4fb01922-1566-4e5e-ae9a-7dfc233a860a,2018-05-18,2018-05-20,f22f270a-6581-4dfc-99bf-ccafa6313f55,d2a252aa-3d52-420a-b18f-5c134e1fa217,Mastercard,Debit,2254,Purchase,6473.16,ZAR,1.0,6473.16,Tiger Brands,5734,Electronics Stores,South Leighhaven,ZA,False,AUTH198118,Approved,False,True
807dbce0-5ef3-462b-8962-3d9f777d4753,2023-01-12,2023-01-12,8204bddf-d38e-4c7d-840f-54335762aae3,056217c6-c731-4f79-b30f-c0d7ac911f00,Visa,Credit,4420,Purchase,8887.22,ZAR,1.0,8887.22,Steers,4111,Transportation,Tembisa,ZA,False,AUTH167717,Declined,False,True
46294ba2-f0fc-4162-bbce-d6ace7bc0f54,2023-08-26,2023-08-26,5a870365-af3d-4a7e-8930-be9fb8b3306c,52c43632-653a-46c0-a7af-cb4c3a1026a2,Visa,Debit,1551,Purchase,4585.04,ZAR,1.0,4585.04,Virgin Active,7011,Hotels & Motels,Chatsworth,ZA,False,AUTH457505,Approved,False,True
0f4c4ab2-ae7c-4319-af3f-97302a2b9ced,2018-02-12,2018-02-13,b1a269fe-8526-4bbe-b46a-d7134620a6e3,c978e671-abb7-4632-8b23-ab955c9acf81,Mastercard,Debit,3787,Contactless Payment,1192.36,ZAR,1.0,1192.36,Telkom,5812,Eating Places & Restaurants,Middelburg,ZA,False,AUTH345789,Approved,True,True
64db48ed-2630-439a-beda-1cd0f9f175e2,2024-05-24,2024-05-25,25db4c54-6c26-4cee-b061-bdd813529556,52347243-9079-4ddd-b580-f6bf33305faa,Visa,Credit,5068,Purchase,858.94,ZAR,1.0,858.94,MTN,5945,Hobby & Toy Shops,Vereeniging,ZA,False,AUTH360581,Approved,False,False
beda1f2a-c1f9-484b-9400-bbee92da2f30,2017-07-16,2017-07-18,562742d0-bd33-4cc0-9193-454a4a62c33c,c39e3656-040a-45bc-a4f4-b3d763b675a8,Mastercard,Debit,8576,Purchase,3911.67,ZAR,1.0,3911.67,Clicks,4816,Online Services,George,ZA,False,AUTH489843,Approved,False,True
8926fd0b-b84d-4b1b-94ac-5cd47afbeac0,2022-09-25,2022-09-27,050a2c77-0f72-4593-a5a8-8e26eccc6d35,7f164959-ebef-49cb-89cd-6a303fdad6f3,Visa,Debit,9996,Refund,7584.89,ZAR,1.0,7584.89,Mr Price,5999,Retail Stores,Keithborough,ZA,False,AUTH458176,Declined,False,False
755eed22-7475-4915-8d04-e4d7443e9185,2019-06-30,2019-07-01,2d1a95ad-70c8-4da0-9425-cbcf269d5d92,1e1c0a15-403d-4187-8c88-eabcdf85a18b,Visa,Credit,3995,Purchase,6131.04,ZAR,1.0,6131.04,Amazon SA,5912,Drug Stores & Pharmacies,New Ashleigh,ZA,False,AUTH218523,Approved,False,True
27dceb17-9766-46f9-9e09-3f89ddd5d85b,2024-12-05,2024-12-05,218bfaab-5190-4c94-bce0-c4b85f27e67c,2f418199-1049-4389-83b4-2ea755610f9d,Visa,Debit,7377,Purchase,11940.64,ZAR,1.0,11940.64,Spur,4111,Transportation,Centurion,ZA,False,AUTH863121,Approved,False,False
92f4cbd3-38ec-4d02-b498-93ec267cc2a8,2015-07-24,2015-07-26,97537a5d-cabb-4ff1-834f-bf6bbe065a58,2c1f5492-41c0-4eb5-ac83-84e813685831,Mastercard,Credit,4190,Contactless Payment,8460.9,ZAR,1.0,8460.9,Dischem,7011,Hotels & Motels,Springs,ZA,False,AUTH289631,Approved,True,False
2765ab05-f423-4e00-9a20-887ada546dcf,2021-07-07,2021-07-09,5656c271-b7f6-47be-a823-9b30ba17ca69,7b6b59d2-c460-4e97-b24f-535647c53c9c,Mastercard,Debit,7847,Contactless Payment,1974.04,ZAR,1.0,1974.04,Gym Company,5734,Electronics Stores,Jayhaven,ZA,False,AUTH497416,Approved,True,True
c8b6ca19-bbd9-4627-8ec8-70e1f65aaae4,2016-02-23,2016-02-24,407d09d3-c2ed-4660-9392-cf5688eb6347,e04dd813-e742-4c4d-bb5d-55efda8742ab,Visa,Credit,4116,Purchase,3593.0,ZAR,1.0,3593.0,Shell SA,8011,Doctors & Physicians,iBhayi,ZA,False,AUTH953640,Approved,False,True
cbf0b66b-22b4-4581-9a26-183272fc9956,2015-11-16,2015-11-16,5137b34d-8625-47ad-87b4-3444074f3fc3,b4ebc28f-526a-45ea-823c-588724471955,Mastercard,Credit,4370,Chargeback,7145.68,ZAR,1.0,7145.68,Virgin Active,5999,Retail Stores,George,ZA,False,AUTH895890,Approved,False,False
951f1cb8-a395-4a30-a754-516ab18d7380,2019-11-08,2019-11-10,5fc063d7-d3fd-420f-b12b-06dd7e5d0a2e,30c2e83a-3ad0-4c9e-8a9d-2ec15dd897f2,Mastercard,Credit,3487,Purchase,8739.77,ZAR,1.0,8739.77,Discovery Health,4816,Online Services,Birdville,ZA,False,AUTH340540,Approved,False,True
8e3e235a-f34c-4823-b0e8-9e9225d200dd,2021-06-19,2021-06-20,f204a453-cbb5-46ea-83bd-0d60fa26cc40,9a189484-cd9f-435c-b424-c12d0a715eb2,Mastercard,Credit,5959,Purchase,114.79,ZAR,1.0,114.79,Superbalist,5621,Women's Clothing Stores,Parryton,ZA,False,AUTH185595,Approved,False,True
8b6dfd64-81d6-430a-b6f4-15a45c292bda,2019-01-10,2019-01-12,5a870365-af3d-4a7e-8930-be9fb8b3306c,52c43632-653a-46c0-a7af-cb4c3a1026a2,Mastercard,Credit,8158,Purchase,14164.95,ZAR,1.0,14164.95,Bidvest,5945,Hobby & Toy Shops,Bloemfontein,ZA,False,AUTH981382,Approved,False,True
fe4dfc38-3746-4def-bd46-8e1c5723c5f5,2022-02-05,2022-02-06,78a218ef-f8f6-496f-903b-dfa91c2ba2f4,5f07ee40-578a-4751-985d-4e36af164992,Visa,Credit,2032,Contactless Payment,10291.92,ZAR,1.0,10291.92,Foschini,5912,Drug Stores & Pharmacies,South Lyndahaven,ZA,False,AUTH982839,Declined,True,False
ea4df3d6-651c-454a-a99f-5b07696016af,2015-02-21,2015-02-23,8ecbc864-fae7-4886-ac0e-9c1596769e09,97996329-6e3f-48fe-bc36-b36c88817145,Visa,Debit,4567,Purchase,11165.4,ZAR,1.0,11165.4,Vodacom,5734,Electronics Stores,Mbombela,ZA,False,AUTH956781,Approved,False,True
a6edb089-8403-405f-97ee-ba872d4e8f1f,2019-04-13,2019-04-14,00fe6982-263c-4b58-8179-a46e1275ec98,c1dc20be-75a1-4a1d-ac08-a8936903ed07,Mastercard,Debit,7599,Cash Advance,3349.17,ZAR,1.0,3349.17,Old Mutual,5945,Hobby & Toy Shops,North Clairehaven,ZA,False,AUTH501613,Declined,False,True
6e9acb2a-1e82-4d5e-a803-a4aa80bd52f2,2015-05-10,2015-05-11,ca7906af-7f80-42a9-be69-629fb7324e20,72735915-e495-4cdb-8670-8fd2e9bdf8d1,Visa,Credit,8369,Online Purchase,3896.78,ZAR,1.0,3896.78,Tiger Brands,5999,Retail Stores,Robinsonhaven,ZA,False,AUTH433139,Approved,False,False
4b5b970a-31ca-4801-b9b6-640033d71a9d,2018-03-22,2018-03-23,69ed581f-8460-4fb0-867b-1205d9304df4,35467d6b-f1b1-4241-815d-df93767762c1,Mastercard,Debit,1550,Contactless Payment,9677.39,ZAR,1.0,9677.39,Edgars,7011,Hotels & Motels,North Shirleyshire,ZA,False,AUTH831640,Approved,True,True
0153c2ad-d3ca-4c64-9d90-8e72396c4f29,2021-10-11,2021-10-13,407d09d3-c2ed-4660-9392-cf5688eb6347,e04dd813-e742-4c4d-bb5d-55efda8742ab,Mastercard,Debit,2180,Contactless Payment,2207.84,ZAR,1.0,2207.84,Telkom,5661,Shoe Stores,Williamsshire,ZA,False,AUTH933890,Approved,True,True
87a1b774-d86c-4407-9f30-0c063a30f098,2018-05-04,2018-05-04,f2565d0e-f8d4-42d3-abea-5f571338fc08,f1584ac8-e703-493b-b684-5079521cb443,Mastercard,Debit,2855,Contactless Payment,12759.11,ZAR,1.0,12759.11,City Power,5999,Retail Stores,Rustenburg,ZA,False,AUTH651950,Approved,True,True
9f6506a9-9a77-4ad7-8b67-c108bd2c6360,2018-11-20,2018-11-21,5eaeb8fb-8d85-485e-8945-0f308bb3f76a,c77092ad-e107-4373-89eb-0a50e994a500,Mastercard,Credit,5499,Contactless Payment,5720.58,ZAR,1.0,5720.58,Virgin Active,5812,Eating Places & Restaurants,South Lukemouth,ZA,False,AUTH692580,Approved,True,True
41dad6ad-537d-468e-b3a9-8153c798daf0,2018-10-17,2018-10-17,b98609ac-ae1c-4ac0-90af-7c1b2576a485,f5385827-522c-4f2a-b11f-b00e9abc58f9,Visa,Credit,9256,Contactless Payment,14236.44,ZAR,1.0,14236.44,Planet Fitness,5411,Grocery Stores,Thohoyandou,ZA,False,AUTH248234,Approved,True,False
8d277e76-2737-46da-8836-90a83e1bd907,2021-07-06,2021-07-06,cc4d93f2-8c8d-4f30-805f-e2f4081a6155,475c2f67-b3cb-4fac-8e1a-0ed764b9a2fe,Visa,Credit,6208,Online Purchase,12239.82,ZAR,1.0,12239.82,Steers,8011,Doctors & Physicians,Benoni,ZA,False,AUTH263845,Reversed,False,False
ee9c5907-36db-4f57-9b96-0300130d3590,2024-01-08,2024-01-08,eafe49c0-9bf7-4fd2-b7aa-09b6344d100e,5ab5c897-3eeb-45ec-b3b9-ee1be43e5652,Visa,Credit,1070,Purchase,14486.94,ZAR,1.0,14486.94,Netflix SA,5311,Department Stores,Carlyside,ZA,False,AUTH388578,Reversed,False,True
9b7567e8-9f73-4fe9-b5ac-40ca24631dba,2018-03-25,2018-03-27,60e9647e-a04d-46a1-8b8f-e76819c57606,09b9d0bb-c032-4e23-a911-bae00f7df4ca,Mastercard,Credit,5375,Purchase,7553.78,ZAR,1.0,7553.78,Pioneer Foods,5661,Shoe Stores,Musina,ZA,False,AUTH997987,Approved,False,True
abcda357-b16a-4cc5-94c7-d76967482dd5,2024-04-20,2024-04-21,dd9decd1-caf1-447c-9928-6851d0aa1ed0,dadbdb7a-ad83-4e90-9356-19f735b66d27,Mastercard,Credit,3409,Purchase,1892.22,ZAR,1.0,1892.22,Tiger Brands,4814,Telecommunications,Coleside,ZA,False,AUTH490649,Approved,False,True
57d5ed13-9fbd-438b-ab0b-40b0d1463f6a,2022-05-26,2022-05-28,5141a537-c78b-49c1-bb68-03a6c7a29c6e,f4be94ff-f06b-46a4-8cba-1a36fadcbac4,Mastercard,Credit,9861,Purchase,2893.28,ZAR,1.0,2893.28,Shoprite,5945,Hobby & Toy Shops,West Shane,ZA,False,AUTH416824,Approved,False,True
a37c90fa-7c85-4e3b-af19-06e1a3b4d123,2018-04-22,2018-04-23,4c821eef-220b-4049-905b-2db203a164d4,99bb606a-d40c-4df5-9890-d18086d5f335,Visa,Credit,6844,Contactless Payment,6167.83,ZAR,1.0,6167.83,Dischem,7011,Hotels & Motels,Middelburg,ZA,False,AUTH494820,Approved,True,True
c1635467-adf0-4585-a7b1-5383bcb122b7,2020-09-25,2020-09-26,97537a5d-cabb-4ff1-834f-bf6bbe065a58,2c1f5492-41c0-4eb5-ac83-84e813685831,Visa,Debit,1457,Purchase,8912.42,ZAR,1.0,8912.42,Spar,4111,Transportation,George,ZA,False,AUTH834072,Approved,False,True
9325b73b-b799-424c-a69b-930a40e60561,2016-10-04,2016-10-04,5656c271-b7f6-47be-a823-9b30ba17ca69,7b6b59d2-c460-4e97-b24f-535647c53c9c,Mastercard,Debit,9447,Online Purchase,6999.7,ZAR,1.0,6999.7,Shoprite,5621,Women's Clothing Stores,Stellenbosch,ZA,False,AUTH520729,Approved,False,True
54a378e9-9692-4f08-b9a9-104dbf6cb119,2016-08-25,2016-08-27,35546f62-b8a6-4c44-8732-216de4b3c1b0,5136d8b2-a93b-41aa-92f7-db3139d0a2d3,Mastercard,Credit,1524,Purchase,5389.89,ZAR,1.0,5389.89,Spur,5311,Department Stores,Yvonneton,ZA,False,AUTH397109,Approved,False,True
aa4e8d6f-9807-48dd-bf70-56f07453f3d7,2024-03-02,2024-03-03,dd9decd1-caf1-447c-9928-6851d0aa1ed0,dadbdb7a-ad83-4e90-9356-19f735b66d27,Visa,Credit,5148,Contactless Payment,12796.24,ZAR,1.0,12796.24,Shoprite,8011,Doctors & Physicians,Thohoyandou,ZA,False,AUTH791268,Approved,True,False
cfbf127c-73d4-4517-9bf6-32871edcc27f,2017-05-15,2017-05-16,eafe49c0-9bf7-4fd2-b7aa-09b6344d100e,5ab5c897-3eeb-45ec-b3b9-ee1be43e5652,Mastercard,Debit,4265,Online Purchase,9380.98,ZAR,1.0,9380.98,Amazon SA,7011,Hotels & Motels,Rowefort,ZA,False,AUTH296431,Declined,False,True
f72f6335-6af2-459e-9407-6a3d8b457357,2020-08-28,2020-08-29,135f4e0f-cb3f-4295-8974-d59248f94e56,eaf88bf2-93bd-40fc-bc6a-c6a64d63c873,Mastercard,Credit,3243,Online Purchase,2778.71,ZAR,1.0,2778.71,Takealot,5621,Women's Clothing Stores,Benoni,ZA,False,AUTH915922,Declined,False,True
65f2e374-5ea5-4ee6-bfa5-b12c28323496,2018-06-29,2018-06-30,7aef813b-dc7c-43e8-9b97-6ed2aa92d763,2e55a89e-d749-4d86-862c-9b529be6064f,Visa,Credit,7880,Online Purchase,4111.67,ZAR,1.0,4111.67,Pick n Pay,5812,Eating Places & Restaurants,Centurion,ZA,False,AUTH277862,Approved,False,True
141c4b7b-266b-407f-9380-66819c7c94b5,2021-10-03,2021-10-05,5d927ea6-081d-41ef-9bbb-a4551deedcb3,91c9be29-eee1-4cde-a664-efe7e53212d5,Mastercard,Debit,6180,Purchase,12797.35,ZAR,1.0,12797.35,Amazon SA,5411,Grocery Stores,East Bethany,ZA,False,AUTH657384,Approved,False,True
c7f635b1-466a-41e3-89ee-f40cf9b58c15,2019-03-11,2019-03-12,6bdf7092-bcb0-4eb2-8aab-d75d40b7e1d7,a5b3d0e7-1c37-41b2-8e9b-c9b78f83cb2d,Mastercard,Debit,4963,Purchase,3025.83,ZAR,1.0,3025.83,Debonairs,5999,Retail Stores,Bethlehem,ZA,False,AUTH282690,Declined,False,True
8443d1c7-7bad-4db4-b3d5-df4ec8f60fff,2017-08-01,2017-08-02,2f40bed9-acd6-44b5-b602-97d39a9dc3a7,01137316-1352-488d-a263-adc17ec0076e,Mastercard,Debit,3558,Contactless Payment,5583.46,ZAR,1.0,5583.46,Shoprite,5945,Hobby & Toy Shops,West Elliott,ZA,False,AUTH546550,Approved,True,True
7fd6191e-93e6-4572-aa50-52354113e3bc,2020-06-30,2020-07-01,feff1299-937c-40f7-a410-c2b9dbc2b24a,486ed9cf-3f99-439b-a292-305d038605bf,Mastercard,Debit,6835,Purchase,5150.36,ZAR,1.0,5150.36,Truworths,5541,Service Stations,iKapa,ZA,False,AUTH655761,Approved,False,True
002e972a-5e3c-40c6-a112-7348c2054667,2015-08-01,2015-08-02,37e86a8d-69c5-4ce0-8cb5-ee7924b11e98,60e9b09c-e343-401f-9e56-3f88d8ea072a,Mastercard,Debit,7448,Purchase,741.72,ZAR,1.0,741.72,Vodacom,5912,Drug Stores & Pharmacies,Kimberley,ZA,False,AUTH760006,Reversed,False,True
467aa24f-467a-46cf-bc8e-42d4b586dae2,2018-08-06,2018-08-08,fed69861-8ec4-4b55-b235-e1a07492e0c5,bca80148-e7b8-4cd0-9ed4-29ebc0a69045,Visa,Credit,8184,Purchase,12871.82,ZAR,1.0,12871.82,Eskom,7011,Hotels & Motels,Rachelville,ZA,False,AUTH701199,Approved,False,False
ab3fca4d-becf-4184-b697-7ac9c72c1ff8,2022-01-02,2022-01-03,316559e8-d002-48f7-9473-9b342c03b151,cec5e0c3-6738-44ea-ad52-629e935afa47,Mastercard,Debit,1799,Online Purchase,11968.65,ZAR,1.0,11968.65,Checkers,4111,Transportation,Thohoyandou,ZA,False,AUTH934915,Approved,False,True
c3921a9f-4f3a-40aa-bba7-69d94b016b36,2024-02-07,2024-02-07,ec4f5235-c485-47ab-9100-a624cb729e72,fd250f7b-e79e-409d-82f0-7d0f61426f0b,Mastercard,Credit,2555,Purchase,13481.5,ZAR,1.0,13481.5,Spur,5411,Grocery Stores,North Paula,ZA,False,AUTH587720,Approved,False,False
cfcccc63-2e27-433c-9093-a0c4d8c2f970,2018-09-21,2018-09-21,5137b34d-8625-47ad-87b4-3444074f3fc3,b4ebc28f-526a-45ea-823c-588724471955,Mastercard,Debit,6579,Online Purchase,6323.33,ZAR,1.0,6323.33,Netflix SA,5912,Drug Stores & Pharmacies,Lake John,ZA,False,AUTH748632,Approved,False,True
bd9a1c2f-8219-41fe-b3ca-db1d56139cf0,2016-06-18,2016-06-19,aac5f32c-1732-4eeb-b771-b11f29217999,92c7a67a-0282-45bd-b9e5-b0c203b7dba1,Visa,Credit,2385,Online Purchase,13180.2,ZAR,1.0,13180.2,Edgars,5541,Service Stations,New Mohammed,ZA,False,AUTH731191,Approved,False,True
698dfeb8-f42e-480a-a8bc-244b035699c2,2019-06-29,2019-06-29,e3db2750-f26e-4c8b-9584-43a53a2bfde4,e0b5f00e-16ba-45c5-a3b3-a04b555efc7c,Mastercard,Debit,8501,Purchase,14734.06,ZAR,1.0,14734.06,Momentum,5311,Department Stores,Jonesville,ZA,False,AUTH398710,Pending,False,False
91275028-cdf6-4a84-90b0-b89c0b33834f,2020-03-22,2020-03-24,ba8016de-86c1-4920-88db-bee7d0cd9b87,a97c8ade-97f8-47e0-8d05-75fbfdef84b4,Visa,Credit,6720,Contactless Payment,6852.62,ZAR,1.0,6852.62,Checkers,5311,Department Stores,Kimberley,ZA,False,AUTH324430,Approved,True,False
18e215a5-e7e5-496b-9055-c4225ba4c44c,2020-05-30,2020-05-30,2d269844-d32d-48d0-acbd-011f5e84612a,696dd856-e6af-4dd3-9595-cc197764d7c1,Mastercard,Credit,2735,Purchase,11398.45,ZAR,1.0,11398.45,Virgin Active,5661,Shoe Stores,Lake Hayley,ZA,False,AUTH875957,Reversed,False,False
1309904f-7a57-4cae-85fd-07263217ce63,2023-07-03,2023-07-05,f84582bd-160f-41e9-8e4c-01cea251f754,60e9b09c-e343-401f-9e56-3f88d8ea072a,Mastercard,Credit,1486,Cash Advance,2261.01,ZAR,1.0,2261.01,Superbalist,4111,Transportation,North Mandy,ZA,False,AUTH515808,Declined,False,True
9182fd77-9907-42a1-ad2b-20c267114106,2024-09-10,2024-09-11,28557b72-bf6c-4a63-8a60-d0e3a9d17ce5,04485172-9859-4d78-ab90-1473d401724d,Visa,Credit,3091,Purchase,8662.73,ZAR,1.0,8662.73,Discovery Health,5311,Department Stores,Vanderbijlpark,ZA,False,AUTH306670,Reversed,False,True
bfb47833-7b3a-419a-9903-9fed38f9f849,2024-05-05,2024-05-05,ad695409-e052-4bb8-83f8-6400e38a55f4,0197d7ef-b2fb-457c-9bdd-b76dc3b0d59e,Mastercard,Debit,3874,Online Purchase,13427.39,ZAR,1.0,13427.39,Netflix SA,5734,Electronics Stores,uMgungundlovu,ZA,False,AUTH892245,Approved,False,True
559a350f-09f9-4ea4-ab40-b96d6350fe39,2021-06-15,2021-06-17,3c8fb798-c3b6-409f-9971-2b15000eae45,96a0dd93-d9ee-4528-9173-61228081da8c,Visa,Credit,1412,Purchase,13490.81,ZAR,1.0,13490.81,Engen,5411,Grocery Stores,Uitenhage,ZA,False,AUTH461777,Approved,False,False
bc3b697d-35e0-4dea-bae5-edf88a44923c,2019-12-15,2019-12-17,ca7906af-7f80-42a9-be69-629fb7324e20,72735915-e495-4cdb-8670-8fd2e9bdf8d1,Visa,Debit,8513,Purchase,8816.01,ZAR,1.0,8816.01,Clicks,5621,Women's Clothing Stores,Middelburg,ZA,False,AUTH507189,Declined,False,False
5fb1b986-ec97-48b9-967c-993406e6b164,2015-06-07,2015-06-09,c69ea691-8454-4fff-a519-5f3221bb6779,d29864d0-31fd-4f9f-883a-7f503b38f90f,Visa,Credit,1378,Purchase,7238.97,ZAR,1.0,7238.97,Cell C,5912,Drug Stores & Pharmacies,Brennanton,ZA,False,AUTH311319,Approved,False,True
d22df2da-b1ce-401e-8f03-b9a415d07d46,2016-11-26,2016-11-27,dfb4c8d3-6244-4f66-8b9d-97a6b5333545,4ba230a6-5e15-47e5-83ef-a692d23a7128,Mastercard,Debit,2967,Purchase,5249.06,ZAR,1.0,5249.06,Truworths,5661,Shoe Stores,Bakermouth,ZA,False,AUTH564540,Approved,False,True
88b7f4ee-24be-4336-9698-3491eed4e74f,2019-02-25,2019-02-27,feff1299-937c-40f7-a410-c2b9dbc2b24a,486ed9cf-3f99-439b-a292-305d038605bf,Visa,Credit,6054,Cash Advance,503.81,ZAR,1.0,503.81,Planet Fitness,4816,Online Services,Port Marianchester,ZA,False,AUTH810563,Approved,False,True
e27d1abf-6fe1-4a8a-abac-9c5cb8801419,2020-03-17,2020-03-19,336f8b76-410a-4137-bf38-e53cb171eb88,c1dc20be-75a1-4a1d-ac08-a8936903ed07,Mastercard,Credit,6685,Online Purchase,14485.45,ZAR,1.0,14485.45,City Power,5734,Electronics Stores,Mbombela,ZA,False,AUTH598995,Approved,False,True
7ddf80e1-7248-4537-a18c-635dd1887951,2022-09-05,2022-09-05,35546f62-b8a6-4c44-8732-216de4b3c1b0,5136d8b2-a93b-41aa-92f7-db3139d0a2d3,Mastercard,Debit,8628,Online Purchase,10244.41,ZAR,1.0,10244.41,MTN,5734,Electronics Stores,Carolynchester,ZA,False,AUTH231663,Approved,False,True
0697b735-dea0-42ea-98e9-949a9003b888,2021-06-09,2021-06-10,23954309-3a57-467d-a753-fdfafe6dfe53,e468483b-cf18-479d-8b10-3fc7f309a13a,Visa,Credit,4228,Refund,7323.57,ZAR,1.0,7323.57,Engen,7011,Hotels & Motels,Ahmedmouth,ZA,False,AUTH505023,Approved,False,True
6b3a065a-8941-48a1-b237-6ce8440470e2,2020-03-31,2020-04-02,4b004718-d836-4fb6-b039-83e1b568947f,d008e9b4-a86d-491e-bb43-dcf5c491c1cc,Visa,Debit,8809,Purchase,1138.7,ZAR,1.0,1138.7,Clicks,5734,Electronics Stores,Simonfurt,ZA,False,AUTH158394,Approved,False,True
823426a8-62b7-4fde-95a1-e5e837f899b1,2015-09-05,2015-09-06,2143fcc5-c0dd-4d9a-91a9-c397c3668087,e67fb514-f205-44b3-8ad0-92adffde1fbe,Mastercard,Debit,2795,Purchase,9691.17,ZAR,1.0,9691.17,Edgars,5541,Service Stations,Middelburg,ZA,False,AUTH668969,Approved,False,True
809e155d-1980-4365-ab15-0cc1e9d8f4d2,2018-01-11,2018-01-11,86bd2850-49bb-4cbb-953c-335aef36ef5c,f5385827-522c-4f2a-b11f-b00e9abc58f9,Mastercard,Credit,9630,Purchase,4462.61,ZAR,1.0,4462.61,Superbalist,4111,Transportation,North Jaynestad,ZA,False,AUTH522421,Declined,False,True
5147c690-ed5d-4535-bf43-a6c15519a1ea,2023-06-18,2023-06-20,199fc55c-040a-4422-82b2-ea48bcd49d87,01137316-1352-488d-a263-adc17ec0076e,Visa,Debit,7395,International Purchase,26763.15,ZAR,1.0,26763.15,Virgin Active,5541,Service Stations,Middelburg,GQ,True,AUTH673190,Approved,False,True
582c7426-8b2a-48fd-b5c3-e3a18a98379e,2020-12-26,2020-12-27,526d5f06-e2c7-4c74-81bb-046cf77becf3,cfb6b46a-57ca-4813-a5e8-ca78f77e473a,Visa,Credit,2393,Purchase,9461.05,ZAR,1.0,9461.05,Foschini,5945,Hobby & Toy Shops,Dominicmouth,ZA,False,AUTH608415,Approved,False,True
0be5311d-9e60-4de7-8000-21b0a8d4cce8,2015-11-22,2015-11-22,a4341b92-e767-4d9a-a8bc-a1cd5c3cac45,e48bf09c-1d7e-4a66-9946-31e8e782c08e,Visa,Debit,1013,Purchase,7062.01,ZAR,1.0,7062.01,Debonairs,5945,Hobby & Toy Shops,Kimberley,ZA,False,AUTH977911,Approved,False,False
17384d28-4720-4afb-a692-7476c907f5de,2016-01-22,2016-01-22,2d1a95ad-70c8-4da0-9425-cbcf269d5d92,1e1c0a15-403d-4187-8c88-eabcdf85a18b,Visa,Debit,2930,Contactless Payment,6121.49,ZAR,1.0,6121.49,Bidvest,8011,Doctors & Physicians,Chatsworth,ZA,False,AUTH505529,Approved,True,False
297f8211-abae-4c51-adaa-78e20311e322,2022-11-14,2022-11-15,9202ce26-699c-4e6b-9e8c-75a30dbd3b67,f72d813d-996f-430d-ae57-13eb80207635,Visa,Credit,9943,Purchase,14767.43,ZAR,1.0,14767.43,Total SA,5311,Department Stores,Stellenbosch,ZA,False,AUTH830692,Approved,False,True
ceadcbef-3589-4cd6-bd2d-4dd3386c78f4,2017-03-04,2017-03-04,39b67ad5-984f-44bb-8a1c-acf71a1980b7,f8d83d78-b82a-4c81-b612-0515b0350694,Visa,Debit,2650,Online Purchase,14951.56,ZAR,1.0,14951.56,Edgars,5621,Women's Clothing Stores,Middelburg,ZA,False,AUTH991000,Approved,False,True
553d8efb-9c8c-465f-8585-45477c8fd074,2022-06-17,2022-06-18,cc4d93f2-8c8d-4f30-805f-e2f4081a6155,475c2f67-b3cb-4fac-8e1a-0ed764b9a2fe,Visa,Debit,9640,Online Purchase,4928.98,ZAR,1.0,4928.98,McDonald's SA,5734,Electronics Stores,South Adam,ZA,False,AUTH403162,Approved,False,False
69b9c2b7-6c67-4ccc-acbd-f9c2a58e1c0c,2024-06-19,2024-06-21,aac5f32c-1732-4eeb-b771-b11f29217999,92c7a67a-0282-45bd-b9e5-b0c203b7dba1,Mastercard,Debit,5861,Refund,9481.88,ZAR,1.0,9481.88,Spar,8011,Doctors & Physicians,Sasolburg,ZA,False,AUTH514383,Approved,False,True
1c347632-aba1-4450-93b1-e1a37fd14fa6,2017-08-23,2017-08-25,2da72a17-96ff-44bc-a3e0-bb5ff6d8ba48,04d8ed45-f4c5-422c-9678-d8c8ce690ee3,Visa,Credit,9172,Contactless Payment,1773.9,ZAR,1.0,1773.9,Planet Fitness,5999,Retail Stores,Boksburg,ZA,False,AUTH509511,Pending,True,True
394e33ac-99b9-4ad1-9ea4-24732708e356,2021-12-02,2021-12-03,86bd2850-49bb-4cbb-953c-335aef36ef5c,f5385827-522c-4f2a-b11f-b00e9abc58f9,Visa,Debit,4218,Contactless Payment,7251.15,ZAR,1.0,7251.15,Amazon SA,5999,Retail Stores,iBhayi,ZA,False,AUTH231143,Approved,True,True
96534f2d-cd6a-4b4e-b423-8c32dc819fad,2022-10-06,2022-10-06,d7952e5b-22e9-4289-8b87-5a5b800bceb8,2949a668-9ea3-4b41-9f9a-136b86be274f,Mastercard,Debit,6512,Purchase,9599.84,ZAR,1.0,9599.84,Mr Price,5621,Women's Clothing Stores,Bloemfontein,ZA,False,AUTH312571,Approved,False,True
c3a36efa-0481-45b7-9b77-f537a02a0792,2023-12-23,2023-12-23,2bf8d2fa-f5b6-450f-8a17-636f3764609f,3acebc57-2f2f-4565-9336-7b9605009e45,Mastercard,Credit,1259,Refund,3703.31,ZAR,1.0,3703.31,Pioneer Foods,7011,Hotels & Motels,North Leanneton,ZA,False,AUTH765236,Approved,False,True
beae79b4-e1a5-41ad-82d8-81bd8a38db57,2021-04-28,2021-04-29,8fd4a71b-f5a9-4402-8203-5dcbcb3e2d8b,97ddac20-2ab1-412a-aa23-deabd20e4497,Visa,Credit,6603,Purchase,7695.48,ZAR,1.0,7695.48,MTN,4816,Online Services,Witbank,ZA,False,AUTH178646,Approved,False,True
36b4ea42-58cf-428e-9212-f60c79f49ebb,2022-06-17,2022-06-19,feff1299-937c-40f7-a410-c2b9dbc2b24a,486ed9cf-3f99-439b-a292-305d038605bf,Mastercard,Credit,5775,Contactless Payment,9551.38,ZAR,1.0,9551.38,Amazon SA,5411,Grocery Stores,Stellenbosch,ZA,False,AUTH180841,Approved,True,True
57e802e5-d874-4326-9b00-e9b36ae62658,2018-12-06,2018-12-06,6f29cf29-b65b-47e6-b3ae-5300ab3cf264,01137316-1352-488d-a263-adc17ec0076e,Mastercard,Debit,3128,Online Purchase,12647.59,ZAR,1.0,12647.59,Edgars,5541,Service Stations,Taylorborough,ZA,False,AUTH638717,Reversed,False,True
c84e453e-0dd8-4c66-8cb7-68e55b73af58,2017-03-14,2017-03-15,00fe6982-263c-4b58-8179-a46e1275ec98,c1dc20be-75a1-4a1d-ac08-a8936903ed07,Mastercard,Debit,9411,Refund,3810.13,ZAR,1.0,3810.13,KFC SA,5311,Department Stores,Middelburg,ZA,False,AUTH695672,Approved,False,True
59a834b8-d89f-44af-a121-319badfbd16c,2020-04-15,2020-04-15,3a159030-051f-4e9c-b8f5-ecff7e5cddbc,95c94f51-1c42-4219-bd5d-6d7d5f07f30b,Visa,Debit,4813,Purchase,10578.46,ZAR,1.0,10578.46,Edgars,5311,Department Stores,Sasolburg,ZA,False,AUTH949399,Approved,False,True
fb2e16be-bfeb-4f00-b555-fd7a16de8a84,2017-12-01,2017-12-03,39b67ad5-984f-44bb-8a1c-acf71a1980b7,f8d83d78-b82a-4c81-b612-0515b0350694,Visa,Debit,9385,Refund,1930.37,ZAR,1.0,1930.37,KFC SA,7011,Hotels & Motels,Mbombela,ZA,False,AUTH564381,Approved,False,True
8a6041c0-291d-4efc-b705-5dd2e6845920,2016-06-23,2016-06-24,ec87679a-3375-4518-a0c0-646cc3731d25,1be44988-6b94-488c-8b74-8099fcf311ad,Visa,Credit,2509,Purchase,13470.23,ZAR,1.0,13470.23,Shoprite,5311,Department Stores,Jonesland,ZA,False,AUTH335483,Approved,False,True
f7b1bbb0-156a-40dd-8308-92a6a074ec59,2017-05-31,2017-05-31,86bd2850-49bb-4cbb-953c-335aef36ef5c,f5385827-522c-4f2a-b11f-b00e9abc58f9,Visa,Credit,8358,Online Purchase,9733.86,ZAR,1.0,9733.86,Virgin Active,5541,Service Stations,Smithhaven,ZA,False,AUTH590630,Approved,False,True
1b2bb47d-45d3-45be-87ed-57e444b899d3,2018-10-22,2018-10-23,21c82d2b-0e15-4d2b-a5fb-0decff95e559,0da3aca3-eeff-48be-9870-f0b2cd2d53c6,Mastercard,Debit,7260,Chargeback,8348.11,ZAR,1.0,8348.11,Bidvest,5812,Eating Places & Restaurants,Davisbury,ZA,False,AUTH292363,Approved,False,True
15078c9d-d989-41c4-bcdf-2da406b7d883,2020-09-13,2020-09-13,a4341b92-e767-4d9a-a8bc-a1cd5c3cac45,e48bf09c-1d7e-4a66-9946-31e8e782c08e,Mastercard,Debit,7591,Purchase,4590.93,ZAR,1.0,4590.93,KFC SA,5812,Eating Places & Restaurants,Tembisa,ZA,False,AUTH570704,Approved,False,True
12103df4-ff2b-4fc4-9190-c0efa776a5fa,2015-12-30,2015-12-30,db617c72-425e-437c-a34a-66b127cb489e,aa0cf632-0446-46d5-9ce0-006948caa2ce,Mastercard,Debit,8929,Purchase,11089.07,ZAR,1.0,11089.07,Dischem,5541,Service Stations,Kimberley,ZA,False,AUTH248752,Approved,False,True
e4a535b4-2db8-4acb-a5cd-494addb5d843,2020-12-18,2020-12-20,7120625f-8f83-463d-86c2-61f078fe07f4,a5b3d0e7-1c37-41b2-8e9b-c9b78f83cb2d,Mastercard,Credit,4288,Contactless Payment,10414.26,ZAR,1.0,10414.26,Discovery Health,7011,Hotels & Motels,Hargreaveshaven,ZA,False,AUTH300852,Approved,True,True
58c267e2-00a7-4bb7-8484-9be90fdbefef,2022-12-09,2022-12-10,3e1f00b0-580e-4765-9b00-8aa4a93425e3,3e12b679-d262-4e5f-abb3-e50d983421e2,Mastercard,Debit,9904,Online Purchase,6454.12,ZAR,1.0,6454.12,Truworths,5621,Women's Clothing Stores,George,ZA,False,AUTH565368,Approved,False,False
cdfb7a3a-ccd4-41c4-8c82-6304b9ed564e,2017-11-24,2017-11-26,135f4e0f-cb3f-4295-8974-d59248f94e56,eaf88bf2-93bd-40fc-bc6a-c6a64d63c873,Visa,Debit,7514,Purchase,8971.69,ZAR,1.0,8971.69,Dischem,5734,Electronics Stores,Jennaburgh,ZA,False,AUTH391134,Approved,False,True
0c01d70b-0917-48bd-b4b1-e5a4aeb3c384,2024-05-09,2024-05-09,562742d0-bd33-4cc0-9193-454a4a62c33c,c39e3656-040a-45bc-a4f4-b3d763b675a8,Visa,Credit,8097,Purchase,13552.15,ZAR,1.0,13552.15,Takealot,8011,Doctors & Physicians,West Paul,ZA,False,AUTH770515,Approved,False,False
b48bc9c0-539d-47aa-a199-5df6832e2042,2022-04-11,2022-04-13,e3d96443-c719-4a01-9d3f-aa8b4640df6c,106cb973-661a-496e-a060-9e09a57efbb5,Visa,Debit,8692,Cash Advance,811.1,ZAR,1.0,811.1,Truworths,5945,Hobby & Toy Shops,Bloemfontein,ZA,False,AUTH212897,Approved,False,True
e49280fa-bfa5-4fcb-9976-84235da648da,2023-01-18,2023-01-19,7aef813b-dc7c-43e8-9b97-6ed2aa92d763,2e55a89e-d749-4d86-862c-9b529be6064f,Visa,Credit,6530,Purchase,12784.0,ZAR,1.0,12784.0,Truworths,5945,Hobby & Toy Shops,iKapa,ZA,False,AUTH491952,Pending,False,True
d9dfd7f9-ff5d-496d-957a-2a37f9672a4e,2020-08-13,2020-08-14,78a218ef-f8f6-496f-903b-dfa91c2ba2f4,5f07ee40-578a-4751-985d-4e36af164992,Visa,Credit,3331,Contactless Payment,10711.14,ZAR,1.0,10711.14,Pioneer Foods,5734,Electronics Stores,Bethlehem,ZA,False,AUTH402746,Approved,True,False
02a412ee-13e2-4488-a2b0-4b38baa16f08,2020-08-14,2020-08-15,f84582bd-160f-41e9-8e4c-01cea251f754,60e9b09c-e343-401f-9e56-3f88d8ea072a,Visa,Debit,1772,Refund,8354.69,ZAR,1.0,8354.69,Virgin Active,5912,Drug Stores & Pharmacies,Polokwane,ZA,False,AUTH661185,Approved,False,True
5780c0a3-2baa-43c3-b190-2948c14c6324,2017-04-07,2017-04-09,2be9e2d8-fbb2-4b85-b60c-c3ac61dfba33,e7668c2c-8c8f-4de3-8db4-90ad16ae9b92,Visa,Debit,7785,Refund,907.87,ZAR,1.0,907.87,Discovery Health,5912,Drug Stores & Pharmacies,Uitenhage,ZA,False,AUTH103817,Approved,False,True
3e5cf9a1-7b55-4ad3-9448-0ee98a64b686,2023-10-23,2023-10-25,ea3f5b5d-69d1-4f5a-892f-3598e5da8f70,fe7e677d-74e5-49b5-b656-0b6c8f1374bb,Visa,Debit,6579,Online Purchase,3644.08,ZAR,1.0,3644.08,Momentum,5311,Department Stores,Sasolburg,ZA,False,AUTH406487,Approved,False,True
78a19a1d-9c4b-437e-bc9e-e320bfd4fbeb,2018-11-30,2018-12-01,2143fcc5-c0dd-4d9a-91a9-c397c3668087,e67fb514-f205-44b3-8ad0-92adffde1fbe,Visa,Credit,8562,Purchase,10531.93,ZAR,1.0,10531.93,Foschini,4816,Online Services,Benoni,ZA,False,AUTH594649,Approved,False,True
f90a9126-2062-4c35-b7a2-0364dcdbdee5,2024-01-13,2024-01-15,be62e15c-7c23-42b8-ba55-8524277e4c10,50f6d663-1915-47b1-87fd-38c31e37a363,Mastercard,Debit,6533,Cash Advance,1895.19,ZAR,1.0,1895.19,Amazon SA,5999,Retail Stores,Vereeniging,ZA,False,AUTH322616,Approved,False,True
2a876c19-e9f2-4b4d-94f0-59c74d9301d4,2016-05-09,2016-05-11,920f40d1-f7a7-466f-aa09-4666c67e8967,91c9be29-eee1-4cde-a664-efe7e53212d5,Visa,Debit,5612,Purchase,6495.1,ZAR,1.0,6495.1,Pioneer Foods,5311,Department Stores,Bradyborough,ZA,False,AUTH104613,Approved,False,False
00c46b49-bc74-4f2a-bcb8-1911730232fd,2015-11-27,2015-11-27,7fa830a4-4bbf-4890-b724-7beb73038ac3,e468483b-cf18-479d-8b10-3fc7f309a13a,Visa,Credit,1790,Purchase,13348.13,ZAR,1.0,13348.13,H&M SA,5411,Grocery Stores,Port James,ZA,False,AUTH863428,Approved,False,True
ae2207e2-d956-4cb9-bf31-ebe481054dfc,2015-04-24,2015-04-26,d2fcf2e8-ef02-4aee-bc6f-02c5ab328a79,93e49ad9-221b-44ed-8d8b-837f2221b03a,Mastercard,Credit,7171,Refund,9657.12,ZAR,1.0,9657.12,Telkom,4111,Transportation,iKapa,ZA,False,AUTH736921,Approved,False,False
9291d62c-0db0-41ca-8352-1ec0122c3af8,2018-10-02,2018-10-02,9c7e2c81-a85b-4300-a99b-6edfbfd42cfe,2b230825-6b17-4ffe-9620-5f77ec1c9594,Visa,Credit,9659,Contactless Payment,2048.96,ZAR,1.0,2048.96,Foschini,5912,Drug Stores & Pharmacies,Newcastle,ZA,False,AUTH209101,Approved,True,False
53a00257-28ce-4235-8e80-69f81ebffb10,2021-04-14,2021-04-15,e3521f74-2679-412c-bb47-a397bc1e1d54,239ae69f-6fe0-4b40-91cf-cea7b0f8cec4,Visa,Credit,3123,Contactless Payment,5359.15,ZAR,1.0,5359.15,Old Mutual,5945,Hobby & Toy Shops,Potchefstroom,ZA,False,AUTH624380,Approved,True,False
f4299a9a-ab05-4f56-99c6-6f678b19dbb9,2016-06-28,2016-06-30,562742d0-bd33-4cc0-9193-454a4a62c33c,c39e3656-040a-45bc-a4f4-b3d763b675a8,Visa,Credit,9500,Refund,2204.38,ZAR,1.0,2204.38,Superbalist,5734,Electronics Stores,Lake Paulport,ZA,False,AUTH242925,Approved,False,True
84bdc2fb-e4bc-43ea-bb02-1904d247b095,2021-04-19,2021-04-20,9202ce26-699c-4e6b-9e8c-75a30dbd3b67,f72d813d-996f-430d-ae57-13eb80207635,Mastercard,Debit,4286,International Purchase,16920.95,ZAR,1.0,16920.95,Shoprite,5661,Shoe Stores,Newcastle,LT,True,AUTH267171,Approved,False,True
03af84b9-2572-4874-9e5d-daee5ec97e43,2018-12-21,2018-12-23,c20e3e17-658f-42db-8bed-0130fef2c901,f560a11f-0a60-4875-a976-a07c45530d17,Mastercard,Credit,1935,Purchase,12526.41,ZAR,1.0,12526.41,Shoprite,5999,Retail Stores,West Paigeburgh,ZA,False,AUTH105497,Approved,False,False
a5152cb2-b745-4d0f-8804-2506a2836bc7,2020-10-14,2020-10-15,0594e29f-85b7-4c9b-907f-24c8478f2410,ccfb2fd8-3927-4ffc-bb87-d12a67ce37a5,Visa,Debit,2553,Online Purchase,9986.53,ZAR,1.0,9986.53,Tiger Brands,5541,Service Stations,iKapa,ZA,False,AUTH455818,Pending,False,False
4624f514-6f86-46c0-b3cb-022114fe61f4,2016-10-12,2016-10-14,c07fb421-32df-432f-a1e3-5dca2a0d375c,d185f9f0-8fc7-406e-8e5a-ca0aeae36542,Visa,Credit,6185,Online Purchase,6313.83,ZAR,1.0,6313.83,Netflix SA,8011,Doctors & Physicians,Lake Louise,ZA,False,AUTH148504,Approved,False,True
70df6e5f-6694-4d14-ae79-ed8212abfad0,2019-09-13,2019-09-13,37ee2fc0-92b0-48d6-bc94-afa2c3d86d65,8f16d71b-084e-4609-9ded-09077e4d8d48,Visa,Credit,7616,Purchase,8721.17,ZAR,1.0,8721.17,Caltex SA,5945,Hobby & Toy Shops,Nicholsonchester,ZA,False,AUTH202988,Approved,False,True
56fc21e7-f369-41a7-9e7f-de120ba35a5a,2015-05-13,2015-05-15,3882ede9-0650-4117-b505-04f03140d409,3d67fcbd-6beb-4aed-b77d-5e1e53dd0cb2,Visa,Debit,5522,Online Purchase,6750.89,ZAR,1.0,6750.89,Woolworths,5912,Drug Stores & Pharmacies,New Carly,ZA,False,AUTH863188,Approved,False,False
67ee9322-750c-450c-b083-6b6210205390,2023-08-22,2023-08-24,f10b0f9b-017d-4bf4-af61-4f3447a68ab9,91c9be29-eee1-4cde-a664-efe7e53212d5,Mastercard,Debit,5358,Purchase,14022.84,ZAR,1.0,14022.84,Mr Price,7011,Hotels & Motels,Kimberley,ZA,False,AUTH378972,Approved,False,True
d1814c14-e144-4785-bb3d-b7148e93f207,2018-05-15,2018-05-16,218bfaab-5190-4c94-bce0-c4b85f27e67c,2f418199-1049-4389-83b4-2ea755610f9d,Mastercard,Debit,2388,Purchase,11086.61,ZAR,1.0,11086.61,Old Mutual,4816,Online Services,Newcastle,ZA,False,AUTH258458,Declined,False,True
63b6097e-4108-426c-b5d8-23cf8c070578,2018-05-11,2018-05-13,23daee00-7b68-4552-84d5-fde347167f98,1bf46838-92d1-4b07-adc1-26f9bc1a6bdd,Visa,Credit,2943,Purchase,2104.4,ZAR,1.0,2104.4,Pioneer Foods,4111,Transportation,Kathu,ZA,False,AUTH346732,Approved,False,True
c4e8429d-0c13-4196-82b1-6380913e19a6,2020-11-08,2020-11-08,97537a5d-cabb-4ff1-834f-bf6bbe065a58,2c1f5492-41c0-4eb5-ac83-84e813685831,Mastercard,Debit,2575,Contactless Payment,5227.06,ZAR,1.0,5227.06,Bidvest,5621,Women's Clothing Stores,Lawrenceview,ZA,False,AUTH233692,Approved,True,True
957d4bff-8b0c-4b8f-b3c8-764bfe958a62,2020-05-11,2020-05-12,97537a5d-cabb-4ff1-834f-bf6bbe065a58,2c1f5492-41c0-4eb5-ac83-84e813685831,Mastercard,Credit,7296,Purchase,1991.09,ZAR,1.0,1991.09,Telkom,5411,Grocery Stores,Port Denisbury,ZA,False,AUTH210408,Approved,False,False
e0d3e78f-1bcc-46c2-8590-480661991986,2017-06-04,2017-06-05,586fb80b-c9a6-4c7a-9cb3-93a45cef0412,29de0f00-71e0-4673-9a83-7340a28f9433,Visa,Credit,5347,International Purchase,35006.73,USD,19.081,667963.42,Superbalist,5661,Shoe Stores,iBhayi,KZ,True,AUTH149890,Approved,False,False
4f2efad4-d284-40d4-b6b9-6482b7b7edca,2021-12-29,2021-12-29,586fb80b-c9a6-4c7a-9cb3-93a45cef0412,29de0f00-71e0-4673-9a83-7340a28f9433,Mastercard,Debit,5320,Online Purchase,11432.56,ZAR,1.0,11432.56,Rain,5734,Electronics Stores,eGoli,ZA,False,AUTH411614,Approved,False,True
14d1c3a2-6c61-4789-90dd-c2a6ca54f072,2016-06-05,2016-06-06,89508310-0e20-4767-b6ca-b33dbc0c4fff,796496b2-fedc-473f-b0ad-08543529cc77,Visa,Debit,5036,Purchase,1887.38,ZAR,1.0,1887.38,Naspers,5661,Shoe Stores,Murraymouth,ZA,False,AUTH371562,Declined,False,False
139e7e8d-2021-4362-90e5-521173d5dd89,2023-04-15,2023-04-17,562742d0-bd33-4cc0-9193-454a4a62c33c,c39e3656-040a-45bc-a4f4-b3d763b675a8,Visa,Credit,6719,Purchase,14172.78,ZAR,1.0,14172.78,Pioneer Foods,5661,Shoe Stores,North Nicole,ZA,False,AUTH959343,Approved,False,False
af0599c4-99f7-4d30-bbf5-0c9438fdb690,2022-05-07,2022-05-07,78a218ef-f8f6-496f-903b-dfa91c2ba2f4,5f07ee40-578a-4751-985d-4e36af164992,Mastercard,Credit,3571,Refund,3555.45,ZAR,1.0,3555.45,Steers,5621,Women's Clothing Stores,Kimberley,ZA,False,AUTH760275,Approved,False,True
c99ccb81-07b6-4fb4-bd99-6f627e20082c,2019-01-23,2019-01-25,eafe49c0-9bf7-4fd2-b7aa-09b6344d100e,5ab5c897-3eeb-45ec-b3b9-ee1be43e5652,Mastercard,Credit,4602,Refund,7432.4,ZAR,1.0,7432.4,Shell SA,5812,Eating Places & Restaurants,South Jane,ZA,False,AUTH396854,Approved,False,True
efaf865e-9fc4-46ac-bd84-7c76a6eb56ac,2017-05-25,2017-05-25,1548c47b-bc81-4e5f-b221-ff7b6c016b8b,87805b14-50da-45b2-b8d0-37963f00a73b,Visa,Credit,5154,Purchase,3466.32,ZAR,1.0,3466.32,Netflix SA,5812,Eating Places & Restaurants,Port Stuartfurt,ZA,False,AUTH134643,Approved,False,False
3a87f8e6-6920-46f6-813b-fc12038f770b,2020-07-19,2020-07-19,3e1f00b0-580e-4765-9b00-8aa4a93425e3,3e12b679-d262-4e5f-abb3-e50d983421e2,Visa,Debit,4648,Purchase,12752.86,ZAR,1.0,12752.86,Gym Company,5661,Shoe Stores,Jonesville,ZA,False,AUTH189279,Approved,False,True
de0c404a-9287-4beb-8697-924eb1adb847,2015-03-10,2015-03-12,2f40bed9-acd6-44b5-b602-97d39a9dc3a7,01137316-1352-488d-a263-adc17ec0076e,Visa,Credit,8505,Purchase,8884.19,ZAR,1.0,8884.19,Gym Company,4816,Online Services,Matthewsberg,ZA,False,AUTH555679,Reversed,False,False
8360a5dc-801e-436e-92ff-377b4b66c17b,2020-09-02,2020-09-03,51c3d72e-845a-4bd4-976b-1c3857a20752,c3d68512-ee39-41cc-9791-0586599d9721,Mastercard,Debit,2801,Refund,4943.06,ZAR,1.0,4943.06,Foschini,5945,Hobby & Toy Shops,Vereeniging,ZA,False,AUTH327855,Approved,False,True
1dc3fd8e-45f6-4dcd-85e5-4c3ee9bc6106,2015-11-08,2015-11-09,8723aed5-97bd-488b-8ff1-776545d3901a,bbbac18e-3bf9-43fa-9184-da720b7e6c0d,Mastercard,Credit,1551,Purchase,9533.11,ZAR,1.0,9533.11,Truworths,7011,Hotels & Motels,Peterland,ZA,False,AUTH208944,Approved,False,True
8bb2a644-f5f0-4fed-b504-6047df2a0902,2024-05-02,2024-05-03,e3d96443-c719-4a01-9d3f-aa8b4640df6c,106cb973-661a-496e-a060-9e09a57efbb5,Visa,Credit,8165,Purchase,14791.17,ZAR,1.0,14791.17,Cell C,7011,Hotels & Motels,South Joanne,ZA,False,AUTH345052,Approved,False,True
460600aa-cd19-45e7-93af-53bebe4bf827,2020-11-02,2020-11-03,df09270a-820a-466a-bf70-721bb00f6850,f08a0cb8-0801-4ed0-bad6-d7251ed2fea2,Visa,Credit,9521,Purchase,14335.15,ZAR,1.0,14335.15,City Power,5999,Retail Stores,Soweto,ZA,False,AUTH411607,Approved,False,True
c657e75a-4b4b-468a-832a-17413d8c8b88,2016-05-26,2016-05-27,35546f62-b8a6-4c44-8732-216de4b3c1b0,5136d8b2-a93b-41aa-92f7-db3139d0a2d3,Mastercard,Credit,1457,Contactless Payment,6206.42,ZAR,1.0,6206.42,Total SA,5812,Eating Places & Restaurants,Williamshaven,ZA,False,AUTH718730,Approved,True,True
1ce2456f-1c75-4eb9-a330-4d63596647fc,2023-09-16,2023-09-16,cdaec3c8-a553-4168-8956-d80c9a9098b4,0ec62bd1-42db-4ffd-b12d-f1738b4fdec9,Visa,Credit,4605,Contactless Payment,9675.63,ZAR,1.0,9675.63,Spar,5661,Shoe Stores,Vanderbijlpark,ZA,False,AUTH603391,Reversed,True,True
c9c30d20-ed19-4b27-a952-9f974e2cff31,2019-11-05,2019-11-06,25db4c54-6c26-4cee-b061-bdd813529556,52347243-9079-4ddd-b580-f6bf33305faa,Visa,Credit,6185,Purchase,12978.78,ZAR,1.0,12978.78,Steers,8011,Doctors & Physicians,South Victorburgh,ZA,False,AUTH513885,Approved,False,True
62fc9c0b-6189-45e5-970f-be693f03ec67,2024-06-18,2024-06-19,f10b0f9b-017d-4bf4-af61-4f3447a68ab9,91c9be29-eee1-4cde-a664-efe7e53212d5,Mastercard,Debit,9964,International Purchase,23714.98,GBP,24.476,580447.85,Shoprite,5945,Hobby & Toy Shops,Stellenbosch,TT,True,AUTH500024,Approved,False,True
805f518c-1677-4b28-8479-368f90f15459,2019-03-29,2019-03-29,63ab2f34-dcdc-4e11-932a-63aa3598f8ee,7d4231d8-3c31-40d7-b590-408208c140a4,Mastercard,Debit,1422,Purchase,9835.79,ZAR,1.0,9835.79,Netflix SA,5621,Women's Clothing Stores,Kathu,ZA,False,AUTH488789,Approved,False,True
0d80b830-0136-4dd8-8d38-c8e62b37d5d4,2017-05-09,2017-05-10,3882ede9-0650-4117-b505-04f03140d409,3d67fcbd-6beb-4aed-b77d-5e1e53dd0cb2,Visa,Credit,4197,Contactless Payment,13258.55,ZAR,1.0,13258.55,Naspers,5734,Electronics Stores,Randfontein,ZA,False,AUTH679476,Pending,True,False
ba786cad-35ba-4e0b-b67c-c3dda81a71be,2015-07-05,2015-07-05,f2565d0e-f8d4-42d3-abea-5f571338fc08,f1584ac8-e703-493b-b684-5079521cb443,Mastercard,Debit,9779,Purchase,11559.68,ZAR,1.0,11559.68,Woolworths,4814,Telecommunications,Jonesberg,ZA,False,AUTH828373,Approved,False,False
e7835ba2-d47e-4003-a13d-8675a885010f,2019-02-23,2019-02-25,86bd2850-49bb-4cbb-953c-335aef36ef5c,f5385827-522c-4f2a-b11f-b00e9abc58f9,Mastercard,Credit,4572,Contactless Payment,13415.55,ZAR,1.0,13415.55,BP SA,7011,Hotels & Motels,Mandyfort,ZA,False,AUTH547221,Approved,True,True
b167586e-88c2-4c61-9a9b-80176710c1db,2022-08-15,2022-08-15,d1c60b8b-8b23-448a-a853-e84ceb19ead5,5427a72c-adea-4248-901b-4111111cdd4b,Visa,Debit,6294,Refund,8899.79,ZAR,1.0,8899.79,Eskom,5734,Electronics Stores,Peterside,ZA,False,AUTH604158,Approved,False,True
21bf7cac-3215-42df-9ef6-86a1589004a7,2017-03-02,2017-03-04,aeff89cd-3c53-4414-b22b-489c1649d441,bd5e639e-5096-4b8e-ab11-dd6fbdee615b,Mastercard,Credit,5574,International Purchase,4412.45,GBP,24.6741,108873.23,Pioneer Foods,5812,Eating Places & Restaurants,Thohoyandou,LB,True,AUTH529857,Approved,False,True
e64aabf0-e2ef-458f-bdbb-bd63a5c99de5,2017-04-14,2017-04-15,ea30a547-290d-4b22-9e7c-c2ef9891fc4d,35467d6b-f1b1-4241-815d-df93767762c1,Mastercard,Credit,1665,International Purchase,22800.53,USD,18.8043,428748.01,Steers,4111,Transportation,Middelburg,OM,True,AUTH292689,Approved,False,False
28dd173c-2ee1-4aa6-88dc-3a3e33b2b04e,2024-04-02,2024-04-02,699cd23b-fb1d-4f45-8f13-ec500d08a994,4899ed45-9c58-43fc-a9b1-110f1e0da786,Mastercard,Credit,7977,Contactless Payment,9578.26,ZAR,1.0,9578.26,Tiger Brands,7011,Hotels & Motels,Boksburg,ZA,False,AUTH622560,Approved,True,False
2d78c2ba-acb7-4852-8a38-fbbe1cf9df48,2020-12-12,2020-12-14,24c74360-9832-4d08-89dd-a00aaef9e898,31e7d721-e2e5-4bc2-8b0f-1c16bf58e45e,Mastercard,Credit,7308,Contactless Payment,6956.66,ZAR,1.0,6956.66,Checkers,5621,Women's Clothing Stores,New Brian,ZA,False,AUTH926083,Approved,True,False
4c412e15-d9c5-439a-ab4d-91f683a29cef,2024-01-02,2024-01-04,8d039ef6-8817-4daf-8557-6afd37468d93,3b306728-de33-45da-8613-34f78fd3ca6a,Visa,Credit,2083,Contactless Payment,7628.43,ZAR,1.0,7628.43,Dischem,5621,Women's Clothing Stores,George,ZA,False,AUTH672562,Approved,True,True
b927e254-77c9-444d-a073-2beb04fa2ee5,2019-03-08,2019-03-09,357fe0dd-b2e6-41e7-bc2b-c441b7603862,80a0e354-f0ed-4c02-8581-df6ad8d9e5b4,Visa,Debit,7982,Purchase,4509.46,ZAR,1.0,4509.46,Spur,5411,Grocery Stores,New Staceymouth,ZA,False,AUTH365723,Approved,False,True
dc5ebb48-2a8c-49cf-830c-72fc5f8a97b8,2018-02-24,2018-02-25,d7952e5b-22e9-4289-8b87-5a5b800bceb8,2949a668-9ea3-4b41-9f9a-136b86be274f,Visa,Credit,6084,Refund,8692.02,ZAR,1.0,8692.02,Netflix SA,5411,Grocery Stores,Springs,ZA,False,AUTH798935,Approved,False,True
8c9eb2f6-8507-4871-bdc3-797d9efa8977,2022-04-29,2022-04-29,920f40d1-f7a7-466f-aa09-4666c67e8967,91c9be29-eee1-4cde-a664-efe7e53212d5,Mastercard,Credit,1338,Purchase,12070.46,ZAR,1.0,12070.46,Gym Company,5812,Eating Places & Restaurants,North Naomistad,ZA,False,AUTH921542,Approved,False,True
66e20520-a29b-4ef0-bd75-b30bf2166509,2021-05-29,2021-05-31,ad695409-e052-4bb8-83f8-6400e38a55f4,0197d7ef-b2fb-457c-9bdd-b76dc3b0d59e,Visa,Credit,9853,International Purchase,28992.02,USD,18.3926,533238.63,Virgin Active,5812,Eating Places & Restaurants,Soweto,IR,True,AUTH847203,Approved,False,True
b95c406f-94f1-4bcb-b81e-d452719f4aec,2023-05-13,2023-05-15,3a159030-051f-4e9c-b8f5-ecff7e5cddbc,95c94f51-1c42-4219-bd5d-6d7d5f07f30b,Mastercard,Debit,4677,Purchase,14720.26,ZAR,1.0,14720.26,Foschini,4816,Online Services,Potchefstroom,ZA,False,AUTH602530,Approved,False,True
c931211b-7136-479c-afd2-9c33bcd5313a,2015-05-15,2015-05-16,df09270a-820a-466a-bf70-721bb00f6850,f08a0cb8-0801-4ed0-bad6-d7251ed2fea2,Visa,Credit,8618,Purchase,7023.47,ZAR,1.0,7023.47,Clicks,5945,Hobby & Toy Shops,Ruthmouth,ZA,False,AUTH661375,Approved,False,False
3b725e8a-64f8-486f-bd3a-c48f4233333f,2021-09-05,2021-09-05,fed69861-8ec4-4b55-b235-e1a07492e0c5,bca80148-e7b8-4cd0-9ed4-29ebc0a69045,Mastercard,Debit,8005,Purchase,10157.7,ZAR,1.0,10157.7,MTN,7011,Hotels & Motels,eThekwini,ZA,False,AUTH814878,Approved,False,True
2614c50c-5b5b-465d-9ff4-e18db9b22285,2018-10-18,2018-10-18,75d167cd-b2a3-4603-b9e8-90f9e4e7dae4,445d1261-31b5-4737-96e9-9f67918894a2,Mastercard,Debit,6825,Contactless Payment,8868.32,ZAR,1.0,8868.32,Cell C,5661,Shoe Stores,eThekwini,ZA,False,AUTH363742,Approved,True,False
b4aa4d2f-3f14-49b9-9a09-2bbfc6e2bf7f,2016-03-17,2016-03-19,aac5f32c-1732-4eeb-b771-b11f29217999,92c7a67a-0282-45bd-b9e5-b0c203b7dba1,Mastercard,Debit,6568,Purchase,1196.81,ZAR,1.0,1196.81,Eskom,4814,Telecommunications,Bloemfontein,ZA,False,AUTH465533,Approved,False,False
2124db1c-0b49-4b4b-829a-5fab63deebb5,2019-08-27,2019-08-27,2306d171-782e-48a8-9934-2a665366e51e,2ecc888d-d15b-4f39-b160-3e1801da08c9,Visa,Credit,8461,Purchase,13977.08,ZAR,1.0,13977.08,Momentum,5812,Eating Places & Restaurants,North Carlyhaven,ZA,False,AUTH202830,Approved,False,False
f2d1a512-2d23-406c-891c-6b3a9428cd54,2015-02-23,2015-02-25,52973e09-5cc7-4418-af22-95f871ac3698,005acb16-83f0-4423-a42f-150fbdebffc9,Mastercard,Debit,4110,Refund,9741.74,ZAR,1.0,9741.74,Caltex SA,5912,Drug Stores & Pharmacies,South Henryburgh,ZA,False,AUTH856075,Approved,False,True
ae56a872-cc46-413f-a841-e9bfb6491343,2020-08-02,2020-08-02,0fe356f8-f46a-4f49-ae78-2a7ccbdd02f4,19720c0b-051e-47ea-b902-9b819c88f5ca,Mastercard,Credit,9188,Purchase,6124.79,ZAR,1.0,6124.79,Mr Price,5411,Grocery Stores,Witbank,ZA,False,AUTH157851,Approved,False,True
f114b541-5d10-497c-8147-4325abe4caec,2021-06-02,2021-06-03,c42d8640-cf6b-42f1-ab42-941239ae7479,88faa5c9-4534-4792-8d20-8b7f6ca3c0fd,Mastercard,Debit,8118,Purchase,14326.43,ZAR,1.0,14326.43,Momentum,5311,Department Stores,Rustenburg,ZA,False,AUTH885709,Approved,False,True
95b13011-217c-47e4-abcf-49d782fe027a,2018-06-17,2018-06-17,52a4cc24-f574-4f97-8a7f-81182feb1bca,69a41e41-6acb-4658-847d-8f0ff4992a00,Mastercard,Credit,8408,International Purchase,21602.09,GBP,22.4276,484483.03,Eskom,5734,Electronics Stores,Upington,CL,True,AUTH618796,Approved,False,False
9894095c-0bf7-486a-8259-c669b05f7789,2015-10-02,2015-10-02,d1c60b8b-8b23-448a-a853-e84ceb19ead5,5427a72c-adea-4248-901b-4111111cdd4b,Mastercard,Debit,5506,International Purchase,2615.32,ZAR,1.0,2615.32,City Power,4814,Telecommunications,Rustenburg,AL,True,AUTH465193,Approved,False,True
171cc533-faae-4391-9ef4-c194760a4c19,2020-03-19,2020-03-19,0fe356f8-f46a-4f49-ae78-2a7ccbdd02f4,19720c0b-051e-47ea-b902-9b819c88f5ca,Mastercard,Credit,5082,Contactless Payment,5462.73,ZAR,1.0,5462.73,Shell SA,8011,Doctors & Physicians,North Barry,ZA,False,AUTH240555,Approved,True,True
fca93bba-a2f8-4ba8-a4e2-ca0da76b3288,2016-08-25,2016-08-27,4b1b6349-a418-4ad6-a483-5f8f7e720193,93c73736-9251-4422-849a-28d5d4bdc725,Visa,Debit,7696,Online Purchase,14947.96,ZAR,1.0,14947.96,Total SA,5541,Service Stations,South Naomi,ZA,False,AUTH679996,Approved,False,False
8f1b7062-c780-4a90-b84b-446c25eeae63,2024-10-08,2024-10-08,a4341b92-e767-4d9a-a8bc-a1cd5c3cac45,e48bf09c-1d7e-4a66-9946-31e8e782c08e,Mastercard,Debit,9195,Contactless Payment,5740.46,ZAR,1.0,5740.46,Truworths,8011,Doctors & Physicians,West Rita,ZA,False,AUTH652997,Approved,True,True
6836ebee-a594-4629-b38e-d6057efca1f2,2022-03-30,2022-04-01,8fd4a71b-f5a9-4402-8203-5dcbcb3e2d8b,97ddac20-2ab1-412a-aa23-deabd20e4497,Mastercard,Debit,4252,Purchase,13405.55,ZAR,1.0,13405.55,Netflix SA,5812,Eating Places & Restaurants,Shanefort,ZA,False,AUTH357428,Approved,False,True
0d67c648-cfbe-45d3-bc58-29e27e47e912,2016-04-24,2016-04-26,8d039ef6-8817-4daf-8557-6afd37468d93,3b306728-de33-45da-8613-34f78fd3ca6a,Visa,Debit,9301,Contactless Payment,8543.39,ZAR,1.0,8543.39,Woolworths,5661,Shoe Stores,Lake Tobyfort,ZA,False,AUTH626105,Approved,True,True
db2e2507-22d3-4731-a5eb-82933278d8de,2022-08-04,2022-08-06,5137b34d-8625-47ad-87b4-3444074f3fc3,b4ebc28f-526a-45ea-823c-588724471955,Mastercard,Debit,7979,Online Purchase,8855.27,ZAR,1.0,8855.27,Gym Company,5621,Women's Clothing Stores,Springs,ZA,False,AUTH501831,Approved,False,True
08c4f9b7-7296-4e5d-ae98-16cca4de323b,2021-02-04,2021-02-04,63ab2f34-dcdc-4e11-932a-63aa3598f8ee,7d4231d8-3c31-40d7-b590-408208c140a4,Mastercard,Debit,4122,Purchase,7275.79,ZAR,1.0,7275.79,BP SA,4111,Transportation,Janefort,ZA,False,AUTH799789,Approved,False,True
0ab8c172-897e-44c0-bb5a-72c5680c067f,2016-04-03,2016-04-04,2d269844-d32d-48d0-acbd-011f5e84612a,696dd856-e6af-4dd3-9595-cc197764d7c1,Visa,Credit,9084,Purchase,2258.68,ZAR,1.0,2258.68,Eskom,5661,Shoe Stores,Lake Jessicaside,ZA,False,AUTH796983,Approved,False,True
85749016-8e03-4f60-8ff9-4b8c0ef678c4,2017-02-09,2017-02-09,5d46670a-5225-449b-86c3-a18bc4e72537,148694da-57d4-425a-9f97-96d8293011be,Mastercard,Credit,3813,Purchase,12048.18,ZAR,1.0,12048.18,Telkom,7011,Hotels & Motels,West Leah,ZA,False,AUTH730702,Approved,False,True
523455b4-981e-4de0-a4dc-2b1255d77ae9,2020-04-05,2020-04-06,2bb22dfa-4591-42ad-8ca2-9d8ac28410c2,28720e79-2cb0-4e43-86b0-8b3a863c5f5b,Visa,Debit,1890,Purchase,5594.98,ZAR,1.0,5594.98,Planet Fitness,5661,Shoe Stores,Christinebury,ZA,False,AUTH875975,Approved,False,True
e789c442-e17a-4f5d-ad8e-67c6759e02d8,2017-12-24,2017-12-24,23954309-3a57-467d-a753-fdfafe6dfe53,e468483b-cf18-479d-8b10-3fc7f309a13a,Visa,Credit,6281,Purchase,9069.25,ZAR,1.0,9069.25,Shell SA,4814,Telecommunications,Garyview,ZA,False,AUTH575584,Approved,False,False
c46b56f1-0d51-4d7a-a7f8-2d21038b2e3b,2021-03-06,2021-03-08,5a870365-af3d-4a7e-8930-be9fb8b3306c,52c43632-653a-46c0-a7af-cb4c3a1026a2,Visa,Credit,4034,Contactless Payment,3889.61,ZAR,1.0,3889.61,Telkom,5661,Shoe Stores,Wheelerside,ZA,False,AUTH827545,Approved,True,True
50eab389-6b98-4cd8-8f90-9bd036de6673,2023-01-17,2023-01-19,dfb4c8d3-6244-4f66-8b9d-97a6b5333545,4ba230a6-5e15-47e5-83ef-a692d23a7128,Visa,Credit,8449,Online Purchase,12511.51,ZAR,1.0,12511.51,Steers,5812,Eating Places & Restaurants,Katherineborough,ZA,False,AUTH918760,Pending,False,False
3c0dbf78-cf33-4130-804e-fc5c84b3979c,2021-11-08,2021-11-10,2394630b-f57c-4ba1-8501-c26889763147,802e7e56-190c-41fd-a9d0-3d2880dd2cc3,Mastercard,Debit,4533,Purchase,4009.48,ZAR,1.0,4009.48,Momentum,4814,Telecommunications,Port Bryan,ZA,False,AUTH231145,Approved,False,True
6c0f315a-76bf-441b-b9d4-46e7fe9df8d8,2016-03-25,2016-03-26,e3521f74-2679-412c-bb47-a397bc1e1d54,239ae69f-6fe0-4b40-91cf-cea7b0f8cec4,Visa,Debit,4069,Purchase,1651.83,ZAR,1.0,1651.83,Pick n Pay,5999,Retail Stores,Potchefstroom,ZA,False,AUTH162659,Declined,False,False
b9d496ed-c646-4cdd-94e1-788a08102ea9,2021-01-14,2021-01-14,ca7906af-7f80-42a9-be69-629fb7324e20,72735915-e495-4cdb-8670-8fd2e9bdf8d1,Visa,Debit,5322,International Purchase,6959.28,EUR,20.1676,140351.98,City Power,5812,Eating Places & Restaurants,Port Helen,GM,True,AUTH884562,Approved,False,True
a6c50cac-33b9-4b4b-b7f5-baeea27c4e07,2020-06-18,2020-06-18,6f29cf29-b65b-47e6-b3ae-5300ab3cf264,01137316-1352-488d-a263-adc17ec0076e,Mastercard,Debit,2171,Purchase,372.93,ZAR,1.0,372.93,Mr Price,5945,Hobby & Toy Shops,Burkehaven,ZA,False,AUTH807282,Approved,False,False
ab1bf0b5-771b-409c-84ca-c43df99d2204,2019-06-29,2019-06-29,232a900f-e0f5-46b1-b3b6-0c6117dea625,27b64371-9beb-43d4-b155-f5264a48d714,Mastercard,Debit,6583,International Purchase,24678.14,GBP,22.2432,548920.8,Checkers,4111,Transportation,East Robert,PY,True,AUTH514911,Approved,False,True
54e45b4f-d7af-4fde-ba48-30c8889a0f33,2018-06-12,2018-06-14,28557b72-bf6c-4a63-8a60-d0e3a9d17ce5,04485172-9859-4d78-ab90-1473d401724d,Visa,Credit,8447,Purchase,6516.14,ZAR,1.0,6516.14,Rain,7011,Hotels & Motels,Burgesshaven,ZA,False,AUTH498868,Approved,False,True
e6015ca6-cbd5-4570-934a-23ce4d9ebbab,2021-07-18,2021-07-20,8fd4a71b-f5a9-4402-8203-5dcbcb3e2d8b,97ddac20-2ab1-412a-aa23-deabd20e4497,Visa,Credit,1484,Chargeback,5733.49,ZAR,1.0,5733.49,Planet Fitness,5541,Service Stations,East Naomi,ZA,False,AUTH682424,Approved,False,True
b7115bd2-f056-4dc8-85b5-97dbc7265048,2022-10-04,2022-10-06,5461ca2f-1892-4371-b2a2-7c455e990452,1bf46838-92d1-4b07-adc1-26f9bc1a6bdd,Visa,Debit,4135,Purchase,10550.96,ZAR,1.0,10550.96,Momentum,4816,Online Services,Lake Francesca,ZA,False,AUTH453550,Approved,False,False
456e0e27-0cc3-4152-bd49-034a3efd5d1e,2019-08-06,2019-08-07,2da72a17-96ff-44bc-a3e0-bb5ff6d8ba48,04d8ed45-f4c5-422c-9678-d8c8ce690ee3,Visa,Credit,1749,Contactless Payment,3303.28,ZAR,1.0,3303.28,Debonairs,4111,Transportation,Normanchester,ZA,False,AUTH905744,Approved,True,True
6db2d403-dc27-4ebe-bd86-9bbef5899585,2020-02-07,2020-02-09,ca7906af-7f80-42a9-be69-629fb7324e20,72735915-e495-4cdb-8670-8fd2e9bdf8d1,Mastercard,Credit,5336,Refund,9839.01,ZAR,1.0,9839.01,Zara SA,5311,Department Stores,West Peterport,ZA,False,AUTH649939,Approved,False,False
b5016cc5-b531-429a-b27a-e6f7bda79521,2024-03-12,2024-03-14,d2fcf2e8-ef02-4aee-bc6f-02c5ab328a79,93e49ad9-221b-44ed-8d8b-837f2221b03a,Visa,Credit,9021,Purchase,6660.66,ZAR,1.0,6660.66,Edgars,5541,Service Stations,West Ryanburgh,ZA,False,AUTH791382,Approved,False,False
284f8bb3-6288-406f-a172-f0bcea9b2f7f,2023-09-04,2023-09-06,ca7906af-7f80-42a9-be69-629fb7324e20,72735915-e495-4cdb-8670-8fd2e9bdf8d1,Visa,Credit,8080,Purchase,10427.86,ZAR,1.0,10427.86,Dischem,5621,Women's Clothing Stores,Halltown,ZA,False,AUTH651017,Approved,False,False
12db13ca-d67f-4b41-9fd2-9d43e9381fca,2017-11-29,2017-11-30,9202ce26-699c-4e6b-9e8c-75a30dbd3b67,f72d813d-996f-430d-ae57-13eb80207635,Mastercard,Debit,8672,Refund,7839.16,ZAR,1.0,7839.16,Edgars,5999,Retail Stores,Benoni,ZA,False,AUTH103197,Approved,False,True
58333e14-35a3-4291-b332-44f9ef07ce71,2022-12-04,2022-12-04,3c8fb798-c3b6-409f-9971-2b15000eae45,96a0dd93-d9ee-4528-9173-61228081da8c,Visa,Debit,6489,Purchase,9748.82,ZAR,1.0,9748.82,BP SA,4814,Telecommunications,Port Mandy,ZA,False,AUTH224801,Approved,False,False
546f4b60-0a3b-4fb4-b82e-b0acbcb11f77,2022-12-21,2022-12-23,5c81b1bd-9dfe-4a26-903c-066c5f50e929,67c9be79-bce5-4b32-a44d-98517a2477e3,Mastercard,Debit,1124,Purchase,2521.83,ZAR,1.0,2521.83,Foschini,5311,Department Stores,Stellenbosch,ZA,False,AUTH617262,Approved,False,True
545f2bf4-6403-4195-9eb7-968985e3d751,2022-09-17,2022-09-19,050a2c77-0f72-4593-a5a8-8e26eccc6d35,7f164959-ebef-49cb-89cd-6a303fdad6f3,Visa,Credit,6044,Contactless Payment,9063.29,ZAR,1.0,9063.29,Rain,4814,Telecommunications,Lake Wendy,ZA,False,AUTH498888,Approved,True,False
58c4d373-8500-4cda-b85e-955e5e39d8ae,2023-08-13,2023-08-15,7867629d-04e0-4401-8c0b-ad6a57d69ac8,9a3f7ed0-8efc-4452-905c-031240e0733f,Mastercard,Debit,8849,Refund,8145.77,ZAR,1.0,8145.77,Spur,5661,Shoe Stores,Uitenhage,ZA,False,AUTH460676,Approved,False,True
538790e3-88bd-455e-8af0-5042bbf8a2ae,2020-12-06,2020-12-08,5656c271-b7f6-47be-a823-9b30ba17ca69,7b6b59d2-c460-4e97-b24f-535647c53c9c,Mastercard,Debit,7321,Contactless Payment,13686.42,ZAR,1.0,13686.42,Netflix SA,4814,Telecommunications,East Chelseatown,ZA,False,AUTH905707,Approved,True,False
d0ceb2ce-8a2c-4170-af05-9a7591694079,2024-01-23,2024-01-23,c42d8640-cf6b-42f1-ab42-941239ae7479,88faa5c9-4534-4792-8d20-8b7f6ca3c0fd,Mastercard,Debit,9184,Refund,8117.75,ZAR,1.0,8117.75,Rain,5661,Shoe Stores,Kimberley,ZA,False,AUTH690204,Declined,False,True
367784c6-3a05-4e56-9b2d-bac6b621a160,2015-12-04,2015-12-04,3a110452-e114-47e9-83fd-63718fc0960b,526d7d1c-ebad-40c5-9ff2-b568477570ad,Mastercard,Debit,8349,Refund,2388.23,ZAR,1.0,2388.23,Eskom,5621,Women's Clothing Stores,Jamiestad,ZA,False,AUTH361365,Approved,False,False
375f3190-a667-4633-b7f9-1cd2d4dd28f8,2018-04-16,2018-04-17,fce6c593-c13e-4a92-bea7-d82654dbd4a8,dcfecbca-5653-435d-87a6-aafd3d6ffb52,Visa,Debit,1858,Contactless Payment,9762.32,ZAR,1.0,9762.32,Amazon SA,5661,Shoe Stores,eGoli,ZA,False,AUTH383801,Approved,True,True
08f129ae-c434-4d25-a0eb-f142582495fa,2024-11-23,2024-11-24,4b1b6349-a418-4ad6-a483-5f8f7e720193,93c73736-9251-4422-849a-28d5d4bdc725,Visa,Credit,2243,Purchase,14400.7,ZAR,1.0,14400.7,Steers,4814,Telecommunications,Danielburgh,ZA,False,AUTH975258,Approved,False,True
9a2729dc-427d-4f09-9b07-a402eccae0b5,2019-08-14,2019-08-14,ec87679a-3375-4518-a0c0-646cc3731d25,1be44988-6b94-488c-8b74-8099fcf311ad,Mastercard,Credit,3093,Purchase,13980.86,ZAR,1.0,13980.86,Superbalist,5999,Retail Stores,Tembisa,ZA,False,AUTH907307,Approved,False,False
91c832af-ecb0-48eb-9a25-a78709f32aed,2020-03-22,2020-03-24,ad695409-e052-4bb8-83f8-6400e38a55f4,0197d7ef-b2fb-457c-9bdd-b76dc3b0d59e,Visa,Credit,8240,Online Purchase,10212.46,ZAR,1.0,10212.46,Pioneer Foods,4814,Telecommunications,North Bradley,ZA,False,AUTH488844,Pending,False,False
2584a47d-7421-47b6-b293-9c61cd163000,2020-03-25,2020-03-25,aeff89cd-3c53-4414-b22b-489c1649d441,bd5e639e-5096-4b8e-ab11-dd6fbdee615b,Mastercard,Debit,3013,Contactless Payment,6647.6,ZAR,1.0,6647.6,Steers,8011,Doctors & Physicians,Lydiabury,ZA,False,AUTH993283,Approved,True,False
2afee33d-d0da-4efd-ad0b-a04f516c3de5,2018-08-22,2018-08-22,db2a1018-04fc-4b89-bded-9d908c281204,2ea14f7d-a56a-4f64-86f9-a70de9fdfd34,Visa,Debit,6848,Purchase,4653.97,ZAR,1.0,4653.97,Planet Fitness,5411,Grocery Stores,Boksburg,ZA,False,AUTH994535,Approved,False,False
fe4ecaf6-1a56-487b-a26d-4c4a0fed7a2e,2019-03-02,2019-03-04,c20e3e17-658f-42db-8bed-0130fef2c901,f560a11f-0a60-4875-a976-a07c45530d17,Visa,Debit,6238,Online Purchase,12927.34,ZAR,1.0,12927.34,Clicks,4111,Transportation,Mbombela,ZA,False,AUTH520988,Approved,False,False
ec8890f0-e2a1-4196-863d-77b32034e6d5,2020-01-06,2020-01-07,59711b52-4b18-4407-95a8-40de9422b3f5,447cf377-fced-4c3f-8591-b9520197daf7,Mastercard,Debit,4217,Contactless Payment,11848.53,ZAR,1.0,11848.53,Planet Fitness,5734,Electronics Stores,Vereeniging,ZA,False,AUTH584611,Approved,True,True
3f706590-9524-402e-904d-3b0f56142ac2,2024-08-31,2024-09-02,336f8b76-410a-4137-bf38-e53cb171eb88,c1dc20be-75a1-4a1d-ac08-a8936903ed07,Visa,Debit,5287,Refund,3819.31,ZAR,1.0,3819.31,Discovery Health,5912,Drug Stores & Pharmacies,West Mohammedfurt,ZA,False,AUTH905537,Approved,False,True
94367bb8-2caa-493a-8c23-2897f18a5fc9,2022-12-19,2022-12-19,336f8b76-410a-4137-bf38-e53cb171eb88,c1dc20be-75a1-4a1d-ac08-a8936903ed07,Visa,Debit,2952,Contactless Payment,11062.1,ZAR,1.0,11062.1,KFC SA,5311,Department Stores,South Arthur,ZA,False,AUTH940331,Declined,True,True
27eee179-dcd7-48b6-a522-5e83f80edd3b,2021-10-17,2021-10-18,feff1299-937c-40f7-a410-c2b9dbc2b24a,486ed9cf-3f99-439b-a292-305d038605bf,Mastercard,Debit,3015,International Purchase,46179.67,GBP,22.3256,1030988.84,Takealot,5411,Grocery Stores,Bethlehem,TL,True,AUTH553662,Approved,False,True
643173d9-6cb2-43ea-9369-85fdd0df9a10,2020-11-06,2020-11-08,997d4533-20ea-4718-aacf-97d0a3287dc8,d7243b67-f245-405d-aa9e-5320dfd3fe49,Mastercard,Credit,7201,Purchase,3438.15,ZAR,1.0,3438.15,H&M SA,5945,Hobby & Toy Shops,Lake Leehaven,ZA,False,AUTH336466,Declined,False,True
fdc4ccc3-727d-4d1e-b63a-f51181dd9a19,2015-12-21,2015-12-21,2306d171-782e-48a8-9934-2a665366e51e,2ecc888d-d15b-4f39-b160-3e1801da08c9,Visa,Debit,1675,Refund,1840.52,ZAR,1.0,1840.52,Clicks,5945,Hobby & Toy Shops,Wilsonborough,ZA,False,AUTH585307,Approved,False,False
03ee3499-6304-4830-85ea-d940b9c54ded,2020-03-07,2020-03-07,97537a5d-cabb-4ff1-834f-bf6bbe065a58,2c1f5492-41c0-4eb5-ac83-84e813685831,Mastercard,Debit,2266,Purchase,10015.85,ZAR,1.0,10015.85,Mr Price,5912,Drug Stores & Pharmacies,Iainmouth,ZA,False,AUTH436538,Approved,False,True
eaf20890-0923-41d8-8f92-e7f0c25eb947,2021-08-12,2021-08-13,82fa8ab9-24e2-490b-bacc-e9c122ee0ff1,02523414-87f6-4817-8cf2-297f40600402,Visa,Credit,7532,International Purchase,44843.37,GBP,22.3544,1002446.63,Debonairs,4816,Online Services,Musina,UY,True,AUTH679379,Approved,False,True
14f9a95e-2465-4feb-b0b9-97dbf96b4eac,2017-04-06,2017-04-08,d7952e5b-22e9-4289-8b87-5a5b800bceb8,2949a668-9ea3-4b41-9f9a-136b86be274f,Mastercard,Debit,6149,Purchase,11980.82,ZAR,1.0,11980.82,Dischem,4816,Online Services,Randfontein,ZA,False,AUTH572401,Approved,False,True
4d6e78bb-fb4c-46c3-8b1a-10c1aaa9de24,2022-03-26,2022-03-28,39b67ad5-984f-44bb-8a1c-acf71a1980b7,f8d83d78-b82a-4c81-b612-0515b0350694,Visa,Debit,3359,Refund,9390.47,ZAR,1.0,9390.47,Bidvest,5945,Hobby & Toy Shops,Krugersdorp,ZA,False,AUTH582355,Approved,False,True
74650d2f-3073-46d8-a570-f19fbcf5d9cf,2015-02-13,2015-02-14,e58cee77-d20c-47d6-b192-9e0939c880b7,943b547a-caaf-4494-a2d8-c22932b3d538,Mastercard,Debit,2485,Refund,6874.22,ZAR,1.0,6874.22,Gym Company,5311,Department Stores,Sarahmouth,ZA,False,AUTH579477,Approved,False,False
99cd5865-90d6-4af3-af1b-70bd976417cb,2022-02-22,2022-02-23,586fb80b-c9a6-4c7a-9cb3-93a45cef0412,29de0f00-71e0-4673-9a83-7340a28f9433,Visa,Debit,8431,Contactless Payment,12762.89,ZAR,1.0,12762.89,Naspers,4111,Transportation,iBhayi,ZA,False,AUTH773467,Approved,True,True
aa11cef7-f051-4e1f-a21f-756825606d19,2017-08-08,2017-08-09,096e0e50-fb3b-4fa4-a64c-268b059881f5,792cf5fa-6e6c-47f4-8b08-8b279135255f,Visa,Credit,3904,Contactless Payment,8569.25,ZAR,1.0,8569.25,Pick n Pay,5411,Grocery Stores,South Christian,ZA,False,AUTH726300,Approved,True,True
66597f98-261e-4f85-a2c4-a8b2f24ea93e,2021-06-29,2021-06-29,70442b96-2c44-4411-8341-22c6a2927df3,66a5b361-8f0b-41dc-80c4-bc7aaa6cf6c6,Mastercard,Debit,4796,Contactless Payment,7607.36,ZAR,1.0,7607.36,Foschini,7011,Hotels & Motels,Stellenbosch,ZA,False,AUTH920289,Approved,True,True
99601d65-c49b-44c6-9e0d-78d1468d59ee,2020-06-07,2020-06-09,db617c72-425e-437c-a34a-66b127cb489e,aa0cf632-0446-46d5-9ce0-006948caa2ce,Mastercard,Credit,3253,Refund,3363.65,ZAR,1.0,3363.65,Mr Price,4816,Online Services,Vanderbijlpark,ZA,False,AUTH170166,Approved,False,False
cf2b75f0-8d5e-43bf-904f-2b6749565ccc,2017-12-21,2017-12-22,89508310-0e20-4767-b6ca-b33dbc0c4fff,796496b2-fedc-473f-b0ad-08543529cc77,Mastercard,Debit,2686,Contactless Payment,9522.89,ZAR,1.0,9522.89,Vodacom,5621,Women's Clothing Stores,Greenberg,ZA,False,AUTH910677,Approved,True,False
75d5050f-fb27-45a1-91f8-a96050b918c2,2021-12-13,2021-12-15,7aef813b-dc7c-43e8-9b97-6ed2aa92d763,2e55a89e-d749-4d86-862c-9b529be6064f,Mastercard,Debit,6112,Refund,3834.51,ZAR,1.0,3834.51,Takealot,4814,Telecommunications,Krugersdorp,ZA,False,AUTH318128,Approved,False,True
8999cac2-d1f8-4f3a-a195-b013990dafa0,2018-01-29,2018-01-29,07c7e1bc-65dc-48ff-ab9a-3dce36774fc6,8931f44e-bcba-4267-9d91-cf99c1259d56,Visa,Debit,6796,Purchase,489.12,ZAR,1.0,489.12,Steers,5912,Drug Stores & Pharmacies,Petersburgh,ZA,False,AUTH829138,Approved,False,True
b322f6d2-530e-47c8-b9f8-cd331e94a341,2020-09-19,2020-09-20,be62e15c-7c23-42b8-ba55-8524277e4c10,50f6d663-1915-47b1-87fd-38c31e37a363,Mastercard,Credit,5212,Refund,1503.15,ZAR,1.0,1503.15,Netflix SA,5999,Retail Stores,Oliverburgh,ZA,False,AUTH520141,Approved,False,True
a4dada93-846b-4967-8571-ee72a9dcefd4,2016-02-03,2016-02-05,bef3a334-00f2-442a-a744-5a5afdc54f96,6ccbeb87-4cd6-46b3-81bc-6bc4ddb7301d,Mastercard,Credit,4889,Contactless Payment,8896.68,ZAR,1.0,8896.68,Planet Fitness,5912,Drug Stores & Pharmacies,New Douglashaven,ZA,False,AUTH509697,Approved,True,False
85d0f01e-bd26-43b4-b906-6f9ca5c33430,2024-10-14,2024-10-16,e1fd2535-42c6-463e-84ac-3d2fa55c1357,ba5dd48f-c112-4397-bc7a-8933ff5b11dc,Visa,Credit,8127,Contactless Payment,8328.51,ZAR,1.0,8328.51,Vodacom,5734,Electronics Stores,George,ZA,False,AUTH864779,Approved,True,False
1a541d9f-f6f2-4f44-9325-3158aad2fd32,2016-06-13,2016-06-14,df3ccd5a-2655-4b8d-ba9d-5e75326a858b,f5385827-522c-4f2a-b11f-b00e9abc58f9,Visa,Debit,7080,Refund,7850.57,ZAR,1.0,7850.57,Telkom,8011,Doctors & Physicians,Paarl,ZA,False,AUTH597833,Approved,False,False
7767fbf5-17e4-4929-919e-46580274ccf8,2022-06-07,2022-06-08,b98609ac-ae1c-4ac0-90af-7c1b2576a485,f5385827-522c-4f2a-b11f-b00e9abc58f9,Visa,Debit,8144,Refund,5103.24,ZAR,1.0,5103.24,Spar,4814,Telecommunications,Kathu,ZA,False,AUTH108608,Approved,False,True
21f1cef4-433e-4e83-af47-ac02586ed6cb,2020-03-01,2020-03-02,52973e09-5cc7-4418-af22-95f871ac3698,005acb16-83f0-4423-a42f-150fbdebffc9,Mastercard,Credit,7993,Refund,1690.92,ZAR,1.0,1690.92,Virgin Active,4814,Telecommunications,Musina,ZA,False,AUTH254514,Reversed,False,False
046b0261-fdd8-4b64-8d93-071ce3469e61,2017-06-16,2017-06-16,997d4533-20ea-4718-aacf-97d0a3287dc8,d7243b67-f245-405d-aa9e-5320dfd3fe49,Visa,Credit,6015,Purchase,11662.33,ZAR,1.0,11662.33,MTN,8011,Doctors & Physicians,Vereeniging,ZA,False,AUTH863945,Approved,False,True
af7a98d9-6ef9-4d05-9457-baeb0912b686,2020-08-04,2020-08-06,df3ccd5a-2655-4b8d-ba9d-5e75326a858b,f5385827-522c-4f2a-b11f-b00e9abc58f9,Visa,Debit,9802,Online Purchase,5657.27,ZAR,1.0,5657.27,Discovery Health,4111,Transportation,South Valerieton,ZA,False,AUTH720529,Approved,False,False
d262e8c5-b0ca-4264-9afa-99d8a7472268,2024-11-22,2024-11-23,63ab2f34-dcdc-4e11-932a-63aa3598f8ee,7d4231d8-3c31-40d7-b590-408208c140a4,Visa,Debit,7116,Purchase,88.69,ZAR,1.0,88.69,Edgars,5734,Electronics Stores,Ryanmouth,ZA,False,AUTH486482,Approved,False,True
9917b79f-a819-4277-8842-f05ec7794475,2024-03-11,2024-03-13,aac5f32c-1732-4eeb-b771-b11f29217999,92c7a67a-0282-45bd-b9e5-b0c203b7dba1,Visa,Credit,3152,Purchase,5695.71,ZAR,1.0,5695.71,Foschini,5621,Women's Clothing Stores,Upington,ZA,False,AUTH800483,Approved,False,False
cb72805f-dbb1-40f5-804e-88a16a5029f4,2019-01-19,2019-01-19,2394630b-f57c-4ba1-8501-c26889763147,802e7e56-190c-41fd-a9d0-3d2880dd2cc3,Visa,Credit,4072,Refund,2886.64,ZAR,1.0,2886.64,Truworths,5311,Department Stores,Lake Oliver,ZA,False,AUTH450224,Approved,False,False
07c8c5e5-a381-48fc-9f27-a01493ee5d13,2020-11-12,2020-11-12,4beec51d-b1b6-43b8-9476-6cc885b51c37,1bf46838-92d1-4b07-adc1-26f9bc1a6bdd,Mastercard,Credit,6270,International Purchase,5482.13,GBP,22.6674,124265.63,Takealot,4814,Telecommunications,Uitenhage,SM,True,AUTH721405,Approved,False,True
51728535-935f-4903-979d-86b6cb68d818,2017-01-14,2017-01-15,97537a5d-cabb-4ff1-834f-bf6bbe065a58,2c1f5492-41c0-4eb5-ac83-84e813685831,Visa,Debit,2008,Contactless Payment,10044.05,ZAR,1.0,10044.05,Shell SA,4111,Transportation,Centurion,ZA,False,AUTH995217,Approved,True,True
e389ea38-07e7-4b05-b6ed-cf76b4a27ef5,2018-12-11,2018-12-12,7eeed1d1-15ed-42e0-87ba-d1dbbd42faf6,8ae8649d-15a3-4909-a8f1-1a3ee8cc2f3b,Mastercard,Credit,9423,Contactless Payment,14192.49,ZAR,1.0,14192.49,H&M SA,5411,Grocery Stores,Lake Iainberg,ZA,False,AUTH836359,Approved,True,True
dc74cee6-d578-419c-b5c7-a6a349242c86,2019-08-19,2019-08-21,fce6c593-c13e-4a92-bea7-d82654dbd4a8,dcfecbca-5653-435d-87a6-aafd3d6ffb52,Visa,Debit,7414,Online Purchase,3482.19,ZAR,1.0,3482.19,Zara SA,7011,Hotels & Motels,Klerksdorp,ZA,False,AUTH825774,Approved,False,False
d9977c9d-fd99-4364-b052-70181cd1ac9f,2020-06-14,2020-06-15,37e86a8d-69c5-4ce0-8cb5-ee7924b11e98,60e9b09c-e343-401f-9e56-3f88d8ea072a,Mastercard,Debit,8439,Contactless Payment,2421.14,ZAR,1.0,2421.14,Shell SA,5912,Drug Stores & Pharmacies,Springs,ZA,False,AUTH553648,Approved,True,True
baefa3ad-0662-436f-9922-d15d7d74ce53,2022-10-10,2022-10-10,e82178cd-a4b0-4b70-a302-64ff8846651f,b2ebfe50-e47c-439c-abf6-a9f68942352d,Visa,Debit,7725,Purchase,2574.56,ZAR,1.0,2574.56,City Power,5621,Women's Clothing Stores,Port Josephineberg,ZA,False,AUTH164659,Approved,False,True
6b472c81-97d8-44ed-a9b2-d2d5a25e55c4,2019-04-17,2019-04-18,aeff89cd-3c53-4414-b22b-489c1649d441,bd5e639e-5096-4b8e-ab11-dd6fbdee615b,Mastercard,Debit,1801,Purchase,4132.07,ZAR,1.0,4132.07,Shoprite,5999,Retail Stores,Mbombela,ZA,False,AUTH367880,Approved,False,True
3d88fae3-ed2f-47d0-8acd-687ad61890d6,2021-12-24,2021-12-24,407d09d3-c2ed-4660-9392-cf5688eb6347,e04dd813-e742-4c4d-bb5d-55efda8742ab,Mastercard,Credit,6982,Purchase,14799.0,ZAR,1.0,14799.0,Cell C,7011,Hotels & Motels,Kimberley,ZA,False,AUTH653753,Approved,False,True
a18e3e2f-fc65-4e30-b314-c41e263d2967,2019-07-25,2019-07-27,2306d171-782e-48a8-9934-2a665366e51e,2ecc888d-d15b-4f39-b160-3e1801da08c9,Mastercard,Credit,7647,Contactless Payment,9263.97,ZAR,1.0,9263.97,Discovery Health,5912,Drug Stores & Pharmacies,Laurenmouth,ZA,False,AUTH742362,Approved,True,True
ab55a58c-54f6-4f8f-bc15-61a553aaee4f,2021-04-02,2021-04-02,cbb0b5b8-4767-4e6c-9616-a09c3be594a3,f1223908-ced9-4191-98a2-7223e90fc330,Visa,Credit,1052,Purchase,9945.08,ZAR,1.0,9945.08,Takealot,5621,Women's Clothing Stores,Gallagherland,ZA,False,AUTH571473,Approved,False,True
d1a17b34-65e2-4cd2-8736-486510ba5335,2019-06-14,2019-06-16,502acaed-89ca-45fa-845d-4c5e3b6db22f,3e12b679-d262-4e5f-abb3-e50d983421e2,Visa,Credit,6721,Online Purchase,7345.69,ZAR,1.0,7345.69,Telkom,4814,Telecommunications,Middelburg,ZA,False,AUTH963071,Approved,False,True
b2869825-bf63-489f-99a3-bf919efea96c,2019-03-31,2019-03-31,c2920edc-dec9-4757-88c2-b79375ce9845,9ec1fa1b-150e-4929-9302-27b04c992487,Visa,Credit,7953,Purchase,7698.27,ZAR,1.0,7698.27,KFC SA,5734,Electronics Stores,Chatsworth,ZA,False,AUTH393033,Declined,False,True
92602735-a38b-4906-92ed-343b18e5e6e1,2018-01-27,2018-01-27,5eaeb8fb-8d85-485e-8945-0f308bb3f76a,c77092ad-e107-4373-89eb-0a50e994a500,Visa,Credit,7472,Cash Advance,708.42,ZAR,1.0,708.42,Spur,4814,Telecommunications,Newcastle,ZA,False,AUTH183538,Approved,False,True
309ff10e-fe08-471d-8838-7d6bee3397a6,2017-01-09,2017-01-10,6bdf7092-bcb0-4eb2-8aab-d75d40b7e1d7,a5b3d0e7-1c37-41b2-8e9b-c9b78f83cb2d,Visa,Credit,9531,Purchase,6698.83,ZAR,1.0,6698.83,KFC SA,4816,Online Services,Vereeniging,ZA,False,AUTH477009,Approved,False,True
f2d12715-f1c7-4798-b390-5c844a21072b,2021-04-16,2021-04-16,eb97036f-6a6f-4120-a2eb-224c81d759fa,77595890-46d2-4f84-ba33-d6e12b874937,Mastercard,Credit,9825,Purchase,14465.64,ZAR,1.0,14465.64,Netflix SA,5311,Department Stores,Ericland,ZA,False,AUTH165024,Approved,False,False
40e13f7e-7d95-4c15-9c5a-d7415a3439cf,2024-09-07,2024-09-08,97537a5d-cabb-4ff1-834f-bf6bbe065a58,2c1f5492-41c0-4eb5-ac83-84e813685831,Visa,Debit,7468,Contactless Payment,5515.12,ZAR,1.0,5515.12,Momentum,7011,Hotels & Motels,Paarl,ZA,False,AUTH434771,Approved,True,True
202db680-04ea-42fb-bb1a-0dc52250ce60,2018-07-26,2018-07-26,9a0fce8f-96ca-4c4f-a669-888b0b796de0,3f4aa40e-79e7-4a14-84a7-1bf79aaf67ac,Mastercard,Debit,8146,International Purchase,23713.37,GBP,24.9661,592030.37,Telkom,4816,Online Services,Iqbalville,AM,True,AUTH366930,Declined,False,True
5e311e47-55b9-425c-99d1-e0264446e986,2019-01-11,2019-01-11,2bf8d2fa-f5b6-450f-8a17-636f3764609f,3acebc57-2f2f-4565-9336-7b9605009e45,Visa,Credit,8511,Contactless Payment,4951.09,ZAR,1.0,4951.09,Virgin Active,4111,Transportation,Lake Fiona,ZA,False,AUTH688043,Approved,True,True
02a17b12-335c-48d9-8596-21b9c19e8f9a,2015-11-13,2015-11-14,6f29cf29-b65b-47e6-b3ae-5300ab3cf264,01137316-1352-488d-a263-adc17ec0076e,Visa,Credit,9609,Online Purchase,5233.81,ZAR,1.0,5233.81,Pick n Pay,4111,Transportation,Kimberley,ZA,False,AUTH364950,Approved,False,True
bab62872-dc5e-402a-99fe-21544dfc97da,2021-08-24,2021-08-25,61097e07-f0be-4f4c-955c-a08d7dbfaed8,fe1a8c18-0675-4320-8f1e-042b27d85a51,Visa,Debit,5288,Purchase,11796.6,ZAR,1.0,11796.6,Total SA,5945,Hobby & Toy Shops,Philipmouth,ZA,False,AUTH332515,Approved,False,False
e922d004-9332-4f9d-b824-c5352a74f67f,2015-12-21,2015-12-23,c18d8060-909e-49d1-8e42-9445994037b0,1e6bfc01-54e8-49f1-b039-a6bce14d302e,Mastercard,Credit,6583,Refund,1614.78,ZAR,1.0,1614.78,Clicks,4111,Transportation,Centurion,ZA,False,AUTH782884,Approved,False,True
7a5bb2b2-75db-422a-a120-40557919a10e,2024-06-23,2024-06-24,2da72a17-96ff-44bc-a3e0-bb5ff6d8ba48,04d8ed45-f4c5-422c-9678-d8c8ce690ee3,Mastercard,Debit,4079,Purchase,6202.68,ZAR,1.0,6202.68,Clicks,5912,Drug Stores & Pharmacies,Bloemfontein,ZA,False,AUTH792227,Approved,False,False
3fbf0329-c0ba-48a4-b5de-e7838bc8bddb,2017-04-02,2017-04-04,7fa830a4-4bbf-4890-b724-7beb73038ac3,e468483b-cf18-479d-8b10-3fc7f309a13a,Mastercard,Credit,2742,Purchase,11075.44,ZAR,1.0,11075.44,Gym Company,8011,Doctors & Physicians,Centurion,ZA,False,AUTH735682,Approved,False,True
a4a27e65-2e62-42c5-af18-09d673e205ed,2015-08-04,2015-08-06,4c821eef-220b-4049-905b-2db203a164d4,99bb606a-d40c-4df5-9890-d18086d5f335,Visa,Credit,8660,Purchase,5724.58,ZAR,1.0,5724.58,Mr Price,5541,Service Stations,Port Marian,ZA,False,AUTH562785,Approved,False,True
af095d87-b3cd-4ec4-87ea-59636fedd301,2015-09-29,2015-10-01,e82178cd-a4b0-4b70-a302-64ff8846651f,b2ebfe50-e47c-439c-abf6-a9f68942352d,Visa,Credit,5168,Purchase,5643.7,ZAR,1.0,5643.7,Total SA,5311,Department Stores,Mbombela,ZA,False,AUTH400765,Approved,False,True
36c485bb-ff60-4c49-a881-006d7e409a15,2020-12-03,2020-12-05,df09270a-820a-466a-bf70-721bb00f6850,f08a0cb8-0801-4ed0-bad6-d7251ed2fea2,Mastercard,Debit,6729,Purchase,1006.69,ZAR,1.0,1006.69,Truworths,5999,Retail Stores,Kathu,ZA,False,AUTH141209,Approved,False,True
958212ef-c5ae-4214-8551-9526645204bb,2020-01-13,2020-01-14,9202ce26-699c-4e6b-9e8c-75a30dbd3b67,f72d813d-996f-430d-ae57-13eb80207635,Mastercard,Credit,2188,Online Purchase,2716.98,ZAR,1.0,2716.98,Cell C,7011,Hotels & Motels,Vanderbijlpark,ZA,False,AUTH131382,Approved,False,False
dd9d5b89-bad8-4240-be48-b80b0535ca4b,2023-11-13,2023-11-15,07c7e1bc-65dc-48ff-ab9a-3dce36774fc6,8931f44e-bcba-4267-9d91-cf99c1259d56,Mastercard,Debit,6662,Purchase,828.2,ZAR,1.0,828.2,Cell C,5734,Electronics Stores,Musina,ZA,False,AUTH688267,Approved,False,True
5b502745-b340-42b6-913f-91e5e1a03a02,2024-09-09,2024-09-11,d1c60b8b-8b23-448a-a853-e84ceb19ead5,5427a72c-adea-4248-901b-4111111cdd4b,Visa,Credit,7699,Contactless Payment,992.09,ZAR,1.0,992.09,Spur,5661,Shoe Stores,Port Richardstad,ZA,False,AUTH893577,Approved,True,True
80d82738-f866-4075-b158-05fdd97b3a32,2021-06-07,2021-06-08,df09270a-820a-466a-bf70-721bb00f6850,f08a0cb8-0801-4ed0-bad6-d7251ed2fea2,Visa,Debit,8014,Purchase,2609.43,ZAR,1.0,2609.43,Shoprite,8011,Doctors & Physicians,Sasolburg,ZA,False,AUTH368923,Approved,False,True
f47493ea-e873-463f-8dc1-c48bb803e81d,2023-09-15,2023-09-17,997d4533-20ea-4718-aacf-97d0a3287dc8,d7243b67-f245-405d-aa9e-5320dfd3fe49,Mastercard,Debit,8387,Contactless Payment,105.86,ZAR,1.0,105.86,Shoprite,5661,Shoe Stores,Middelburg,ZA,False,AUTH554539,Approved,True,False
d3a781af-3151-41c3-a77a-e707eda44791,2019-03-16,2019-03-17,4e1bb47c-33e0-4919-8fbe-e23eea0e3802,19c5ba73-e18f-49a2-a104-e01ab37e74f4,Mastercard,Credit,1773,Purchase,13508.85,ZAR,1.0,13508.85,Engen,5912,Drug Stores & Pharmacies,West Dominicton,ZA,False,AUTH322808,Approved,False,True
b40d42de-cd78-48ed-b62c-9504c6aca628,2020-10-12,2020-10-12,f2565d0e-f8d4-42d3-abea-5f571338fc08,f1584ac8-e703-493b-b684-5079521cb443,Mastercard,Credit,5837,Refund,4550.03,ZAR,1.0,4550.03,Spar,5621,Women's Clothing Stores,Elliottton,ZA,False,AUTH120104,Approved,False,True
a483009d-23f2-4c7e-be5d-aa0225535e01,2019-05-11,2019-05-12,4b004718-d836-4fb6-b039-83e1b568947f,d008e9b4-a86d-491e-bb43-dcf5c491c1cc,Visa,Debit,8303,Purchase,8247.81,ZAR,1.0,8247.81,Caltex SA,5621,Women's Clothing Stores,eGoli,ZA,False,AUTH789385,Approved,False,True
479c739f-87e3-477d-92fd-eb7c1e1e066d,2015-05-27,2015-05-29,5a870365-af3d-4a7e-8930-be9fb8b3306c,52c43632-653a-46c0-a7af-cb4c3a1026a2,Visa,Credit,5339,Purchase,6377.86,ZAR,1.0,6377.86,Engen,4111,Transportation,Newcastle,ZA,False,AUTH853309,Approved,False,True
3fc533e9-e26f-44fa-a097-c8a83b1f86ef,2015-07-14,2015-07-16,bf8cac5f-dc55-4b58-9a74-a337e8826ca8,eaf88bf2-93bd-40fc-bc6a-c6a64d63c873,Mastercard,Debit,4469,Online Purchase,7976.66,ZAR,1.0,7976.66,Debonairs,4814,Telecommunications,Potchefstroom,ZA,False,AUTH112248,Approved,False,True
7c40ccc4-57d9-47be-bbd5-152dcdaa640c,2020-02-10,2020-02-11,e58cee77-d20c-47d6-b192-9e0939c880b7,943b547a-caaf-4494-a2d8-c22932b3d538,Mastercard,Debit,6601,Purchase,13088.56,ZAR,1.0,13088.56,McDonald's SA,5912,Drug Stores & Pharmacies,Springs,ZA,False,AUTH995269,Approved,False,True
fe2ab5db-8351-42da-bac4-9c9b55b9303f,2017-03-29,2017-03-29,997d4533-20ea-4718-aacf-97d0a3287dc8,d7243b67-f245-405d-aa9e-5320dfd3fe49,Visa,Debit,3939,Contactless Payment,3947.8,ZAR,1.0,3947.8,Woolworths,5311,Department Stores,East Marilynmouth,ZA,False,AUTH963508,Approved,True,True
a7ce4603-e0c5-460f-aacf-0f76b6364e37,2024-09-10,2024-09-12,336f8b76-410a-4137-bf38-e53cb171eb88,c1dc20be-75a1-4a1d-ac08-a8936903ed07,Visa,Credit,3303,Purchase,2838.23,ZAR,1.0,2838.23,Total SA,4816,Online Services,Carterton,ZA,False,AUTH191908,Approved,False,True
af73be6a-818b-44b8-b131-dcf934064b4d,2024-10-03,2024-10-05,2bb22dfa-4591-42ad-8ca2-9d8ac28410c2,28720e79-2cb0-4e43-86b0-8b3a863c5f5b,Visa,Debit,8458,Contactless Payment,14230.41,ZAR,1.0,14230.41,Tiger Brands,5812,Eating Places & Restaurants,Uitenhage,ZA,False,AUTH979278,Approved,True,False
640ff640-c444-490a-aae7-982c288dea15,2021-12-12,2021-12-13,52a4cc24-f574-4f97-8a7f-81182feb1bca,69a41e41-6acb-4658-847d-8f0ff4992a00,Mastercard,Credit,1089,Contactless Payment,10074.06,ZAR,1.0,10074.06,Shoprite,7011,Hotels & Motels,Uitenhage,ZA,False,AUTH175660,Approved,True,False
587a757c-80a6-46dd-99ce-5a1d35df14cf,2017-12-20,2017-12-22,db617c72-425e-437c-a34a-66b127cb489e,aa0cf632-0446-46d5-9ce0-006948caa2ce,Visa,Credit,8970,Contactless Payment,3537.21,ZAR,1.0,3537.21,Gym Company,5311,Department Stores,Daviesport,ZA,False,AUTH344813,Approved,True,True
60786997-56c2-4440-b3af-950b462eba64,2020-09-16,2020-09-18,699cd23b-fb1d-4f45-8f13-ec500d08a994,4899ed45-9c58-43fc-a9b1-110f1e0da786,Mastercard,Credit,9734,Purchase,14237.52,ZAR,1.0,14237.52,Planet Fitness,5541,Service Stations,Vereeniging,ZA,False,AUTH106942,Approved,False,True
a7aaa7be-4531-4378-a8d6-3325fa854f1d,2020-07-13,2020-07-15,fce6c593-c13e-4a92-bea7-d82654dbd4a8,dcfecbca-5653-435d-87a6-aafd3d6ffb52,Mastercard,Credit,7473,Refund,2115.37,ZAR,1.0,2115.37,Caltex SA,5999,Retail Stores,North Keithbury,ZA,False,AUTH259790,Approved,False,True
91692cab-bbf4-45f1-a8e6-adf7298e1f85,2018-03-27,2018-03-27,1d81fca0-874b-4f42-a1f4-160fec4a5baf,0da3aca3-eeff-48be-9870-f0b2cd2d53c6,Mastercard,Debit,9005,Purchase,4685.95,ZAR,1.0,4685.95,Rain,4816,Online Services,Soweto,ZA,False,AUTH557154,Approved,False,True
9d85f5c0-d2c9-4efa-bc54-11904d8df4d1,2021-08-11,2021-08-13,07c7e1bc-65dc-48ff-ab9a-3dce36774fc6,8931f44e-bcba-4267-9d91-cf99c1259d56,Visa,Credit,3417,Contactless Payment,7076.12,ZAR,1.0,7076.12,KFC SA,5661,Shoe Stores,Randfontein,ZA,False,AUTH836211,Approved,True,True
2c39a070-25fe-4c10-96de-39ef6bbe0ba1,2021-06-26,2021-06-26,00fe6982-263c-4b58-8179-a46e1275ec98,c1dc20be-75a1-4a1d-ac08-a8936903ed07,Visa,Credit,2621,Purchase,8408.7,ZAR,1.0,8408.7,Eskom,5945,Hobby & Toy Shops,Vereeniging,ZA,False,AUTH831763,Approved,False,True
f1f36112-8e9d-43db-903c-8f3367816a1c,2019-05-08,2019-05-08,cbb0b5b8-4767-4e6c-9616-a09c3be594a3,f1223908-ced9-4191-98a2-7223e90fc330,Mastercard,Debit,2360,Contactless Payment,11004.25,ZAR,1.0,11004.25,Old Mutual,5999,Retail Stores,Howardside,ZA,False,AUTH631169,Approved,True,True
08868f5f-b108-42e6-a7db-fa926ee04082,2015-06-21,2015-06-23,ea0a8fdf-9c34-4cf9-a946-ba796d693257,5f91b043-7d72-40ec-8c92-c61cb0c1833c,Visa,Debit,6299,Online Purchase,2666.72,ZAR,1.0,2666.72,Old Mutual,4816,Online Services,East Paul,ZA,False,AUTH443398,Approved,False,True
ab0415cb-81d9-4e6f-8fcf-cb079f766620,2019-09-21,2019-09-22,61097e07-f0be-4f4c-955c-a08d7dbfaed8,fe1a8c18-0675-4320-8f1e-042b27d85a51,Mastercard,Credit,8347,Purchase,3549.99,ZAR,1.0,3549.99,Cell C,5812,Eating Places & Restaurants,Thohoyandou,ZA,False,AUTH988107,Approved,False,True
32a12fed-9143-4ada-bdb2-7a3ae8605f3e,2020-02-11,2020-02-13,2306d171-782e-48a8-9934-2a665366e51e,2ecc888d-d15b-4f39-b160-3e1801da08c9,Visa,Debit,1752,Purchase,14927.06,ZAR,1.0,14927.06,Zara SA,8011,Doctors & Physicians,Vereeniging,ZA,False,AUTH987561,Approved,False,True
8995c9ef-70fb-413a-a0a5-a367db7d5546,2019-05-21,2019-05-23,0fe356f8-f46a-4f49-ae78-2a7ccbdd02f4,19720c0b-051e-47ea-b902-9b819c88f5ca,Visa,Debit,9261,Purchase,2147.05,ZAR,1.0,2147.05,Superbalist,5812,Eating Places & Restaurants,Potchefstroom,ZA,False,AUTH275509,Approved,False,True
aac1904d-1223-440b-bf33-3e17872e0be6,2023-04-30,2023-05-01,920f40d1-f7a7-466f-aa09-4666c67e8967,91c9be29-eee1-4cde-a664-efe7e53212d5,Mastercard,Debit,6107,Online Purchase,3138.51,ZAR,1.0,3138.51,Rain,5912,Drug Stores & Pharmacies,Bethlehem,ZA,False,AUTH509435,Approved,False,True
d52bb315-daaa-4ff9-97f8-99ae98df3cb2,2024-06-19,2024-06-20,07c7e1bc-65dc-48ff-ab9a-3dce36774fc6,8931f44e-bcba-4267-9d91-cf99c1259d56,Mastercard,Credit,7203,Purchase,13819.45,ZAR,1.0,13819.45,Shoprite,5812,Eating Places & Restaurants,Welkom,ZA,False,AUTH396813,Approved,False,True
a78326fb-3896-4385-9b20-8360f6eb13cb,2024-04-19,2024-04-21,5c81b1bd-9dfe-4a26-903c-066c5f50e929,67c9be79-bce5-4b32-a44d-98517a2477e3,Visa,Debit,3451,Contactless Payment,11673.76,ZAR,1.0,11673.76,Tiger Brands,5411,Grocery Stores,East Shannonshire,ZA,False,AUTH232824,Approved,True,True
598fa07b-f544-4d3b-8392-ff1307fa1e4d,2023-04-27,2023-04-27,cdaec3c8-a553-4168-8956-d80c9a9098b4,0ec62bd1-42db-4ffd-b12d-f1738b4fdec9,Visa,Credit,6604,Purchase,3476.42,ZAR,1.0,3476.42,Tiger Brands,5621,Women's Clothing Stores,Vereeniging,ZA,False,AUTH346622,Approved,False,True
662069b2-657d-49d6-ab8c-21b8ee62910f,2018-06-16,2018-06-18,d1c60b8b-8b23-448a-a853-e84ceb19ead5,5427a72c-adea-4248-901b-4111111cdd4b,Mastercard,Debit,2612,Purchase,2201.06,ZAR,1.0,2201.06,Truworths,4816,Online Services,South Deniseshire,ZA,False,AUTH373398,Approved,False,True
70b908ab-8fa0-4ff3-ab03-e97ceec78716,2020-06-01,2020-06-02,7fa830a4-4bbf-4890-b724-7beb73038ac3,e468483b-cf18-479d-8b10-3fc7f309a13a,Visa,Debit,9404,Purchase,14546.86,ZAR,1.0,14546.86,Caltex SA,5734,Electronics Stores,Roweburgh,ZA,False,AUTH530795,Approved,False,True
d88c1f02-a39d-4e34-adba-0b8be37503ff,2024-03-24,2024-03-24,0594e29f-85b7-4c9b-907f-24c8478f2410,ccfb2fd8-3927-4ffc-bb87-d12a67ce37a5,Mastercard,Credit,9497,Purchase,12864.12,ZAR,1.0,12864.12,Debonairs,8011,Doctors & Physicians,eThekwini,ZA,False,AUTH348558,Approved,False,True
cc51fa19-b944-45c9-9ddc-ce1c130363dd,2018-04-23,2018-04-25,f204a453-cbb5-46ea-83bd-0d60fa26cc40,9a189484-cd9f-435c-b424-c12d0a715eb2,Mastercard,Credit,5510,Contactless Payment,4529.9,ZAR,1.0,4529.9,MTN,5541,Service Stations,North Douglas,ZA,False,AUTH378106,Declined,True,True
e135f001-af3a-4c8b-8a5f-e0af6bb21e95,2015-06-11,2015-06-13,f204a453-cbb5-46ea-83bd-0d60fa26cc40,9a189484-cd9f-435c-b424-c12d0a715eb2,Mastercard,Credit,6784,Purchase,2426.0,ZAR,1.0,2426.0,Spur,5541,Service Stations,Krugersdorp,ZA,False,AUTH921501,Approved,False,True
e471fb22-2d12-4847-8c8f-986b895d82fa,2024-12-31,2025-01-02,df09270a-820a-466a-bf70-721bb00f6850,f08a0cb8-0801-4ed0-bad6-d7251ed2fea2,Mastercard,Debit,4977,Purchase,1581.73,ZAR,1.0,1581.73,Amazon SA,5621,Women's Clothing Stores,Mahikeng,ZA,False,AUTH661952,Declined,False,True
a843ee75-a152-451b-9eb8-66e2b187d8eb,2019-10-07,2019-10-07,c07fb421-32df-432f-a1e3-5dca2a0d375c,d185f9f0-8fc7-406e-8e5a-ca0aeae36542,Mastercard,Debit,6612,Online Purchase,12528.79,ZAR,1.0,12528.79,Naspers,4814,Telecommunications,West Chelsea,ZA,False,AUTH962205,Approved,False,True
0b364c2a-f751-4da5-91f9-bb24f4871a5c,2024-05-16,2024-05-18,f941003f-6ee8-444d-a05b-1e24523a0b8a,489a6541-a54b-4982-ab84-00aa5d9b5247,Mastercard,Credit,2454,Contactless Payment,8098.68,ZAR,1.0,8098.68,Shell SA,4814,Telecommunications,Port Hilaryside,ZA,False,AUTH733149,Approved,True,True
519c4c46-75dc-4c16-990d-5d7786ce71a6,2023-06-16,2023-06-17,88fcd419-afb8-498a-8393-2030dc1539b7,96a0dd93-d9ee-4528-9173-61228081da8c,Mastercard,Debit,9083,Refund,6975.95,ZAR,1.0,6975.95,Telkom,5999,Retail Stores,East Robinmouth,ZA,False,AUTH125494,Approved,False,True
0d63ea46-0772-4b71-8973-7893bd209c13,2023-09-12,2023-09-13,fce6c593-c13e-4a92-bea7-d82654dbd4a8,dcfecbca-5653-435d-87a6-aafd3d6ffb52,Visa,Credit,2756,Refund,7709.1,ZAR,1.0,7709.1,Shell SA,5311,Department Stores,Polokwane,ZA,False,AUTH303409,Approved,False,False
c61b45e3-613d-42f1-bdcb-31a25c11ec24,2023-03-24,2023-03-26,0594e29f-85b7-4c9b-907f-24c8478f2410,ccfb2fd8-3927-4ffc-bb87-d12a67ce37a5,Visa,Credit,8816,Purchase,771.16,ZAR,1.0,771.16,Foschini,5311,Department Stores,Chatsworth,ZA,False,AUTH210258,Approved,False,True
df745b28-841f-442f-adfe-bd9516aa6e91,2024-06-25,2024-06-27,23954309-3a57-467d-a753-fdfafe6dfe53,e468483b-cf18-479d-8b10-3fc7f309a13a,Mastercard,Debit,2262,Purchase,8343.08,ZAR,1.0,8343.08,Caltex SA,4111,Transportation,Garrystad,ZA,False,AUTH959641,Approved,False,True
5c403c40-248c-45f8-9b97-f1148ea3668d,2021-04-03,2021-04-03,c20e3e17-658f-42db-8bed-0130fef2c901,f560a11f-0a60-4875-a976-a07c45530d17,Mastercard,Credit,8790,Purchase,5523.03,ZAR,1.0,5523.03,Steers,8011,Doctors & Physicians,Sandersfurt,ZA,False,AUTH659946,Approved,False,True
3a263d69-b58c-4695-b1b9-a5fdf24c91c8,2020-09-19,2020-09-20,997d4533-20ea-4718-aacf-97d0a3287dc8,d7243b67-f245-405d-aa9e-5320dfd3fe49,Mastercard,Debit,5676,Purchase,2850.8,ZAR,1.0,2850.8,Truworths,7011,Hotels & Motels,Janetville,ZA,False,AUTH266690,Approved,False,True
3b7a5cb3-7d5e-410a-8f36-b2fc141cb865,2021-05-10,2021-05-11,5a870365-af3d-4a7e-8930-be9fb8b3306c,52c43632-653a-46c0-a7af-cb4c3a1026a2,Mastercard,Credit,1342,Contactless Payment,3646.95,ZAR,1.0,3646.95,Naspers,5812,Eating Places & Restaurants,Musina,ZA,False,AUTH195732,Approved,True,True
98eef491-5b9e-40e4-b844-0a965c988373,2019-02-11,2019-02-12,5656c271-b7f6-47be-a823-9b30ba17ca69,7b6b59d2-c460-4e97-b24f-535647c53c9c,Visa,Debit,9292,Online Purchase,7463.76,ZAR,1.0,7463.76,Momentum,4814,Telecommunications,East Jennifermouth,ZA,False,AUTH333591,Approved,False,True
03dde785-3e88-48f6-b18d-d68e143c415c,2018-11-08,2018-11-09,c2920edc-dec9-4757-88c2-b79375ce9845,9ec1fa1b-150e-4929-9302-27b04c992487,Visa,Credit,8323,Purchase,4690.81,ZAR,1.0,4690.81,Shell SA,5999,Retail Stores,Bloemfontein,ZA,False,AUTH207840,Approved,False,True
80072ffe-0d0f-4952-8a9b-cbfe2f7d8cf3,2016-03-04,2016-03-04,24c74360-9832-4d08-89dd-a00aaef9e898,31e7d721-e2e5-4bc2-8b0f-1c16bf58e45e,Visa,Credit,6214,Contactless Payment,1317.49,ZAR,1.0,1317.49,Edgars,5661,Shoe Stores,New Owen,ZA,False,AUTH214206,Approved,True,True
f9590b83-a9fb-4e28-a47c-18d8a7ddeaef,2017-12-07,2017-12-09,ea3f5b5d-69d1-4f5a-892f-3598e5da8f70,fe7e677d-74e5-49b5-b656-0b6c8f1374bb,Mastercard,Debit,3889,Purchase,3063.38,ZAR,1.0,3063.38,Gym Company,4816,Online Services,East Joannefurt,ZA,False,AUTH780188,Approved,False,False
3fca2d0f-6c2d-4ec0-b530-bf10e522817e,2018-09-22,2018-09-23,fce6c593-c13e-4a92-bea7-d82654dbd4a8,dcfecbca-5653-435d-87a6-aafd3d6ffb52,Visa,Credit,9704,Contactless Payment,2668.19,ZAR,1.0,2668.19,Planet Fitness,5311,Department Stores,North Christine,ZA,False,AUTH737190,Reversed,True,False
9f8d282e-cbe7-4604-a280-c336c49583ae,2022-08-28,2022-08-29,51c3d72e-845a-4bd4-976b-1c3857a20752,c3d68512-ee39-41cc-9791-0586599d9721,Mastercard,Credit,8629,Contactless Payment,9647.49,ZAR,1.0,9647.49,Debonairs,4111,Transportation,Martinville,ZA,False,AUTH103500,Approved,True,False
0fbf2a7d-86eb-45cb-9cdd-651da398f2f4,2023-09-24,2023-09-24,a4c5d2c4-a68a-43cd-8b90-d2a7c5a22394,aa0cf632-0446-46d5-9ce0-006948caa2ce,Mastercard,Credit,1348,Refund,4902.92,ZAR,1.0,4902.92,Virgin Active,5734,Electronics Stores,Middelburg,ZA,False,AUTH932665,Approved,False,False
bc553e11-da2c-46d5-9f94-d08bc415a8cb,2016-02-17,2016-02-19,1548c47b-bc81-4e5f-b221-ff7b6c016b8b,87805b14-50da-45b2-b8d0-37963f00a73b,Mastercard,Debit,3451,Online Purchase,6637.15,ZAR,1.0,6637.15,McDonald's SA,5945,Hobby & Toy Shops,Kimberley,ZA,False,AUTH156315,Approved,False,False
69f691a7-cdbb-46b6-9254-2d91aa3c7878,2023-10-23,2023-10-25,699cd23b-fb1d-4f45-8f13-ec500d08a994,4899ed45-9c58-43fc-a9b1-110f1e0da786,Mastercard,Credit,5910,Purchase,10150.47,ZAR,1.0,10150.47,Telkom,5912,Drug Stores & Pharmacies,Bethlehem,ZA,False,AUTH699853,Declined,False,True
cf914fdb-3c9f-460d-99ab-7af9274dd96c,2015-06-02,2015-06-04,2bb22dfa-4591-42ad-8ca2-9d8ac28410c2,28720e79-2cb0-4e43-86b0-8b3a863c5f5b,Mastercard,Debit,2472,Cash Advance,2502.22,ZAR,1.0,2502.22,Foschini,5999,Retail Stores,Springs,ZA,False,AUTH369161,Approved,False,True
582725bf-72f1-4be0-9858-2293ece055c5,2023-11-10,2023-11-12,f75c54cf-e16c-4fc0-b3ae-a93a591a7503,4ea440d8-ce17-45ae-9037-e5677b3c173e,Visa,Credit,3014,Chargeback,3683.29,ZAR,1.0,3683.29,Dischem,5734,Electronics Stores,Noblechester,ZA,False,AUTH917333,Approved,False,False
e0746acd-adc8-418c-969b-e9e7a8cf028c,2020-01-17,2020-01-18,23954309-3a57-467d-a753-fdfafe6dfe53,e468483b-cf18-479d-8b10-3fc7f309a13a,Visa,Debit,5431,Purchase,1206.56,ZAR,1.0,1206.56,Edgars,5661,Shoe Stores,eGoli,ZA,False,AUTH174230,Approved,False,True
34d9ca85-3864-41dc-867a-8624c5499ea6,2022-09-16,2022-09-16,c20e3e17-658f-42db-8bed-0130fef2c901,f560a11f-0a60-4875-a976-a07c45530d17,Mastercard,Debit,7406,Purchase,1375.44,ZAR,1.0,1375.44,Pick n Pay,5812,Eating Places & Restaurants,North Clarechester,ZA,False,AUTH344555,Approved,False,True
ff32e024-f56f-4c8c-9968-b29dcac8546f,2016-05-16,2016-05-16,fce6c593-c13e-4a92-bea7-d82654dbd4a8,dcfecbca-5653-435d-87a6-aafd3d6ffb52,Mastercard,Credit,9556,Purchase,8542.46,ZAR,1.0,8542.46,Netflix SA,5541,Service Stations,Soweto,ZA,False,AUTH194258,Declined,False,True
362e285e-c0f3-48b7-afb2-90ecbcbf1328,2024-01-28,2024-01-28,69ed581f-8460-4fb0-867b-1205d9304df4,35467d6b-f1b1-4241-815d-df93767762c1,Visa,Debit,8359,Refund,2348.68,ZAR,1.0,2348.68,Virgin Active,5541,Service Stations,Soweto,ZA,False,AUTH260268,Approved,False,False
2e56b41c-0a0e-4505-985d-566dfb29f14d,2016-08-17,2016-08-19,eb97036f-6a6f-4120-a2eb-224c81d759fa,77595890-46d2-4f84-ba33-d6e12b874937,Mastercard,Credit,8882,International Purchase,42624.04,USD,17.9419,764756.26,Clicks,8011,Doctors & Physicians,North Grace,SN,True,AUTH636911,Declined,False,True
4b9f94f1-e918-4a19-95c4-3669b3bd64aa,2023-01-11,2023-01-11,ff638ebf-bcaf-4a04-8876-a1a9e236c918,ab89aa9f-66e2-4754-bec4-86f8d62d6503,Mastercard,Credit,6976,Online Purchase,547.58,ZAR,1.0,547.58,KFC SA,4111,Transportation,South Marcus,ZA,False,AUTH292591,Declined,False,False
a7c42c5f-5f5e-4c85-8991-a7dca8c1697d,2022-11-06,2022-11-08,5d927ea6-081d-41ef-9bbb-a4551deedcb3,91c9be29-eee1-4cde-a664-efe7e53212d5,Visa,Debit,6841,Contactless Payment,1574.43,ZAR,1.0,1574.43,Takealot,4111,Transportation,Port Tonyfurt,ZA,False,AUTH304810,Declined,True,True
90d7086c-1c52-42f6-b887-320b9f99f6e5,2024-02-12,2024-02-13,e58cee77-d20c-47d6-b192-9e0939c880b7,943b547a-caaf-4494-a2d8-c22932b3d538,Visa,Credit,3636,Cash Advance,569.9,ZAR,1.0,569.9,Takealot,5411,Grocery Stores,Powellshire,ZA,False,AUTH956291,Approved,False,True
ff7e137e-e4ca-4915-b404-a8dd2160f4ca,2019-08-18,2019-08-20,c42d8640-cf6b-42f1-ab42-941239ae7479,88faa5c9-4534-4792-8d20-8b7f6ca3c0fd,Mastercard,Credit,5125,Contactless Payment,9995.13,ZAR,1.0,9995.13,Momentum,5621,Women's Clothing Stores,Bennettborough,ZA,False,AUTH494047,Approved,True,False
d1d3ee8a-8ea2-4ee5-b8dd-a40704f7a44c,2023-11-22,2023-11-22,82fa8ab9-24e2-490b-bacc-e9c122ee0ff1,02523414-87f6-4817-8cf2-297f40600402,Visa,Credit,4389,Online Purchase,6232.77,ZAR,1.0,6232.77,Dischem,8011,Doctors & Physicians,North Matthew,ZA,False,AUTH221075,Approved,False,True
0d17ba4c-6cb2-4154-aaed-d67259df3351,2024-01-03,2024-01-03,c69ea691-8454-4fff-a519-5f3221bb6779,d29864d0-31fd-4f9f-883a-7f503b38f90f,Visa,Debit,7389,Online Purchase,186.3,ZAR,1.0,186.3,City Power,5999,Retail Stores,South Jill,ZA,False,AUTH554590,Approved,False,True
d35aa46e-52d0-46d1-a263-a0cff23ca155,2015-08-15,2015-08-17,699cd23b-fb1d-4f45-8f13-ec500d08a994,4899ed45-9c58-43fc-a9b1-110f1e0da786,Mastercard,Debit,3333,Purchase,10891.35,ZAR,1.0,10891.35,Steers,5661,Shoe Stores,Welkom,ZA,False,AUTH443414,Reversed,False,True
e1f68147-4111-4209-8312-dd1c6f053a38,2020-10-20,2020-10-20,ba8016de-86c1-4920-88db-bee7d0cd9b87,a97c8ade-97f8-47e0-8d05-75fbfdef84b4,Visa,Credit,5377,Contactless Payment,5082.74,ZAR,1.0,5082.74,Truworths,4816,Online Services,Kathu,ZA,False,AUTH696122,Approved,True,True
9e34ce0e-8a33-47ee-802e-7fed1906a808,2018-07-16,2018-07-17,ff638ebf-bcaf-4a04-8876-a1a9e236c918,ab89aa9f-66e2-4754-bec4-86f8d62d6503,Visa,Credit,8755,Contactless Payment,5471.48,ZAR,1.0,5471.48,Planet Fitness,5734,Electronics Stores,Mahikeng,ZA,False,AUTH608122,Declined,True,True
40580664-efd1-420f-8838-e1c734b03ad9,2024-05-22,2024-05-23,fce6c593-c13e-4a92-bea7-d82654dbd4a8,dcfecbca-5653-435d-87a6-aafd3d6ffb52,Visa,Debit,4765,Contactless Payment,7369.92,ZAR,1.0,7369.92,Woolworths,5311,Department Stores,iKapa,ZA,False,AUTH252919,Approved,True,False
784a47cc-5b18-4e4b-bbda-9b1ba5d2379b,2024-05-24,2024-05-26,f75c54cf-e16c-4fc0-b3ae-a93a591a7503,4ea440d8-ce17-45ae-9037-e5677b3c173e,Visa,Debit,5465,International Purchase,49304.85,GBP,23.0471,1136333.81,Telkom,5999,Retail Stores,Junebury,BI,True,AUTH797498,Approved,False,True
9be26c74-bde5-4122-aa13-f9439899da72,2022-06-28,2022-06-29,69ed581f-8460-4fb0-867b-1205d9304df4,35467d6b-f1b1-4241-815d-df93767762c1,Mastercard,Debit,6807,Purchase,6368.11,ZAR,1.0,6368.11,Total SA,5912,Drug Stores & Pharmacies,iKapa,ZA,False,AUTH895140,Approved,False,True
d18ac801-3409-465f-b328-0b25a5070278,2018-09-13,2018-09-14,b3dbbf39-5550-42f3-b00d-7a5655610449,796496b2-fedc-473f-b0ad-08543529cc77,Visa,Debit,7357,Contactless Payment,6293.31,ZAR,1.0,6293.31,McDonald's SA,5734,Electronics Stores,New Neil,ZA,False,AUTH735458,Approved,True,False
4aac1dad-bc01-414e-a2cc-b04eb4f185ba,2018-02-01,2018-02-03,35546f62-b8a6-4c44-8732-216de4b3c1b0,5136d8b2-a93b-41aa-92f7-db3139d0a2d3,Visa,Credit,9348,Cash Advance,3099.68,ZAR,1.0,3099.68,Debonairs,5411,Grocery Stores,Rustenburg,ZA,False,AUTH700585,Approved,False,True
ac44011b-3f14-4e90-bb69-6c71afb9fbea,2024-06-03,2024-06-04,fed69861-8ec4-4b55-b235-e1a07492e0c5,bca80148-e7b8-4cd0-9ed4-29ebc0a69045,Mastercard,Credit,2522,International Purchase,39604.74,USD,18.307,725043.98,Naspers,5621,Women's Clothing Stores,Uitenhage,CM,True,AUTH650057,Approved,False,True
96af3555-0b73-4900-a9cd-880a4c48c61e,2020-12-14,2020-12-15,ea3f5b5d-69d1-4f5a-892f-3598e5da8f70,fe7e677d-74e5-49b5-b656-0b6c8f1374bb,Visa,Credit,6695,Refund,1190.38,ZAR,1.0,1190.38,Edgars,4816,Online Services,Polokwane,ZA,False,AUTH717113,Approved,False,True
e0b22599-a953-410f-8454-300be91e42fc,2023-11-09,2023-11-10,562742d0-bd33-4cc0-9193-454a4a62c33c,c39e3656-040a-45bc-a4f4-b3d763b675a8,Mastercard,Credit,6453,Purchase,10819.96,ZAR,1.0,10819.96,Bidvest,5999,Retail Stores,Paarl,ZA,False,AUTH117455,Approved,False,True
7261dc31-b990-4b01-a914-9818cdbfc538,2016-01-24,2016-01-26,586fb80b-c9a6-4c7a-9cb3-93a45cef0412,29de0f00-71e0-4673-9a83-7340a28f9433,Mastercard,Credit,3547,Online Purchase,5348.77,ZAR,1.0,5348.77,H&M SA,5311,Department Stores,Port Catherinemouth,ZA,False,AUTH487354,Approved,False,False
8323488a-b947-45db-8fd4-29c5338ad7ee,2017-06-09,2017-06-09,0fe356f8-f46a-4f49-ae78-2a7ccbdd02f4,19720c0b-051e-47ea-b902-9b819c88f5ca,Visa,Debit,9841,Purchase,7183.02,ZAR,1.0,7183.02,Takealot,5734,Electronics Stores,Melissafort,ZA,False,AUTH382665,Approved,False,True
3fb283db-ff5b-4e30-8ada-e667a15604ce,2020-11-30,2020-11-30,ad695409-e052-4bb8-83f8-6400e38a55f4,0197d7ef-b2fb-457c-9bdd-b76dc3b0d59e,Visa,Debit,2633,Purchase,11604.3,ZAR,1.0,11604.3,Dischem,5999,Retail Stores,Johnsonton,ZA,False,AUTH904535,Approved,False,True
9e121087-0a5d-4836-9f36-deb637df8018,2021-10-30,2021-11-01,6b72653b-95f5-4f30-a1a9-590a82e01634,b4b59e19-8f45-47b7-a9df-b6f96235253a,Visa,Credit,7444,Purchase,9005.94,ZAR,1.0,9005.94,Foschini,4814,Telecommunications,Port Barry,ZA,False,AUTH435242,Approved,False,True
81e61809-e80d-46ed-8ff8-43bcb7ad2bb1,2015-05-12,2015-05-13,6f29cf29-b65b-47e6-b3ae-5300ab3cf264,01137316-1352-488d-a263-adc17ec0076e,Visa,Credit,5071,Online Purchase,13426.79,ZAR,1.0,13426.79,Cell C,8011,Doctors & Physicians,Mahikeng,ZA,False,AUTH315203,Approved,False,True
bbf5dc02-4d59-4594-aa6b-8a0256eb126f,2019-04-19,2019-04-21,b45ec370-5394-422e-b494-6ef0e37643c1,f72d813d-996f-430d-ae57-13eb80207635,Visa,Credit,9775,Purchase,12421.38,ZAR,1.0,12421.38,Cell C,5411,Grocery Stores,Thohoyandou,ZA,False,AUTH289672,Declined,False,True
2a60deb5-9f64-498d-870a-30f95df5f7b8,2019-02-19,2019-02-21,ff638ebf-bcaf-4a04-8876-a1a9e236c918,ab89aa9f-66e2-4754-bec4-86f8d62d6503,Mastercard,Debit,7872,Purchase,8063.69,ZAR,1.0,8063.69,Eskom,7011,Hotels & Motels,Helenstad,ZA,False,AUTH410959,Approved,False,True
cecc2c96-93b0-4bf1-a6c5-35212465ab3f,2016-07-19,2016-07-19,7aef813b-dc7c-43e8-9b97-6ed2aa92d763,2e55a89e-d749-4d86-862c-9b529be6064f,Mastercard,Credit,7223,Contactless Payment,6391.41,ZAR,1.0,6391.41,Virgin Active,5411,Grocery Stores,eGoli,ZA,False,AUTH452489,Approved,True,True
857ad274-5954-4694-91ce-049fb2aa9a02,2022-03-14,2022-03-15,25db4c54-6c26-4cee-b061-bdd813529556,52347243-9079-4ddd-b580-f6bf33305faa,Visa,Debit,6834,Contactless Payment,230.1,ZAR,1.0,230.1,Discovery Health,5661,Shoe Stores,South Phillipmouth,ZA,False,AUTH803007,Pending,True,True
84a764d2-8d36-42db-b0d0-c4da0b36cac2,2019-08-30,2019-09-01,8c3df183-e48d-4079-ad3d-5e8ecb7fc3d0,52c43632-653a-46c0-a7af-cb4c3a1026a2,Visa,Credit,8102,Contactless Payment,984.77,ZAR,1.0,984.77,Pioneer Foods,5945,Hobby & Toy Shops,North Jane,ZA,False,AUTH305683,Approved,True,True
10ca7402-c1e1-4176-84ad-99f9ebf797d4,2017-10-02,2017-10-04,8640d78f-b184-41ff-a961-88fe3b3f03fc,668aa1f6-0941-44cb-9c52-07b3cb7e79c7,Visa,Credit,9302,International Purchase,31068.22,USD,18.6272,578713.95,Telkom,4816,Online Services,Rustenburg,MM,True,AUTH634182,Approved,False,True
dc91f82e-5753-4d65-b883-a553999c30aa,2020-07-12,2020-07-14,4b004718-d836-4fb6-b039-83e1b568947f,d008e9b4-a86d-491e-bb43-dcf5c491c1cc,Visa,Debit,4061,Purchase,9372.2,ZAR,1.0,9372.2,Caltex SA,4111,Transportation,Summerschester,ZA,False,AUTH849239,Approved,False,True
1572b4f8-b1cb-4b35-ae81-0d6f8812a1db,2021-05-16,2021-05-17,37ee2fc0-92b0-48d6-bc94-afa2c3d86d65,8f16d71b-084e-4609-9ded-09077e4d8d48,Visa,Credit,4897,Contactless Payment,9825.41,ZAR,1.0,9825.41,Pick n Pay,5999,Retail Stores,Springs,ZA,False,AUTH537479,Approved,True,True
fe38a49c-7aeb-4024-899a-c4800de3cedd,2019-09-21,2019-09-22,97537a5d-cabb-4ff1-834f-bf6bbe065a58,2c1f5492-41c0-4eb5-ac83-84e813685831,Mastercard,Debit,5998,Online Purchase,13593.09,ZAR,1.0,13593.09,Tiger Brands,5999,Retail Stores,South Chelsea,ZA,False,AUTH218790,Approved,False,True
a747a59c-3a20-46cc-aca8-93765d0204c3,2020-12-08,2020-12-08,21c82d2b-0e15-4d2b-a5fb-0decff95e559,0da3aca3-eeff-48be-9870-f0b2cd2d53c6,Mastercard,Debit,2757,Contactless Payment,14713.18,ZAR,1.0,14713.18,Eskom,4111,Transportation,Kathu,ZA,False,AUTH637947,Approved,True,True
0264e086-4a76-4375-90d3-3a3265392a2f,2017-09-03,2017-09-04,7fa830a4-4bbf-4890-b724-7beb73038ac3,e468483b-cf18-479d-8b10-3fc7f309a13a,Visa,Credit,3522,Purchase,4293.08,ZAR,1.0,4293.08,Dischem,5311,Department Stores,George,ZA,False,AUTH357539,Approved,False,False
a67b4e56-3118-48af-9125-89f487b4bb20,2019-09-21,2019-09-21,3a159030-051f-4e9c-b8f5-ecff7e5cddbc,95c94f51-1c42-4219-bd5d-6d7d5f07f30b,Visa,Credit,9414,International Purchase,27893.45,USD,17.8457,497778.14,Shoprite,5541,Service Stations,Mahikeng,BA,True,AUTH292295,Declined,False,True
7eca396d-900c-4678-947c-86d606815458,2022-05-11,2022-05-12,7120625f-8f83-463d-86c2-61f078fe07f4,a5b3d0e7-1c37-41b2-8e9b-c9b78f83cb2d,Visa,Credit,8247,International Purchase,23418.93,EUR,19.8087,463898.56,Spur,5999,Retail Stores,uMgungundlovu,SA,True,AUTH899386,Declined,False,True
fe3af36d-8d71-4a88-8d28-35296787b1ce,2021-02-06,2021-02-07,ec87679a-3375-4518-a0c0-646cc3731d25,1be44988-6b94-488c-8b74-8099fcf311ad,Mastercard,Debit,7281,Online Purchase,1151.74,ZAR,1.0,1151.74,Tiger Brands,5311,Department Stores,Port Jill,ZA,False,AUTH285566,Reversed,False,True
c24625fc-dc55-4db7-a4aa-9596edd1d85a,2020-04-27,2020-04-27,eb37afca-78cc-4a2b-a2f5-dbebff5ac57c,d29864d0-31fd-4f9f-883a-7f503b38f90f,Visa,Credit,2809,Purchase,8364.09,ZAR,1.0,8364.09,MTN,5311,Department Stores,Bethlehem,ZA,False,AUTH393307,Reversed,False,True
befa6bd4-409e-4157-b4b1-4e5f4e2f1d85,2015-10-04,2015-10-05,3a110452-e114-47e9-83fd-63718fc0960b,526d7d1c-ebad-40c5-9ff2-b568477570ad,Visa,Debit,1347,Purchase,8908.67,ZAR,1.0,8908.67,Amazon SA,5411,Grocery Stores,Upington,ZA,False,AUTH397770,Reversed,False,True
4487b2a2-932c-4400-b85e-921e891dfa62,2021-06-23,2021-06-25,b98609ac-ae1c-4ac0-90af-7c1b2576a485,f5385827-522c-4f2a-b11f-b00e9abc58f9,Visa,Credit,8653,Contactless Payment,13658.29,ZAR,1.0,13658.29,Caltex SA,5734,Electronics Stores,uMgungundlovu,ZA,False,AUTH150874,Approved,True,False
43ca7d12-918b-4cc0-ac78-72327fe1fdf2,2017-07-01,2017-07-02,502acaed-89ca-45fa-845d-4c5e3b6db22f,3e12b679-d262-4e5f-abb3-e50d983421e2,Mastercard,Credit,5358,Refund,2414.03,ZAR,1.0,2414.03,Telkom,5912,Drug Stores & Pharmacies,Maxshire,ZA,False,AUTH233766,Reversed,False,True
3a166c4d-843e-4ff6-97e4-961da473a30e,2021-10-07,2021-10-07,fce6c593-c13e-4a92-bea7-d82654dbd4a8,dcfecbca-5653-435d-87a6-aafd3d6ffb52,Mastercard,Credit,1745,Purchase,1047.98,ZAR,1.0,1047.98,Edgars,5541,Service Stations,Springs,ZA,False,AUTH802888,Approved,False,True
7eb6235f-9e7a-430a-9fdb-d4629c36569f,2023-03-17,2023-03-19,b45ec370-5394-422e-b494-6ef0e37643c1,f72d813d-996f-430d-ae57-13eb80207635,Visa,Debit,5582,Contactless Payment,14842.06,ZAR,1.0,14842.06,Clicks,7011,Hotels & Motels,Krugersdorp,ZA,False,AUTH502989,Reversed,True,True
3140096e-5264-477c-aa51-90c8888b2c59,2015-11-30,2015-12-02,db617c72-425e-437c-a34a-66b127cb489e,aa0cf632-0446-46d5-9ce0-006948caa2ce,Visa,Debit,9006,Cash Advance,2648.76,ZAR,1.0,2648.76,Bidvest,4814,Telecommunications,Middelburg,ZA,False,AUTH548981,Approved,False,True
6e97f2ba-46f1-47db-a54c-38bbd67d6fd5,2016-04-10,2016-04-11,5c81b1bd-9dfe-4a26-903c-066c5f50e929,67c9be79-bce5-4b32-a44d-98517a2477e3,Visa,Credit,9249,Online Purchase,12096.28,ZAR,1.0,12096.28,Spur,5999,Retail Stores,Stephaniebury,ZA,False,AUTH977201,Approved,False,False
7f2a38e6-dd2f-4c9a-b6da-99cce6b132bb,2020-09-11,2020-09-12,aeff89cd-3c53-4414-b22b-489c1649d441,bd5e639e-5096-4b8e-ab11-dd6fbdee615b,Mastercard,Debit,4955,Purchase,6136.83,ZAR,1.0,6136.83,Caltex SA,5734,Electronics Stores,Cookebury,ZA,False,AUTH187210,Approved,False,True
2af438ba-2060-4e3a-8f7b-929d8e43f515,2021-03-14,2021-03-14,3c8fb798-c3b6-409f-9971-2b15000eae45,96a0dd93-d9ee-4528-9173-61228081da8c,Mastercard,Debit,8460,Contactless Payment,10910.13,ZAR,1.0,10910.13,Rain,7011,Hotels & Motels,Krugersdorp,ZA,False,AUTH843516,Approved,True,False
1d390a76-0656-4e8e-8f9a-26b6da5df89f,2019-07-06,2019-07-08,d7952e5b-22e9-4289-8b87-5a5b800bceb8,2949a668-9ea3-4b41-9f9a-136b86be274f,Mastercard,Credit,4557,Purchase,13292.76,ZAR,1.0,13292.76,BP SA,4111,Transportation,New Julia,ZA,False,AUTH461752,Approved,False,True
c8171856-b05d-4ebd-840f-a134cb5297b0,2017-06-13,2017-06-13,7120625f-8f83-463d-86c2-61f078fe07f4,a5b3d0e7-1c37-41b2-8e9b-c9b78f83cb2d,Mastercard,Debit,9120,International Purchase,28069.22,USD,18.787,527336.44,Caltex SA,5541,Service Stations,Randfontein,CD,True,AUTH738769,Approved,False,True
35d75c92-76c7-45a3-99b8-d86983ed9aeb,2023-07-13,2023-07-15,479a04c4-00d2-4b82-a752-6d70cadc6f32,0ebc03c1-6701-445a-b1f1-b2a9bda64229,Mastercard,Debit,8269,Purchase,9981.73,ZAR,1.0,9981.73,Checkers,5734,Electronics Stores,Brianburgh,ZA,False,AUTH420804,Approved,False,False
3f4f81c9-1d5b-44c3-9477-d51ab96f564f,2016-10-18,2016-10-19,2306d171-782e-48a8-9934-2a665366e51e,2ecc888d-d15b-4f39-b160-3e1801da08c9,Mastercard,Credit,3807,Purchase,12102.46,ZAR,1.0,12102.46,KFC SA,5311,Department Stores,Lake Conorfort,ZA,False,AUTH849543,Approved,False,True
8674d0a9-6207-4149-a359-f4487b3a6f11,2022-12-07,2022-12-07,2be9e2d8-fbb2-4b85-b60c-c3ac61dfba33,e7668c2c-8c8f-4de3-8db4-90ad16ae9b92,Mastercard,Credit,3376,Purchase,11613.35,ZAR,1.0,11613.35,Steers,4816,Online Services,North Geraldine,ZA,False,AUTH779480,Approved,False,True
035a3246-dde0-4915-995f-cfab764e5fa4,2021-06-06,2021-06-07,28557b72-bf6c-4a63-8a60-d0e3a9d17ce5,04485172-9859-4d78-ab90-1473d401724d,Mastercard,Credit,9590,International Purchase,42923.22,ZAR,1.0,42923.22,Bidvest,5734,Electronics Stores,George,CM,True,AUTH509101,Approved,False,True
43e7d767-f5cc-4164-9551-57d28a4e2026,2023-08-25,2023-08-25,70442b96-2c44-4411-8341-22c6a2927df3,66a5b361-8f0b-41dc-80c4-bc7aaa6cf6c6,Mastercard,Credit,8069,Purchase,6546.48,ZAR,1.0,6546.48,Old Mutual,4814,Telecommunications,New June,ZA,False,AUTH513692,Approved,False,True
ebe5a93c-0c76-4157-9653-153ca58ba417,2015-03-04,2015-03-05,f2565d0e-f8d4-42d3-abea-5f571338fc08,f1584ac8-e703-493b-b684-5079521cb443,Mastercard,Credit,1050,Purchase,10486.87,ZAR,1.0,10486.87,Spar,5912,Drug Stores & Pharmacies,Garryville,ZA,False,AUTH766063,Approved,False,False
f547e4ff-4fd1-470a-be96-379b3a735fce,2018-01-16,2018-01-16,82fa8ab9-24e2-490b-bacc-e9c122ee0ff1,02523414-87f6-4817-8cf2-297f40600402,Mastercard,Credit,7947,Online Purchase,14901.45,ZAR,1.0,14901.45,Debonairs,4814,Telecommunications,Randfontein,ZA,False,AUTH120415,Approved,False,True
de723d3c-db39-49cc-9c65-60267b86625d,2021-11-22,2021-11-24,5137b34d-8625-47ad-87b4-3444074f3fc3,b4ebc28f-526a-45ea-823c-588724471955,Visa,Credit,2658,Online Purchase,1140.49,ZAR,1.0,1140.49,Gym Company,5945,Hobby & Toy Shops,Randfontein,ZA,False,AUTH597624,Approved,False,True
90bae7c0-bc14-4c2a-b446-296dd085e7ed,2016-03-17,2016-03-18,c07fb421-32df-432f-a1e3-5dca2a0d375c,d185f9f0-8fc7-406e-8e5a-ca0aeae36542,Visa,Credit,9156,Purchase,5404.78,ZAR,1.0,5404.78,Total SA,5311,Department Stores,Port Lee,ZA,False,AUTH762510,Approved,False,True
f568a171-c0e4-412c-a239-601c4a38334c,2023-11-06,2023-11-07,8723aed5-97bd-488b-8ff1-776545d3901a,bbbac18e-3bf9-43fa-9184-da720b7e6c0d,Mastercard,Debit,6093,Purchase,1576.48,ZAR,1.0,1576.48,Checkers,4111,Transportation,Krugersdorp,ZA,False,AUTH154478,Approved,False,True
b6558072-a315-4e95-9f85-0f9e9cec38ca,2016-11-15,2016-11-15,7120625f-8f83-463d-86c2-61f078fe07f4,a5b3d0e7-1c37-41b2-8e9b-c9b78f83cb2d,Mastercard,Debit,8313,Refund,356.77,ZAR,1.0,356.77,Truworths,8011,Doctors & Physicians,Brendaton,ZA,False,AUTH847916,Approved,False,True
3e8f305a-27b8-401a-a4e6-e2c9e03c1f5d,2022-05-01,2022-05-02,562742d0-bd33-4cc0-9193-454a4a62c33c,c39e3656-040a-45bc-a4f4-b3d763b675a8,Visa,Credit,2886,Purchase,7737.67,ZAR,1.0,7737.67,Total SA,5999,Retail Stores,Lindashire,ZA,False,AUTH592017,Approved,False,True
52a60fac-ff7f-43c8-a7a8-5766761fb589,2022-02-27,2022-03-01,336f8b76-410a-4137-bf38-e53cb171eb88,c1dc20be-75a1-4a1d-ac08-a8936903ed07,Mastercard,Credit,5760,Purchase,5606.24,ZAR,1.0,5606.24,Planet Fitness,5311,Department Stores,Lake Ricky,ZA,False,AUTH671891,Approved,False,True
7eb1ffa8-207e-436e-8799-b6cfe147b808,2023-11-13,2023-11-13,60e9647e-a04d-46a1-8b8f-e76819c57606,09b9d0bb-c032-4e23-a911-bae00f7df4ca,Visa,Debit,3839,International Purchase,37565.01,GBP,22.0722,829142.41,Spar,5311,Department Stores,Mbombela,RO,True,AUTH578112,Approved,False,True
8b03096e-ee3b-4b2d-b3bf-1c75a4179b09,2024-03-19,2024-03-20,7eeed1d1-15ed-42e0-87ba-d1dbbd42faf6,8ae8649d-15a3-4909-a8f1-1a3ee8cc2f3b,Mastercard,Credit,8923,Purchase,5814.36,ZAR,1.0,5814.36,Total SA,5999,Retail Stores,Polokwane,ZA,False,AUTH731694,Approved,False,True
fa88dc1f-27fb-4258-b480-ccd776130fb4,2015-05-14,2015-05-16,135f4e0f-cb3f-4295-8974-d59248f94e56,eaf88bf2-93bd-40fc-bc6a-c6a64d63c873,Visa,Debit,2968,Purchase,13602.71,ZAR,1.0,13602.71,Gym Company,5661,Shoe Stores,Buckleyland,ZA,False,AUTH577934,Approved,False,True
dd916aa6-e300-4304-bb86-edbd2e3e1ee6,2024-05-20,2024-05-21,7aef813b-dc7c-43e8-9b97-6ed2aa92d763,2e55a89e-d749-4d86-862c-9b529be6064f,Mastercard,Debit,2429,Purchase,9709.94,ZAR,1.0,9709.94,Pioneer Foods,5311,Department Stores,Krugersdorp,ZA,False,AUTH973774,Approved,False,True
321b6b45-06de-4a28-8d10-e43d87b0657f,2017-04-09,2017-04-11,dfb4c8d3-6244-4f66-8b9d-97a6b5333545,4ba230a6-5e15-47e5-83ef-a692d23a7128,Mastercard,Credit,5011,International Purchase,38697.76,USD,17.9392,694206.86,Virgin Active,7011,Hotels & Motels,Vanderbijlpark,QA,True,AUTH179681,Approved,False,False
738e2d2f-d026-4ba6-8ae8-4da13d721a70,2017-10-31,2017-11-02,f941003f-6ee8-444d-a05b-1e24523a0b8a,489a6541-a54b-4982-ab84-00aa5d9b5247,Visa,Credit,4781,Purchase,8347.09,ZAR,1.0,8347.09,Spar,5541,Service Stations,Krugersdorp,ZA,False,AUTH355868,Approved,False,False
d0f3e5c1-99ea-4e7a-a5d6-bf7036aaa453,2024-11-11,2024-11-11,5141a537-c78b-49c1-bb68-03a6c7a29c6e,f4be94ff-f06b-46a4-8cba-1a36fadcbac4,Visa,Debit,5463,Purchase,8315.82,ZAR,1.0,8315.82,Old Mutual,5311,Department Stores,eGoli,ZA,False,AUTH737617,Approved,False,True
2bc71cb4-648a-4579-af66-3084a9daf505,2018-05-17,2018-05-17,eb37afca-78cc-4a2b-a2f5-dbebff5ac57c,d29864d0-31fd-4f9f-883a-7f503b38f90f,Mastercard,Credit,9576,Contactless Payment,4941.12,ZAR,1.0,4941.12,Debonairs,8011,Doctors & Physicians,Kimberley,ZA,False,AUTH119994,Approved,True,False
bf6f4d18-435c-4112-9429-5105b19964a9,2022-07-28,2022-07-30,5a870365-af3d-4a7e-8930-be9fb8b3306c,52c43632-653a-46c0-a7af-cb4c3a1026a2,Visa,Debit,6003,Purchase,4609.82,ZAR,1.0,4609.82,Debonairs,5734,Electronics Stores,Uitenhage,ZA,False,AUTH655864,Approved,False,True
101f11a3-be95-4f17-91f1-e896089eaff6,2017-01-04,2017-01-05,23daee00-7b68-4552-84d5-fde347167f98,1bf46838-92d1-4b07-adc1-26f9bc1a6bdd,Mastercard,Credit,8365,Purchase,1721.88,ZAR,1.0,1721.88,Gym Company,4816,Online Services,iKapa,ZA,False,AUTH627245,Approved,False,True
2d319154-a28f-4045-ba0d-0dd5ee4bdd02,2023-06-27,2023-06-27,2143fcc5-c0dd-4d9a-91a9-c397c3668087,e67fb514-f205-44b3-8ad0-92adffde1fbe,Mastercard,Credit,5885,Purchase,13354.97,ZAR,1.0,13354.97,Mr Price,8011,Doctors & Physicians,East Damian,ZA,False,AUTH384443,Approved,False,True
386a79ee-c307-402d-b7aa-214710c6dc0c,2018-06-06,2018-06-06,096e0e50-fb3b-4fa4-a64c-268b059881f5,792cf5fa-6e6c-47f4-8b08-8b279135255f,Visa,Debit,4077,Contactless Payment,14641.77,ZAR,1.0,14641.77,Woolworths,5945,Hobby & Toy Shops,Mohammadtown,ZA,False,AUTH916920,Approved,True,False
7b891b81-26c8-4b3f-91d5-219257682c77,2019-07-28,2019-07-30,5461ca2f-1892-4371-b2a2-7c455e990452,1bf46838-92d1-4b07-adc1-26f9bc1a6bdd,Mastercard,Debit,8230,Contactless Payment,9829.14,ZAR,1.0,9829.14,BP SA,5541,Service Stations,Springs,ZA,False,AUTH703241,Declined,True,True
6bbce87f-c665-493c-bb59-8c4d0da1b1b9,2019-03-30,2019-03-31,9c7e2c81-a85b-4300-a99b-6edfbfd42cfe,2b230825-6b17-4ffe-9620-5f77ec1c9594,Visa,Credit,6345,International Purchase,25654.63,GBP,24.4042,626080.72,Debonairs,5912,Drug Stores & Pharmacies,Leslieport,DE,True,AUTH781241,Approved,False,False
e32dea77-4158-4a9c-a67a-8347265c76f5,2019-07-16,2019-07-16,f51fab0c-b6f1-4627-96eb-f77a8e93c249,9a9d31d4-f9f8-4cf1-9cd8-0ab438e86ec7,Visa,Debit,4482,Purchase,12168.93,ZAR,1.0,12168.93,H&M SA,5661,Shoe Stores,Uitenhage,ZA,False,AUTH473780,Approved,False,True
160ec56e-f93a-4f6d-84fb-24ce8b299ce4,2021-08-19,2021-08-20,d2e5e758-c7b6-47a8-8e69-495162641831,a19093bd-f153-4dbc-bcd8-fb5ad1a36321,Mastercard,Debit,9094,Contactless Payment,13961.43,ZAR,1.0,13961.43,Spar,4816,Online Services,eGoli,ZA,False,AUTH269881,Approved,True,False
d4d6929e-c4d8-4acb-a662-52014a0c1f33,2023-03-18,2023-03-18,fe481b7b-4617-4cd9-8f7e-4780fbed25c9,97ddac20-2ab1-412a-aa23-deabd20e4497,Mastercard,Debit,8418,Refund,4207.22,ZAR,1.0,4207.22,Spur,5734,Electronics Stores,Aliland,ZA,False,AUTH716572,Approved,False,True
18658633-eeb9-4e3a-8cff-bea39db5159f,2017-05-12,2017-05-13,bf8cac5f-dc55-4b58-9a74-a337e8826ca8,eaf88bf2-93bd-40fc-bc6a-c6a64d63c873,Visa,Credit,8284,Purchase,13466.62,ZAR,1.0,13466.62,Shoprite,4814,Telecommunications,uMgungundlovu,ZA,False,AUTH645472,Approved,False,True
762128c8-e6c3-4b52-9c95-594684bdea27,2020-05-07,2020-05-07,fe481b7b-4617-4cd9-8f7e-4780fbed25c9,97ddac20-2ab1-412a-aa23-deabd20e4497,Visa,Debit,2695,Purchase,4423.05,ZAR,1.0,4423.05,Dischem,5661,Shoe Stores,Scotttown,ZA,False,AUTH161007,Approved,False,True
7851c759-d431-424f-a343-3901239ec368,2022-11-07,2022-11-07,fce6c593-c13e-4a92-bea7-d82654dbd4a8,dcfecbca-5653-435d-87a6-aafd3d6ffb52,Mastercard,Debit,8368,Purchase,4949.75,ZAR,1.0,4949.75,Pioneer Foods,4816,Online Services,West Oliviastad,ZA,False,AUTH329503,Approved,False,True
2e23efb7-fde1-47ec-9126-4b6caec71771,2022-07-24,2022-07-25,f75c54cf-e16c-4fc0-b3ae-a93a591a7503,4ea440d8-ce17-45ae-9037-e5677b3c173e,Visa,Debit,3548,Cash Advance,1320.16,ZAR,1.0,1320.16,Woolworths,5541,Service Stations,Benoni,ZA,False,AUTH470580,Approved,False,False
36a460a7-fe01-4d29-8bd5-78b4f131ef93,2019-04-06,2019-04-07,c2920edc-dec9-4757-88c2-b79375ce9845,9ec1fa1b-150e-4929-9302-27b04c992487,Mastercard,Debit,7429,Purchase,10857.1,ZAR,1.0,10857.1,City Power,5945,Hobby & Toy Shops,West Graemeberg,ZA,False,AUTH250954,Approved,False,True
3f4e6f19-e091-4148-bceb-c3b9225fd623,2015-09-18,2015-09-20,eb488e77-92b6-4933-ba76-67a314f849d7,d008e9b4-a86d-491e-bb43-dcf5c491c1cc,Mastercard,Credit,2772,Online Purchase,1589.82,ZAR,1.0,1589.82,KFC SA,5812,Eating Places & Restaurants,Colinton,ZA,False,AUTH954683,Approved,False,True
cb7e731d-3e95-4473-88d7-1b4375a9f2b8,2017-10-01,2017-10-01,f941003f-6ee8-444d-a05b-1e24523a0b8a,489a6541-a54b-4982-ab84-00aa5d9b5247,Visa,Debit,9753,Cash Advance,2103.72,ZAR,1.0,2103.72,Eskom,4111,Transportation,uMgungundlovu,ZA,False,AUTH153272,Approved,False,False
eee9f1f6-4268-4018-95f1-86092bfaa1be,2017-09-26,2017-09-27,699cd23b-fb1d-4f45-8f13-ec500d08a994,4899ed45-9c58-43fc-a9b1-110f1e0da786,Mastercard,Credit,1680,International Purchase,22013.38,GBP,22.5418,496221.21,Takealot,5945,Hobby & Toy Shops,Benoni,MV,True,AUTH498481,Approved,False,True
be2a2a49-8335-4d63-9fe6-05a9a8db54e1,2016-04-25,2016-04-25,24c74360-9832-4d08-89dd-a00aaef9e898,31e7d721-e2e5-4bc2-8b0f-1c16bf58e45e,Visa,Debit,5981,Contactless Payment,4950.25,ZAR,1.0,4950.25,McDonald's SA,5999,Retail Stores,Jeremyshire,ZA,False,AUTH805383,Approved,True,True
ad437bb9-310f-4ab7-b2ab-99ae2e4373db,2016-04-01,2016-04-02,1548c47b-bc81-4e5f-b221-ff7b6c016b8b,87805b14-50da-45b2-b8d0-37963f00a73b,Visa,Credit,9142,Purchase,10369.39,ZAR,1.0,10369.39,MTN,5621,Women's Clothing Stores,Soweto,ZA,False,AUTH930685,Approved,False,False
4bad7697-7487-43c1-88e4-271bf103c1c9,2019-11-27,2019-11-29,e3d96443-c719-4a01-9d3f-aa8b4640df6c,106cb973-661a-496e-a060-9e09a57efbb5,Mastercard,Credit,5464,Purchase,9252.49,ZAR,1.0,9252.49,Tiger Brands,4814,Telecommunications,Bethlehem,ZA,False,AUTH240924,Approved,False,True
7c543f93-cf06-45ae-a41d-a4e8cf12f81b,2015-08-07,2015-08-09,2da72a17-96ff-44bc-a3e0-bb5ff6d8ba48,04d8ed45-f4c5-422c-9678-d8c8ce690ee3,Mastercard,Debit,2653,Contactless Payment,7265.62,ZAR,1.0,7265.62,Zara SA,5311,Department Stores,Jacksonchester,ZA,False,AUTH208470,Approved,True,True
867918eb-6992-4e6c-be1b-3b2d3ca31cb7,2024-11-07,2024-11-08,e3db2750-f26e-4c8b-9584-43a53a2bfde4,e0b5f00e-16ba-45c5-a3b3-a04b555efc7c,Visa,Debit,7236,Purchase,14515.24,ZAR,1.0,14515.24,Spar,5734,Electronics Stores,Kathu,ZA,False,AUTH961757,Approved,False,False
686c3407-ba41-4863-9202-24619ea64174,2020-09-17,2020-09-19,8fd4a71b-f5a9-4402-8203-5dcbcb3e2d8b,97ddac20-2ab1-412a-aa23-deabd20e4497,Mastercard,Debit,9082,Purchase,5429.56,ZAR,1.0,5429.56,Rain,5661,Shoe Stores,East Shannon,ZA,False,AUTH791011,Reversed,False,True
b2971a22-8aa0-4e8d-9c37-b826d1d06288,2020-02-02,2020-02-03,2394630b-f57c-4ba1-8501-c26889763147,802e7e56-190c-41fd-a9d0-3d2880dd2cc3,Visa,Credit,2261,International Purchase,1342.72,EUR,20.5742,27625.39,Edgars,5661,Shoe Stores,New Tonyland,YE,True,AUTH176969,Approved,False,True
1990ac25-8ade-4997-8547-c8436ed54877,2024-06-23,2024-06-24,f2565d0e-f8d4-42d3-abea-5f571338fc08,f1584ac8-e703-493b-b684-5079521cb443,Visa,Debit,4749,Contactless Payment,8595.25,ZAR,1.0,8595.25,Checkers,5411,Grocery Stores,Welkom,ZA,False,AUTH660801,Approved,True,False
ae0cb948-2de0-4602-b268-e2f6a4de92bd,2021-06-17,2021-06-19,562742d0-bd33-4cc0-9193-454a4a62c33c,c39e3656-040a-45bc-a4f4-b3d763b675a8,Visa,Debit,9091,Purchase,224.31,ZAR,1.0,224.31,Old Mutual,5912,Drug Stores & Pharmacies,West Hilary,ZA,False,AUTH974264,Approved,False,True
82df8ae4-7dbd-4b2f-9d62-0d4b27e02c98,2020-08-09,2020-08-10,39b67ad5-984f-44bb-8a1c-acf71a1980b7,f8d83d78-b82a-4c81-b612-0515b0350694,Mastercard,Credit,5503,Online Purchase,690.17,ZAR,1.0,690.17,Netflix SA,5311,Department Stores,eGoli,ZA,False,AUTH762395,Declined,False,True
7b4d3dab-f34a-493c-8840-848f0dfff04e,2016-11-16,2016-11-18,7fa830a4-4bbf-4890-b724-7beb73038ac3,e468483b-cf18-479d-8b10-3fc7f309a13a,Visa,Credit,1601,Contactless Payment,3613.84,ZAR,1.0,3613.84,Momentum,8011,Doctors & Physicians,Davieshaven,ZA,False,AUTH320363,Approved,True,True
80c6caad-8986-4d4a-a5e4-d629c0e89018,2017-07-31,2017-08-01,4e1bb47c-33e0-4919-8fbe-e23eea0e3802,19c5ba73-e18f-49a2-a104-e01ab37e74f4,Visa,Debit,1841,Chargeback,4219.52,ZAR,1.0,4219.52,Truworths,5734,Electronics Stores,Upington,ZA,False,AUTH261508,Approved,False,False
d637820f-4982-49e4-8f78-ed04bbb8532f,2022-06-21,2022-06-23,ba8016de-86c1-4920-88db-bee7d0cd9b87,a97c8ade-97f8-47e0-8d05-75fbfdef84b4,Visa,Debit,3992,Purchase,11715.63,ZAR,1.0,11715.63,Rain,5812,Eating Places & Restaurants,Springs,ZA,False,AUTH563021,Approved,False,True
7758b7c4-7552-4919-b534-076d545279e4,2023-07-11,2023-07-13,2306d171-782e-48a8-9934-2a665366e51e,2ecc888d-d15b-4f39-b160-3e1801da08c9,Visa,Credit,4781,Online Purchase,12630.54,ZAR,1.0,12630.54,Foschini,5945,Hobby & Toy Shops,Chatsworth,ZA,False,AUTH471338,Declined,False,True
75089731-1118-4300-947c-d21e1fb08f47,2015-11-30,2015-12-02,61097e07-f0be-4f4c-955c-a08d7dbfaed8,fe1a8c18-0675-4320-8f1e-042b27d85a51,Visa,Credit,9318,Purchase,1404.56,ZAR,1.0,1404.56,Spur,5541,Service Stations,Klerksdorp,ZA,False,AUTH335815,Declined,False,True
4cb297cd-b24a-468d-b1d3-774ed0c1d86e,2018-03-17,2018-03-17,5d46670a-5225-449b-86c3-a18bc4e72537,148694da-57d4-425a-9f97-96d8293011be,Visa,Debit,5117,Online Purchase,2952.17,ZAR,1.0,2952.17,Truworths,7011,Hotels & Motels,Musina,ZA,False,AUTH365247,Approved,False,False
4b99821d-c56a-48ec-830c-8b8d04322b8b,2022-10-24,2022-10-25,b3dbbf39-5550-42f3-b00d-7a5655610449,796496b2-fedc-473f-b0ad-08543529cc77,Mastercard,Credit,6935,Purchase,556.68,ZAR,1.0,556.68,Planet Fitness,5912,Drug Stores & Pharmacies,New Tracystad,ZA,False,AUTH204559,Approved,False,False
f87e006c-bada-477b-9721-dabc3376fa19,2020-05-21,2020-05-23,fed69861-8ec4-4b55-b235-e1a07492e0c5,bca80148-e7b8-4cd0-9ed4-29ebc0a69045,Visa,Credit,4480,Contactless Payment,3966.13,ZAR,1.0,3966.13,Telkom,5541,Service Stations,West Frederick,ZA,False,AUTH598793,Approved,True,True
9101d00d-1ed5-4bb1-b1fe-8ac0e2839418,2016-10-26,2016-10-28,f204a453-cbb5-46ea-83bd-0d60fa26cc40,9a189484-cd9f-435c-b424-c12d0a715eb2,Visa,Debit,7679,Purchase,6713.62,ZAR,1.0,6713.62,Pick n Pay,8011,Doctors & Physicians,Kimberley,ZA,False,AUTH458136,Approved,False,False
e0207b87-e6fe-4882-82a4-68bba93ebd30,2022-02-10,2022-02-10,2d269844-d32d-48d0-acbd-011f5e84612a,696dd856-e6af-4dd3-9595-cc197764d7c1,Mastercard,Debit,8263,Chargeback,8198.74,ZAR,1.0,8198.74,Dischem,5311,Department Stores,Michaelmouth,ZA,False,AUTH118595,Approved,False,False
fc92ea9b-6927-4acd-ac39-2888eac4a06f,2023-04-06,2023-04-08,88fcd419-afb8-498a-8393-2030dc1539b7,96a0dd93-d9ee-4528-9173-61228081da8c,Mastercard,Debit,9143,Contactless Payment,6697.69,ZAR,1.0,6697.69,Naspers,4111,Transportation,West Daniel,ZA,False,AUTH225537,Pending,True,True
af77ac8a-58b8-43fc-bac1-98e4e40c5903,2018-02-25,2018-02-25,8d039ef6-8817-4daf-8557-6afd37468d93,3b306728-de33-45da-8613-34f78fd3ca6a,Visa,Debit,9876,Online Purchase,1852.46,ZAR,1.0,1852.46,Zara SA,5999,Retail Stores,Port Yvonne,ZA,False,AUTH878682,Approved,False,True
be830033-90ed-4e63-99f9-2476b7a73bd5,2024-10-11,2024-10-12,2394630b-f57c-4ba1-8501-c26889763147,802e7e56-190c-41fd-a9d0-3d2880dd2cc3,Visa,Debit,8738,Cash Advance,2928.39,ZAR,1.0,2928.39,Telkom,7011,Hotels & Motels,Catherinetown,ZA,False,AUTH325764,Approved,False,False
be3de18d-a06d-4bb5-8ad7-0dc5714dd250,2021-01-29,2021-01-29,35546f62-b8a6-4c44-8732-216de4b3c1b0,5136d8b2-a93b-41aa-92f7-db3139d0a2d3,Mastercard,Debit,8453,Cash Advance,988.95,ZAR,1.0,988.95,Gym Company,4111,Transportation,Musina,ZA,False,AUTH327117,Approved,False,False
5252e5d7-f1e6-49df-a784-7f29861c5da7,2024-09-15,2024-09-17,2da72a17-96ff-44bc-a3e0-bb5ff6d8ba48,04d8ed45-f4c5-422c-9678-d8c8ce690ee3,Visa,Credit,2216,Purchase,14409.09,ZAR,1.0,14409.09,KFC SA,5812,Eating Places & Restaurants,Rhysmouth,ZA,False,AUTH361702,Approved,False,True
b6e95684-2f30-45d0-b90d-067c0081f28e,2020-01-14,2020-01-14,5461ca2f-1892-4371-b2a2-7c455e990452,1bf46838-92d1-4b07-adc1-26f9bc1a6bdd,Mastercard,Debit,7620,Contactless Payment,11340.94,ZAR,1.0,11340.94,Mr Price,5999,Retail Stores,George,ZA,False,AUTH266798,Approved,True,True
965d091a-f29b-429f-a09f-39e1e89d47e0,2018-09-02,2018-09-03,0fe356f8-f46a-4f49-ae78-2a7ccbdd02f4,19720c0b-051e-47ea-b902-9b819c88f5ca,Mastercard,Credit,7596,Purchase,2505.07,ZAR,1.0,2505.07,Pioneer Foods,5311,Department Stores,West Clareville,ZA,False,AUTH304970,Approved,False,True
86c381df-0eff-4d67-a384-dc051291be0e,2021-11-29,2021-11-29,2da72a17-96ff-44bc-a3e0-bb5ff6d8ba48,04d8ed45-f4c5-422c-9678-d8c8ce690ee3,Mastercard,Debit,2681,Purchase,10079.62,ZAR,1.0,10079.62,Virgin Active,8011,Doctors & Physicians,iBhayi,ZA,False,AUTH605786,Approved,False,True
55893a58-6867-4865-a336-e8177c88671f,2017-03-17,2017-03-17,c07fb421-32df-432f-a1e3-5dca2a0d375c,d185f9f0-8fc7-406e-8e5a-ca0aeae36542,Visa,Debit,2508,Purchase,8553.53,ZAR,1.0,8553.53,BP SA,5541,Service Stations,Barryside,ZA,False,AUTH898538,Approved,False,True
94739d44-7bd8-4a68-81b8-6c59dee653ee,2024-02-26,2024-02-28,f204a453-cbb5-46ea-83bd-0d60fa26cc40,9a189484-cd9f-435c-b424-c12d0a715eb2,Mastercard,Debit,5220,Purchase,8432.81,ZAR,1.0,8432.81,Naspers,5311,Department Stores,West Glen,ZA,False,AUTH793502,Approved,False,True
e4346330-e1e3-4a02-9625-7c0a7a2a29cd,2016-03-12,2016-03-14,d2e5e758-c7b6-47a8-8e69-495162641831,a19093bd-f153-4dbc-bcd8-fb5ad1a36321,Mastercard,Debit,7095,Purchase,4704.31,ZAR,1.0,4704.31,City Power,4816,Online Services,Lewischester,ZA,False,AUTH700084,Approved,False,True
24e145b0-d420-4aca-b6c0-49989818e17e,2019-01-25,2019-01-26,6bdf7092-bcb0-4eb2-8aab-d75d40b7e1d7,a5b3d0e7-1c37-41b2-8e9b-c9b78f83cb2d,Mastercard,Credit,1318,Refund,7650.47,ZAR,1.0,7650.47,Virgin Active,4814,Telecommunications,Wrightshire,ZA,False,AUTH930024,Approved,False,True
3b6ab415-579c-48f1-b61c-222618f60c5e,2015-08-10,2015-08-10,ff638ebf-bcaf-4a04-8876-a1a9e236c918,ab89aa9f-66e2-4754-bec4-86f8d62d6503,Mastercard,Debit,1854,Purchase,9019.96,ZAR,1.0,9019.96,Pioneer Foods,5734,Electronics Stores,Brownville,ZA,False,AUTH497830,Approved,False,True
2071d4bc-6491-4585-93e4-6e2fbc333f0d,2017-04-04,2017-04-06,35546f62-b8a6-4c44-8732-216de4b3c1b0,5136d8b2-a93b-41aa-92f7-db3139d0a2d3,Mastercard,Debit,3680,Purchase,931.98,ZAR,1.0,931.98,Vodacom,5541,Service Stations,Port Annshire,ZA,False,AUTH908317,Approved,False,False
2ec1ca7c-1858-45b2-978e-f06a87e02e00,2021-05-21,2021-05-22,479a04c4-00d2-4b82-a752-6d70cadc6f32,0ebc03c1-6701-445a-b1f1-b2a9bda64229,Visa,Debit,7004,International Purchase,32177.92,GBP,24.1082,775751.73,Rain,5945,Hobby & Toy Shops,Chatsworth,BS,True,AUTH244906,Approved,False,True
2d481d55-0b0d-454b-8cac-94f1f4590e41,2021-04-18,2021-04-19,232a900f-e0f5-46b1-b3b6-0c6117dea625,27b64371-9beb-43d4-b155-f5264a48d714,Visa,Debit,7872,Purchase,10300.11,ZAR,1.0,10300.11,Checkers,5912,Drug Stores & Pharmacies,Tembisa,ZA,False,AUTH440147,Approved,False,False
7f652c87-73be-4495-8b5d-db85143064ed,2024-11-30,2024-12-02,bef3a334-00f2-442a-a744-5a5afdc54f96,6ccbeb87-4cd6-46b3-81bc-6bc4ddb7301d,Mastercard,Debit,2159,Purchase,6743.78,ZAR,1.0,6743.78,Virgin Active,7011,Hotels & Motels,Webbfurt,ZA,False,AUTH621154,Approved,False,True
13c63835-671f-4483-a8be-30a26323b85a,2022-08-22,2022-08-22,4e1bb47c-33e0-4919-8fbe-e23eea0e3802,19c5ba73-e18f-49a2-a104-e01ab37e74f4,Visa,Debit,9990,Refund,7294.81,ZAR,1.0,7294.81,Clicks,5621,Women's Clothing Stores,Samanthachester,ZA,False,AUTH263482,Approved,False,False
32e70704-6a74-4ab4-815f-3816453540ec,2024-04-07,2024-04-08,4b1b6349-a418-4ad6-a483-5f8f7e720193,93c73736-9251-4422-849a-28d5d4bdc725,Mastercard,Credit,6313,Refund,4917.51,ZAR,1.0,4917.51,Pioneer Foods,5999,Retail Stores,Lake Declanland,ZA,False,AUTH118760,Approved,False,True
bddaf197-1eab-4c46-bef8-b3d2738bdaaf,2019-06-12,2019-06-13,21c82d2b-0e15-4d2b-a5fb-0decff95e559,0da3aca3-eeff-48be-9870-f0b2cd2d53c6,Visa,Debit,8413,Contactless Payment,12650.57,ZAR,1.0,12650.57,Mr Price,4816,Online Services,Lake Lewisfurt,ZA,False,AUTH944361,Approved,True,False
76f2e9f3-fabf-4cf4-81ee-d40910dcfe24,2022-07-29,2022-07-31,135f4e0f-cb3f-4295-8974-d59248f94e56,eaf88bf2-93bd-40fc-bc6a-c6a64d63c873,Visa,Debit,4517,Purchase,3810.65,ZAR,1.0,3810.65,City Power,5912,Drug Stores & Pharmacies,Elliotshire,ZA,False,AUTH257960,Approved,False,True
743f6d29-d8df-44e9-a882-c88934e86af1,2019-05-12,2019-05-14,f51fab0c-b6f1-4627-96eb-f77a8e93c249,9a9d31d4-f9f8-4cf1-9cd8-0ab438e86ec7,Mastercard,Debit,1712,Online Purchase,8912.86,ZAR,1.0,8912.86,Eskom,5541,Service Stations,Middelburg,ZA,False,AUTH775967,Declined,False,False
c4825cc1-7355-4cf1-9d8d-ffe50d24581f,2019-08-21,2019-08-22,24c74360-9832-4d08-89dd-a00aaef9e898,31e7d721-e2e5-4bc2-8b0f-1c16bf58e45e,Mastercard,Debit,9549,Purchase,2351.86,ZAR,1.0,2351.86,Dischem,4814,Telecommunications,Musina,ZA,False,AUTH715431,Pending,False,True
b8d75be5-19df-4227-a5b1-0f99fe5ff8a1,2016-03-22,2016-03-24,ca7906af-7f80-42a9-be69-629fb7324e20,72735915-e495-4cdb-8670-8fd2e9bdf8d1,Visa,Debit,1805,Chargeback,8887.84,ZAR,1.0,8887.84,Netflix SA,5621,Women's Clothing Stores,West Brandontown,ZA,False,AUTH657655,Approved,False,True
ed4d09a8-e162-4d2e-a2fd-33a5f80b126a,2016-03-14,2016-03-15,fce6c593-c13e-4a92-bea7-d82654dbd4a8,dcfecbca-5653-435d-87a6-aafd3d6ffb52,Mastercard,Credit,8107,Contactless Payment,10115.22,ZAR,1.0,10115.22,Checkers,4111,Transportation,Hansonshire,ZA,False,AUTH515296,Declined,True,True
17499c87-0c58-4143-8b4a-3421b846815b,2020-03-17,2020-03-19,16f89369-1dde-4ef9-8c3d-ead81a0c6cf5,cb29fca6-4779-47de-b4d8-d702da77cbe5,Mastercard,Credit,8874,Purchase,2132.92,ZAR,1.0,2132.92,Tiger Brands,8011,Doctors & Physicians,Boksburg,ZA,False,AUTH173478,Reversed,False,False
d0913456-f20c-41a9-82f8-f5bf733998d0,2024-04-28,2024-04-29,c9b07011-12b8-43f6-9ef8-d9b8b4500878,f08a0cb8-0801-4ed0-bad6-d7251ed2fea2,Mastercard,Credit,4973,Online Purchase,6716.82,ZAR,1.0,6716.82,Mr Price,5812,Eating Places & Restaurants,East Arthurburgh,ZA,False,AUTH782863,Approved,False,True
67737471-9b64-4eee-b43e-a280c7f6a963,2020-10-05,2020-10-06,bef3a334-00f2-442a-a744-5a5afdc54f96,6ccbeb87-4cd6-46b3-81bc-6bc4ddb7301d,Mastercard,Credit,9457,Purchase,14702.81,ZAR,1.0,14702.81,Old Mutual,4111,Transportation,South Ritaside,ZA,False,AUTH127852,Reversed,False,False
c2a394b5-ab42-44b3-8357-f47c55bcfc04,2018-05-25,2018-05-27,86bd2850-49bb-4cbb-953c-335aef36ef5c,f5385827-522c-4f2a-b11f-b00e9abc58f9,Visa,Debit,4390,Refund,3983.34,ZAR,1.0,3983.34,Checkers,5912,Drug Stores & Pharmacies,Vanderbijlpark,ZA,False,AUTH443198,Approved,False,False
a3c1b541-5d23-4939-ba07-af5d59c29734,2017-04-14,2017-04-14,f10b0f9b-017d-4bf4-af61-4f3447a68ab9,91c9be29-eee1-4cde-a664-efe7e53212d5,Mastercard,Credit,1730,Refund,2750.11,ZAR,1.0,2750.11,Pick n Pay,5999,Retail Stores,iBhayi,ZA,False,AUTH686859,Approved,False,True
e966479d-20e1-4238-b763-36e37f9f9e27,2024-12-03,2024-12-05,db617c72-425e-437c-a34a-66b127cb489e,aa0cf632-0446-46d5-9ce0-006948caa2ce,Mastercard,Debit,1864,Purchase,4890.26,ZAR,1.0,4890.26,Debonairs,4111,Transportation,iKapa,ZA,False,AUTH201469,Declined,False,True
f067cda2-25a9-4c7c-ba1b-bc3e209ee7d3,2016-06-27,2016-06-29,df09270a-820a-466a-bf70-721bb00f6850,f08a0cb8-0801-4ed0-bad6-d7251ed2fea2,Mastercard,Credit,3421,Purchase,7130.77,ZAR,1.0,7130.77,Spar,5999,Retail Stores,Sasolburg,ZA,False,AUTH474952,Approved,False,True
f192f849-1739-49a0-a0c3-ad873c6f3091,2019-09-21,2019-09-23,8723aed5-97bd-488b-8ff1-776545d3901a,bbbac18e-3bf9-43fa-9184-da720b7e6c0d,Visa,Credit,8922,Purchase,12522.61,ZAR,1.0,12522.61,McDonald's SA,7011,Hotels & Motels,Port Nicola,ZA,False,AUTH153672,Approved,False,True
883d09c6-7caa-4182-b38a-ed7dbc172feb,2017-10-17,2017-10-19,2306d171-782e-48a8-9934-2a665366e51e,2ecc888d-d15b-4f39-b160-3e1801da08c9,Visa,Debit,1516,Refund,9698.55,ZAR,1.0,9698.55,Netflix SA,8011,Doctors & Physicians,Lake Victoriabury,ZA,False,AUTH320606,Pending,False,False
d1340e85-6390-4722-911e-8254e6bffd57,2023-07-23,2023-07-24,be62e15c-7c23-42b8-ba55-8524277e4c10,50f6d663-1915-47b1-87fd-38c31e37a363,Mastercard,Debit,1058,Online Purchase,4886.04,ZAR,1.0,4886.04,Gym Company,7011,Hotels & Motels,Port Jane,ZA,False,AUTH159125,Approved,False,True
2b6527e1-88aa-4710-909f-81e3c5d51a36,2017-11-17,2017-11-19,feff1299-937c-40f7-a410-c2b9dbc2b24a,486ed9cf-3f99-439b-a292-305d038605bf,Visa,Debit,6660,Purchase,8891.3,ZAR,1.0,8891.3,Cell C,5999,Retail Stores,Benoni,ZA,False,AUTH934628,Approved,False,True
e03dbc85-dc19-43c1-82b9-3161de24111d,2015-08-23,2015-08-25,2394630b-f57c-4ba1-8501-c26889763147,802e7e56-190c-41fd-a9d0-3d2880dd2cc3,Mastercard,Debit,4126,Purchase,7403.75,ZAR,1.0,7403.75,Spar,8011,Doctors & Physicians,Rosstown,ZA,False,AUTH499003,Approved,False,True
8174ecec-d350-4613-ab86-b03073002260,2015-08-20,2015-08-20,c07fb421-32df-432f-a1e3-5dca2a0d375c,d185f9f0-8fc7-406e-8e5a-ca0aeae36542,Mastercard,Debit,9837,Purchase,12730.22,ZAR,1.0,12730.22,Shell SA,5311,Department Stores,Polokwane,ZA,False,AUTH520160,Approved,False,True
73f8ae13-6967-48e4-9c60-99fce463c12e,2024-05-27,2024-05-29,3a110452-e114-47e9-83fd-63718fc0960b,526d7d1c-ebad-40c5-9ff2-b568477570ad,Visa,Debit,8554,Online Purchase,13398.4,ZAR,1.0,13398.4,Clicks,5912,Drug Stores & Pharmacies,Potchefstroom,ZA,False,AUTH527182,Approved,False,False
8c24fae9-1c2f-4cb5-a321-1f08755f9f6a,2023-10-08,2023-10-10,28557b72-bf6c-4a63-8a60-d0e3a9d17ce5,04485172-9859-4d78-ab90-1473d401724d,Visa,Credit,4471,Purchase,883.16,ZAR,1.0,883.16,H&M SA,5311,Department Stores,Grahamborough,ZA,False,AUTH146329,Approved,False,False
85f98d6f-37e2-4e47-877d-ebffb6973637,2023-02-20,2023-02-22,23954309-3a57-467d-a753-fdfafe6dfe53,e468483b-cf18-479d-8b10-3fc7f309a13a,Mastercard,Debit,6510,Purchase,7431.43,ZAR,1.0,7431.43,Foschini,5661,Shoe Stores,Centurion,ZA,False,AUTH290177,Approved,False,True
0e18bf2d-735c-4511-9aa7-f246e1ea56dd,2018-07-21,2018-07-23,5eaeb8fb-8d85-485e-8945-0f308bb3f76a,c77092ad-e107-4373-89eb-0a50e994a500,Visa,Credit,6186,Online Purchase,2696.66,ZAR,1.0,2696.66,H&M SA,5311,Department Stores,Port Lindsey,ZA,False,AUTH850214,Approved,False,False
48673a17-8a90-4d1e-a83e-3c7296546723,2024-10-12,2024-10-12,b98609ac-ae1c-4ac0-90af-7c1b2576a485,f5385827-522c-4f2a-b11f-b00e9abc58f9,Mastercard,Debit,9777,Purchase,3262.16,ZAR,1.0,3262.16,Eskom,5912,Drug Stores & Pharmacies,Doddfurt,ZA,False,AUTH201230,Approved,False,True
70517b6b-f354-4881-9150-01e345e4d990,2015-09-04,2015-09-06,f22f270a-6581-4dfc-99bf-ccafa6313f55,d2a252aa-3d52-420a-b18f-5c134e1fa217,Mastercard,Debit,2274,Contactless Payment,5271.34,ZAR,1.0,5271.34,Mr Price,8011,Doctors & Physicians,East Charlottemouth,ZA,False,AUTH955535,Approved,True,False
1bc24fea-a68d-4271-af8c-554868b62fa1,2019-11-09,2019-11-09,c07fb421-32df-432f-a1e3-5dca2a0d375c,d185f9f0-8fc7-406e-8e5a-ca0aeae36542,Visa,Credit,6563,Online Purchase,8237.81,ZAR,1.0,8237.81,Telkom,5734,Electronics Stores,North Gordon,ZA,False,AUTH348021,Approved,False,False
79381feb-7b9f-4e8a-8706-c33d4da040d1,2020-03-06,2020-03-08,4b004718-d836-4fb6-b039-83e1b568947f,d008e9b4-a86d-491e-bb43-dcf5c491c1cc,Visa,Debit,4540,Contactless Payment,3217.24,ZAR,1.0,3217.24,Takealot,5411,Grocery Stores,West Leon,ZA,False,AUTH721519,Approved,True,False
519f1b64-f915-4c0b-b14e-29340b88e08a,2018-05-25,2018-05-26,f51fab0c-b6f1-4627-96eb-f77a8e93c249,9a9d31d4-f9f8-4cf1-9cd8-0ab438e86ec7,Mastercard,Credit,6223,Purchase,265.67,ZAR,1.0,265.67,Naspers,5621,Women's Clothing Stores,Lake Marilyn,ZA,False,AUTH449439,Approved,False,False
ea87c2d3-6403-4064-b0af-1db8c043ad91,2016-05-17,2016-05-19,096e0e50-fb3b-4fa4-a64c-268b059881f5,792cf5fa-6e6c-47f4-8b08-8b279135255f,Visa,Credit,8522,International Purchase,39254.7,USD,19.3105,758027.88,Netflix SA,4111,Transportation,Buckleyfurt,HT,True,AUTH140380,Approved,False,True
0aab290d-413a-401b-8a92-5746cf70caa1,2023-02-25,2023-02-27,5137b34d-8625-47ad-87b4-3444074f3fc3,b4ebc28f-526a-45ea-823c-588724471955,Mastercard,Debit,4136,Purchase,7359.26,ZAR,1.0,7359.26,KFC SA,5812,Eating Places & Restaurants,Bloemfontein,ZA,False,AUTH325433,Approved,False,True
8cda23ae-d16a-41e9-b86c-e6d5b613ef3c,2024-05-29,2024-05-31,2306d171-782e-48a8-9934-2a665366e51e,2ecc888d-d15b-4f39-b160-3e1801da08c9,Mastercard,Debit,1470,International Purchase,16630.33,GBP,23.3536,388378.07,Edgars,5812,Eating Places & Restaurants,Klerksdorp,GD,True,AUTH257176,Approved,False,True
8483cbe6-4a5f-45ea-8c57-156b7a92e8b6,2024-11-10,2024-11-12,fce6c593-c13e-4a92-bea7-d82654dbd4a8,dcfecbca-5653-435d-87a6-aafd3d6ffb52,Mastercard,Debit,4025,Online Purchase,7715.13,ZAR,1.0,7715.13,Old Mutual,5734,Electronics Stores,South Anthonymouth,ZA,False,AUTH508738,Approved,False,True
71e9f68f-274c-47bc-8d81-113621fec570,2022-02-12,2022-02-12,135f4e0f-cb3f-4295-8974-d59248f94e56,eaf88bf2-93bd-40fc-bc6a-c6a64d63c873,Mastercard,Debit,3948,Purchase,12937.72,ZAR,1.0,12937.72,Vodacom,5541,Service Stations,Vanderbijlpark,ZA,False,AUTH714517,Approved,False,True
8c1525ae-472b-478c-bbba-505141f12405,2020-04-24,2020-04-26,21c82d2b-0e15-4d2b-a5fb-0decff95e559,0da3aca3-eeff-48be-9870-f0b2cd2d53c6,Visa,Debit,1172,Purchase,7210.05,ZAR,1.0,7210.05,Naspers,5661,Shoe Stores,Susanmouth,ZA,False,AUTH608851,Approved,False,False
9bbe680d-b98a-4486-925d-6b5258b251b9,2023-01-01,2023-01-03,db2a1018-04fc-4b89-bded-9d908c281204,2ea14f7d-a56a-4f64-86f9-a70de9fdfd34,Visa,Debit,8813,Online Purchase,9853.67,ZAR,1.0,9853.67,Bidvest,5541,Service Stations,Lordchester,ZA,False,AUTH474630,Approved,False,False
69302ea7-c64f-43d7-958d-5afc406c41e5,2022-10-07,2022-10-09,feff1299-937c-40f7-a410-c2b9dbc2b24a,486ed9cf-3f99-439b-a292-305d038605bf,Mastercard,Debit,6699,Online Purchase,8436.16,ZAR,1.0,8436.16,Discovery Health,5734,Electronics Stores,Vereeniging,ZA,False,AUTH736900,Approved,False,True
acf5102b-2f10-4de8-a026-30457cda71d1,2017-04-20,2017-04-21,2be9e2d8-fbb2-4b85-b60c-c3ac61dfba33,e7668c2c-8c8f-4de3-8db4-90ad16ae9b92,Mastercard,Debit,7610,Purchase,1765.04,ZAR,1.0,1765.04,Tiger Brands,5661,Shoe Stores,Powellton,ZA,False,AUTH460520,Approved,False,True
df536fc8-bebf-4b14-b2b7-65231d8f94c0,2021-05-13,2021-05-14,c20e3e17-658f-42db-8bed-0130fef2c901,f560a11f-0a60-4875-a976-a07c45530d17,Visa,Credit,7622,Purchase,2127.78,ZAR,1.0,2127.78,Discovery Health,4111,Transportation,Pritchardfort,ZA,False,AUTH682674,Approved,False,True
18491370-9ca4-4b61-a317-0b57350eadf2,2016-11-01,2016-11-02,5137b34d-8625-47ad-87b4-3444074f3fc3,b4ebc28f-526a-45ea-823c-588724471955,Mastercard,Credit,8186,Contactless Payment,1047.21,ZAR,1.0,1047.21,Vodacom,4816,Online Services,Lydiaport,ZA,False,AUTH885585,Approved,True,True
ddfcb840-243f-46c9-bbfc-745070a857a6,2019-12-23,2019-12-23,d2fcf2e8-ef02-4aee-bc6f-02c5ab328a79,93e49ad9-221b-44ed-8d8b-837f2221b03a,Mastercard,Debit,9466,Purchase,9145.06,ZAR,1.0,9145.06,Momentum,5621,Women's Clothing Stores,Centurion,ZA,False,AUTH660876,Approved,False,True
1055343d-be17-483b-8176-fdb05250637c,2022-02-05,2022-02-05,a4341b92-e767-4d9a-a8bc-a1cd5c3cac45,e48bf09c-1d7e-4a66-9946-31e8e782c08e,Mastercard,Debit,6523,Online Purchase,12881.19,ZAR,1.0,12881.19,Debonairs,5541,Service Stations,New Owen,ZA,False,AUTH117062,Approved,False,True
4ba3a95e-c104-4bf1-831b-65780f201c6d,2015-06-13,2015-06-15,21c82d2b-0e15-4d2b-a5fb-0decff95e559,0da3aca3-eeff-48be-9870-f0b2cd2d53c6,Visa,Debit,5513,Contactless Payment,5562.05,ZAR,1.0,5562.05,Woolworths,5621,Women's Clothing Stores,Stellenbosch,ZA,False,AUTH317986,Approved,True,True
d0c0f4ab-9e03-4c7f-b0c0-b3fe92472666,2021-09-15,2021-09-16,37e86a8d-69c5-4ce0-8cb5-ee7924b11e98,60e9b09c-e343-401f-9e56-3f88d8ea072a,Mastercard,Debit,6091,Purchase,1948.22,ZAR,1.0,1948.22,Steers,5999,Retail Stores,Port Shanefort,ZA,False,AUTH606001,Approved,False,True
cdabb6dc-3811-4287-bdde-6c32f8cd7f57,2023-02-15,2023-02-16,f22f270a-6581-4dfc-99bf-ccafa6313f55,d2a252aa-3d52-420a-b18f-5c134e1fa217,Visa,Credit,7613,Refund,1296.43,ZAR,1.0,1296.43,Superbalist,5999,Retail Stores,Burtonfort,ZA,False,AUTH694504,Approved,False,True
4bf58dd5-d911-469c-a461-ab0ac8ab70ad,2016-08-08,2016-08-08,d1c60b8b-8b23-448a-a853-e84ceb19ead5,5427a72c-adea-4248-901b-4111111cdd4b,Visa,Debit,9754,Purchase,14156.12,ZAR,1.0,14156.12,Total SA,4814,Telecommunications,West Kierantown,ZA,False,AUTH329475,Approved,False,True
6d92ac71-3b95-43fb-abfd-c56252b87773,2022-10-03,2022-10-03,37ee2fc0-92b0-48d6-bc94-afa2c3d86d65,8f16d71b-084e-4609-9ded-09077e4d8d48,Mastercard,Debit,9865,Refund,6039.92,ZAR,1.0,6039.92,City Power,4816,Online Services,Jonesland,ZA,False,AUTH973242,Declined,False,True
767156eb-f68e-4a90-9686-bdff02a9b8fb,2024-03-16,2024-03-18,4b1b6349-a418-4ad6-a483-5f8f7e720193,93c73736-9251-4422-849a-28d5d4bdc725,Mastercard,Credit,6230,Cash Advance,4169.06,ZAR,1.0,4169.06,Telkom,5661,Shoe Stores,Doddport,ZA,False,AUTH323060,Reversed,False,False
4f4f3483-0443-4b50-8ce9-57faf631969f,2015-07-22,2015-07-22,37e86a8d-69c5-4ce0-8cb5-ee7924b11e98,60e9b09c-e343-401f-9e56-3f88d8ea072a,Visa,Credit,9960,Refund,5312.68,ZAR,1.0,5312.68,Edgars,4816,Online Services,Randfontein,ZA,False,AUTH126595,Approved,False,True
1479a691-a393-4bce-9273-97cac8da8f19,2016-03-26,2016-03-27,35546f62-b8a6-4c44-8732-216de4b3c1b0,5136d8b2-a93b-41aa-92f7-db3139d0a2d3,Visa,Credit,2466,Purchase,6814.71,ZAR,1.0,6814.71,Shoprite,5812,Eating Places & Restaurants,Lake Gavin,ZA,False,AUTH334303,Approved,False,False
b7e13cec-ef61-488c-b3bf-a811e85e9443,2020-01-02,2020-01-04,d2e5e758-c7b6-47a8-8e69-495162641831,a19093bd-f153-4dbc-bcd8-fb5ad1a36321,Visa,Debit,5608,Purchase,7919.91,ZAR,1.0,7919.91,Cell C,4814,Telecommunications,iBhayi,ZA,False,AUTH367228,Pending,False,True
bb3b3de1-7f80-47c2-93c0-c4b3dfe2389d,2016-12-27,2016-12-29,f22f270a-6581-4dfc-99bf-ccafa6313f55,d2a252aa-3d52-420a-b18f-5c134e1fa217,Mastercard,Debit,1576,Purchase,11701.01,ZAR,1.0,11701.01,Amazon SA,7011,Hotels & Motels,iBhayi,ZA,False,AUTH504409,Reversed,False,False
daefd3d8-f2b2-43d2-a4ac-afbb50bab178,2017-07-02,2017-07-02,df09270a-820a-466a-bf70-721bb00f6850,f08a0cb8-0801-4ed0-bad6-d7251ed2fea2,Mastercard,Credit,5182,Refund,5472.72,ZAR,1.0,5472.72,Total SA,4814,Telecommunications,Patriciastad,ZA,False,AUTH853505,Reversed,False,True
4d3bb912-c4bd-4231-97fe-1884fd894e77,2015-02-19,2015-02-19,78a218ef-f8f6-496f-903b-dfa91c2ba2f4,5f07ee40-578a-4751-985d-4e36af164992,Mastercard,Credit,6998,International Purchase,38477.09,ZAR,1.0,38477.09,Engen,7011,Hotels & Motels,Middelburg,LV,True,AUTH104830,Approved,False,True
6680b73a-f554-4674-a44a-102f0723e32a,2021-08-19,2021-08-21,aac5f32c-1732-4eeb-b771-b11f29217999,92c7a67a-0282-45bd-b9e5-b0c203b7dba1,Mastercard,Credit,2791,Purchase,14115.67,ZAR,1.0,14115.67,Clicks,4816,Online Services,Musina,ZA,False,AUTH614591,Approved,False,True
4fda869e-27cd-4aa7-a872-f89052336612,2018-10-06,2018-10-08,f941003f-6ee8-444d-a05b-1e24523a0b8a,489a6541-a54b-4982-ab84-00aa5d9b5247,Mastercard,Credit,2363,Contactless Payment,2198.37,ZAR,1.0,2198.37,Debonairs,5734,Electronics Stores,West Jeremy,ZA,False,AUTH435903,Approved,True,True
93f39de1-8a20-485a-a2ad-595875b8e9bc,2017-08-06,2017-08-06,d1c60b8b-8b23-448a-a853-e84ceb19ead5,5427a72c-adea-4248-901b-4111111cdd4b,Visa,Debit,3207,Contactless Payment,9914.18,ZAR,1.0,9914.18,McDonald's SA,8011,Doctors & Physicians,Upington,ZA,False,AUTH482051,Approved,True,False
b491e8c0-345c-40c2-bc4d-d83329f02194,2017-03-16,2017-03-16,f51fab0c-b6f1-4627-96eb-f77a8e93c249,9a9d31d4-f9f8-4cf1-9cd8-0ab438e86ec7,Visa,Credit,2497,Cash Advance,3620.69,ZAR,1.0,3620.69,H&M SA,5621,Women's Clothing Stores,Lake Jilltown,ZA,False,AUTH816044,Approved,False,True
ccc15c1e-c68c-4451-a9c1-871aae155fab,2023-04-02,2023-04-04,ba8016de-86c1-4920-88db-bee7d0cd9b87,a97c8ade-97f8-47e0-8d05-75fbfdef84b4,Visa,Credit,1854,Purchase,12367.13,ZAR,1.0,12367.13,Woolworths,5311,Department Stores,Stellenbosch,ZA,False,AUTH873547,Approved,False,True
07887b4c-1393-4b1e-a034-511e6288e34b,2016-01-16,2016-01-18,52973e09-5cc7-4418-af22-95f871ac3698,005acb16-83f0-4423-a42f-150fbdebffc9,Mastercard,Credit,2612,Refund,8217.9,ZAR,1.0,8217.9,Amazon SA,5812,Eating Places & Restaurants,uMgungundlovu,ZA,False,AUTH247097,Approved,False,True
b4ed62ba-6843-4f00-8502-a499f5feb98e,2022-11-21,2022-11-22,7aef813b-dc7c-43e8-9b97-6ed2aa92d763,2e55a89e-d749-4d86-862c-9b529be6064f,Mastercard,Debit,6984,Purchase,3941.06,ZAR,1.0,3941.06,Foschini,5311,Department Stores,Springs,ZA,False,AUTH901537,Approved,False,True
0d060537-887f-4493-8316-567351805f54,2024-05-14,2024-05-15,8723aed5-97bd-488b-8ff1-776545d3901a,bbbac18e-3bf9-43fa-9184-da720b7e6c0d,Visa,Debit,5309,International Purchase,41576.24,USD,18.564,771821.32,Truworths,5812,Eating Places & Restaurants,Hamiltonhaven,KW,True,AUTH348931,Approved,False,True
60e84842-3750-441d-b73d-8ab0d5028efc,2021-08-20,2021-08-22,b45ec370-5394-422e-b494-6ef0e37643c1,f72d813d-996f-430d-ae57-13eb80207635,Visa,Debit,2164,Refund,5843.8,ZAR,1.0,5843.8,Virgin Active,7011,Hotels & Motels,Potchefstroom,ZA,False,AUTH675120,Approved,False,True
55e3cec8-91a4-484c-92a4-1ae7560928eb,2024-03-30,2024-04-01,997d4533-20ea-4718-aacf-97d0a3287dc8,d7243b67-f245-405d-aa9e-5320dfd3fe49,Visa,Credit,7131,Online Purchase,1051.86,ZAR,1.0,1051.86,Virgin Active,5411,Grocery Stores,Centurion,ZA,False,AUTH219698,Approved,False,True
c6f60fa4-29fd-4e4e-87b6-35922bc7a6da,2020-01-09,2020-01-10,16f89369-1dde-4ef9-8c3d-ead81a0c6cf5,cb29fca6-4779-47de-b4d8-d702da77cbe5,Mastercard,Debit,4671,Purchase,10843.87,ZAR,1.0,10843.87,Gym Company,5411,Grocery Stores,Uitenhage,ZA,False,AUTH800205,Reversed,False,True
e31bf1d3-5b4d-4712-bd11-bae6454ab492,2022-01-15,2022-01-17,2f40bed9-acd6-44b5-b602-97d39a9dc3a7,01137316-1352-488d-a263-adc17ec0076e,Visa,Credit,8643,Purchase,14682.11,ZAR,1.0,14682.11,Bidvest,8011,Doctors & Physicians,Hamiltonport,ZA,False,AUTH865333,Approved,False,False
5a6df47c-dbff-4e13-9ba7-44b873a31fd0,2019-02-08,2019-02-09,eb488e77-92b6-4933-ba76-67a314f849d7,d008e9b4-a86d-491e-bb43-dcf5c491c1cc,Mastercard,Debit,3621,International Purchase,39601.69,USD,18.0673,715495.61,Pick n Pay,5411,Grocery Stores,Fieldland,SE,True,AUTH240261,Approved,False,False
af34a304-b7b0-4f02-8223-0933b25cc822,2023-07-28,2023-07-30,f51fab0c-b6f1-4627-96eb-f77a8e93c249,9a9d31d4-f9f8-4cf1-9cd8-0ab438e86ec7,Mastercard,Debit,3362,Purchase,6351.87,ZAR,1.0,6351.87,Total SA,5812,Eating Places & Restaurants,West Bethanyshire,ZA,False,AUTH273426,Approved,False,True
32e05a98-4abd-4af7-9212-6eae299313c8,2017-02-02,2017-02-03,8723aed5-97bd-488b-8ff1-776545d3901a,bbbac18e-3bf9-43fa-9184-da720b7e6c0d,Visa,Credit,1187,Refund,6799.12,ZAR,1.0,6799.12,Shell SA,5621,Women's Clothing Stores,Daviesfurt,ZA,False,AUTH260662,Approved,False,True
8c104058-a629-4303-8009-b7d669bcca36,2022-12-23,2022-12-24,4c821eef-220b-4049-905b-2db203a164d4,99bb606a-d40c-4df5-9890-d18086d5f335,Visa,Credit,2475,Purchase,5251.23,ZAR,1.0,5251.23,Zara SA,5661,Shoe Stores,Klerksdorp,ZA,False,AUTH856451,Approved,False,True
30df26cd-be58-4278-85c8-cb16378e4a90,2021-03-22,2021-03-23,f22f270a-6581-4dfc-99bf-ccafa6313f55,d2a252aa-3d52-420a-b18f-5c134e1fa217,Mastercard,Credit,3550,Online Purchase,7202.86,ZAR,1.0,7202.86,Debonairs,5411,Grocery Stores,George,ZA,False,AUTH362657,Approved,False,False
c91bd6b6-a3e0-4b9d-8893-8190e6a27128,2023-07-11,2023-07-11,dfb4c8d3-6244-4f66-8b9d-97a6b5333545,4ba230a6-5e15-47e5-83ef-a692d23a7128,Visa,Credit,8602,Purchase,14637.88,ZAR,1.0,14637.88,Superbalist,7011,Hotels & Motels,Andrewhaven,ZA,False,AUTH680796,Approved,False,True
94efe823-e9ab-416c-9f77-97e49925ba1f,2022-01-01,2022-01-01,d7952e5b-22e9-4289-8b87-5a5b800bceb8,2949a668-9ea3-4b41-9f9a-136b86be274f,Mastercard,Credit,8156,International Purchase,47178.31,GBP,22.9624,1083327.23,Planet Fitness,5541,Service Stations,Rustenburg,MD,True,AUTH793422,Approved,False,True
2e29df48-f675-40cd-b3ce-872edc7c84dc,2020-12-08,2020-12-09,b3dbbf39-5550-42f3-b00d-7a5655610449,796496b2-fedc-473f-b0ad-08543529cc77,Visa,Debit,9000,Refund,4900.85,ZAR,1.0,4900.85,Foschini,8011,Doctors & Physicians,Soweto,ZA,False,AUTH385918,Approved,False,True
8e490371-ee49-4720-adca-4d05f9d2d91e,2019-03-03,2019-03-05,8723aed5-97bd-488b-8ff1-776545d3901a,bbbac18e-3bf9-43fa-9184-da720b7e6c0d,Mastercard,Debit,5339,Refund,1596.25,ZAR,1.0,1596.25,Pick n Pay,5999,Retail Stores,Musina,ZA,False,AUTH897020,Approved,False,True
ddeb5133-8078-4173-b148-6de9c079ea1f,2019-06-05,2019-06-06,60e9647e-a04d-46a1-8b8f-e76819c57606,09b9d0bb-c032-4e23-a911-bae00f7df4ca,Mastercard,Debit,1404,Purchase,11336.28,ZAR,1.0,11336.28,Edgars,5999,Retail Stores,West Rickyfort,ZA,False,AUTH967502,Approved,False,True
469342ad-784b-4b0d-9736-120a42267abb,2022-06-17,2022-06-19,5137b34d-8625-47ad-87b4-3444074f3fc3,b4ebc28f-526a-45ea-823c-588724471955,Visa,Debit,1158,Purchase,4451.63,ZAR,1.0,4451.63,Clicks,5812,Eating Places & Restaurants,Soweto,ZA,False,AUTH907339,Approved,False,True
fc9c937a-6ac1-48e5-b4fd-979a08d2d2bb,2018-10-15,2018-10-16,d7952e5b-22e9-4289-8b87-5a5b800bceb8,2949a668-9ea3-4b41-9f9a-136b86be274f,Visa,Credit,6699,Contactless Payment,4395.26,ZAR,1.0,4395.26,Edgars,5661,Shoe Stores,Chatsworth,ZA,False,AUTH562367,Approved,True,True
f5cb9ca2-1df9-4888-aa04-79d48d985efd,2024-08-06,2024-08-07,ea0a8fdf-9c34-4cf9-a946-ba796d693257,5f91b043-7d72-40ec-8c92-c61cb0c1833c,Visa,Credit,4892,Purchase,4962.03,ZAR,1.0,4962.03,Eskom,5734,Electronics Stores,uMgungundlovu,ZA,False,AUTH971431,Approved,False,True
1311a657-fa69-4079-b415-83fe42b08c6b,2024-06-14,2024-06-15,ea3f5b5d-69d1-4f5a-892f-3598e5da8f70,fe7e677d-74e5-49b5-b656-0b6c8f1374bb,Mastercard,Credit,7450,Purchase,10274.43,ZAR,1.0,10274.43,Planet Fitness,4111,Transportation,Thohoyandou,ZA,False,AUTH152479,Approved,False,True
2fc40e28-6848-4257-8bae-a609f33b5c53,2017-09-11,2017-09-11,4b004718-d836-4fb6-b039-83e1b568947f,d008e9b4-a86d-491e-bb43-dcf5c491c1cc,Visa,Debit,3597,International Purchase,4354.13,ZAR,1.0,4354.13,Eskom,5621,Women's Clothing Stores,Higginsfort,PG,True,AUTH297522,Approved,False,True
4abceedf-f240-49ca-9339-6f6eb2c7cca9,2015-05-31,2015-06-01,920f40d1-f7a7-466f-aa09-4666c67e8967,91c9be29-eee1-4cde-a664-efe7e53212d5,Visa,Credit,4453,Contactless Payment,6542.98,ZAR,1.0,6542.98,Pioneer Foods,4816,Online Services,Potchefstroom,ZA,False,AUTH855732,Approved,True,False
3507a375-d70f-4c0f-8c90-cb5d2fd76dd4,2023-08-06,2023-08-08,e3d96443-c719-4a01-9d3f-aa8b4640df6c,106cb973-661a-496e-a060-9e09a57efbb5,Mastercard,Credit,5013,Purchase,11325.94,ZAR,1.0,11325.94,Spur,7011,Hotels & Motels,Stellenbosch,ZA,False,AUTH794312,Reversed,False,True
98be095b-69dd-4252-8d35-cf8f4baee314,2016-02-09,2016-02-10,b3dbbf39-5550-42f3-b00d-7a5655610449,796496b2-fedc-473f-b0ad-08543529cc77,Mastercard,Debit,5183,Purchase,2054.45,ZAR,1.0,2054.45,Momentum,7011,Hotels & Motels,West Caroline,ZA,False,AUTH181592,Approved,False,True
3e039160-92d2-4baa-928f-2576cc55df70,2015-05-31,2015-06-02,23daee00-7b68-4552-84d5-fde347167f98,1bf46838-92d1-4b07-adc1-26f9bc1a6bdd,Visa,Credit,1906,Purchase,12581.95,ZAR,1.0,12581.95,Netflix SA,5945,Hobby & Toy Shops,Scotttown,ZA,False,AUTH931107,Declined,False,False
2adabb52-2b99-4731-a955-8c5e5a33ad77,2024-10-14,2024-10-14,6bdf7092-bcb0-4eb2-8aab-d75d40b7e1d7,a5b3d0e7-1c37-41b2-8e9b-c9b78f83cb2d,Visa,Credit,6694,Chargeback,2943.22,ZAR,1.0,2943.22,Takealot,7011,Hotels & Motels,Chatsworth,ZA,False,AUTH596537,Approved,False,False
c03a1946-74b7-4514-a35d-4462d790c466,2023-08-18,2023-08-20,e3521f74-2679-412c-bb47-a397bc1e1d54,239ae69f-6fe0-4b40-91cf-cea7b0f8cec4,Visa,Credit,8905,Purchase,4486.13,ZAR,1.0,4486.13,KFC SA,5912,Drug Stores & Pharmacies,North Ellieburgh,ZA,False,AUTH111697,Approved,False,True
68797cb8-3d39-461e-8326-b58651dac0bf,2017-05-17,2017-05-17,24c74360-9832-4d08-89dd-a00aaef9e898,31e7d721-e2e5-4bc2-8b0f-1c16bf58e45e,Visa,Debit,2590,Cash Advance,4458.1,ZAR,1.0,4458.1,Momentum,5661,Shoe Stores,Welkom,ZA,False,AUTH504175,Declined,False,True
eb2b265c-8c27-4ec6-b610-d0b013587af6,2018-06-26,2018-06-27,89508310-0e20-4767-b6ca-b33dbc0c4fff,796496b2-fedc-473f-b0ad-08543529cc77,Visa,Credit,8280,Purchase,1302.32,ZAR,1.0,1302.32,City Power,8011,Doctors & Physicians,New Jillchester,ZA,False,AUTH375820,Approved,False,False
234e08da-46ae-45e8-a0a3-5de5a2210bad,2023-03-22,2023-03-23,bf8cac5f-dc55-4b58-9a74-a337e8826ca8,eaf88bf2-93bd-40fc-bc6a-c6a64d63c873,Visa,Credit,5645,Refund,9476.87,ZAR,1.0,9476.87,H&M SA,5812,Eating Places & Restaurants,Jeanfort,ZA,False,AUTH374274,Approved,False,False
f9b62b02-d4bb-425a-b17d-d9ff3f9031a6,2022-02-08,2022-02-09,6f29cf29-b65b-47e6-b3ae-5300ab3cf264,01137316-1352-488d-a263-adc17ec0076e,Mastercard,Credit,6495,Purchase,8097.66,ZAR,1.0,8097.66,Dischem,5812,Eating Places & Restaurants,East Georgeborough,ZA,False,AUTH492949,Approved,False,False
bc59110d-b9a3-4392-86c0-61f0d9190aed,2015-06-21,2015-06-21,e82178cd-a4b0-4b70-a302-64ff8846651f,b2ebfe50-e47c-439c-abf6-a9f68942352d,Mastercard,Credit,8881,Purchase,4492.94,ZAR,1.0,4492.94,BP SA,5621,Women's Clothing Stores,New Francesborough,ZA,False,AUTH292540,Reversed,False,True
db40bbda-bfe0-404a-8661-9982b6e275f2,2022-09-25,2022-09-26,be62e15c-7c23-42b8-ba55-8524277e4c10,50f6d663-1915-47b1-87fd-38c31e37a363,Mastercard,Debit,4537,Purchase,5955.24,ZAR,1.0,5955.24,Edgars,7011,Hotels & Motels,Witbank,ZA,False,AUTH204236,Approved,False,False
7d60596d-2e25-431d-91be-ac5be82a489e,2015-01-09,2015-01-10,feff1299-937c-40f7-a410-c2b9dbc2b24a,486ed9cf-3f99-439b-a292-305d038605bf,Visa,Debit,8857,Purchase,10598.44,ZAR,1.0,10598.44,Shell SA,5999,Retail Stores,West Samantha,ZA,False,AUTH165507,Declined,False,True
367b8218-2cd8-4989-880b-8fe08f8cc180,2015-12-03,2015-12-04,4c821eef-220b-4049-905b-2db203a164d4,99bb606a-d40c-4df5-9890-d18086d5f335,Visa,Credit,9322,Contactless Payment,9418.96,ZAR,1.0,9418.96,Caltex SA,5999,Retail Stores,West Rhyshaven,ZA,False,AUTH237077,Declined,True,False
e99afe61-290e-4d49-b7df-60e263ae7e7c,2017-04-02,2017-04-04,82fa8ab9-24e2-490b-bacc-e9c122ee0ff1,02523414-87f6-4817-8cf2-297f40600402,Visa,Credit,7356,Purchase,4705.03,ZAR,1.0,4705.03,H&M SA,5541,Service Stations,Lake Terence,ZA,False,AUTH343057,Approved,False,False
04e1fa0a-2ce7-4e53-aae1-d810c6553b1c,2018-01-08,2018-01-09,2f40bed9-acd6-44b5-b602-97d39a9dc3a7,01137316-1352-488d-a263-adc17ec0076e,Visa,Debit,9018,Purchase,4802.45,ZAR,1.0,4802.45,Zara SA,4816,Online Services,Glennton,ZA,False,AUTH421955,Approved,False,True
1d5e8970-103d-401d-9dba-3cd138d8998e,2024-07-29,2024-07-31,3e1f00b0-580e-4765-9b00-8aa4a93425e3,3e12b679-d262-4e5f-abb3-e50d983421e2,Mastercard,Debit,6183,Purchase,6974.91,ZAR,1.0,6974.91,Truworths,5541,Service Stations,East Andreafurt,ZA,False,AUTH860079,Approved,False,True
ffbda67a-badf-422f-b82b-e4f6817102b8,2022-07-13,2022-07-15,699cd23b-fb1d-4f45-8f13-ec500d08a994,4899ed45-9c58-43fc-a9b1-110f1e0da786,Visa,Debit,2479,Contactless Payment,11132.38,ZAR,1.0,11132.38,Planet Fitness,5311,Department Stores,Maureenville,ZA,False,AUTH729855,Approved,True,False
85e0f00e-15f7-4476-a517-958fadfd64c1,2017-10-08,2017-10-09,8c3df183-e48d-4079-ad3d-5e8ecb7fc3d0,52c43632-653a-46c0-a7af-cb4c3a1026a2,Mastercard,Credit,8020,Contactless Payment,6661.66,ZAR,1.0,6661.66,Foschini,4111,Transportation,Wardburgh,ZA,False,AUTH486916,Approved,True,True
a5eb08e8-82c1-4a9d-9506-75a111e509ec,2020-07-06,2020-07-07,d2e5e758-c7b6-47a8-8e69-495162641831,a19093bd-f153-4dbc-bcd8-fb5ad1a36321,Mastercard,Debit,5611,Purchase,11719.73,ZAR,1.0,11719.73,Steers,5812,Eating Places & Restaurants,Mbombela,ZA,False,AUTH223051,Approved,False,True
5cdbf4ac-5c8d-4a47-b9d4-8bf0a4557fd3,2019-06-11,2019-06-11,e3d96443-c719-4a01-9d3f-aa8b4640df6c,106cb973-661a-496e-a060-9e09a57efbb5,Mastercard,Credit,6014,International Purchase,17552.46,ZAR,1.0,17552.46,Takealot,4816,Online Services,Thohoyandou,SY,True,AUTH726386,Approved,False,True
82f1137c-d143-45c4-a3bc-feadfeb3768c,2015-12-27,2015-12-28,526d5f06-e2c7-4c74-81bb-046cf77becf3,cfb6b46a-57ca-4813-a5e8-ca78f77e473a,Mastercard,Debit,4187,International Purchase,358.17,USD,18.6188,6668.7,Telkom,5661,Shoe Stores,Benoni,IL,True,AUTH669362,Approved,False,True
df8eb81b-99a2-40c7-84ff-3d53aa301e30,2021-10-19,2021-10-20,e82178cd-a4b0-4b70-a302-64ff8846651f,b2ebfe50-e47c-439c-abf6-a9f68942352d,Mastercard,Credit,9458,Purchase,11063.64,ZAR,1.0,11063.64,Virgin Active,5311,Department Stores,West Scott,ZA,False,AUTH800956,Approved,False,True
dd6c6dac-10ba-46ba-9906-dae86cdd85b9,2024-05-23,2024-05-24,b47c51d6-3737-4e6a-8075-7131afe3b374,82342e76-2880-4405-b49b-784e5cede8db,Visa,Credit,7262,Purchase,1012.19,ZAR,1.0,1012.19,Netflix SA,5541,Service Stations,Rustenburg,ZA,False,AUTH486619,Approved,False,True
22c6e79a-1bd1-4f85-b098-378d2c0a0479,2017-05-03,2017-05-05,7120625f-8f83-463d-86c2-61f078fe07f4,a5b3d0e7-1c37-41b2-8e9b-c9b78f83cb2d,Visa,Credit,4268,Purchase,503.28,ZAR,1.0,503.28,Superbalist,4816,Online Services,Kathu,ZA,False,AUTH912062,Approved,False,True
68abac00-e576-4c95-8cea-86c92579eb4d,2019-01-29,2019-01-29,f75c54cf-e16c-4fc0-b3ae-a93a591a7503,4ea440d8-ce17-45ae-9037-e5677b3c173e,Mastercard,Debit,4733,Purchase,2782.84,ZAR,1.0,2782.84,Telkom,7011,Hotels & Motels,Port Lee,ZA,False,AUTH891358,Approved,False,True
8bdda203-eaa3-49c3-8244-7e61bf25d535,2022-06-27,2022-06-29,c20e3e17-658f-42db-8bed-0130fef2c901,f560a11f-0a60-4875-a976-a07c45530d17,Visa,Credit,7724,Cash Advance,2744.22,ZAR,1.0,2744.22,Foschini,5734,Electronics Stores,uMgungundlovu,ZA,False,AUTH280743,Approved,False,False
326b568c-222c-41fb-9fd3-5dbb82c6787d,2016-02-26,2016-02-28,f51fab0c-b6f1-4627-96eb-f77a8e93c249,9a9d31d4-f9f8-4cf1-9cd8-0ab438e86ec7,Visa,Debit,4960,Purchase,3988.92,ZAR,1.0,3988.92,Debonairs,5912,Drug Stores & Pharmacies,South Alex,ZA,False,AUTH110838,Approved,False,False
8ca145df-4446-42ea-94a8-f90e263cfab6,2022-02-02,2022-02-02,cc4d93f2-8c8d-4f30-805f-e2f4081a6155,475c2f67-b3cb-4fac-8e1a-0ed764b9a2fe,Mastercard,Credit,2454,Online Purchase,3952.39,ZAR,1.0,3952.39,Spar,5311,Department Stores,North Bryanfurt,ZA,False,AUTH991442,Reversed,False,True
7e2aecfe-d3c2-4919-9f5a-5489d0a60f17,2019-03-30,2019-03-31,d2e5e758-c7b6-47a8-8e69-495162641831,a19093bd-f153-4dbc-bcd8-fb5ad1a36321,Mastercard,Debit,7730,International Purchase,6258.0,EUR,19.7984,123898.39,Dischem,4816,Online Services,Vereeniging,LT,True,AUTH229911,Approved,False,False
6ca90aff-3ebc-4c3e-b8a4-1e380b6d8622,2018-12-09,2018-12-09,b45ec370-5394-422e-b494-6ef0e37643c1,f72d813d-996f-430d-ae57-13eb80207635,Visa,Credit,7592,Purchase,2907.55,ZAR,1.0,2907.55,McDonald's SA,5541,Service Stations,Dominicton,ZA,False,AUTH324527,Approved,False,True
a0d0ae7b-0237-4a8a-baa2-b9c1752fbe2b,2023-06-05,2023-06-06,096e0e50-fb3b-4fa4-a64c-268b059881f5,792cf5fa-6e6c-47f4-8b08-8b279135255f,Mastercard,Debit,9074,Purchase,8890.98,ZAR,1.0,8890.98,City Power,5945,Hobby & Toy Shops,Welkom,ZA,False,AUTH206717,Declined,False,False
b29df338-50ef-47bd-891c-52ec9215dfb2,2023-09-29,2023-09-30,e3db2750-f26e-4c8b-9584-43a53a2bfde4,e0b5f00e-16ba-45c5-a3b3-a04b555efc7c,Visa,Debit,3621,Purchase,12484.34,ZAR,1.0,12484.34,Engen,7011,Hotels & Motels,iKapa,ZA,False,AUTH864608,Approved,False,True
680b52cb-b97d-4dd7-887c-7cb0ffd0a16a,2015-01-30,2015-02-01,6bdf7092-bcb0-4eb2-8aab-d75d40b7e1d7,a5b3d0e7-1c37-41b2-8e9b-c9b78f83cb2d,Mastercard,Credit,1319,Purchase,13884.44,ZAR,1.0,13884.44,Debonairs,5411,Grocery Stores,Markmouth,ZA,False,AUTH188997,Approved,False,True
3590be17-46f8-4b05-b480-f2276910d15a,2022-02-01,2022-02-02,2bf8d2fa-f5b6-450f-8a17-636f3764609f,3acebc57-2f2f-4565-9336-7b9605009e45,Mastercard,Credit,1576,Purchase,1062.89,ZAR,1.0,1062.89,MTN,5541,Service Stations,Lake Oliverton,ZA,False,AUTH504496,Declined,False,True
fe730c53-3a9e-4c7b-bb84-7bc1ec4b1e28,2024-06-28,2024-06-28,ea30a547-290d-4b22-9e7c-c2ef9891fc4d,35467d6b-f1b1-4241-815d-df93767762c1,Visa,Credit,8389,Purchase,1352.14,ZAR,1.0,1352.14,Debonairs,5812,Eating Places & Restaurants,Jayneside,ZA,False,AUTH483824,Approved,False,False
d03965df-903d-42ac-bca8-cd4726b7a9c9,2020-08-30,2020-09-01,4b1b6349-a418-4ad6-a483-5f8f7e720193,93c73736-9251-4422-849a-28d5d4bdc725,Visa,Debit,8318,Purchase,11858.03,ZAR,1.0,11858.03,Rain,4814,Telecommunications,Stanleymouth,ZA,False,AUTH332174,Approved,False,False
35501b9e-4832-46e4-a2d3-dee25c0e76ad,2023-03-05,2023-03-06,df09270a-820a-466a-bf70-721bb00f6850,f08a0cb8-0801-4ed0-bad6-d7251ed2fea2,Visa,Credit,4787,Purchase,1632.38,ZAR,1.0,1632.38,Woolworths,5411,Grocery Stores,Smithport,ZA,False,AUTH886002,Approved,False,True
10ae6cc0-0375-47bf-96c3-f8de590a7a1c,2020-04-23,2020-04-24,ea0a8fdf-9c34-4cf9-a946-ba796d693257,5f91b043-7d72-40ec-8c92-c61cb0c1833c,Visa,Debit,2884,Purchase,5035.72,ZAR,1.0,5035.72,H&M SA,5541,Service Stations,Trevorside,ZA,False,AUTH979520,Approved,False,False
9ba8b5ca-8f08-46ec-b504-1aa4f4f2558b,2016-04-20,2016-04-21,39b67ad5-984f-44bb-8a1c-acf71a1980b7,f8d83d78-b82a-4c81-b612-0515b0350694,Visa,Credit,3087,Purchase,5542.98,ZAR,1.0,5542.98,Foschini,5999,Retail Stores,Bloemfontein,ZA,False,AUTH777171,Approved,False,False
6775df02-48a4-4613-99e8-19068c95fd47,2024-06-21,2024-06-21,60e9647e-a04d-46a1-8b8f-e76819c57606,09b9d0bb-c032-4e23-a911-bae00f7df4ca,Visa,Credit,8838,Cash Advance,2276.38,ZAR,1.0,2276.38,Gym Company,5945,Hobby & Toy Shops,Mauriceberg,ZA,False,AUTH972026,Approved,False,True
bf930a7b-c4c4-4021-9a73-ad287027c029,2022-01-08,2022-01-09,db2a1018-04fc-4b89-bded-9d908c281204,2ea14f7d-a56a-4f64-86f9-a70de9fdfd34,Mastercard,Debit,1607,Online Purchase,849.8,ZAR,1.0,849.8,Debonairs,8011,Doctors & Physicians,Springs,ZA,False,AUTH441687,Approved,False,True
a19dfced-ad8c-44f2-9a2c-821a2dff9ce6,2021-03-07,2021-03-08,37e86a8d-69c5-4ce0-8cb5-ee7924b11e98,60e9b09c-e343-401f-9e56-3f88d8ea072a,Visa,Debit,4441,Contactless Payment,8225.23,ZAR,1.0,8225.23,Caltex SA,5311,Department Stores,eThekwini,ZA,False,AUTH176799,Approved,True,False
0cf68a83-7c98-4efc-8b9c-43c5007b2f7b,2024-08-22,2024-08-23,f22f270a-6581-4dfc-99bf-ccafa6313f55,d2a252aa-3d52-420a-b18f-5c134e1fa217,Visa,Debit,9332,Purchase,748.24,ZAR,1.0,748.24,H&M SA,8011,Doctors & Physicians,Lake Margaretfurt,ZA,False,AUTH878746,Reversed,False,True
ce156dfb-253d-42c0-a681-7ac34520a801,2019-05-25,2019-05-26,135f4e0f-cb3f-4295-8974-d59248f94e56,eaf88bf2-93bd-40fc-bc6a-c6a64d63c873,Mastercard,Debit,8910,Online Purchase,3360.29,ZAR,1.0,3360.29,Gym Company,5945,Hobby & Toy Shops,iKapa,ZA,False,AUTH369246,Approved,False,False
0f464cf1-e58b-4485-a430-d53656a43a53,2016-09-06,2016-09-08,3e0e2ec9-2349-4b39-8c19-6617841621a7,9a3f7ed0-8efc-4452-905c-031240e0733f,Visa,Credit,8526,Refund,2324.14,ZAR,1.0,2324.14,Engen,4111,Transportation,Chatsworth,ZA,False,AUTH448605,Approved,False,True
0fc53757-79c8-4d2b-b88b-861407fe3b92,2020-10-23,2020-10-23,997d4533-20ea-4718-aacf-97d0a3287dc8,d7243b67-f245-405d-aa9e-5320dfd3fe49,Visa,Credit,7118,Purchase,1665.07,ZAR,1.0,1665.07,Steers,5945,Hobby & Toy Shops,George,ZA,False,AUTH139298,Approved,False,False
65cc1894-c827-450b-a18b-cf2e52151896,2018-07-02,2018-07-04,4beec51d-b1b6-43b8-9476-6cc885b51c37,1bf46838-92d1-4b07-adc1-26f9bc1a6bdd,Mastercard,Debit,9819,Purchase,3007.27,ZAR,1.0,3007.27,Mr Price,5945,Hobby & Toy Shops,Centurion,ZA,False,AUTH460350,Declined,False,True
60c33239-8497-4bd6-b650-eb884856c968,2024-11-21,2024-11-23,c42d8640-cf6b-42f1-ab42-941239ae7479,88faa5c9-4534-4792-8d20-8b7f6ca3c0fd,Visa,Credit,5651,Purchase,3392.84,ZAR,1.0,3392.84,Bidvest,4816,Online Services,Polokwane,ZA,False,AUTH548916,Approved,False,False
662b1c30-9c88-4b81-9022-fb60a5f7f877,2021-04-22,2021-04-22,4c821eef-220b-4049-905b-2db203a164d4,99bb606a-d40c-4df5-9890-d18086d5f335,Mastercard,Credit,4704,Refund,4801.87,ZAR,1.0,4801.87,Planet Fitness,5661,Shoe Stores,Kimfurt,ZA,False,AUTH994456,Approved,False,True
a0d17975-7734-4418-bb22-c2c6ad13af74,2023-03-27,2023-03-28,2e9fadba-1c18-4053-b20a-30f32b47e2c1,5695af93-72f8-45b0-8581-09cf6b0fd54d,Mastercard,Debit,6718,Purchase,9726.65,ZAR,1.0,9726.65,Woolworths,5734,Electronics Stores,Kathu,ZA,False,AUTH456798,Approved,False,False
d89e6414-7c77-4e0a-a521-acd79cd1e43b,2017-12-18,2017-12-19,82fa8ab9-24e2-490b-bacc-e9c122ee0ff1,02523414-87f6-4817-8cf2-297f40600402,Mastercard,Credit,2341,Refund,3788.86,ZAR,1.0,3788.86,Spur,5621,Women's Clothing Stores,North Debra,ZA,False,AUTH938723,Approved,False,True
7c5c4b06-302a-47e7-afde-895597bef66d,2020-11-01,2020-11-01,52973e09-5cc7-4418-af22-95f871ac3698,005acb16-83f0-4423-a42f-150fbdebffc9,Mastercard,Credit,9105,Refund,4200.85,ZAR,1.0,4200.85,Tiger Brands,5812,Eating Places & Restaurants,Sasolburg,ZA,False,AUTH689277,Approved,False,False
4163b6ac-dc5d-4586-ab70-dd55e067d7c4,2024-03-17,2024-03-19,eb488e77-92b6-4933-ba76-67a314f849d7,d008e9b4-a86d-491e-bb43-dcf5c491c1cc,Mastercard,Credit,6131,International Purchase,48267.75,EUR,20.5838,993533.71,Gym Company,4111,Transportation,eGoli,TN,True,AUTH194780,Approved,False,True
12f5b610-0c03-4193-a9fa-38d6154ca5b2,2023-10-28,2023-10-29,562742d0-bd33-4cc0-9193-454a4a62c33c,c39e3656-040a-45bc-a4f4-b3d763b675a8,Mastercard,Credit,3562,Contactless Payment,14879.23,ZAR,1.0,14879.23,Truworths,4111,Transportation,Witbank,ZA,False,AUTH681045,Approved,True,False
f6634730-647e-4721-908d-2539ab6c7de9,2020-11-02,2020-11-03,096e0e50-fb3b-4fa4-a64c-268b059881f5,792cf5fa-6e6c-47f4-8b08-8b279135255f,Visa,Credit,1879,Online Purchase,1693.69,ZAR,1.0,1693.69,Mr Price,5912,Drug Stores & Pharmacies,Port Wayne,ZA,False,AUTH672840,Approved,False,True
54a553d6-577e-4325-9c35-6bb19bc3e144,2022-09-15,2022-09-17,f75c54cf-e16c-4fc0-b3ae-a93a591a7503,4ea440d8-ce17-45ae-9037-e5677b3c173e,Visa,Credit,7691,Refund,9516.58,ZAR,1.0,9516.58,H&M SA,5311,Department Stores,Lake Reeceburgh,ZA,False,AUTH607033,Approved,False,True
ae8dd319-1b91-4910-b05d-f591aed6d9b3,2021-06-29,2021-06-29,59711b52-4b18-4407-95a8-40de9422b3f5,447cf377-fced-4c3f-8591-b9520197daf7,Visa,Debit,3072,Purchase,5877.87,ZAR,1.0,5877.87,Virgin Active,5945,Hobby & Toy Shops,iBhayi,ZA,False,AUTH332563,Approved,False,False
849de906-5e37-4b3a-a4e6-6e165a0322be,2022-11-24,2022-11-24,c42d8640-cf6b-42f1-ab42-941239ae7479,88faa5c9-4534-4792-8d20-8b7f6ca3c0fd,Visa,Credit,7930,Purchase,6913.04,ZAR,1.0,6913.04,Bidvest,5945,Hobby & Toy Shops,Yvonnemouth,ZA,False,AUTH949172,Approved,False,False
ec4ca459-0fc2-4ac9-a75b-46090fcefa16,2024-06-24,2024-06-26,feff1299-937c-40f7-a410-c2b9dbc2b24a,486ed9cf-3f99-439b-a292-305d038605bf,Visa,Debit,4572,Contactless Payment,5252.53,ZAR,1.0,5252.53,Spar,5661,Shoe Stores,West Karl,ZA,False,AUTH903773,Approved,True,False
ffe430d5-34c5-4f53-b877-3cbaef7bda5a,2015-11-21,2015-11-21,a4341b92-e767-4d9a-a8bc-a1cd5c3cac45,e48bf09c-1d7e-4a66-9946-31e8e782c08e,Mastercard,Credit,4105,Purchase,432.92,ZAR,1.0,432.92,Vodacom,8011,Doctors & Physicians,East Kathrynstad,ZA,False,AUTH157070,Declined,False,False
3119adcd-6075-4910-a622-5ee9b5932769,2016-07-31,2016-08-02,75d167cd-b2a3-4603-b9e8-90f9e4e7dae4,445d1261-31b5-4737-96e9-9f67918894a2,Visa,Debit,8276,Purchase,169.3,ZAR,1.0,169.3,Caltex SA,4111,Transportation,Boksburg,ZA,False,AUTH831503,Approved,False,True
78f751b1-f8ea-4e68-956f-87ee3bb530f5,2020-05-01,2020-05-03,37ee2fc0-92b0-48d6-bc94-afa2c3d86d65,8f16d71b-084e-4609-9ded-09077e4d8d48,Mastercard,Credit,9554,Purchase,8778.22,ZAR,1.0,8778.22,Spar,5945,Hobby & Toy Shops,Boksburg,ZA,False,AUTH939287,Approved,False,False
4a325f80-3cff-4ca1-bf13-3fa3cd58e6e1,2021-10-08,2021-10-08,2bb22dfa-4591-42ad-8ca2-9d8ac28410c2,28720e79-2cb0-4e43-86b0-8b3a863c5f5b,Mastercard,Credit,6955,International Purchase,43819.38,EUR,19.271,844443.27,Eskom,4814,Telecommunications,Newcastle,AM,True,AUTH295216,Approved,False,False
49a35e34-ac86-4607-b0ed-0c91264e0b1c,2024-09-20,2024-09-22,52973e09-5cc7-4418-af22-95f871ac3698,005acb16-83f0-4423-a42f-150fbdebffc9,Mastercard,Credit,7587,Online Purchase,3455.13,ZAR,1.0,3455.13,Takealot,5945,Hobby & Toy Shops,West Lynntown,ZA,False,AUTH963053,Approved,False,True
20bb0ae1-1c98-4272-9b1f-9945cbe64a01,2021-01-12,2021-01-14,4b1b6349-a418-4ad6-a483-5f8f7e720193,93c73736-9251-4422-849a-28d5d4bdc725,Visa,Debit,5411,Online Purchase,3546.95,ZAR,1.0,3546.95,Discovery Health,5945,Hobby & Toy Shops,Chatsworth,ZA,False,AUTH499612,Approved,False,True
634d0a64-4abc-49db-af85-bb1eaf673f89,2015-11-18,2015-11-20,8fd4a71b-f5a9-4402-8203-5dcbcb3e2d8b,97ddac20-2ab1-412a-aa23-deabd20e4497,Visa,Credit,1958,Purchase,1635.55,ZAR,1.0,1635.55,Woolworths,7011,Hotels & Motels,Witbank,ZA,False,AUTH150276,Declined,False,True
172f6f07-12ec-485d-96fa-d162457fec97,2016-03-02,2016-03-04,0594e29f-85b7-4c9b-907f-24c8478f2410,ccfb2fd8-3927-4ffc-bb87-d12a67ce37a5,Visa,Debit,1650,Contactless Payment,11498.58,ZAR,1.0,11498.58,Amazon SA,5999,Retail Stores,Smithfurt,ZA,False,AUTH303051,Approved,True,False
a37f276c-8eb5-465d-a024-87e6656dcf50,2019-09-14,2019-09-16,7120625f-8f83-463d-86c2-61f078fe07f4,a5b3d0e7-1c37-41b2-8e9b-c9b78f83cb2d,Mastercard,Credit,5333,Refund,1870.64,ZAR,1.0,1870.64,Truworths,8011,Doctors & Physicians,Lake Rosemarytown,ZA,False,AUTH145133,Approved,False,True
b045b707-05bd-4e06-acdc-68267bff2685,2023-08-15,2023-08-15,16f89369-1dde-4ef9-8c3d-ead81a0c6cf5,cb29fca6-4779-47de-b4d8-d702da77cbe5,Mastercard,Credit,5790,Purchase,1732.42,ZAR,1.0,1732.42,Bidvest,5411,Grocery Stores,Lake Stephanieshire,ZA,False,AUTH231990,Approved,False,False
f2796090-7b1e-4864-aa59-778895f15668,2024-07-13,2024-07-15,ea3f5b5d-69d1-4f5a-892f-3598e5da8f70,fe7e677d-74e5-49b5-b656-0b6c8f1374bb,Visa,Debit,3071,Purchase,7456.32,ZAR,1.0,7456.32,Truworths,5912,Drug Stores & Pharmacies,Gilbertview,ZA,False,AUTH306836,Approved,False,False
6eb93bfe-2e1c-4d8f-a4fe-1c882b26af08,2024-04-08,2024-04-09,eb488e77-92b6-4933-ba76-67a314f849d7,d008e9b4-a86d-491e-bb43-dcf5c491c1cc,Visa,Debit,4004,Purchase,8090.86,ZAR,1.0,8090.86,Rain,5621,Women's Clothing Stores,Mbombela,ZA,False,AUTH602690,Approved,False,True
93ab20c1-292c-48fd-83c1-57cad18b3538,2022-08-05,2022-08-07,eb97036f-6a6f-4120-a2eb-224c81d759fa,77595890-46d2-4f84-ba33-d6e12b874937,Visa,Debit,5071,Purchase,5384.16,ZAR,1.0,5384.16,Truworths,5945,Hobby & Toy Shops,Teresastad,ZA,False,AUTH959742,Approved,False,True
adc9b5d5-7b26-4748-97a1-83948a30d009,2018-07-23,2018-07-24,ff638ebf-bcaf-4a04-8876-a1a9e236c918,ab89aa9f-66e2-4754-bec4-86f8d62d6503,Mastercard,Debit,6298,Contactless Payment,4031.55,ZAR,1.0,4031.55,Netflix SA,5661,Shoe Stores,East Katherine,ZA,False,AUTH507769,Approved,True,False
4c6eb67a-658a-466e-880b-d66d5f34cff5,2016-12-28,2016-12-30,050a2c77-0f72-4593-a5a8-8e26eccc6d35,7f164959-ebef-49cb-89cd-6a303fdad6f3,Mastercard,Credit,9544,Chargeback,8236.87,ZAR,1.0,8236.87,Rain,5999,Retail Stores,Woodfurt,ZA,False,AUTH443841,Approved,False,False
4fc80801-f08c-491c-9dcf-110228e7bebf,2019-12-29,2019-12-29,b3dbbf39-5550-42f3-b00d-7a5655610449,796496b2-fedc-473f-b0ad-08543529cc77,Mastercard,Credit,5401,International Purchase,28104.93,EUR,20.2922,570310.86,BP SA,5411,Grocery Stores,Harrisonbury,GA,True,AUTH669436,Approved,False,True
4810835d-89f2-4667-a6a6-84e3a7f98c61,2018-04-22,2018-04-24,d7952e5b-22e9-4289-8b87-5a5b800bceb8,2949a668-9ea3-4b41-9f9a-136b86be274f,Visa,Credit,8084,Purchase,2284.85,ZAR,1.0,2284.85,Cell C,5661,Shoe Stores,South Eileenberg,ZA,False,AUTH237225,Approved,False,False
01f3c806-de7e-42ed-948f-36bb4f8bd084,2019-10-25,2019-10-27,86bd2850-49bb-4cbb-953c-335aef36ef5c,f5385827-522c-4f2a-b11f-b00e9abc58f9,Visa,Debit,3800,International Purchase,11568.74,GBP,24.0682,278438.75,H&M SA,5912,Drug Stores & Pharmacies,Polokwane,ZA,True,AUTH526389,Approved,False,True
5a6a6dd5-a00d-4e10-9d94-df52640f485a,2021-10-30,2021-11-01,6b72653b-95f5-4f30-a1a9-590a82e01634,b4b59e19-8f45-47b7-a9df-b6f96235253a,Mastercard,Credit,7810,Purchase,12522.77,ZAR,1.0,12522.77,Vodacom,5912,Drug Stores & Pharmacies,eGoli,ZA,False,AUTH755191,Approved,False,True
75be1619-7895-46c4-9428-f75c70c67d9a,2024-12-31,2025-01-01,c20e3e17-658f-42db-8bed-0130fef2c901,f560a11f-0a60-4875-a976-a07c45530d17,Mastercard,Debit,3493,Online Purchase,2079.46,ZAR,1.0,2079.46,Old Mutual,5411,Grocery Stores,Holdenview,ZA,False,AUTH570174,Approved,False,True
d873f301-6338-4e0b-9316-7fe78473cf3a,2017-07-24,2017-07-26,51c3d72e-845a-4bd4-976b-1c3857a20752,c3d68512-ee39-41cc-9791-0586599d9721,Mastercard,Credit,8133,Purchase,5602.93,ZAR,1.0,5602.93,Foschini,5541,Service Stations,Port Melissatown,ZA,False,AUTH219202,Approved,False,True
b14a4a71-5d80-4f2d-a945-e45632fd378f,2023-04-07,2023-04-09,5656c271-b7f6-47be-a823-9b30ba17ca69,7b6b59d2-c460-4e97-b24f-535647c53c9c,Visa,Debit,7111,Purchase,7687.37,ZAR,1.0,7687.37,Gym Company,4814,Telecommunications,Tembisa,ZA,False,AUTH866477,Reversed,False,True
ef10df9d-3c4d-4a40-b8e2-4382eaa08e72,2020-10-04,2020-10-05,24c74360-9832-4d08-89dd-a00aaef9e898,31e7d721-e2e5-4bc2-8b0f-1c16bf58e45e,Mastercard,Debit,4908,Contactless Payment,2878.0,ZAR,1.0,2878.0,Superbalist,5311,Department Stores,Port Douglashaven,ZA,False,AUTH407474,Approved,True,True
daccd27f-cd4f-4e43-817d-a235370b2aa4,2018-10-28,2018-10-28,7120625f-8f83-463d-86c2-61f078fe07f4,a5b3d0e7-1c37-41b2-8e9b-c9b78f83cb2d,Mastercard,Debit,8060,Contactless Payment,3320.05,ZAR,1.0,3320.05,Spar,5999,Retail Stores,New Leslie,ZA,False,AUTH228568,Approved,True,True
f501b4ee-d399-4031-b1b3-b3dd9c93a6f3,2023-01-23,2023-01-24,562742d0-bd33-4cc0-9193-454a4a62c33c,c39e3656-040a-45bc-a4f4-b3d763b675a8,Visa,Debit,9209,Purchase,3064.09,ZAR,1.0,3064.09,MTN,4111,Transportation,Liamshire,ZA,False,AUTH483667,Approved,False,True
91f59add-03b1-4889-a129-1019cf0c21ca,2018-01-20,2018-01-22,7867629d-04e0-4401-8c0b-ad6a57d69ac8,9a3f7ed0-8efc-4452-905c-031240e0733f,Mastercard,Credit,8320,Purchase,85.94,ZAR,1.0,85.94,Foschini,8011,Doctors & Physicians,Stellenbosch,ZA,False,AUTH648594,Approved,False,True
9b70f214-28a4-4c84-931d-480b327caa59,2016-05-13,2016-05-14,28557b72-bf6c-4a63-8a60-d0e3a9d17ce5,04485172-9859-4d78-ab90-1473d401724d,Mastercard,Debit,5482,Contactless Payment,687.0,ZAR,1.0,687.0,Gym Company,5411,Grocery Stores,Welkom,ZA,False,AUTH799698,Approved,True,True
df568575-dd88-45e4-a357-c3b3171bf478,2019-01-06,2019-01-06,bef3a334-00f2-442a-a744-5a5afdc54f96,6ccbeb87-4cd6-46b3-81bc-6bc4ddb7301d,Visa,Credit,2034,Purchase,4154.21,ZAR,1.0,4154.21,Superbalist,7011,Hotels & Motels,Clarkebury,ZA,False,AUTH563802,Approved,False,False
6d789628-f36f-4d66-83dc-2131963bff27,2024-03-12,2024-03-14,fe481b7b-4617-4cd9-8f7e-4780fbed25c9,97ddac20-2ab1-412a-aa23-deabd20e4497,Mastercard,Debit,2020,Contactless Payment,13401.22,ZAR,1.0,13401.22,Gym Company,5945,Hobby & Toy Shops,Lake Michellefort,ZA,False,AUTH986010,Approved,True,True
b88d83cc-8550-4aac-b426-09afaf3454b5,2018-11-26,2018-11-26,6f29cf29-b65b-47e6-b3ae-5300ab3cf264,01137316-1352-488d-a263-adc17ec0076e,Mastercard,Debit,6432,International Purchase,2873.86,EUR,20.2819,58287.34,Pick n Pay,4814,Telecommunications,Kathu,ZA,True,AUTH905823,Approved,False,True
fd1504a3-ef70-4965-936a-2f13b5258544,2017-04-26,2017-04-27,2306d171-782e-48a8-9934-2a665366e51e,2ecc888d-d15b-4f39-b160-3e1801da08c9,Visa,Credit,1711,International Purchase,7671.11,USD,19.2048,147322.13,Discovery Health,5411,Grocery Stores,George,AG,True,AUTH624887,Approved,False,True
0c81b0c4-8373-430d-9b80-04b348661fe5,2018-01-26,2018-01-28,7867629d-04e0-4401-8c0b-ad6a57d69ac8,9a3f7ed0-8efc-4452-905c-031240e0733f,Visa,Credit,6077,Contactless Payment,5103.95,ZAR,1.0,5103.95,Superbalist,8011,Doctors & Physicians,Bradleyhaven,ZA,False,AUTH728762,Approved,True,True
dd1aca24-045c-4cfd-a8be-e97b325230bb,2022-03-12,2022-03-13,2d1a95ad-70c8-4da0-9425-cbcf269d5d92,1e1c0a15-403d-4187-8c88-eabcdf85a18b,Visa,Debit,7844,Purchase,11397.85,ZAR,1.0,11397.85,Shoprite,5621,Women's Clothing Stores,Jessicaberg,ZA,False,AUTH640798,Approved,False,True
4cc16a0d-641c-454b-816a-bf7dced99987,2020-07-02,2020-07-04,ec4f5235-c485-47ab-9100-a624cb729e72,fd250f7b-e79e-409d-82f0-7d0f61426f0b,Visa,Debit,6577,Online Purchase,13087.54,ZAR,1.0,13087.54,Shell SA,4814,Telecommunications,Thohoyandou,ZA,False,AUTH612304,Approved,False,True
72a9d951-9cdd-4f17-83b2-4bdfb615ff7a,2015-09-01,2015-09-03,4beec51d-b1b6-43b8-9476-6cc885b51c37,1bf46838-92d1-4b07-adc1-26f9bc1a6bdd,Visa,Credit,5376,Online Purchase,6232.04,ZAR,1.0,6232.04,Zara SA,5912,Drug Stores & Pharmacies,Newcastle,ZA,False,AUTH755313,Approved,False,True
a2547b8a-b703-486a-84cf-bc795203b395,2015-08-07,2015-08-07,d2fcf2e8-ef02-4aee-bc6f-02c5ab328a79,93e49ad9-221b-44ed-8d8b-837f2221b03a,Mastercard,Credit,6813,Refund,9306.55,ZAR,1.0,9306.55,Superbalist,5661,Shoe Stores,Mahikeng,ZA,False,AUTH621556,Approved,False,True
47f66bef-d7bb-40b1-bca5-6b76673a180f,2015-03-24,2015-03-24,e3db2750-f26e-4c8b-9584-43a53a2bfde4,e0b5f00e-16ba-45c5-a3b3-a04b555efc7c,Mastercard,Credit,1316,Purchase,3878.29,ZAR,1.0,3878.29,Woolworths,5411,Grocery Stores,Vereeniging,ZA,False,AUTH751750,Declined,False,True
69aeaf1c-5a2b-4924-9a94-90829451d60e,2022-12-08,2022-12-10,c07fb421-32df-432f-a1e3-5dca2a0d375c,d185f9f0-8fc7-406e-8e5a-ca0aeae36542,Mastercard,Credit,4951,Purchase,5451.7,ZAR,1.0,5451.7,Tiger Brands,4814,Telecommunications,North Amanda,ZA,False,AUTH854608,Approved,False,False
a649b66f-f542-452f-a222-fec37d1aea0a,2021-06-22,2021-06-22,c69ea691-8454-4fff-a519-5f3221bb6779,d29864d0-31fd-4f9f-883a-7f503b38f90f,Mastercard,Debit,1052,Contactless Payment,14719.34,ZAR,1.0,14719.34,Edgars,8011,Doctors & Physicians,Wilkinsonport,ZA,False,AUTH573148,Approved,True,True
f00e4308-320a-4262-bf61-963217e6f118,2019-01-08,2019-01-08,24c74360-9832-4d08-89dd-a00aaef9e898,31e7d721-e2e5-4bc2-8b0f-1c16bf58e45e,Mastercard,Debit,5167,Purchase,14314.25,ZAR,1.0,14314.25,Planet Fitness,5411,Grocery Stores,Walkerfort,ZA,False,AUTH826012,Approved,False,False
f2ba3f61-5153-4984-b72b-dc27e257a8b3,2017-07-04,2017-07-04,7aef813b-dc7c-43e8-9b97-6ed2aa92d763,2e55a89e-d749-4d86-862c-9b529be6064f,Mastercard,Credit,4118,Online Purchase,13618.3,ZAR,1.0,13618.3,BP SA,8011,Doctors & Physicians,Uitenhage,ZA,False,AUTH486244,Approved,False,False
07caabf8-9abb-4da6-ba98-107effc89cc3,2022-05-15,2022-05-17,5eaeb8fb-8d85-485e-8945-0f308bb3f76a,c77092ad-e107-4373-89eb-0a50e994a500,Mastercard,Credit,1421,Contactless Payment,2739.86,ZAR,1.0,2739.86,Discovery Health,7011,Hotels & Motels,South Max,ZA,False,AUTH726128,Approved,True,True
9eb64fc2-974b-4296-b93f-9411a5d0922e,2019-12-31,2020-01-01,5a870365-af3d-4a7e-8930-be9fb8b3306c,52c43632-653a-46c0-a7af-cb4c3a1026a2,Mastercard,Credit,7432,Purchase,8360.04,ZAR,1.0,8360.04,Bidvest,5945,Hobby & Toy Shops,Beverleyfort,ZA,False,AUTH525616,Approved,False,True
0caf921e-4f3b-4163-91af-938bacb51ce7,2015-05-04,2015-05-05,60e9647e-a04d-46a1-8b8f-e76819c57606,09b9d0bb-c032-4e23-a911-bae00f7df4ca,Visa,Debit,6140,Purchase,4173.86,ZAR,1.0,4173.86,Checkers,7011,Hotels & Motels,North Dale,ZA,False,AUTH255911,Approved,False,True
551b6346-e228-4203-9353-a098e3c940c3,2019-12-05,2019-12-05,ad695409-e052-4bb8-83f8-6400e38a55f4,0197d7ef-b2fb-457c-9bdd-b76dc3b0d59e,Mastercard,Credit,2558,Purchase,13472.49,ZAR,1.0,13472.49,Discovery Health,4814,Telecommunications,North Lesley,ZA,False,AUTH410123,Approved,False,True
f591e47b-2968-47ad-bb85-da5ed7f97509,2024-08-11,2024-08-12,f84582bd-160f-41e9-8e4c-01cea251f754,60e9b09c-e343-401f-9e56-3f88d8ea072a,Mastercard,Debit,2947,Refund,4513.39,ZAR,1.0,4513.39,Clicks,5311,Department Stores,Lydiamouth,ZA,False,AUTH539737,Approved,False,True
d4f19bf7-7d80-410f-9cb5-7964cc4d9df7,2022-04-15,2022-04-17,e58cee77-d20c-47d6-b192-9e0939c880b7,943b547a-caaf-4494-a2d8-c22932b3d538,Mastercard,Debit,3919,Purchase,7280.45,ZAR,1.0,7280.45,H&M SA,5311,Department Stores,Uitenhage,ZA,False,AUTH945253,Approved,False,False
0c521695-bd9e-4828-a6ef-b7283c55f308,2019-01-09,2019-01-09,feff1299-937c-40f7-a410-c2b9dbc2b24a,486ed9cf-3f99-439b-a292-305d038605bf,Mastercard,Credit,8888,International Purchase,30145.21,GBP,22.5901,680983.31,Dischem,5661,Shoe Stores,Nicholasland,SL,True,AUTH767314,Declined,False,True
4608fbc6-16b0-4513-8058-c688b47e1d02,2015-06-11,2015-06-11,e1fd2535-42c6-463e-84ac-3d2fa55c1357,ba5dd48f-c112-4397-bc7a-8933ff5b11dc,Visa,Debit,3924,Purchase,2348.93,ZAR,1.0,2348.93,Eskom,5621,Women's Clothing Stores,South Louise,ZA,False,AUTH142608,Approved,False,True
d2e0a495-d4be-4e7b-b0c5-52cb57566e54,2015-12-05,2015-12-05,5d46670a-5225-449b-86c3-a18bc4e72537,148694da-57d4-425a-9f97-96d8293011be,Visa,Credit,9353,Purchase,10416.45,ZAR,1.0,10416.45,MTN,5734,Electronics Stores,Port Naomiville,ZA,False,AUTH282225,Approved,False,True
b0fc6482-7001-4527-91fa-0f8d3778184a,2024-07-17,2024-07-19,5656c271-b7f6-47be-a823-9b30ba17ca69,7b6b59d2-c460-4e97-b24f-535647c53c9c,Visa,Credit,9918,Purchase,8423.53,ZAR,1.0,8423.53,Steers,5661,Shoe Stores,Smithbury,ZA,False,AUTH994650,Approved,False,False
2de571c0-94f5-44c9-8fc8-63c2d00e2819,2020-03-11,2020-03-11,5137b34d-8625-47ad-87b4-3444074f3fc3,b4ebc28f-526a-45ea-823c-588724471955,Mastercard,Credit,2223,Purchase,871.53,ZAR,1.0,871.53,Bidvest,5734,Electronics Stores,Evansmouth,ZA,False,AUTH327244,Approved,False,False
75fd7a8f-0905-42be-9698-e8e05c837ffd,2017-11-23,2017-11-23,cbb0b5b8-4767-4e6c-9616-a09c3be594a3,f1223908-ced9-4191-98a2-7223e90fc330,Visa,Credit,1847,Purchase,12694.07,ZAR,1.0,12694.07,Bidvest,5621,Women's Clothing Stores,Musina,ZA,False,AUTH285905,Approved,False,False
81658218-0aee-40b9-92b4-9a846bd8004d,2022-10-03,2022-10-04,07c7e1bc-65dc-48ff-ab9a-3dce36774fc6,8931f44e-bcba-4267-9d91-cf99c1259d56,Visa,Credit,5260,Purchase,5209.13,ZAR,1.0,5209.13,Total SA,5912,Drug Stores & Pharmacies,New Sophiemouth,ZA,False,AUTH321247,Approved,False,True
3fb0bf5d-46bd-4cc4-8028-3ddbdeb77b9e,2022-03-08,2022-03-08,23daee00-7b68-4552-84d5-fde347167f98,1bf46838-92d1-4b07-adc1-26f9bc1a6bdd,Mastercard,Debit,9874,Refund,3020.24,ZAR,1.0,3020.24,Virgin Active,5912,Drug Stores & Pharmacies,Lake John,ZA,False,AUTH213809,Approved,False,False
219a0bab-2f9f-43c0-b21f-8693dd48ed96,2016-05-16,2016-05-16,61097e07-f0be-4f4c-955c-a08d7dbfaed8,fe1a8c18-0675-4320-8f1e-042b27d85a51,Visa,Debit,3442,Contactless Payment,8005.13,ZAR,1.0,8005.13,Cell C,5411,Grocery Stores,Witbank,ZA,False,AUTH121467,Approved,True,False
347a8e53-d459-4c6a-8f2a-64d802feadf5,2015-10-14,2015-10-16,24c74360-9832-4d08-89dd-a00aaef9e898,31e7d721-e2e5-4bc2-8b0f-1c16bf58e45e,Mastercard,Debit,1928,Online Purchase,3872.4,ZAR,1.0,3872.4,Engen,5734,Electronics Stores,Mahikeng,ZA,False,AUTH320490,Approved,False,True
f271077a-3d36-4a46-b167-e38e98ac1449,2024-12-04,2024-12-05,dd9decd1-caf1-447c-9928-6851d0aa1ed0,dadbdb7a-ad83-4e90-9356-19f735b66d27,Mastercard,Credit,6448,Contactless Payment,159.18,ZAR,1.0,159.18,Gym Company,5945,Hobby & Toy Shops,Port Ian,ZA,False,AUTH917037,Approved,True,True
38fea773-7a20-4010-85b0-41eea759c056,2022-07-02,2022-07-03,25db4c54-6c26-4cee-b061-bdd813529556,52347243-9079-4ddd-b580-f6bf33305faa,Mastercard,Debit,5346,Purchase,9617.02,ZAR,1.0,9617.02,BP SA,4814,Telecommunications,Kathu,ZA,False,AUTH250795,Approved,False,True
62548814-ea66-4469-92f7-518f05e3f5a1,2015-04-10,2015-04-10,997d4533-20ea-4718-aacf-97d0a3287dc8,d7243b67-f245-405d-aa9e-5320dfd3fe49,Visa,Credit,5090,Cash Advance,2079.28,ZAR,1.0,2079.28,Debonairs,4111,Transportation,East Leonard,ZA,False,AUTH213090,Approved,False,True
0709d46a-5950-4b74-a3b0-1c3b1fd2822f,2016-09-15,2016-09-17,bef3a334-00f2-442a-a744-5a5afdc54f96,6ccbeb87-4cd6-46b3-81bc-6bc4ddb7301d,Mastercard,Debit,9815,Purchase,9846.75,ZAR,1.0,9846.75,KFC SA,5734,Electronics Stores,Newcastle,ZA,False,AUTH489302,Approved,False,True
7c893423-0208-427a-a091-3df82eb59d83,2018-10-08,2018-10-10,68cf211e-6b58-4ab4-83c1-536b5263abbd,06b4cbf1-5e59-4e2f-93b9-72bec63fdd0f,Visa,Debit,1073,Online Purchase,7358.85,ZAR,1.0,7358.85,Superbalist,5541,Service Stations,West Cheryl,ZA,False,AUTH202846,Approved,False,False
590fcf3d-8054-4790-8e74-88951c69ff83,2019-07-02,2019-07-02,1d81fca0-874b-4f42-a1f4-160fec4a5baf,0da3aca3-eeff-48be-9870-f0b2cd2d53c6,Visa,Credit,3322,Contactless Payment,2442.66,ZAR,1.0,2442.66,Planet Fitness,5812,Eating Places & Restaurants,Bethlehem,ZA,False,AUTH983769,Approved,True,True
9826cd56-5d97-448a-89b0-aa2d1934f628,2023-04-23,2023-04-23,e3d96443-c719-4a01-9d3f-aa8b4640df6c,106cb973-661a-496e-a060-9e09a57efbb5,Visa,Credit,1698,Contactless Payment,1287.4,ZAR,1.0,1287.4,Cell C,5541,Service Stations,New Teresahaven,ZA,False,AUTH742812,Approved,True,False
76de0698-1e34-41af-8f66-7f9000d8bf8b,2019-12-31,2020-01-02,3e0e2ec9-2349-4b39-8c19-6617841621a7,9a3f7ed0-8efc-4452-905c-031240e0733f,Mastercard,Credit,1383,Purchase,12725.46,ZAR,1.0,12725.46,Naspers,5541,Service Stations,Waterston,ZA,False,AUTH882338,Approved,False,True
7c86a227-a732-4638-a3ad-3d0776d81630,2020-04-28,2020-04-29,82fa8ab9-24e2-490b-bacc-e9c122ee0ff1,02523414-87f6-4817-8cf2-297f40600402,Visa,Credit,8640,Purchase,1527.3,ZAR,1.0,1527.3,Checkers,5311,Department Stores,Uitenhage,ZA,False,AUTH904599,Approved,False,True
a308f26d-1d9b-4a68-88df-8ed1e6ae1b74,2024-12-29,2024-12-31,9c7e2c81-a85b-4300-a99b-6edfbfd42cfe,2b230825-6b17-4ffe-9620-5f77ec1c9594,Mastercard,Debit,7645,Online Purchase,10813.43,ZAR,1.0,10813.43,Vodacom,5411,Grocery Stores,Benoni,ZA,False,AUTH263953,Approved,False,True
4d27db26-654e-4ac1-bed9-122c61a8ec99,2024-05-05,2024-05-06,db2a1018-04fc-4b89-bded-9d908c281204,2ea14f7d-a56a-4f64-86f9-a70de9fdfd34,Visa,Debit,9355,Purchase,1136.88,ZAR,1.0,1136.88,Gym Company,5999,Retail Stores,North Brettbury,ZA,False,AUTH906527,Declined,False,False
d0de78f5-6821-4317-8397-25d5023218dc,2016-01-16,2016-01-17,dd9decd1-caf1-447c-9928-6851d0aa1ed0,dadbdb7a-ad83-4e90-9356-19f735b66d27,Mastercard,Credit,5021,Purchase,4168.75,ZAR,1.0,4168.75,Vodacom,4111,Transportation,West Kerry,ZA,False,AUTH116436,Approved,False,False
53eb97c4-c124-4880-8fa6-fab8aa144c61,2017-06-01,2017-06-02,cbb0b5b8-4767-4e6c-9616-a09c3be594a3,f1223908-ced9-4191-98a2-7223e90fc330,Visa,Credit,8628,Purchase,1249.53,ZAR,1.0,1249.53,Spar,5411,Grocery Stores,Scottfort,ZA,False,AUTH730881,Approved,False,True
3249c985-a61c-456e-89de-98e2f9dca59c,2021-07-25,2021-07-27,23954309-3a57-467d-a753-fdfafe6dfe53,e468483b-cf18-479d-8b10-3fc7f309a13a,Mastercard,Debit,7671,Purchase,944.97,ZAR,1.0,944.97,BP SA,5621,Women's Clothing Stores,Randfontein,ZA,False,AUTH935133,Approved,False,False
2dff55de-afca-4971-9d3c-b04a5bf76942,2020-12-04,2020-12-04,8fd4a71b-f5a9-4402-8203-5dcbcb3e2d8b,97ddac20-2ab1-412a-aa23-deabd20e4497,Mastercard,Debit,3204,Online Purchase,9517.07,ZAR,1.0,9517.07,Zara SA,5734,Electronics Stores,Helentown,ZA,False,AUTH393561,Pending,False,False
077cb1fc-03eb-4287-a768-93c8fd315369,2024-10-23,2024-10-23,60e9647e-a04d-46a1-8b8f-e76819c57606,09b9d0bb-c032-4e23-a911-bae00f7df4ca,Mastercard,Credit,7072,International Purchase,15394.36,ZAR,1.0,15394.36,City Power,5541,Service Stations,New Carl,BB,True,AUTH721318,Approved,False,True
1bdb9fa2-a1f6-42b5-b0da-22bce74dcbeb,2019-02-19,2019-02-20,5d46670a-5225-449b-86c3-a18bc4e72537,148694da-57d4-425a-9f97-96d8293011be,Visa,Debit,5642,Cash Advance,268.55,ZAR,1.0,268.55,Shell SA,5812,Eating Places & Restaurants,Davisfurt,ZA,False,AUTH575636,Approved,False,True
6a51007e-5752-446c-a4de-d72fc03463f3,2018-09-28,2018-09-30,7eeed1d1-15ed-42e0-87ba-d1dbbd42faf6,8ae8649d-15a3-4909-a8f1-1a3ee8cc2f3b,Visa,Debit,1100,Refund,7062.82,ZAR,1.0,7062.82,Edgars,5661,Shoe Stores,Kimberley,ZA,False,AUTH271567,Approved,False,True
99dba163-827f-4041-84fc-b3997110759c,2020-10-08,2020-10-08,2306d171-782e-48a8-9934-2a665366e51e,2ecc888d-d15b-4f39-b160-3e1801da08c9,Visa,Credit,7724,Contactless Payment,7895.56,ZAR,1.0,7895.56,Zara SA,5999,Retail Stores,Tembisa,ZA,False,AUTH380503,Approved,True,True
340dc716-b7e7-422c-8365-c8736b796783,2024-06-29,2024-06-30,d1c60b8b-8b23-448a-a853-e84ceb19ead5,5427a72c-adea-4248-901b-4111111cdd4b,Mastercard,Credit,9584,Cash Advance,4423.67,ZAR,1.0,4423.67,Spur,7011,Hotels & Motels,Sarashire,ZA,False,AUTH805073,Approved,False,True
74e3d85a-e841-4b88-bcac-d44fb92d75f9,2016-06-25,2016-06-27,16f89369-1dde-4ef9-8c3d-ead81a0c6cf5,cb29fca6-4779-47de-b4d8-d702da77cbe5,Visa,Debit,4490,Contactless Payment,7746.52,ZAR,1.0,7746.52,Dischem,5999,Retail Stores,Bloemfontein,ZA,False,AUTH597364,Approved,True,True
08c9fa4b-d902-4882-8e7b-95f395db49f7,2015-12-27,2015-12-28,63ab2f34-dcdc-4e11-932a-63aa3598f8ee,7d4231d8-3c31-40d7-b590-408208c140a4,Visa,Credit,2827,Contactless Payment,9742.02,ZAR,1.0,9742.02,Engen,5999,Retail Stores,Williamsberg,ZA,False,AUTH772065,Approved,True,False
8d9aca5e-2176-43a5-b078-21d3c88d6d40,2015-07-05,2015-07-07,e3d96443-c719-4a01-9d3f-aa8b4640df6c,106cb973-661a-496e-a060-9e09a57efbb5,Mastercard,Credit,6409,Contactless Payment,1477.53,ZAR,1.0,1477.53,MTN,5661,Shoe Stores,East Grahamstad,ZA,False,AUTH595856,Approved,True,True
a7f48744-25be-4ded-b170-dcf242023708,2021-02-24,2021-02-26,51c3d72e-845a-4bd4-976b-1c3857a20752,c3d68512-ee39-41cc-9791-0586599d9721,Mastercard,Debit,1971,Purchase,11190.19,ZAR,1.0,11190.19,Amazon SA,5945,Hobby & Toy Shops,New Duncan,ZA,False,AUTH749204,Approved,False,True
1b22d6c2-133c-41c3-bbab-ba442bb8cf6b,2023-08-03,2023-08-03,8ecbc864-fae7-4886-ac0e-9c1596769e09,97996329-6e3f-48fe-bc36-b36c88817145,Mastercard,Credit,2625,Purchase,8081.2,ZAR,1.0,8081.2,Clicks,8011,Doctors & Physicians,Stellenbosch,ZA,False,AUTH537893,Approved,False,True
06dee4b7-d8df-4db0-8489-5b5e33f28dfe,2022-06-03,2022-06-03,5141a537-c78b-49c1-bb68-03a6c7a29c6e,f4be94ff-f06b-46a4-8cba-1a36fadcbac4,Mastercard,Debit,5064,Cash Advance,1245.38,ZAR,1.0,1245.38,McDonald's SA,5411,Grocery Stores,Georginaberg,ZA,False,AUTH200893,Approved,False,False
1ca05666-3e47-4c9f-8c1d-de47a6061d50,2017-03-05,2017-03-05,8723aed5-97bd-488b-8ff1-776545d3901a,bbbac18e-3bf9-43fa-9184-da720b7e6c0d,Mastercard,Debit,5292,International Purchase,10514.98,ZAR,1.0,10514.98,Gym Company,7011,Hotels & Motels,Bethlehem,NI,True,AUTH658737,Approved,False,True
135d7d3a-fd77-495b-94e9-b83eadc56228,2024-02-07,2024-02-08,479a04c4-00d2-4b82-a752-6d70cadc6f32,0ebc03c1-6701-445a-b1f1-b2a9bda64229,Mastercard,Debit,5401,Purchase,13937.04,ZAR,1.0,13937.04,Superbalist,5541,Service Stations,New Lauren,ZA,False,AUTH456549,Approved,False,False
7b4f033e-e8c9-47e7-a86d-8f0ee000743c,2018-01-02,2018-01-02,d7952e5b-22e9-4289-8b87-5a5b800bceb8,2949a668-9ea3-4b41-9f9a-136b86be274f,Mastercard,Debit,2755,Refund,8590.68,ZAR,1.0,8590.68,Bidvest,5621,Women's Clothing Stores,Hartview,ZA,False,AUTH538199,Approved,False,False
4ce203c8-068b-4cf0-8040-c8aaca0122e5,2023-10-04,2023-10-06,16f89369-1dde-4ef9-8c3d-ead81a0c6cf5,cb29fca6-4779-47de-b4d8-d702da77cbe5,Mastercard,Credit,5645,Purchase,11437.65,ZAR,1.0,11437.65,Vodacom,5734,Electronics Stores,Metcalfeside,ZA,False,AUTH833170,Approved,False,True
60541902-4df4-41ce-9f22-c9d9ec5d3f68,2024-02-12,2024-02-12,586fb80b-c9a6-4c7a-9cb3-93a45cef0412,29de0f00-71e0-4673-9a83-7340a28f9433,Mastercard,Credit,4270,Purchase,10948.12,ZAR,1.0,10948.12,Spur,5411,Grocery Stores,Boksburg,ZA,False,AUTH611534,Approved,False,False
4ee01536-e6e0-4e38-8a96-3767bd3be085,2020-03-23,2020-03-23,df3ccd5a-2655-4b8d-ba9d-5e75326a858b,f5385827-522c-4f2a-b11f-b00e9abc58f9,Mastercard,Credit,2803,Online Purchase,9556.6,ZAR,1.0,9556.6,City Power,4816,Online Services,Centurion,ZA,False,AUTH965997,Approved,False,False
ff038c7c-27e9-4d2d-a291-d5bd17b37fa0,2020-03-06,2020-03-07,eafe49c0-9bf7-4fd2-b7aa-09b6344d100e,5ab5c897-3eeb-45ec-b3b9-ee1be43e5652,Visa,Debit,8570,Cash Advance,1823.06,ZAR,1.0,1823.06,Shell SA,5621,Women's Clothing Stores,Krugersdorp,ZA,False,AUTH940598,Approved,False,False
85c193f1-a97b-4137-a289-aed90972d89b,2016-03-18,2016-03-19,bf8cac5f-dc55-4b58-9a74-a337e8826ca8,eaf88bf2-93bd-40fc-bc6a-c6a64d63c873,Mastercard,Credit,1269,Cash Advance,1771.34,ZAR,1.0,1771.34,Dischem,5541,Service Stations,Brianberg,ZA,False,AUTH971728,Approved,False,True
c94ccf16-25a9-4a8f-b346-11a9eb30e414,2018-03-02,2018-03-03,4b004718-d836-4fb6-b039-83e1b568947f,d008e9b4-a86d-491e-bb43-dcf5c491c1cc,Visa,Debit,8207,Refund,6236.07,ZAR,1.0,6236.07,Tiger Brands,8011,Doctors & Physicians,Lewisport,ZA,False,AUTH270737,Approved,False,True
14968dbe-f30b-41f6-986f-a446e4b36134,2022-05-08,2022-05-08,8c3df183-e48d-4079-ad3d-5e8ecb7fc3d0,52c43632-653a-46c0-a7af-cb4c3a1026a2,Visa,Debit,3809,Purchase,3592.08,ZAR,1.0,3592.08,Cell C,4111,Transportation,Tembisa,ZA,False,AUTH700951,Approved,False,False
d572c9da-3262-46ae-8225-bad265d62e30,2024-11-13,2024-11-15,8723aed5-97bd-488b-8ff1-776545d3901a,bbbac18e-3bf9-43fa-9184-da720b7e6c0d,Mastercard,Debit,6098,Purchase,802.06,ZAR,1.0,802.06,Pioneer Foods,5812,Eating Places & Restaurants,Uitenhage,ZA,False,AUTH990051,Approved,False,False
8b67e2e7-d97e-4304-8c3e-f4e38e89ed72,2015-04-05,2015-04-06,61097e07-f0be-4f4c-955c-a08d7dbfaed8,fe1a8c18-0675-4320-8f1e-042b27d85a51,Visa,Debit,7745,Cash Advance,3166.04,ZAR,1.0,3166.04,Spur,7011,Hotels & Motels,Newcastle,ZA,False,AUTH972614,Approved,False,True
88c2ffc2-0ea6-45cb-9331-58df4dc11430,2015-09-09,2015-09-10,c18d8060-909e-49d1-8e42-9445994037b0,1e6bfc01-54e8-49f1-b039-a6bce14d302e,Mastercard,Debit,9162,Refund,2874.35,ZAR,1.0,2874.35,Rain,5311,Department Stores,Dixonmouth,ZA,False,AUTH777546,Approved,False,True
115438c7-e9bb-4534-a27d-b43ef4fdbefd,2024-09-14,2024-09-15,5d927ea6-081d-41ef-9bbb-a4551deedcb3,91c9be29-eee1-4cde-a664-efe7e53212d5,Mastercard,Credit,7680,Contactless Payment,1455.15,ZAR,1.0,1455.15,Amazon SA,5945,Hobby & Toy Shops,Jessicamouth,ZA,False,AUTH928481,Approved,True,True
41ee3fc4-aedd-4b0b-a28d-dfc372961366,2023-04-10,2023-04-10,39b67ad5-984f-44bb-8a1c-acf71a1980b7,f8d83d78-b82a-4c81-b612-0515b0350694,Visa,Credit,1357,Purchase,313.55,ZAR,1.0,313.55,Truworths,4816,Online Services,eThekwini,ZA,False,AUTH414195,Approved,False,False
66aaf459-6b32-454b-a76e-38fdeac199bd,2021-03-28,2021-03-28,7867629d-04e0-4401-8c0b-ad6a57d69ac8,9a3f7ed0-8efc-4452-905c-031240e0733f,Visa,Credit,9294,Contactless Payment,14494.73,ZAR,1.0,14494.73,Foschini,5661,Shoe Stores,Leonview,ZA,False,AUTH863565,Approved,True,True
16102004-a5e1-4def-be03-86a0fd813aae,2017-06-05,2017-06-06,7867629d-04e0-4401-8c0b-ad6a57d69ac8,9a3f7ed0-8efc-4452-905c-031240e0733f,Visa,Debit,6551,Purchase,10475.38,ZAR,1.0,10475.38,Planet Fitness,5541,Service Stations,Welkom,ZA,False,AUTH870413,Approved,False,False
f5a88ff7-1e33-411c-9f59-88cd301c1482,2021-04-21,2021-04-23,c2920edc-dec9-4757-88c2-b79375ce9845,9ec1fa1b-150e-4929-9302-27b04c992487,Mastercard,Credit,4834,Cash Advance,258.71,ZAR,1.0,258.71,City Power,5912,Drug Stores & Pharmacies,Mossville,ZA,False,AUTH447722,Approved,False,True
44ef4b03-49c2-4525-a2fa-23cd7a83cbb1,2019-10-08,2019-10-10,b45ec370-5394-422e-b494-6ef0e37643c1,f72d813d-996f-430d-ae57-13eb80207635,Mastercard,Credit,5564,Online Purchase,10899.67,ZAR,1.0,10899.67,Pioneer Foods,4111,Transportation,Robertsburgh,ZA,False,AUTH920629,Approved,False,True
6ff28312-ef26-4e6e-a2eb-f9c33af281d1,2023-06-09,2023-06-10,f51fab0c-b6f1-4627-96eb-f77a8e93c249,9a9d31d4-f9f8-4cf1-9cd8-0ab438e86ec7,Mastercard,Debit,5927,Contactless Payment,6561.11,ZAR,1.0,6561.11,Total SA,8011,Doctors & Physicians,Paarl,ZA,False,AUTH271602,Pending,True,True
40d87b40-395e-4e49-a3c0-e599045bd7ac,2022-03-04,2022-03-05,ff638ebf-bcaf-4a04-8876-a1a9e236c918,ab89aa9f-66e2-4754-bec4-86f8d62d6503,Visa,Credit,4333,Purchase,14548.49,ZAR,1.0,14548.49,Gym Company,5812,Eating Places & Restaurants,South Carolbury,ZA,False,AUTH857201,Approved,False,True
73c0880d-ee14-412f-9be4-c54e7da4321b,2022-05-31,2022-05-31,479a04c4-00d2-4b82-a752-6d70cadc6f32,0ebc03c1-6701-445a-b1f1-b2a9bda64229,Visa,Debit,4139,Online Purchase,7794.75,ZAR,1.0,7794.75,Eskom,5999,Retail Stores,West Rhysstad,ZA,False,AUTH461251,Approved,False,True
90fa4ac7-4f15-43f0-b863-dec0af640159,2020-01-05,2020-01-07,07c7e1bc-65dc-48ff-ab9a-3dce36774fc6,8931f44e-bcba-4267-9d91-cf99c1259d56,Mastercard,Credit,6548,Purchase,8750.78,ZAR,1.0,8750.78,MTN,5812,Eating Places & Restaurants,Harveyton,ZA,False,AUTH711168,Approved,False,True
06563b6e-22c6-40ca-b4a2-bb1fcb328751,2024-01-20,2024-01-22,562742d0-bd33-4cc0-9193-454a4a62c33c,c39e3656-040a-45bc-a4f4-b3d763b675a8,Mastercard,Debit,7777,Purchase,13063.63,ZAR,1.0,13063.63,Naspers,4814,Telecommunications,Mahikeng,ZA,False,AUTH792925,Approved,False,True
4d235c00-263c-4b5e-a414-d398c7201ebc,2024-03-24,2024-03-26,8204bddf-d38e-4c7d-840f-54335762aae3,056217c6-c731-4f79-b30f-c0d7ac911f00,Mastercard,Credit,6951,Contactless Payment,8719.1,ZAR,1.0,8719.1,BP SA,8011,Doctors & Physicians,Bethanymouth,ZA,False,AUTH320160,Approved,True,True
08b79f17-4558-4cb6-8d88-5984ee4bc94c,2020-11-26,2020-11-28,21c82d2b-0e15-4d2b-a5fb-0decff95e559,0da3aca3-eeff-48be-9870-f0b2cd2d53c6,Visa,Credit,4514,Purchase,7581.21,ZAR,1.0,7581.21,Engen,5541,Service Stations,Chatsworth,ZA,False,AUTH947549,Approved,False,False
75db6c1e-26db-4760-b379-ea297da3a7ab,2019-06-20,2019-06-21,37ee2fc0-92b0-48d6-bc94-afa2c3d86d65,8f16d71b-084e-4609-9ded-09077e4d8d48,Visa,Debit,8552,Purchase,10476.52,ZAR,1.0,10476.52,Clicks,5411,Grocery Stores,Chatsworth,ZA,False,AUTH458687,Approved,False,True
7f3da28f-022d-4827-8190-63257222b43a,2017-09-19,2017-09-21,23daee00-7b68-4552-84d5-fde347167f98,1bf46838-92d1-4b07-adc1-26f9bc1a6bdd,Visa,Debit,5425,Contactless Payment,5867.54,ZAR,1.0,5867.54,Virgin Active,4814,Telecommunications,East Jay,ZA,False,AUTH146832,Pending,True,False
a41fc994-b416-4c8d-9172-864af3a23058,2020-09-28,2020-09-30,37e86a8d-69c5-4ce0-8cb5-ee7924b11e98,60e9b09c-e343-401f-9e56-3f88d8ea072a,Visa,Debit,4234,Contactless Payment,13618.02,ZAR,1.0,13618.02,Zara SA,5734,Electronics Stores,Huntmouth,ZA,False,AUTH667423,Approved,True,False
e09a7338-18f9-4eee-8b72-ae6066a434e2,2022-12-10,2022-12-11,db2a1018-04fc-4b89-bded-9d908c281204,2ea14f7d-a56a-4f64-86f9-a70de9fdfd34,Visa,Debit,9074,Purchase,14172.08,ZAR,1.0,14172.08,Virgin Active,5411,Grocery Stores,Stuartbury,ZA,False,AUTH418513,Approved,False,True
86becce4-6813-4eef-87be-06e7f311c982,2019-09-25,2019-09-25,5a870365-af3d-4a7e-8930-be9fb8b3306c,52c43632-653a-46c0-a7af-cb4c3a1026a2,Visa,Debit,7091,Online Purchase,1370.3,ZAR,1.0,1370.3,Foschini,5912,Drug Stores & Pharmacies,Eileenfort,ZA,False,AUTH665848,Approved,False,True
7b553229-0d7e-4988-b088-619967578d16,2017-03-06,2017-03-08,23954309-3a57-467d-a753-fdfafe6dfe53,e468483b-cf18-479d-8b10-3fc7f309a13a,Mastercard,Debit,6226,Contactless Payment,11428.66,ZAR,1.0,11428.66,Cell C,5541,Service Stations,South Eleanormouth,ZA,False,AUTH367576,Approved,True,True
007386e1-cb5f-470b-af9c-913eb6d9f422,2021-01-18,2021-01-19,8ecbc864-fae7-4886-ac0e-9c1596769e09,97996329-6e3f-48fe-bc36-b36c88817145,Mastercard,Debit,3809,Purchase,5580.97,ZAR,1.0,5580.97,KFC SA,5812,Eating Places & Restaurants,Stevensmouth,ZA,False,AUTH619781,Approved,False,True
f962706f-b354-4223-905d-8ae2df0d4a0c,2017-12-03,2017-12-03,feff1299-937c-40f7-a410-c2b9dbc2b24a,486ed9cf-3f99-439b-a292-305d038605bf,Visa,Debit,6402,Contactless Payment,2773.48,ZAR,1.0,2773.48,McDonald's SA,4816,Online Services,Bloemfontein,ZA,False,AUTH116749,Approved,True,False
fb258a82-cd3f-4753-b8ce-d17fea15d13a,2016-02-21,2016-02-22,b45ec370-5394-422e-b494-6ef0e37643c1,f72d813d-996f-430d-ae57-13eb80207635,Mastercard,Debit,9581,Online Purchase,9524.89,ZAR,1.0,9524.89,Rain,5999,Retail Stores,Damienside,ZA,False,AUTH821847,Approved,False,False
0b8d55b7-d282-4d66-b8fb-115ae5e7ba8f,2018-12-05,2018-12-05,2d269844-d32d-48d0-acbd-011f5e84612a,696dd856-e6af-4dd3-9595-cc197764d7c1,Visa,Debit,5388,Contactless Payment,3647.37,ZAR,1.0,3647.37,McDonald's SA,4816,Online Services,Sasolburg,ZA,False,AUTH305460,Declined,True,True
89002ab1-8749-4373-9eaa-92db7bd6ffa7,2024-07-02,2024-07-04,4b1b6349-a418-4ad6-a483-5f8f7e720193,93c73736-9251-4422-849a-28d5d4bdc725,Visa,Credit,3805,Purchase,5346.58,ZAR,1.0,5346.58,Woolworths,5734,Electronics Stores,Evanshaven,ZA,False,AUTH733751,Approved,False,True
c0ab3a1d-2f05-45c4-ae61-f97f3a365af2,2022-04-05,2022-04-05,ec4f5235-c485-47ab-9100-a624cb729e72,fd250f7b-e79e-409d-82f0-7d0f61426f0b,Mastercard,Credit,6120,Purchase,6836.5,ZAR,1.0,6836.5,Bidvest,5812,Eating Places & Restaurants,George,ZA,False,AUTH550573,Approved,False,True
86d66082-bf3a-4042-bb88-29a1a1f1c235,2020-01-05,2020-01-07,c42d8640-cf6b-42f1-ab42-941239ae7479,88faa5c9-4534-4792-8d20-8b7f6ca3c0fd,Mastercard,Credit,5892,Contactless Payment,14021.63,ZAR,1.0,14021.63,Rain,5734,Electronics Stores,Newcastle,ZA,False,AUTH444592,Pending,True,True
6f467d0e-b4ec-4299-b594-41c3824dc3b8,2015-07-20,2015-07-22,9c7e2c81-a85b-4300-a99b-6edfbfd42cfe,2b230825-6b17-4ffe-9620-5f77ec1c9594,Mastercard,Credit,1633,Online Purchase,159.88,ZAR,1.0,159.88,BP SA,5734,Electronics Stores,Port Gordonchester,ZA,False,AUTH804293,Approved,False,True
1d4e0d2c-6228-4409-960a-0c8792122073,2022-10-24,2022-10-24,2bb22dfa-4591-42ad-8ca2-9d8ac28410c2,28720e79-2cb0-4e43-86b0-8b3a863c5f5b,Mastercard,Debit,2305,Purchase,6261.27,ZAR,1.0,6261.27,BP SA,5945,Hobby & Toy Shops,Tembisa,ZA,False,AUTH711172,Reversed,False,True
535b4584-aabb-43d1-8c08-3546d8464420,2021-06-11,2021-06-13,37e86a8d-69c5-4ce0-8cb5-ee7924b11e98,60e9b09c-e343-401f-9e56-3f88d8ea072a,Visa,Debit,2345,Refund,3041.62,ZAR,1.0,3041.62,Woolworths,5912,Drug Stores & Pharmacies,Metcalfetown,ZA,False,AUTH549656,Pending,False,True
09ec28b1-139e-4075-a8d4-66036a298e1e,2020-10-16,2020-10-17,9202ce26-699c-4e6b-9e8c-75a30dbd3b67,f72d813d-996f-430d-ae57-13eb80207635,Mastercard,Credit,9549,Purchase,12996.55,ZAR,1.0,12996.55,Gym Company,5734,Electronics Stores,West Joanneshire,ZA,False,AUTH244887,Approved,False,False
52ea1187-5a95-4e8a-906f-44996400c0fd,2022-07-05,2022-07-07,b1a269fe-8526-4bbe-b46a-d7134620a6e3,c978e671-abb7-4632-8b23-ab955c9acf81,Visa,Credit,2731,Purchase,5031.71,ZAR,1.0,5031.71,Mr Price,5621,Women's Clothing Stores,West Valerieshire,ZA,False,AUTH742434,Approved,False,True
33a17b84-616f-451c-a43a-7555f3ff9fe6,2016-05-09,2016-05-11,ea0a8fdf-9c34-4cf9-a946-ba796d693257,5f91b043-7d72-40ec-8c92-c61cb0c1833c,Mastercard,Credit,5008,Online Purchase,12766.27,ZAR,1.0,12766.27,Woolworths,4816,Online Services,West Harry,ZA,False,AUTH790970,Approved,False,False
ce6eb2e8-646a-4859-ab55-6525542236bd,2019-10-06,2019-10-07,37ee2fc0-92b0-48d6-bc94-afa2c3d86d65,8f16d71b-084e-4609-9ded-09077e4d8d48,Mastercard,Credit,4417,Purchase,13653.6,ZAR,1.0,13653.6,Shell SA,5621,Women's Clothing Stores,Alexandramouth,ZA,False,AUTH947160,Approved,False,False
d4aee356-d65a-4692-be26-6b1ebf303a4f,2019-03-25,2019-03-27,00fe6982-263c-4b58-8179-a46e1275ec98,c1dc20be-75a1-4a1d-ac08-a8936903ed07,Mastercard,Debit,9470,Refund,5721.79,ZAR,1.0,5721.79,Spar,5945,Hobby & Toy Shops,Sasolburg,ZA,False,AUTH539830,Approved,False,True
fc65255b-4987-4a55-8ec1-510c2d2180f9,2018-05-30,2018-05-31,78a218ef-f8f6-496f-903b-dfa91c2ba2f4,5f07ee40-578a-4751-985d-4e36af164992,Visa,Debit,4599,Online Purchase,10296.87,ZAR,1.0,10296.87,Edgars,5661,Shoe Stores,Sophieton,ZA,False,AUTH408394,Approved,False,True
ee226cc6-6681-45aa-ba6d-7abbf443f9c4,2015-02-27,2015-02-28,37ee2fc0-92b0-48d6-bc94-afa2c3d86d65,8f16d71b-084e-4609-9ded-09077e4d8d48,Visa,Credit,5490,Contactless Payment,5007.42,ZAR,1.0,5007.42,Vodacom,5541,Service Stations,eThekwini,ZA,False,AUTH290595,Approved,True,True
bc3de3a1-8c96-4549-ad4e-7c083e569ab2,2024-01-03,2024-01-04,3a110452-e114-47e9-83fd-63718fc0960b,526d7d1c-ebad-40c5-9ff2-b568477570ad,Mastercard,Credit,3437,Purchase,13287.08,ZAR,1.0,13287.08,Takealot,5661,Shoe Stores,Mbombela,ZA,False,AUTH127982,Approved,False,True
24926ece-5060-4316-ac9b-fe488075c429,2023-12-04,2023-12-04,9a0fce8f-96ca-4c4f-a669-888b0b796de0,3f4aa40e-79e7-4a14-84a7-1bf79aaf67ac,Visa,Debit,6235,Refund,6047.53,ZAR,1.0,6047.53,McDonald's SA,5999,Retail Stores,Stellenbosch,ZA,False,AUTH389771,Approved,False,True
99f19581-1cb8-4f71-b1bf-27eb4223a386,2021-08-26,2021-08-27,5eaeb8fb-8d85-485e-8945-0f308bb3f76a,c77092ad-e107-4373-89eb-0a50e994a500,Mastercard,Debit,9616,Chargeback,6515.49,ZAR,1.0,6515.49,Pick n Pay,5311,Department Stores,Lake Simonville,ZA,False,AUTH387962,Approved,False,False
72192250-75d1-4c32-ae4c-e0e47d08f0fd,2020-02-14,2020-02-14,526d5f06-e2c7-4c74-81bb-046cf77becf3,cfb6b46a-57ca-4813-a5e8-ca78f77e473a,Visa,Debit,2061,Contactless Payment,4579.16,ZAR,1.0,4579.16,Caltex SA,5945,Hobby & Toy Shops,South Kellyshire,ZA,False,AUTH772048,Approved,True,True
2598381f-cbee-440c-97df-8b0b0d1304ed,2015-03-09,2015-03-10,cdaec3c8-a553-4168-8956-d80c9a9098b4,0ec62bd1-42db-4ffd-b12d-f1738b4fdec9,Visa,Credit,2527,Refund,7747.27,ZAR,1.0,7747.27,H&M SA,7011,Hotels & Motels,South Paigechester,ZA,False,AUTH369068,Approved,False,True
27975547-76c7-4e51-9605-fda98fe70212,2019-01-04,2019-01-06,5141a537-c78b-49c1-bb68-03a6c7a29c6e,f4be94ff-f06b-46a4-8cba-1a36fadcbac4,Visa,Debit,3522,Contactless Payment,12462.81,ZAR,1.0,12462.81,H&M SA,5541,Service Stations,Randfontein,ZA,False,AUTH714982,Approved,True,True
0993a802-50a8-4b75-b0aa-fea05df33eb6,2018-10-06,2018-10-06,ea30a547-290d-4b22-9e7c-c2ef9891fc4d,35467d6b-f1b1-4241-815d-df93767762c1,Mastercard,Debit,3813,Purchase,13221.96,ZAR,1.0,13221.96,KFC SA,5812,Eating Places & Restaurants,Bloemfontein,ZA,False,AUTH203695,Reversed,False,False
67db0eca-6410-4847-a1c4-e859c3de9642,2019-12-20,2019-12-21,df09270a-820a-466a-bf70-721bb00f6850,f08a0cb8-0801-4ed0-bad6-d7251ed2fea2,Mastercard,Debit,7800,Online Purchase,8279.76,ZAR,1.0,8279.76,Takealot,4814,Telecommunications,Paarl,ZA,False,AUTH373249,Approved,False,True
4b6c1d86-4f4a-4286-902e-8b0e0b7aa06f,2021-05-15,2021-05-15,aac5f32c-1732-4eeb-b771-b11f29217999,92c7a67a-0282-45bd-b9e5-b0c203b7dba1,Mastercard,Debit,7308,Contactless Payment,2873.41,ZAR,1.0,2873.41,Old Mutual,8011,Doctors & Physicians,Vanderbijlpark,ZA,False,AUTH839680,Approved,True,True
48296bf5-975f-4393-8d63-6684e665c7f0,2021-03-21,2021-03-22,69ed581f-8460-4fb0-867b-1205d9304df4,35467d6b-f1b1-4241-815d-df93767762c1,Mastercard,Credit,1829,Purchase,269.95,ZAR,1.0,269.95,Truworths,8011,Doctors & Physicians,West Joe,ZA,False,AUTH658250,Approved,False,True
f991b5a4-6537-4820-83ca-c9675580f3c7,2018-11-05,2018-11-07,7867629d-04e0-4401-8c0b-ad6a57d69ac8,9a3f7ed0-8efc-4452-905c-031240e0733f,Mastercard,Debit,8876,Refund,7652.0,ZAR,1.0,7652.0,Total SA,5812,Eating Places & Restaurants,Watkinsstad,ZA,False,AUTH499607,Approved,False,True
16004b4c-d7f0-4d48-9180-d2d396f5136a,2022-04-08,2022-04-09,5d46670a-5225-449b-86c3-a18bc4e72537,148694da-57d4-425a-9f97-96d8293011be,Mastercard,Credit,8636,Refund,4746.82,ZAR,1.0,4746.82,Dischem,5912,Drug Stores & Pharmacies,Thomaston,ZA,False,AUTH986199,Approved,False,False
fadd74fb-4312-4022-854d-d5f953fbad70,2024-02-08,2024-02-10,7aef813b-dc7c-43e8-9b97-6ed2aa92d763,2e55a89e-d749-4d86-862c-9b529be6064f,Mastercard,Credit,1127,Purchase,6997.09,ZAR,1.0,6997.09,Rain,7011,Hotels & Motels,East Eleanor,ZA,False,AUTH517058,Approved,False,True
747321ed-ef32-40da-8c5f-1f434a14b59d,2016-08-04,2016-08-04,dfb4c8d3-6244-4f66-8b9d-97a6b5333545,4ba230a6-5e15-47e5-83ef-a692d23a7128,Mastercard,Credit,9317,Online Purchase,1842.43,ZAR,1.0,1842.43,KFC SA,5411,Grocery Stores,Polokwane,ZA,False,AUTH892593,Pending,False,True
39d4fbf9-47a5-4107-9b03-36ede67eeeee,2019-11-14,2019-11-16,d1c60b8b-8b23-448a-a853-e84ceb19ead5,5427a72c-adea-4248-901b-4111111cdd4b,Mastercard,Debit,7819,Contactless Payment,6171.03,ZAR,1.0,6171.03,Steers,4111,Transportation,Witbank,ZA,False,AUTH189828,Approved,True,False
89a69849-79c9-4b7c-888e-23987fe05763,2022-05-24,2022-05-26,8c3df183-e48d-4079-ad3d-5e8ecb7fc3d0,52c43632-653a-46c0-a7af-cb4c3a1026a2,Visa,Debit,1098,Online Purchase,3609.41,ZAR,1.0,3609.41,Pick n Pay,4816,Online Services,eGoli,ZA,False,AUTH776751,Reversed,False,True
32cc14b4-3c26-4cd8-bdd5-d75cbf08f923,2016-09-07,2016-09-09,c20e3e17-658f-42db-8bed-0130fef2c901,f560a11f-0a60-4875-a976-a07c45530d17,Visa,Credit,3490,Purchase,8408.59,ZAR,1.0,8408.59,Shell SA,5912,Drug Stores & Pharmacies,Benoni,ZA,False,AUTH432643,Reversed,False,False
d6a2ddce-6c42-42e7-9529-2de47e1a2ae1,2018-04-09,2018-04-10,60e9647e-a04d-46a1-8b8f-e76819c57606,09b9d0bb-c032-4e23-a911-bae00f7df4ca,Mastercard,Debit,9849,Refund,3847.98,ZAR,1.0,3847.98,Dischem,5734,Electronics Stores,Springs,ZA,False,AUTH994047,Approved,False,True
feb13c06-a29e-4d83-99a9-fe2b0120344b,2018-10-31,2018-11-02,b98609ac-ae1c-4ac0-90af-7c1b2576a485,f5385827-522c-4f2a-b11f-b00e9abc58f9,Mastercard,Debit,5417,Purchase,10209.58,ZAR,1.0,10209.58,Spur,5912,Drug Stores & Pharmacies,Springs,ZA,False,AUTH399279,Approved,False,False
9e19e65d-009c-451b-98cd-0838d8aed611,2020-07-09,2020-07-09,9202ce26-699c-4e6b-9e8c-75a30dbd3b67,f72d813d-996f-430d-ae57-13eb80207635,Visa,Credit,7797,Purchase,1236.64,ZAR,1.0,1236.64,KFC SA,5621,Women's Clothing Stores,George,ZA,False,AUTH380659,Approved,False,True
0e2f8bc7-93d6-42a6-b4a3-976864b50d2f,2020-09-29,2020-09-29,7fa830a4-4bbf-4890-b724-7beb73038ac3,e468483b-cf18-479d-8b10-3fc7f309a13a,Mastercard,Credit,6992,International Purchase,10240.76,EUR,19.7644,202402.48,Foschini,7011,Hotels & Motels,Krugersdorp,PA,True,AUTH206233,Approved,False,False
c567c0b2-72c4-4d3a-9696-8bfd6fe530e3,2020-05-19,2020-05-20,e3db2750-f26e-4c8b-9584-43a53a2bfde4,e0b5f00e-16ba-45c5-a3b3-a04b555efc7c,Visa,Debit,2866,Purchase,11045.64,ZAR,1.0,11045.64,Steers,4814,Telecommunications,Newcastle,ZA,False,AUTH418250,Approved,False,True
c6fd3e8c-ab6b-4944-93f1-bcecbdb751c3,2015-02-02,2015-02-03,050a2c77-0f72-4593-a5a8-8e26eccc6d35,7f164959-ebef-49cb-89cd-6a303fdad6f3,Visa,Credit,5097,Purchase,11188.43,ZAR,1.0,11188.43,Total SA,5621,Women's Clothing Stores,eGoli,ZA,False,AUTH939538,Declined,False,True
96bbb442-ae52-4989-b6df-47bb71f1dfce,2015-12-30,2015-12-30,60e9647e-a04d-46a1-8b8f-e76819c57606,09b9d0bb-c032-4e23-a911-bae00f7df4ca,Mastercard,Debit,4593,International Purchase,14133.95,ZAR,1.0,14133.95,Discovery Health,7011,Hotels & Motels,Welkom,YE,True,AUTH634559,Approved,False,True
ed3413e4-c51b-44cc-a01b-9a1e12742cdf,2023-03-02,2023-03-04,6b72653b-95f5-4f30-a1a9-590a82e01634,b4b59e19-8f45-47b7-a9df-b6f96235253a,Visa,Debit,5675,Refund,7736.59,ZAR,1.0,7736.59,Momentum,5541,Service Stations,Chelseaberg,ZA,False,AUTH879665,Approved,False,True
d762f6b5-2783-49c5-98dd-027db4506a4d,2020-11-09,2020-11-11,357fe0dd-b2e6-41e7-bc2b-c441b7603862,80a0e354-f0ed-4c02-8581-df6ad8d9e5b4,Mastercard,Credit,3323,Purchase,12338.88,ZAR,1.0,12338.88,McDonald's SA,8011,Doctors & Physicians,New Clivemouth,ZA,False,AUTH884544,Approved,False,True
871f021a-cd51-4a6f-b1f5-1703a79a7d84,2024-02-28,2024-02-29,db617c72-425e-437c-a34a-66b127cb489e,aa0cf632-0446-46d5-9ce0-006948caa2ce,Mastercard,Credit,8568,Purchase,10194.45,ZAR,1.0,10194.45,Virgin Active,4814,Telecommunications,Vereeniging,ZA,False,AUTH504256,Approved,False,False
141808b8-1606-4457-b21f-9b417da704f3,2023-02-04,2023-02-06,97537a5d-cabb-4ff1-834f-bf6bbe065a58,2c1f5492-41c0-4eb5-ac83-84e813685831,Mastercard,Credit,5756,Purchase,7921.82,ZAR,1.0,7921.82,Momentum,5411,Grocery Stores,Lindseyland,ZA,False,AUTH710270,Approved,False,True
c8dda83e-c36c-401e-b0a6-29a9bf4cb433,2016-10-28,2016-10-30,bae7ce90-799f-4870-afe8-84b00be4553d,d7867a56-0757-4fd2-a165-ce93bae23f55,Mastercard,Credit,2681,Purchase,3319.0,ZAR,1.0,3319.0,H&M SA,8011,Doctors & Physicians,Musina,ZA,False,AUTH934779,Approved,False,True
e51008f8-4064-47fa-ad13-7d7c2939ca1f,2023-07-15,2023-07-16,df3ccd5a-2655-4b8d-ba9d-5e75326a858b,f5385827-522c-4f2a-b11f-b00e9abc58f9,Mastercard,Credit,7663,International Purchase,38057.12,USD,19.0582,725300.2,Netflix SA,4111,Transportation,Kimberley,FJ,True,AUTH796448,Approved,False,False
7449e43e-1dd8-45e3-b06f-7fa68f136fc1,2021-06-19,2021-06-21,4beec51d-b1b6-43b8-9476-6cc885b51c37,1bf46838-92d1-4b07-adc1-26f9bc1a6bdd,Mastercard,Credit,9526,Contactless Payment,13337.25,ZAR,1.0,13337.25,BP SA,5411,Grocery Stores,Chatsworth,ZA,False,AUTH370253,Approved,True,False
92164a25-f5a6-4a85-a7e3-641a1ebe663c,2024-09-13,2024-09-15,502acaed-89ca-45fa-845d-4c5e3b6db22f,3e12b679-d262-4e5f-abb3-e50d983421e2,Visa,Debit,4149,Purchase,689.65,ZAR,1.0,689.65,Clicks,5812,Eating Places & Restaurants,Rustenburg,ZA,False,AUTH485790,Approved,False,False
b482c05d-d916-48e9-b26e-2f5a02c7e5c5,2020-12-17,2020-12-17,6bdf7092-bcb0-4eb2-8aab-d75d40b7e1d7,a5b3d0e7-1c37-41b2-8e9b-c9b78f83cb2d,Mastercard,Debit,8583,International Purchase,4464.66,EUR,19.8935,88817.71,Shoprite,4111,Transportation,North Fionafort,LT,True,AUTH289514,Approved,False,True
c7254101-dba4-4be7-9b0b-f96dbc2681d5,2017-12-28,2017-12-29,7120625f-8f83-463d-86c2-61f078fe07f4,a5b3d0e7-1c37-41b2-8e9b-c9b78f83cb2d,Visa,Credit,9644,Purchase,13942.84,ZAR,1.0,13942.84,Edgars,8011,Doctors & Physicians,Stewartmouth,ZA,False,AUTH409493,Approved,False,True
1d71dd8a-65f9-4772-b0c3-f5404f0138e7,2024-12-13,2024-12-14,78a218ef-f8f6-496f-903b-dfa91c2ba2f4,5f07ee40-578a-4751-985d-4e36af164992,Visa,Debit,1186,Purchase,8307.15,ZAR,1.0,8307.15,Shoprite,5945,Hobby & Toy Shops,Harrietview,ZA,False,AUTH853481,Approved,False,True
3b7212af-758b-43a7-ae76-6199fa882195,2016-01-15,2016-01-17,eafe49c0-9bf7-4fd2-b7aa-09b6344d100e,5ab5c897-3eeb-45ec-b3b9-ee1be43e5652,Mastercard,Credit,6212,Purchase,7793.26,ZAR,1.0,7793.26,Mr Price,7011,Hotels & Motels,Bethborough,ZA,False,AUTH907244,Approved,False,True
3300de22-1edf-40e7-b376-285b330522c7,2017-11-11,2017-11-11,8723aed5-97bd-488b-8ff1-776545d3901a,bbbac18e-3bf9-43fa-9184-da720b7e6c0d,Mastercard,Credit,8319,Contactless Payment,3704.56,ZAR,1.0,3704.56,Truworths,5912,Drug Stores & Pharmacies,Randfontein,ZA,False,AUTH155865,Approved,True,True
a949bda8-668d-4af3-9a69-f77a616bf8bb,2017-01-14,2017-01-15,f10b0f9b-017d-4bf4-af61-4f3447a68ab9,91c9be29-eee1-4cde-a664-efe7e53212d5,Mastercard,Debit,6134,Purchase,7670.3,ZAR,1.0,7670.3,Tiger Brands,5945,Hobby & Toy Shops,Martinville,ZA,False,AUTH959333,Approved,False,False
6f883f8f-bfdd-467b-be7e-754d1a21f83d,2015-06-11,2015-06-11,ea3f5b5d-69d1-4f5a-892f-3598e5da8f70,fe7e677d-74e5-49b5-b656-0b6c8f1374bb,Mastercard,Debit,7468,Purchase,3832.86,ZAR,1.0,3832.86,Takealot,7011,Hotels & Motels,Polokwane,ZA,False,AUTH142119,Approved,False,False
a199bfd1-3754-44c9-9b67-3269b3e93f57,2020-06-24,2020-06-24,cdaec3c8-a553-4168-8956-d80c9a9098b4,0ec62bd1-42db-4ffd-b12d-f1738b4fdec9,Mastercard,Debit,3209,Purchase,4398.43,ZAR,1.0,4398.43,Pioneer Foods,5411,Grocery Stores,Vanderbijlpark,ZA,False,AUTH550165,Approved,False,False
0f0ac057-e5ba-43cc-ae30-4e1fa6eea32d,2020-12-28,2020-12-28,bae7ce90-799f-4870-afe8-84b00be4553d,d7867a56-0757-4fd2-a165-ce93bae23f55,Visa,Credit,5766,Refund,5054.54,ZAR,1.0,5054.54,BP SA,5621,Women's Clothing Stores,Boksburg,ZA,False,AUTH749689,Approved,False,False
4fe66e8a-9755-4dac-9112-95344358e45e,2020-07-16,2020-07-17,24c74360-9832-4d08-89dd-a00aaef9e898,31e7d721-e2e5-4bc2-8b0f-1c16bf58e45e,Visa,Debit,2334,Contactless Payment,9068.4,ZAR,1.0,9068.4,Shell SA,5411,Grocery Stores,Tembisa,ZA,False,AUTH698021,Declined,True,False
e9725289-7b2c-4d15-9700-a13cc35d7908,2016-04-28,2016-04-30,5137b34d-8625-47ad-87b4-3444074f3fc3,b4ebc28f-526a-45ea-823c-588724471955,Mastercard,Debit,5098,Chargeback,985.87,ZAR,1.0,985.87,Gym Company,7011,Hotels & Motels,Vanderbijlpark,ZA,False,AUTH985821,Approved,False,True
e461e129-e879-4ad7-b685-d6a18e63dd51,2021-02-12,2021-02-14,6bdf7092-bcb0-4eb2-8aab-d75d40b7e1d7,a5b3d0e7-1c37-41b2-8e9b-c9b78f83cb2d,Mastercard,Credit,7816,Online Purchase,4244.69,ZAR,1.0,4244.69,Engen,5999,Retail Stores,Oliverside,ZA,False,AUTH703787,Approved,False,True
9b39b95c-d89d-4650-90ac-62851a057b72,2021-12-09,2021-12-09,5d46670a-5225-449b-86c3-a18bc4e72537,148694da-57d4-425a-9f97-96d8293011be,Visa,Credit,9015,Contactless Payment,3930.7,ZAR,1.0,3930.7,Spur,5411,Grocery Stores,Singhview,ZA,False,AUTH485761,Approved,True,False
e894c31a-7ec7-4a36-b2b8-d3f01ef672b3,2022-05-07,2022-05-07,68cf211e-6b58-4ab4-83c1-536b5263abbd,06b4cbf1-5e59-4e2f-93b9-72bec63fdd0f,Mastercard,Debit,3289,Chargeback,966.95,ZAR,1.0,966.95,Old Mutual,4816,Online Services,East Matthew,ZA,False,AUTH919709,Approved,False,True
843da04d-215e-4aa4-b571-e18b5decd4cf,2015-09-27,2015-09-29,3a110452-e114-47e9-83fd-63718fc0960b,526d7d1c-ebad-40c5-9ff2-b568477570ad,Mastercard,Credit,1420,Contactless Payment,9921.69,ZAR,1.0,9921.69,Planet Fitness,5311,Department Stores,Newcastle,ZA,False,AUTH103189,Approved,True,True
0f1b3904-db35-4624-9629-d2324e26ae83,2020-01-21,2020-01-21,e1fd2535-42c6-463e-84ac-3d2fa55c1357,ba5dd48f-c112-4397-bc7a-8933ff5b11dc,Visa,Credit,9437,Contactless Payment,6966.75,ZAR,1.0,6966.75,Checkers,5411,Grocery Stores,Vereeniging,ZA,False,AUTH963723,Approved,True,True
06c453c2-c9f6-44e2-bc7f-cef73c77f197,2017-09-23,2017-09-23,89508310-0e20-4767-b6ca-b33dbc0c4fff,796496b2-fedc-473f-b0ad-08543529cc77,Mastercard,Credit,2872,Purchase,3394.07,ZAR,1.0,3394.07,Clicks,5661,Shoe Stores,Darrenville,ZA,False,AUTH695193,Approved,False,True
196ffd9a-c889-4e2f-9f9f-b7703a2ff03f,2020-09-26,2020-09-26,df3ccd5a-2655-4b8d-ba9d-5e75326a858b,f5385827-522c-4f2a-b11f-b00e9abc58f9,Mastercard,Debit,4343,Purchase,12799.1,ZAR,1.0,12799.1,Caltex SA,5734,Electronics Stores,Vanderbijlpark,ZA,False,AUTH987499,Approved,False,True
12f3e242-3889-47d8-b144-30bd51cec8c9,2022-11-01,2022-11-01,eb488e77-92b6-4933-ba76-67a314f849d7,d008e9b4-a86d-491e-bb43-dcf5c491c1cc,Mastercard,Debit,6528,Purchase,13738.32,ZAR,1.0,13738.32,MTN,4111,Transportation,Bethlehem,ZA,False,AUTH676269,Approved,False,False
3142ccfc-c3c7-46a5-93aa-20ae339fc655,2015-01-04,2015-01-06,db2a1018-04fc-4b89-bded-9d908c281204,2ea14f7d-a56a-4f64-86f9-a70de9fdfd34,Visa,Debit,1428,Online Purchase,10929.54,ZAR,1.0,10929.54,Zara SA,7011,Hotels & Motels,eGoli,ZA,False,AUTH670577,Approved,False,True
525b1a7c-d6ad-4146-a6ae-f37d3da3c31c,2022-08-06,2022-08-08,2306d171-782e-48a8-9934-2a665366e51e,2ecc888d-d15b-4f39-b160-3e1801da08c9,Mastercard,Debit,3496,Purchase,4820.8,ZAR,1.0,4820.8,Zara SA,5945,Hobby & Toy Shops,Wallmouth,ZA,False,AUTH812152,Approved,False,True
8a606a6d-e1f4-4370-b0e7-989397446b6b,2019-12-31,2020-01-02,7eeed1d1-15ed-42e0-87ba-d1dbbd42faf6,8ae8649d-15a3-4909-a8f1-1a3ee8cc2f3b,Mastercard,Credit,9849,Purchase,4614.76,ZAR,1.0,4614.76,McDonald's SA,5621,Women's Clothing Stores,Lake Mariontown,ZA,False,AUTH562389,Approved,False,True
b2c12896-d033-41b6-8fd7-2283e97dc3b4,2021-05-12,2021-05-13,37e86a8d-69c5-4ce0-8cb5-ee7924b11e98,60e9b09c-e343-401f-9e56-3f88d8ea072a,Mastercard,Credit,6367,Refund,1345.92,ZAR,1.0,1345.92,Cell C,5945,Hobby & Toy Shops,Williamsside,ZA,False,AUTH710731,Approved,False,False
34709d66-1d5b-4d61-aada-f53648c5f30a,2024-03-06,2024-03-06,70442b96-2c44-4411-8341-22c6a2927df3,66a5b361-8f0b-41dc-80c4-bc7aaa6cf6c6,Visa,Debit,7022,Contactless Payment,6894.4,ZAR,1.0,6894.4,Truworths,4816,Online Services,Bethlehem,ZA,False,AUTH717870,Approved,True,True
8c6a8604-cca5-419b-9a14-ac9423f7b13c,2020-09-24,2020-09-24,60e9647e-a04d-46a1-8b8f-e76819c57606,09b9d0bb-c032-4e23-a911-bae00f7df4ca,Visa,Debit,7457,Purchase,12866.9,ZAR,1.0,12866.9,Spar,5411,Grocery Stores,eGoli,ZA,False,AUTH403553,Approved,False,False
808a28dc-97f7-4a9a-b825-7c307fdaf334,2018-10-23,2018-10-23,8723aed5-97bd-488b-8ff1-776545d3901a,bbbac18e-3bf9-43fa-9184-da720b7e6c0d,Mastercard,Debit,6889,Contactless Payment,1961.46,ZAR,1.0,1961.46,Edgars,5734,Electronics Stores,Lambertland,ZA,False,AUTH220046,Approved,True,False
4b08c0bf-1a63-4c03-8d6a-b280a17ca15a,2019-06-04,2019-06-05,dd9decd1-caf1-447c-9928-6851d0aa1ed0,dadbdb7a-ad83-4e90-9356-19f735b66d27,Visa,Debit,9765,Purchase,5498.13,ZAR,1.0,5498.13,Steers,5621,Women's Clothing Stores,North Dawn,ZA,False,AUTH181524,Approved,False,True
4e4243ed-5046-4448-bf79-fa63700174cd,2019-01-23,2019-01-24,6bdf7092-bcb0-4eb2-8aab-d75d40b7e1d7,a5b3d0e7-1c37-41b2-8e9b-c9b78f83cb2d,Mastercard,Credit,3854,Refund,9337.15,ZAR,1.0,9337.15,Dischem,7011,Hotels & Motels,Middelburg,ZA,False,AUTH506085,Pending,False,False
3dd1c27b-5ede-43ba-b06e-5416ff6feddc,2019-09-19,2019-09-21,7eeed1d1-15ed-42e0-87ba-d1dbbd42faf6,8ae8649d-15a3-4909-a8f1-1a3ee8cc2f3b,Mastercard,Credit,5136,Purchase,8802.09,ZAR,1.0,8802.09,Steers,5945,Hobby & Toy Shops,Lake Cliffordville,ZA,False,AUTH370264,Approved,False,True
f9c57f89-d9c0-4b81-aed6-add513f26a3c,2019-12-16,2019-12-17,68cf211e-6b58-4ab4-83c1-536b5263abbd,06b4cbf1-5e59-4e2f-93b9-72bec63fdd0f,Mastercard,Credit,2368,Purchase,7651.89,ZAR,1.0,7651.89,Shell SA,4111,Transportation,North Eric,ZA,False,AUTH726403,Approved,False,True
0b38e2e0-51f4-4fd1-b5cd-1d572176e7c3,2015-07-03,2015-07-05,7eeed1d1-15ed-42e0-87ba-d1dbbd42faf6,8ae8649d-15a3-4909-a8f1-1a3ee8cc2f3b,Mastercard,Debit,8633,Purchase,12750.29,ZAR,1.0,12750.29,Pioneer Foods,5311,Department Stores,Springs,ZA,False,AUTH955890,Pending,False,True
3de407e0-c642-488c-8f28-f030448f620b,2016-02-07,2016-02-07,ec4f5235-c485-47ab-9100-a624cb729e72,fd250f7b-e79e-409d-82f0-7d0f61426f0b,Mastercard,Debit,9525,Purchase,4655.75,ZAR,1.0,4655.75,BP SA,5945,Hobby & Toy Shops,Smithchester,ZA,False,AUTH305524,Approved,False,False
8a0b7582-7b80-4142-905f-d5bab0570240,2019-05-02,2019-05-03,2d269844-d32d-48d0-acbd-011f5e84612a,696dd856-e6af-4dd3-9595-cc197764d7c1,Visa,Debit,2519,Cash Advance,4847.55,ZAR,1.0,4847.55,Vodacom,5812,Eating Places & Restaurants,Raymondshire,ZA,False,AUTH732178,Approved,False,True
9a0017bc-d5d8-48d2-acfc-e9fc9494ebcb,2017-11-15,2017-11-17,ea30a547-290d-4b22-9e7c-c2ef9891fc4d,35467d6b-f1b1-4241-815d-df93767762c1,Mastercard,Debit,7824,Refund,2620.37,ZAR,1.0,2620.37,Spur,5812,Eating Places & Restaurants,iBhayi,ZA,False,AUTH447490,Approved,False,True
17a294bb-fffa-483f-b864-c266c1e10914,2015-09-19,2015-09-19,050a2c77-0f72-4593-a5a8-8e26eccc6d35,7f164959-ebef-49cb-89cd-6a303fdad6f3,Mastercard,Debit,2447,Purchase,4327.34,ZAR,1.0,4327.34,Zara SA,5912,Drug Stores & Pharmacies,New Jill,ZA,False,AUTH946934,Approved,False,True
8fada844-441b-4b9a-aa71-1895a8984958,2024-12-14,2024-12-14,bae7ce90-799f-4870-afe8-84b00be4553d,d7867a56-0757-4fd2-a165-ce93bae23f55,Visa,Credit,1397,Purchase,130.6,ZAR,1.0,130.6,McDonald's SA,8011,Doctors & Physicians,Chatsworth,ZA,False,AUTH881075,Reversed,False,True
80d82575-c412-40e7-9b52-fb83218f0ac4,2020-05-08,2020-05-08,21c82d2b-0e15-4d2b-a5fb-0decff95e559,0da3aca3-eeff-48be-9870-f0b2cd2d53c6,Mastercard,Debit,3565,Contactless Payment,10822.8,ZAR,1.0,10822.8,Caltex SA,5812,Eating Places & Restaurants,eGoli,ZA,False,AUTH950198,Approved,True,False
49130c2c-402d-4e56-a911-ddaa5f4ab19f,2019-02-08,2019-02-08,d1c60b8b-8b23-448a-a853-e84ceb19ead5,5427a72c-adea-4248-901b-4111111cdd4b,Visa,Debit,8846,Purchase,5305.46,ZAR,1.0,5305.46,Steers,4814,Telecommunications,Kimberley,ZA,False,AUTH971484,Approved,False,False
22307d26-74c1-414a-a03b-6994199b6bc0,2015-07-13,2015-07-15,2da72a17-96ff-44bc-a3e0-bb5ff6d8ba48,04d8ed45-f4c5-422c-9678-d8c8ce690ee3,Mastercard,Debit,7395,Purchase,14865.91,ZAR,1.0,14865.91,Rain,7011,Hotels & Motels,Lake Jodiemouth,ZA,False,AUTH550071,Approved,False,False
68d071b9-bd8d-47e3-89ba-3ee8abf07e1a,2015-05-24,2015-05-25,2e9fadba-1c18-4053-b20a-30f32b47e2c1,5695af93-72f8-45b0-8581-09cf6b0fd54d,Mastercard,Credit,8099,Refund,8321.12,ZAR,1.0,8321.12,Planet Fitness,4816,Online Services,Potchefstroom,ZA,False,AUTH407101,Pending,False,False
e3f74ab5-41d3-4bb5-a282-f1cde3719e07,2016-09-15,2016-09-15,61097e07-f0be-4f4c-955c-a08d7dbfaed8,fe1a8c18-0675-4320-8f1e-042b27d85a51,Mastercard,Debit,3048,Purchase,10401.05,ZAR,1.0,10401.05,Gym Company,8011,Doctors & Physicians,Potchefstroom,ZA,False,AUTH342236,Approved,False,True
98a7e5d8-7461-4ed4-a267-31c16af751b0,2019-03-22,2019-03-23,88fcd419-afb8-498a-8393-2030dc1539b7,96a0dd93-d9ee-4528-9173-61228081da8c,Mastercard,Debit,8867,Online Purchase,4163.14,ZAR,1.0,4163.14,Gym Company,8011,Doctors & Physicians,George,ZA,False,AUTH368930,Approved,False,False
03753055-272d-4534-9147-409d44128f17,2020-06-04,2020-06-06,7120625f-8f83-463d-86c2-61f078fe07f4,a5b3d0e7-1c37-41b2-8e9b-c9b78f83cb2d,Visa,Credit,1319,Purchase,8390.8,ZAR,1.0,8390.8,Spar,7011,Hotels & Motels,Stellenbosch,ZA,False,AUTH929147,Approved,False,False
a74da4db-af30-4b94-9f6d-b461524ebb31,2022-08-10,2022-08-11,1548c47b-bc81-4e5f-b221-ff7b6c016b8b,87805b14-50da-45b2-b8d0-37963f00a73b,Mastercard,Credit,4112,Chargeback,3299.54,ZAR,1.0,3299.54,Telkom,5912,Drug Stores & Pharmacies,Uitenhage,ZA,False,AUTH223300,Approved,False,False
2c54bddb-5051-40b9-a71c-29ee2a03aca1,2019-10-09,2019-10-10,ff638ebf-bcaf-4a04-8876-a1a9e236c918,ab89aa9f-66e2-4754-bec4-86f8d62d6503,Mastercard,Debit,8655,Refund,8039.38,ZAR,1.0,8039.38,McDonald's SA,4111,Transportation,Boksburg,ZA,False,AUTH173796,Reversed,False,False
a9d89b88-8e66-4f25-af94-b5d2ab9dfdc4,2023-01-15,2023-01-15,f75c54cf-e16c-4fc0-b3ae-a93a591a7503,4ea440d8-ce17-45ae-9037-e5677b3c173e,Visa,Debit,1751,Contactless Payment,3255.04,ZAR,1.0,3255.04,Truworths,4816,Online Services,Vereeniging,ZA,False,AUTH954301,Approved,True,True
db4ce982-19df-4e22-b38a-dfeec7a4ff54,2023-04-19,2023-04-20,d1c60b8b-8b23-448a-a853-e84ceb19ead5,5427a72c-adea-4248-901b-4111111cdd4b,Mastercard,Debit,4973,Online Purchase,8503.13,ZAR,1.0,8503.13,Truworths,5541,Service Stations,Port Maurice,ZA,False,AUTH914236,Reversed,False,True
8320aee2-f7e5-42db-ae17-840c0a1e8bc0,2021-02-26,2021-02-27,2bb22dfa-4591-42ad-8ca2-9d8ac28410c2,28720e79-2cb0-4e43-86b0-8b3a863c5f5b,Visa,Debit,9171,Purchase,11321.06,ZAR,1.0,11321.06,BP SA,5661,Shoe Stores,eGoli,ZA,False,AUTH898389,Approved,False,False
51fe3839-047f-4ae8-9078-f7b89254fb1c,2021-09-23,2021-09-23,cdaec3c8-a553-4168-8956-d80c9a9098b4,0ec62bd1-42db-4ffd-b12d-f1738b4fdec9,Visa,Credit,7550,International Purchase,40482.72,GBP,23.517,952032.13,Pioneer Foods,5999,Retail Stores,Mahikeng,TO,True,AUTH179966,Approved,False,True
e85da57e-edb1-452c-be92-2982a0210234,2021-10-16,2021-10-18,21c82d2b-0e15-4d2b-a5fb-0decff95e559,0da3aca3-eeff-48be-9870-f0b2cd2d53c6,Visa,Credit,8425,Contactless Payment,5123.88,ZAR,1.0,5123.88,Rain,5734,Electronics Stores,Klerksdorp,ZA,False,AUTH472209,Approved,True,True
2061c170-9386-49fd-9b4e-b6597791c062,2016-09-04,2016-09-04,8204bddf-d38e-4c7d-840f-54335762aae3,056217c6-c731-4f79-b30f-c0d7ac911f00,Mastercard,Debit,6854,Purchase,14337.21,ZAR,1.0,14337.21,Caltex SA,4816,Online Services,East Mandybury,ZA,False,AUTH185311,Approved,False,True
39baa721-5ccb-4ec2-972a-49bfcb62b5b5,2016-05-18,2016-05-18,f84582bd-160f-41e9-8e4c-01cea251f754,60e9b09c-e343-401f-9e56-3f88d8ea072a,Mastercard,Debit,5602,Chargeback,9289.94,ZAR,1.0,9289.94,Dischem,5999,Retail Stores,Thohoyandou,ZA,False,AUTH955271,Approved,False,False
5e0d5b53-216f-4344-b27f-548e2be706e7,2020-10-06,2020-10-08,5d927ea6-081d-41ef-9bbb-a4551deedcb3,91c9be29-eee1-4cde-a664-efe7e53212d5,Visa,Debit,7231,Contactless Payment,7294.69,ZAR,1.0,7294.69,Truworths,5945,Hobby & Toy Shops,Benoni,ZA,False,AUTH443688,Approved,True,True
fb462e7e-a5c7-4804-b2dd-90bef5ada133,2016-04-07,2016-04-07,eb488e77-92b6-4933-ba76-67a314f849d7,d008e9b4-a86d-491e-bb43-dcf5c491c1cc,Visa,Credit,7578,Refund,559.76,ZAR,1.0,559.76,Takealot,5999,Retail Stores,Upington,ZA,False,AUTH685219,Declined,False,False
38bb3cb3-0070-4ef2-8f0e-b021acc55027,2016-04-23,2016-04-24,f22f270a-6581-4dfc-99bf-ccafa6313f55,d2a252aa-3d52-420a-b18f-5c134e1fa217,Mastercard,Debit,3795,Online Purchase,11586.57,ZAR,1.0,11586.57,Eskom,5812,Eating Places & Restaurants,Smithmouth,ZA,False,AUTH152311,Approved,False,False
9edad612-92d8-48bb-9105-d4087b3eb1d7,2018-04-21,2018-04-22,5c81b1bd-9dfe-4a26-903c-066c5f50e929,67c9be79-bce5-4b32-a44d-98517a2477e3,Visa,Credit,5467,Purchase,3710.05,ZAR,1.0,3710.05,Amazon SA,5812,Eating Places & Restaurants,Springs,ZA,False,AUTH195132,Approved,False,True
eafa6d3f-839b-4604-8f13-2b359dd9b0d3,2024-08-17,2024-08-19,4e1bb47c-33e0-4919-8fbe-e23eea0e3802,19c5ba73-e18f-49a2-a104-e01ab37e74f4,Visa,Credit,5200,Purchase,11395.82,ZAR,1.0,11395.82,Old Mutual,5734,Electronics Stores,Gemmashire,ZA,False,AUTH417552,Reversed,False,True
d6a3a091-7455-46bd-8a6c-86c41e7d032a,2017-04-03,2017-04-03,f204a453-cbb5-46ea-83bd-0d60fa26cc40,9a189484-cd9f-435c-b424-c12d0a715eb2,Visa,Credit,7174,Contactless Payment,8831.79,ZAR,1.0,8831.79,Telkom,5311,Department Stores,Mahikeng,ZA,False,AUTH543015,Approved,True,True
8e542606-356a-4074-a1a3-ffbb902b5bca,2023-09-17,2023-09-17,ea30a547-290d-4b22-9e7c-c2ef9891fc4d,35467d6b-f1b1-4241-815d-df93767762c1,Visa,Debit,3206,Online Purchase,4190.49,ZAR,1.0,4190.49,McDonald's SA,5661,Shoe Stores,Polokwane,ZA,False,AUTH658156,Approved,False,False
ad4bdf73-e843-4e6a-8e16-bb15951edd79,2024-08-19,2024-08-20,cc4d93f2-8c8d-4f30-805f-e2f4081a6155,475c2f67-b3cb-4fac-8e1a-0ed764b9a2fe,Visa,Credit,6776,Purchase,2507.78,ZAR,1.0,2507.78,Naspers,4816,Online Services,Port Craigberg,ZA,False,AUTH164422,Approved,False,False
08444d3a-95c3-41cc-a81c-dfcd5dbe6090,2021-12-27,2021-12-28,4b1b6349-a418-4ad6-a483-5f8f7e720193,93c73736-9251-4422-849a-28d5d4bdc725,Visa,Credit,6483,Purchase,8395.02,ZAR,1.0,8395.02,KFC SA,5311,Department Stores,Polokwane,ZA,False,AUTH598007,Approved,False,True
63d6587a-f3e9-4bbc-a828-1e6b219fac87,2018-06-23,2018-06-23,b1a269fe-8526-4bbe-b46a-d7134620a6e3,c978e671-abb7-4632-8b23-ab955c9acf81,Mastercard,Debit,9270,Contactless Payment,8020.19,ZAR,1.0,8020.19,Edgars,5661,Shoe Stores,Sallyshire,ZA,False,AUTH734078,Approved,True,True
f6258f49-6fe4-4432-b085-d63846ac2445,2022-10-11,2022-10-12,23954309-3a57-467d-a753-fdfafe6dfe53,e468483b-cf18-479d-8b10-3fc7f309a13a,Mastercard,Debit,8110,Online Purchase,5851.51,ZAR,1.0,5851.51,BP SA,5734,Electronics Stores,East Declanmouth,ZA,False,AUTH696082,Approved,False,True
5d0af0fb-8e41-40a2-8328-8457b14c1d73,2017-10-14,2017-10-15,db617c72-425e-437c-a34a-66b127cb489e,aa0cf632-0446-46d5-9ce0-006948caa2ce,Mastercard,Credit,3669,Purchase,5489.22,ZAR,1.0,5489.22,Edgars,5734,Electronics Stores,Sasolburg,ZA,False,AUTH778660,Approved,False,False
a7cc8097-ca2d-467c-8617-5b100113de9b,2020-06-10,2020-06-10,2e9fadba-1c18-4053-b20a-30f32b47e2c1,5695af93-72f8-45b0-8581-09cf6b0fd54d,Visa,Credit,3265,Purchase,2447.43,ZAR,1.0,2447.43,Tiger Brands,4816,Online Services,eThekwini,ZA,False,AUTH769227,Approved,False,False
55ea7b91-7007-4876-863c-b8a767983f7b,2017-09-01,2017-09-03,a4341b92-e767-4d9a-a8bc-a1cd5c3cac45,e48bf09c-1d7e-4a66-9946-31e8e782c08e,Visa,Credit,4059,Online Purchase,5120.45,ZAR,1.0,5120.45,Eskom,4111,Transportation,Witbank,ZA,False,AUTH900353,Approved,False,True
0a30768a-922f-4485-8482-5673a6d8096e,2024-04-21,2024-04-21,1a606c21-28a9-4901-b958-7c8b79cbd4ee,802e7e56-190c-41fd-a9d0-3d2880dd2cc3,Visa,Debit,2552,Contactless Payment,1159.18,ZAR,1.0,1159.18,Momentum,5999,Retail Stores,Walkershire,ZA,False,AUTH549714,Approved,True,True
9972430b-f9f1-491a-96ef-22c93509ec81,2024-09-19,2024-09-21,3e0e2ec9-2349-4b39-8c19-6617841621a7,9a3f7ed0-8efc-4452-905c-031240e0733f,Visa,Credit,2964,Contactless Payment,7101.3,ZAR,1.0,7101.3,Woolworths,4814,Telecommunications,East Howardfurt,ZA,False,AUTH442483,Approved,True,True
1308167c-8b65-4fb0-9e94-9575e183973d,2016-04-27,2016-04-29,d2fcf2e8-ef02-4aee-bc6f-02c5ab328a79,93e49ad9-221b-44ed-8d8b-837f2221b03a,Visa,Credit,1339,Refund,7229.07,ZAR,1.0,7229.07,BP SA,5621,Women's Clothing Stores,Polokwane,ZA,False,AUTH359783,Pending,False,True
eb81e314-0609-4573-9a72-f38e24212766,2024-12-17,2024-12-18,4e1bb47c-33e0-4919-8fbe-e23eea0e3802,19c5ba73-e18f-49a2-a104-e01ab37e74f4,Mastercard,Credit,2257,Online Purchase,14107.48,ZAR,1.0,14107.48,Truworths,4814,Telecommunications,Sheilabury,ZA,False,AUTH653746,Approved,False,False
cdac8aef-7e93-4ae5-9fd5-c86945d7ce8d,2021-08-31,2021-08-31,8723aed5-97bd-488b-8ff1-776545d3901a,bbbac18e-3bf9-43fa-9184-da720b7e6c0d,Visa,Credit,6981,Contactless Payment,6730.35,ZAR,1.0,6730.35,Gym Company,5311,Department Stores,East Lucy,ZA,False,AUTH248917,Approved,True,False
5af742f6-32f5-4ed3-83e1-be10e118f322,2022-09-13,2022-09-15,5eaeb8fb-8d85-485e-8945-0f308bb3f76a,c77092ad-e107-4373-89eb-0a50e994a500,Mastercard,Debit,1184,Contactless Payment,6539.74,ZAR,1.0,6539.74,Gym Company,5311,Department Stores,Connorside,ZA,False,AUTH588825,Approved,True,True
ccb6972d-738b-42dd-a784-3e3a08823434,2015-11-06,2015-11-08,1548c47b-bc81-4e5f-b221-ff7b6c016b8b,87805b14-50da-45b2-b8d0-37963f00a73b,Mastercard,Credit,1448,Contactless Payment,2843.73,ZAR,1.0,2843.73,Shoprite,4111,Transportation,Murphychester,ZA,False,AUTH461201,Approved,True,True
fccacda1-6ac8-47b2-b551-2c3e7ea2914f,2024-01-09,2024-01-10,7fa830a4-4bbf-4890-b724-7beb73038ac3,e468483b-cf18-479d-8b10-3fc7f309a13a,Mastercard,Credit,7226,Purchase,5365.86,ZAR,1.0,5365.86,Shell SA,5945,Hobby & Toy Shops,Bethlehem,ZA,False,AUTH734701,Approved,False,True
23209d5f-7611-407b-878c-435ab2a9c4b8,2023-01-09,2023-01-10,1d81fca0-874b-4f42-a1f4-160fec4a5baf,0da3aca3-eeff-48be-9870-f0b2cd2d53c6,Mastercard,Credit,1132,Purchase,2060.27,ZAR,1.0,2060.27,Vodacom,5999,Retail Stores,West Victor,ZA,False,AUTH786307,Approved,False,False
0afc754d-ede5-4d69-a318-e4acee16f2a4,2020-05-23,2020-05-25,699cd23b-fb1d-4f45-8f13-ec500d08a994,4899ed45-9c58-43fc-a9b1-110f1e0da786,Visa,Credit,3795,Refund,222.99,ZAR,1.0,222.99,Telkom,5621,Women's Clothing Stores,Port Jason,ZA,False,AUTH823066,Approved,False,True
ec2805e1-7241-4fb6-9806-3ddf217dabb8,2018-10-06,2018-10-06,78a218ef-f8f6-496f-903b-dfa91c2ba2f4,5f07ee40-578a-4751-985d-4e36af164992,Visa,Credit,9477,Purchase,10860.67,ZAR,1.0,10860.67,Dischem,5661,Shoe Stores,North Julian,ZA,False,AUTH129569,Approved,False,True
56d3645e-350b-4c16-818f-5fbfbaf41051,2019-07-31,2019-08-01,feff1299-937c-40f7-a410-c2b9dbc2b24a,486ed9cf-3f99-439b-a292-305d038605bf,Visa,Debit,4818,Refund,9988.16,ZAR,1.0,9988.16,H&M SA,5621,Women's Clothing Stores,Chatsworth,ZA,False,AUTH182933,Approved,False,True
9b95e79a-a413-4afc-9894-92a9b66e6228,2021-06-27,2021-06-29,e3d96443-c719-4a01-9d3f-aa8b4640df6c,106cb973-661a-496e-a060-9e09a57efbb5,Mastercard,Debit,6015,Purchase,7001.76,ZAR,1.0,7001.76,Edgars,5541,Service Stations,Rossfort,ZA,False,AUTH104495,Approved,False,True
e4a32ba5-36e2-43e0-84c3-93043070c7cb,2020-10-15,2020-10-17,7eeed1d1-15ed-42e0-87ba-d1dbbd42faf6,8ae8649d-15a3-4909-a8f1-1a3ee8cc2f3b,Mastercard,Debit,9619,Purchase,11152.21,ZAR,1.0,11152.21,Netflix SA,4111,Transportation,Connortown,ZA,False,AUTH701118,Approved,False,True
f49277d7-a40d-4a2c-80c9-315566617542,2020-01-05,2020-01-05,5fc063d7-d3fd-420f-b12b-06dd7e5d0a2e,30c2e83a-3ad0-4c9e-8a9d-2ec15dd897f2,Visa,Debit,5397,Purchase,362.02,ZAR,1.0,362.02,Foschini,4816,Online Services,Eleanorton,ZA,False,AUTH574471,Approved,False,True
5e57a0f8-8d2c-44bf-8e1b-bcb6e26fb4d0,2021-10-01,2021-10-01,b1a269fe-8526-4bbe-b46a-d7134620a6e3,c978e671-abb7-4632-8b23-ab955c9acf81,Mastercard,Debit,1587,Purchase,13435.25,ZAR,1.0,13435.25,Amazon SA,5541,Service Stations,Woodborough,ZA,False,AUTH568709,Approved,False,True
b02788b8-6b03-408e-82b8-ced7573528d4,2017-09-17,2017-09-17,2bf8d2fa-f5b6-450f-8a17-636f3764609f,3acebc57-2f2f-4565-9336-7b9605009e45,Mastercard,Debit,5813,Contactless Payment,11837.82,ZAR,1.0,11837.82,Dischem,4814,Telecommunications,Witbank,ZA,False,AUTH545850,Approved,True,True
5d0d9f5b-1dcb-4201-a13b-acfcc20eb672,2016-04-04,2016-04-06,d1c60b8b-8b23-448a-a853-e84ceb19ead5,5427a72c-adea-4248-901b-4111111cdd4b,Visa,Debit,8634,Purchase,601.53,ZAR,1.0,601.53,Zara SA,5945,Hobby & Toy Shops,Port Mauriceport,ZA,False,AUTH210515,Approved,False,True
318cfedb-8683-4248-992f-07afd0efd09b,2015-05-07,2015-05-09,c20e3e17-658f-42db-8bed-0130fef2c901,f560a11f-0a60-4875-a976-a07c45530d17,Mastercard,Credit,7327,Purchase,12265.94,ZAR,1.0,12265.94,Pick n Pay,5945,Hobby & Toy Shops,iKapa,ZA,False,AUTH480500,Approved,False,False
e1873ea2-0e76-4daa-a197-5b6c06280adf,2017-10-08,2017-10-08,21c82d2b-0e15-4d2b-a5fb-0decff95e559,0da3aca3-eeff-48be-9870-f0b2cd2d53c6,Visa,Debit,1681,Online Purchase,10244.57,ZAR,1.0,10244.57,Shell SA,5945,Hobby & Toy Shops,Rosemaryport,ZA,False,AUTH801967,Approved,False,True
a33560a9-3690-4c94-b7b8-ef51e94b118f,2016-03-19,2016-03-21,3a159030-051f-4e9c-b8f5-ecff7e5cddbc,95c94f51-1c42-4219-bd5d-6d7d5f07f30b,Visa,Credit,3327,Purchase,332.32,ZAR,1.0,332.32,Naspers,5999,Retail Stores,Leeville,ZA,False,AUTH890828,Reversed,False,False
ef75230a-56ca-486a-8cff-51cd96aa2406,2021-03-23,2021-03-25,8723aed5-97bd-488b-8ff1-776545d3901a,bbbac18e-3bf9-43fa-9184-da720b7e6c0d,Visa,Credit,7627,Contactless Payment,12367.7,ZAR,1.0,12367.7,BP SA,4814,Telecommunications,Krugersdorp,ZA,False,AUTH467791,Approved,True,True
97155cf7-2803-41be-9656-4831f057edc8,2018-07-28,2018-07-30,407d09d3-c2ed-4660-9392-cf5688eb6347,e04dd813-e742-4c4d-bb5d-55efda8742ab,Visa,Debit,3623,Purchase,2549.21,ZAR,1.0,2549.21,Spur,5621,Women's Clothing Stores,Parkesmouth,ZA,False,AUTH691485,Approved,False,True
9f5f0710-c0d7-47cd-927f-90ebe327a5fb,2018-04-05,2018-04-07,8723aed5-97bd-488b-8ff1-776545d3901a,bbbac18e-3bf9-43fa-9184-da720b7e6c0d,Visa,Credit,8167,Purchase,11424.47,ZAR,1.0,11424.47,Dischem,5812,Eating Places & Restaurants,Elliestad,ZA,False,AUTH519164,Approved,False,True
68221251-e28d-431a-bac2-93b00c0883ae,2023-08-08,2023-08-08,9c7e2c81-a85b-4300-a99b-6edfbfd42cfe,2b230825-6b17-4ffe-9620-5f77ec1c9594,Mastercard,Credit,9541,Purchase,3698.34,ZAR,1.0,3698.34,Old Mutual,7011,Hotels & Motels,Bethanyberg,ZA,False,AUTH393970,Approved,False,False
59ccd1e8-4230-47ab-8450-d62c5ef90c25,2018-04-21,2018-04-23,502acaed-89ca-45fa-845d-4c5e3b6db22f,3e12b679-d262-4e5f-abb3-e50d983421e2,Visa,Debit,5789,Refund,1704.41,ZAR,1.0,1704.41,Spar,5999,Retail Stores,East Charlotte,ZA,False,AUTH330283,Approved,False,False
0b8f1dbe-bebe-4dd3-9aeb-436cbadff74e,2018-12-31,2019-01-01,df3ccd5a-2655-4b8d-ba9d-5e75326a858b,f5385827-522c-4f2a-b11f-b00e9abc58f9,Mastercard,Debit,4771,Purchase,6772.78,ZAR,1.0,6772.78,Virgin Active,5541,Service Stations,Centurion,ZA,False,AUTH830098,Approved,False,False
6e2a7243-2d57-4971-8095-247b79827d61,2022-04-29,2022-05-01,e58cee77-d20c-47d6-b192-9e0939c880b7,943b547a-caaf-4494-a2d8-c22932b3d538,Visa,Credit,6276,Contactless Payment,14510.91,ZAR,1.0,14510.91,Gym Company,5945,Hobby & Toy Shops,Gailtown,ZA,False,AUTH882628,Approved,True,True
869febbb-81f7-4594-bb29-6ce2d3a365f8,2018-06-27,2018-06-27,c69ea691-8454-4fff-a519-5f3221bb6779,d29864d0-31fd-4f9f-883a-7f503b38f90f,Mastercard,Debit,4122,Purchase,11713.96,ZAR,1.0,11713.96,Clicks,4111,Transportation,Centurion,ZA,False,AUTH699939,Approved,False,False
e0554446-613e-45c5-aef7-e46be1ae8aaa,2018-10-22,2018-10-24,3e0e2ec9-2349-4b39-8c19-6617841621a7,9a3f7ed0-8efc-4452-905c-031240e0733f,Visa,Credit,6223,Refund,4051.1,ZAR,1.0,4051.1,Debonairs,5812,Eating Places & Restaurants,Hillstad,ZA,False,AUTH525722,Approved,False,False
fa744396-1d45-4439-8a9d-6f476267dfae,2019-01-11,2019-01-12,0fe356f8-f46a-4f49-ae78-2a7ccbdd02f4,19720c0b-051e-47ea-b902-9b819c88f5ca,Visa,Credit,4375,Purchase,7746.71,ZAR,1.0,7746.71,Mr Price,4814,Telecommunications,Port Tracyfurt,ZA,False,AUTH264422,Approved,False,True
c18a7126-740b-45d2-8715-a0565e9f77d9,2023-07-13,2023-07-13,eb37afca-78cc-4a2b-a2f5-dbebff5ac57c,d29864d0-31fd-4f9f-883a-7f503b38f90f,Visa,Credit,1966,Purchase,5053.67,ZAR,1.0,5053.67,Edgars,8011,Doctors & Physicians,uMgungundlovu,ZA,False,AUTH406588,Approved,False,True
c4b8d72c-5602-4f17-bc1a-cf69370bc5a8,2021-04-05,2021-04-06,f941003f-6ee8-444d-a05b-1e24523a0b8a,489a6541-a54b-4982-ab84-00aa5d9b5247,Mastercard,Credit,8563,Purchase,4630.39,ZAR,1.0,4630.39,Steers,5541,Service Stations,Upington,ZA,False,AUTH633197,Approved,False,True
b3dc0b32-96b7-4dbb-88d9-63af15dc33ed,2019-07-10,2019-07-10,199fc55c-040a-4422-82b2-ea48bcd49d87,01137316-1352-488d-a263-adc17ec0076e,Visa,Debit,2593,Purchase,2157.55,ZAR,1.0,2157.55,Discovery Health,5812,Eating Places & Restaurants,New Angelamouth,ZA,False,AUTH875217,Approved,False,True
18e654a3-dedf-44ac-bc91-bc45b039ae0b,2020-08-29,2020-08-31,fe481b7b-4617-4cd9-8f7e-4780fbed25c9,97ddac20-2ab1-412a-aa23-deabd20e4497,Mastercard,Credit,6760,Contactless Payment,14198.11,ZAR,1.0,14198.11,Virgin Active,5661,Shoe Stores,Andersonmouth,ZA,False,AUTH917671,Approved,True,True
ff496e7f-f800-4e6f-b259-ee9de5eff58a,2017-12-15,2017-12-15,e3d96443-c719-4a01-9d3f-aa8b4640df6c,106cb973-661a-496e-a060-9e09a57efbb5,Mastercard,Credit,2595,Refund,1468.11,ZAR,1.0,1468.11,Gym Company,4111,Transportation,Kathu,ZA,False,AUTH252431,Approved,False,False
d422c402-9f78-440d-8ed7-d0ec743a6774,2016-06-18,2016-06-18,df09270a-820a-466a-bf70-721bb00f6850,f08a0cb8-0801-4ed0-bad6-d7251ed2fea2,Mastercard,Credit,2586,Online Purchase,14512.24,ZAR,1.0,14512.24,Shell SA,4814,Telecommunications,South Francis,ZA,False,AUTH933530,Approved,False,True
6604255e-85d7-4ca9-982a-9d1de0c9b12a,2016-01-15,2016-01-15,357fe0dd-b2e6-41e7-bc2b-c441b7603862,80a0e354-f0ed-4c02-8581-df6ad8d9e5b4,Mastercard,Credit,1378,Cash Advance,3984.18,ZAR,1.0,3984.18,Clicks,5311,Department Stores,Wrightmouth,ZA,False,AUTH731240,Approved,False,False
fbe48746-31dd-481f-a642-ee0464bf8f50,2018-07-29,2018-07-29,e82178cd-a4b0-4b70-a302-64ff8846651f,b2ebfe50-e47c-439c-abf6-a9f68942352d,Visa,Credit,5453,Purchase,14485.83,ZAR,1.0,14485.83,Naspers,5311,Department Stores,iKapa,ZA,False,AUTH865189,Declined,False,False
b2bf103f-7acb-4a37-8095-6b7e6c8cd1b4,2015-02-14,2015-02-16,f84582bd-160f-41e9-8e4c-01cea251f754,60e9b09c-e343-401f-9e56-3f88d8ea072a,Mastercard,Credit,4414,Purchase,3807.77,ZAR,1.0,3807.77,Pioneer Foods,5311,Department Stores,West Harry,ZA,False,AUTH279070,Approved,False,False
dbbf2548-6ecb-4105-8f82-a5980e646f29,2017-02-03,2017-02-05,526d5f06-e2c7-4c74-81bb-046cf77becf3,cfb6b46a-57ca-4813-a5e8-ca78f77e473a,Visa,Debit,1912,Contactless Payment,979.81,ZAR,1.0,979.81,Pick n Pay,7011,Hotels & Motels,Soweto,ZA,False,AUTH583230,Approved,True,False
98f8530a-f31c-4a42-8d50-b9a932252c56,2018-09-25,2018-09-27,b45ec370-5394-422e-b494-6ef0e37643c1,f72d813d-996f-430d-ae57-13eb80207635,Visa,Credit,2919,Cash Advance,1490.32,ZAR,1.0,1490.32,Spur,5541,Service Stations,Upington,ZA,False,AUTH997849,Pending,False,True
8977f8c0-57d3-483e-9f71-f875d792f038,2015-12-16,2015-12-18,86bd2850-49bb-4cbb-953c-335aef36ef5c,f5385827-522c-4f2a-b11f-b00e9abc58f9,Mastercard,Credit,7596,Purchase,1349.89,ZAR,1.0,1349.89,Engen,5661,Shoe Stores,Benoni,ZA,False,AUTH565667,Approved,False,True
4b276bb8-3205-4578-8dc1-baf59af03a53,2022-07-28,2022-07-28,2d1a95ad-70c8-4da0-9425-cbcf269d5d92,1e1c0a15-403d-4187-8c88-eabcdf85a18b,Visa,Debit,2181,Refund,3833.3,ZAR,1.0,3833.3,Clicks,7011,Hotels & Motels,Benoni,ZA,False,AUTH156244,Approved,False,True
c0e5cb48-d19e-4550-af10-31b894347bb2,2023-08-25,2023-08-26,be62e15c-7c23-42b8-ba55-8524277e4c10,50f6d663-1915-47b1-87fd-38c31e37a363,Mastercard,Credit,5768,Online Purchase,5964.2,ZAR,1.0,5964.2,Checkers,4814,Telecommunications,Bloemfontein,ZA,False,AUTH759212,Approved,False,False
0f3538b1-d03c-42b4-889e-bc2cc8ab626b,2022-08-03,2022-08-04,ba8016de-86c1-4920-88db-bee7d0cd9b87,a97c8ade-97f8-47e0-8d05-75fbfdef84b4,Visa,Debit,2549,Refund,1058.22,ZAR,1.0,1058.22,Debonairs,5734,Electronics Stores,Chatsworth,ZA,False,AUTH867400,Declined,False,True
10dd13de-0611-40fb-a4a6-7d3deac0389e,2020-12-23,2020-12-25,f204a453-cbb5-46ea-83bd-0d60fa26cc40,9a189484-cd9f-435c-b424-c12d0a715eb2,Mastercard,Debit,8121,Online Purchase,10691.76,ZAR,1.0,10691.76,Checkers,4814,Telecommunications,Brownfurt,ZA,False,AUTH962876,Approved,False,False
562c1909-32d6-4b56-a865-77086b3b0749,2015-10-08,2015-10-09,eb488e77-92b6-4933-ba76-67a314f849d7,d008e9b4-a86d-491e-bb43-dcf5c491c1cc,Mastercard,Debit,1115,Refund,1049.16,ZAR,1.0,1049.16,McDonald's SA,5734,Electronics Stores,Kathu,ZA,False,AUTH236156,Approved,False,True
038aa6ca-e053-4956-bf3a-abd493224ec6,2023-06-01,2023-06-02,23daee00-7b68-4552-84d5-fde347167f98,1bf46838-92d1-4b07-adc1-26f9bc1a6bdd,Mastercard,Credit,7653,Contactless Payment,13163.43,ZAR,1.0,13163.43,Clicks,4816,Online Services,Lake Paul,ZA,False,AUTH444215,Pending,True,True
2a794df7-e3a1-49d2-bf3b-cee07f199746,2021-11-18,2021-11-20,2f40bed9-acd6-44b5-b602-97d39a9dc3a7,01137316-1352-488d-a263-adc17ec0076e,Visa,Credit,5649,Refund,5484.0,ZAR,1.0,5484.0,Cell C,5541,Service Stations,Abbieberg,ZA,False,AUTH523990,Approved,False,True
957e245c-9bd2-4d05-ab54-e4498b6541b6,2019-07-12,2019-07-14,52a4cc24-f574-4f97-8a7f-81182feb1bca,69a41e41-6acb-4658-847d-8f0ff4992a00,Visa,Debit,9951,Online Purchase,4238.12,ZAR,1.0,4238.12,MTN,5541,Service Stations,Vanderbijlpark,ZA,False,AUTH787439,Approved,False,True
908e60be-8667-4a8a-b85f-5923e6eec0e2,2015-04-26,2015-04-28,cdaec3c8-a553-4168-8956-d80c9a9098b4,0ec62bd1-42db-4ffd-b12d-f1738b4fdec9,Mastercard,Debit,6451,Purchase,3173.74,ZAR,1.0,3173.74,Bidvest,5912,Drug Stores & Pharmacies,Bradleyport,ZA,False,AUTH101943,Approved,False,True
2cd45167-33b1-409f-89d7-9dc803f816e7,2017-06-26,2017-06-26,3c8fb798-c3b6-409f-9971-2b15000eae45,96a0dd93-d9ee-4528-9173-61228081da8c,Mastercard,Debit,4772,International Purchase,18354.85,EUR,20.4051,374532.55,Edgars,5912,Drug Stores & Pharmacies,Centurion,HN,True,AUTH337896,Reversed,False,True
62f6a1f1-faf3-4a83-9ddd-912b61170bf1,2017-09-08,2017-09-08,f22f270a-6581-4dfc-99bf-ccafa6313f55,d2a252aa-3d52-420a-b18f-5c134e1fa217,Mastercard,Debit,3819,Purchase,11019.09,ZAR,1.0,11019.09,Gym Company,5945,Hobby & Toy Shops,North Margaretview,ZA,False,AUTH971826,Approved,False,False
e021c4bb-c03a-48fc-bdc7-b843bf917a7c,2023-06-14,2023-06-15,51c3d72e-845a-4bd4-976b-1c3857a20752,c3d68512-ee39-41cc-9791-0586599d9721,Mastercard,Credit,9399,Contactless Payment,329.16,ZAR,1.0,329.16,Bidvest,5661,Shoe Stores,Gerardside,ZA,False,AUTH265819,Approved,True,True
919d0311-6d14-4646-9989-a79b4c8c800c,2018-03-24,2018-03-25,ea0a8fdf-9c34-4cf9-a946-ba796d693257,5f91b043-7d72-40ec-8c92-c61cb0c1833c,Visa,Credit,4924,Online Purchase,2578.79,ZAR,1.0,2578.79,Pioneer Foods,5621,Women's Clothing Stores,Duncanville,ZA,False,AUTH902660,Approved,False,False
ac6ab0a5-33c9-4ff4-9016-444ec8990253,2017-02-06,2017-02-07,78a218ef-f8f6-496f-903b-dfa91c2ba2f4,5f07ee40-578a-4751-985d-4e36af164992,Visa,Debit,3283,Purchase,1341.92,ZAR,1.0,1341.92,Edgars,4111,Transportation,Chatsworth,ZA,False,AUTH560640,Approved,False,True
94d647ec-bed1-4ab5-a16c-a47585031f12,2020-02-08,2020-02-10,2e9fadba-1c18-4053-b20a-30f32b47e2c1,5695af93-72f8-45b0-8581-09cf6b0fd54d,Mastercard,Credit,5373,Purchase,13846.33,ZAR,1.0,13846.33,Eskom,5661,Shoe Stores,Witbank,ZA,False,AUTH273644,Approved,False,True
3b9ca025-5db9-4f4b-b4fd-5c098c483215,2018-09-06,2018-09-08,1d81fca0-874b-4f42-a1f4-160fec4a5baf,0da3aca3-eeff-48be-9870-f0b2cd2d53c6,Mastercard,Debit,7015,Purchase,2138.86,ZAR,1.0,2138.86,BP SA,5999,Retail Stores,New Thomas,ZA,False,AUTH418607,Approved,False,False
0563ce8f-1539-4d0b-8a5f-a5ee5d4edd8a,2020-10-20,2020-10-21,86bd2850-49bb-4cbb-953c-335aef36ef5c,f5385827-522c-4f2a-b11f-b00e9abc58f9,Visa,Credit,9289,International Purchase,23853.37,EUR,19.0096,453443.02,Spar,5912,Drug Stores & Pharmacies,South Victoria,CO,True,AUTH768485,Pending,False,True
8b24a533-0c8f-4896-aeb4-bdbf8b8728cd,2020-11-13,2020-11-14,3e1f00b0-580e-4765-9b00-8aa4a93425e3,3e12b679-d262-4e5f-abb3-e50d983421e2,Mastercard,Debit,3913,Chargeback,2323.22,ZAR,1.0,2323.22,Vodacom,5912,Drug Stores & Pharmacies,Robertfort,ZA,False,AUTH568729,Approved,False,True
89813466-d179-432e-9558-23c5d0565eb8,2023-09-21,2023-09-23,39b67ad5-984f-44bb-8a1c-acf71a1980b7,f8d83d78-b82a-4c81-b612-0515b0350694,Mastercard,Debit,1581,International Purchase,33316.29,ZAR,1.0,33316.29,Total SA,5661,Shoe Stores,Dunntown,BB,True,AUTH733674,Approved,False,False
144effef-328f-4c11-9c52-6c01c3a57964,2020-01-24,2020-01-25,21c82d2b-0e15-4d2b-a5fb-0decff95e559,0da3aca3-eeff-48be-9870-f0b2cd2d53c6,Visa,Credit,5159,Contactless Payment,2071.34,ZAR,1.0,2071.34,Vodacom,5999,Retail Stores,Rustenburg,ZA,False,AUTH309061,Approved,True,True
a8664bec-6034-4078-894b-722fff8f243a,2018-11-14,2018-11-16,c9b07011-12b8-43f6-9ef8-d9b8b4500878,f08a0cb8-0801-4ed0-bad6-d7251ed2fea2,Visa,Credit,2173,Refund,9678.43,ZAR,1.0,9678.43,Shoprite,8011,Doctors & Physicians,uMgungundlovu,ZA,False,AUTH752135,Approved,False,True
e85deb78-229e-4199-9a48-d159953d834c,2019-05-06,2019-05-07,479a04c4-00d2-4b82-a752-6d70cadc6f32,0ebc03c1-6701-445a-b1f1-b2a9bda64229,Mastercard,Credit,2893,Purchase,14335.2,ZAR,1.0,14335.2,Amazon SA,5945,Hobby & Toy Shops,North Brendamouth,ZA,False,AUTH658548,Declined,False,False
265f493f-6ac3-4ed7-930a-93dbbd4b4b62,2022-03-05,2022-03-06,eb488e77-92b6-4933-ba76-67a314f849d7,d008e9b4-a86d-491e-bb43-dcf5c491c1cc,Mastercard,Credit,6803,Contactless Payment,12306.82,ZAR,1.0,12306.82,Caltex SA,5812,Eating Places & Restaurants,Prestonshire,ZA,False,AUTH762150,Approved,True,False
092540c5-5538-44ad-ad88-5792d2182026,2024-01-23,2024-01-25,78a218ef-f8f6-496f-903b-dfa91c2ba2f4,5f07ee40-578a-4751-985d-4e36af164992,Visa,Debit,2825,Chargeback,3953.31,ZAR,1.0,3953.31,Rain,4111,Transportation,Kathu,ZA,False,AUTH258164,Approved,False,True
236b48f8-b504-4e2b-8c3b-4ab727666bf2,2017-10-21,2017-10-21,df09270a-820a-466a-bf70-721bb00f6850,f08a0cb8-0801-4ed0-bad6-d7251ed2fea2,Mastercard,Credit,6413,Purchase,2960.08,ZAR,1.0,2960.08,Spur,8011,Doctors & Physicians,New Jean,ZA,False,AUTH466745,Approved,False,True
da4c5370-603e-4ae9-aab9-02d23108d74d,2017-02-08,2017-02-08,ad695409-e052-4bb8-83f8-6400e38a55f4,0197d7ef-b2fb-457c-9bdd-b76dc3b0d59e,Visa,Debit,9422,Purchase,7812.29,ZAR,1.0,7812.29,Old Mutual,4111,Transportation,Chatsworth,ZA,False,AUTH877437,Reversed,False,True
cc565846-e30a-4b78-bf60-ab30e60a6e86,2018-10-23,2018-10-23,f204a453-cbb5-46ea-83bd-0d60fa26cc40,9a189484-cd9f-435c-b424-c12d0a715eb2,Visa,Credit,6649,International Purchase,2925.65,USD,19.4606,56934.9,Cell C,5734,Electronics Stores,Kathu,NE,True,AUTH405993,Approved,False,True
6f7a0d56-2150-433e-950f-998ee1aa1a29,2015-09-25,2015-09-25,2da72a17-96ff-44bc-a3e0-bb5ff6d8ba48,04d8ed45-f4c5-422c-9678-d8c8ce690ee3,Mastercard,Debit,6616,Cash Advance,1568.54,ZAR,1.0,1568.54,Bidvest,5734,Electronics Stores,Krugersdorp,ZA,False,AUTH768319,Approved,False,False
28070b7b-8c93-470c-a1a4-322f7f8fea3a,2015-09-22,2015-09-23,61097e07-f0be-4f4c-955c-a08d7dbfaed8,fe1a8c18-0675-4320-8f1e-042b27d85a51,Visa,Debit,9228,Contactless Payment,7167.14,ZAR,1.0,7167.14,Shoprite,8011,Doctors & Physicians,Cliffordville,ZA,False,AUTH962770,Approved,True,True
a8c93195-faf8-4b35-993c-e9b543f9b2ca,2020-02-08,2020-02-08,5fc063d7-d3fd-420f-b12b-06dd7e5d0a2e,30c2e83a-3ad0-4c9e-8a9d-2ec15dd897f2,Visa,Debit,3429,Cash Advance,2205.81,ZAR,1.0,2205.81,Takealot,5812,Eating Places & Restaurants,East Gordonburgh,ZA,False,AUTH840530,Approved,False,True
065dcf4a-854d-4902-94ea-9fb1be315800,2024-03-28,2024-03-30,9c7e2c81-a85b-4300-a99b-6edfbfd42cfe,2b230825-6b17-4ffe-9620-5f77ec1c9594,Mastercard,Credit,4175,Refund,2635.73,ZAR,1.0,2635.73,Eskom,5945,Hobby & Toy Shops,eGoli,ZA,False,AUTH500605,Approved,False,True
5d85fda0-ecfc-446d-9065-1461d04e0660,2024-07-06,2024-07-08,0fe356f8-f46a-4f49-ae78-2a7ccbdd02f4,19720c0b-051e-47ea-b902-9b819c88f5ca,Mastercard,Credit,9078,Purchase,1097.44,ZAR,1.0,1097.44,Amazon SA,5999,Retail Stores,Polokwane,ZA,False,AUTH776552,Approved,False,True
c3897335-9434-4de1-ab00-91f86bbc2ca7,2023-06-04,2023-06-04,5c81b1bd-9dfe-4a26-903c-066c5f50e929,67c9be79-bce5-4b32-a44d-98517a2477e3,Visa,Credit,7127,Refund,7062.59,ZAR,1.0,7062.59,Virgin Active,5411,Grocery Stores,Newcastle,ZA,False,AUTH808222,Reversed,False,True
999e1daf-b0d3-4bf4-b241-2341376fc9ac,2017-01-01,2017-01-02,75d167cd-b2a3-4603-b9e8-90f9e4e7dae4,445d1261-31b5-4737-96e9-9f67918894a2,Visa,Debit,9550,Refund,7395.43,ZAR,1.0,7395.43,Pick n Pay,4816,Online Services,Declanland,ZA,False,AUTH375886,Approved,False,True
ae753e64-208b-4ff8-9228-21c004b56b4b,2020-01-24,2020-01-25,5eaeb8fb-8d85-485e-8945-0f308bb3f76a,c77092ad-e107-4373-89eb-0a50e994a500,Mastercard,Debit,3219,Contactless Payment,5693.37,ZAR,1.0,5693.37,Engen,5812,Eating Places & Restaurants,Bloemfontein,ZA,False,AUTH889628,Pending,True,True
efa3e434-e6c9-4369-bfd9-68b48255d4ec,2024-02-01,2024-02-02,23daee00-7b68-4552-84d5-fde347167f98,1bf46838-92d1-4b07-adc1-26f9bc1a6bdd,Mastercard,Credit,6351,Purchase,4168.85,ZAR,1.0,4168.85,Planet Fitness,4111,Transportation,Polokwane,ZA,False,AUTH558944,Approved,False,True
cf6bdfdf-cc9b-4f37-9f42-52900e49013e,2022-04-15,2022-04-17,c69ea691-8454-4fff-a519-5f3221bb6779,d29864d0-31fd-4f9f-883a-7f503b38f90f,Mastercard,Credit,4434,International Purchase,6496.52,ZAR,1.0,6496.52,Total SA,5945,Hobby & Toy Shops,Joelstad,BJ,True,AUTH249317,Reversed,False,True
3299d0e6-6648-4a6e-8613-d5ddde729fcd,2016-11-29,2016-11-30,2f40bed9-acd6-44b5-b602-97d39a9dc3a7,01137316-1352-488d-a263-adc17ec0076e,Visa,Debit,6022,Refund,773.13,ZAR,1.0,773.13,Debonairs,5411,Grocery Stores,Melaniefort,ZA,False,AUTH352218,Approved,False,True
ae8594bc-4a24-45a0-9f49-098cdb60f36f,2024-06-23,2024-06-23,b3dbbf39-5550-42f3-b00d-7a5655610449,796496b2-fedc-473f-b0ad-08543529cc77,Mastercard,Credit,2478,Purchase,752.87,ZAR,1.0,752.87,Truworths,5541,Service Stations,iKapa,ZA,False,AUTH160280,Approved,False,True
fa3af8c9-4c8c-4803-8a2a-ebe9f4e8c844,2015-05-18,2015-05-20,218bfaab-5190-4c94-bce0-c4b85f27e67c,2f418199-1049-4389-83b4-2ea755610f9d,Visa,Debit,4275,Purchase,13542.47,ZAR,1.0,13542.47,Cell C,8011,Doctors & Physicians,Allanmouth,ZA,False,AUTH511953,Declined,False,False
afc005ac-54a8-4657-bbce-6cb0c0a147da,2023-11-01,2023-11-01,1548c47b-bc81-4e5f-b221-ff7b6c016b8b,87805b14-50da-45b2-b8d0-37963f00a73b,Mastercard,Debit,2345,International Purchase,16906.23,ZAR,1.0,16906.23,Spur,5999,Retail Stores,Port Nigelstad,NA,True,AUTH268174,Approved,False,True
f0ea1bce-9c4d-491a-b215-7c5b45d05af1,2015-12-23,2015-12-24,f10b0f9b-017d-4bf4-af61-4f3447a68ab9,91c9be29-eee1-4cde-a664-efe7e53212d5,Visa,Credit,5668,Purchase,1826.88,ZAR,1.0,1826.88,Discovery Health,5541,Service Stations,Martynburgh,ZA,False,AUTH792399,Approved,False,False
ebe93564-627d-47f1-b984-d2e8a82b1d56,2019-04-07,2019-04-07,dd9decd1-caf1-447c-9928-6851d0aa1ed0,dadbdb7a-ad83-4e90-9356-19f735b66d27,Mastercard,Credit,2739,Purchase,7689.52,ZAR,1.0,7689.52,Truworths,8011,Doctors & Physicians,George,ZA,False,AUTH551130,Approved,False,True
928b97f8-76a2-4f37-b883-4d81bfcc6d18,2015-03-17,2015-03-19,d2e5e758-c7b6-47a8-8e69-495162641831,a19093bd-f153-4dbc-bcd8-fb5ad1a36321,Mastercard,Credit,5531,Purchase,9407.97,ZAR,1.0,9407.97,Mr Price,4111,Transportation,Thohoyandou,ZA,False,AUTH646906,Reversed,False,False
f33ab03a-3020-47dd-b468-79fd3c217226,2017-09-15,2017-09-16,bae7ce90-799f-4870-afe8-84b00be4553d,d7867a56-0757-4fd2-a165-ce93bae23f55,Mastercard,Debit,9724,Purchase,8047.39,ZAR,1.0,8047.39,H&M SA,5912,Drug Stores & Pharmacies,Joannaborough,ZA,False,AUTH820170,Approved,False,True
231f1ea8-2cd1-4b48-9876-b6de9843da9f,2023-12-20,2023-12-20,997d4533-20ea-4718-aacf-97d0a3287dc8,d7243b67-f245-405d-aa9e-5320dfd3fe49,Mastercard,Credit,2334,Purchase,13658.72,ZAR,1.0,13658.72,Naspers,4816,Online Services,Kathu,ZA,False,AUTH112632,Approved,False,True
fe9c4eaf-cf75-4e18-9916-e8fc8d37d35f,2021-09-06,2021-09-06,fce6c593-c13e-4a92-bea7-d82654dbd4a8,dcfecbca-5653-435d-87a6-aafd3d6ffb52,Visa,Debit,6742,Contactless Payment,9210.15,ZAR,1.0,9210.15,Planet Fitness,5734,Electronics Stores,Sandersbury,ZA,False,AUTH492546,Approved,True,False
9502a648-dab2-4337-ad11-0435fa181f40,2020-04-05,2020-04-06,b1a269fe-8526-4bbe-b46a-d7134620a6e3,c978e671-abb7-4632-8b23-ab955c9acf81,Mastercard,Debit,6354,Purchase,3830.33,ZAR,1.0,3830.33,Spar,5999,Retail Stores,Thohoyandou,ZA,False,AUTH998794,Approved,False,False
82b8a5bf-5059-45ff-96f0-abfe0808c3c3,2016-01-28,2016-01-28,920f40d1-f7a7-466f-aa09-4666c67e8967,91c9be29-eee1-4cde-a664-efe7e53212d5,Visa,Credit,2474,Online Purchase,6587.33,ZAR,1.0,6587.33,Pick n Pay,5541,Service Stations,iKapa,ZA,False,AUTH609724,Approved,False,True
2c0e6f4b-50b1-4894-8be7-254bec742246,2017-07-11,2017-07-12,cbb0b5b8-4767-4e6c-9616-a09c3be594a3,f1223908-ced9-4191-98a2-7223e90fc330,Mastercard,Credit,8448,Chargeback,7403.72,ZAR,1.0,7403.72,Edgars,5812,Eating Places & Restaurants,Boksburg,ZA,False,AUTH931770,Approved,False,False
3d8e292d-35d8-489b-b795-609973b3bb58,2018-05-16,2018-05-16,23daee00-7b68-4552-84d5-fde347167f98,1bf46838-92d1-4b07-adc1-26f9bc1a6bdd,Mastercard,Debit,2393,Contactless Payment,1964.14,ZAR,1.0,1964.14,Discovery Health,7011,Hotels & Motels,East Aaron,ZA,False,AUTH408049,Approved,True,True
80e178b1-ac07-4343-a577-ebf03439acd2,2021-12-23,2021-12-23,82fa8ab9-24e2-490b-bacc-e9c122ee0ff1,02523414-87f6-4817-8cf2-297f40600402,Mastercard,Credit,3385,Purchase,6571.84,ZAR,1.0,6571.84,Naspers,5661,Shoe Stores,Tuckerside,ZA,False,AUTH993539,Approved,False,True
f4a3deb1-2d54-4004-89a2-ff608953d236,2016-02-23,2016-02-24,e1fd2535-42c6-463e-84ac-3d2fa55c1357,ba5dd48f-c112-4397-bc7a-8933ff5b11dc,Mastercard,Debit,4554,Chargeback,3701.84,ZAR,1.0,3701.84,Caltex SA,5311,Department Stores,New Ashleighmouth,ZA,False,AUTH313193,Approved,False,True
db0c298f-6a0b-4e18-a420-8c92b6370bda,2023-06-21,2023-06-23,e3521f74-2679-412c-bb47-a397bc1e1d54,239ae69f-6fe0-4b40-91cf-cea7b0f8cec4,Mastercard,Debit,8061,Contactless Payment,13032.32,ZAR,1.0,13032.32,Virgin Active,8011,Doctors & Physicians,Klerksdorp,ZA,False,AUTH535487,Approved,True,False
392fbeb8-01b5-41bb-a75e-285d219e18fa,2017-01-14,2017-01-15,f51fab0c-b6f1-4627-96eb-f77a8e93c249,9a9d31d4-f9f8-4cf1-9cd8-0ab438e86ec7,Mastercard,Credit,2424,Purchase,9436.98,ZAR,1.0,9436.98,Pick n Pay,4111,Transportation,Kathu,ZA,False,AUTH573266,Approved,False,True
72b10d13-571f-4507-942f-c087a30de45d,2017-11-17,2017-11-19,7867629d-04e0-4401-8c0b-ad6a57d69ac8,9a3f7ed0-8efc-4452-905c-031240e0733f,Visa,Debit,2743,Purchase,11665.54,ZAR,1.0,11665.54,MTN,5621,Women's Clothing Stores,Johnfort,ZA,False,AUTH601418,Declined,False,True
97a3dd85-97a9-4960-bf86-826b99805e9f,2020-04-03,2020-04-04,b1a269fe-8526-4bbe-b46a-d7134620a6e3,c978e671-abb7-4632-8b23-ab955c9acf81,Mastercard,Debit,6243,International Purchase,5348.72,EUR,20.6984,110709.95,Old Mutual,5945,Hobby & Toy Shops,Kimberley,BN,True,AUTH992595,Approved,False,True
aa80946f-cdb6-48e6-91d4-e6102b698652,2022-10-19,2022-10-19,7867629d-04e0-4401-8c0b-ad6a57d69ac8,9a3f7ed0-8efc-4452-905c-031240e0733f,Mastercard,Credit,3842,Online Purchase,6040.4,ZAR,1.0,6040.4,Dischem,5661,Shoe Stores,Mahikeng,ZA,False,AUTH707537,Approved,False,True
036d2055-1d9d-4c8c-a3b4-65bd0fde0bbb,2018-02-01,2018-02-02,b45ec370-5394-422e-b494-6ef0e37643c1,f72d813d-996f-430d-ae57-13eb80207635,Visa,Debit,2418,Contactless Payment,6037.39,ZAR,1.0,6037.39,Virgin Active,5621,Women's Clothing Stores,Kimberley,ZA,False,AUTH893672,Declined,True,True
20cbaefe-7e31-4e69-abfa-0e82e4e33457,2024-03-11,2024-03-12,4e1bb47c-33e0-4919-8fbe-e23eea0e3802,19c5ba73-e18f-49a2-a104-e01ab37e74f4,Mastercard,Debit,8581,Purchase,13362.18,ZAR,1.0,13362.18,Shoprite,5411,Grocery Stores,Bloemfontein,ZA,False,AUTH141526,Declined,False,True
3e28fc22-42ab-40a9-bf79-3f60e7d2a15b,2016-09-19,2016-09-20,ec4f5235-c485-47ab-9100-a624cb729e72,fd250f7b-e79e-409d-82f0-7d0f61426f0b,Mastercard,Debit,9295,Purchase,4205.66,ZAR,1.0,4205.66,Pick n Pay,5999,Retail Stores,Port Maxshire,ZA,False,AUTH477327,Approved,False,False
089d997d-bb21-4635-b6f5-bfa3f6a99b44,2022-01-24,2022-01-25,d2e5e758-c7b6-47a8-8e69-495162641831,a19093bd-f153-4dbc-bcd8-fb5ad1a36321,Mastercard,Credit,6202,Refund,9982.18,ZAR,1.0,9982.18,Pioneer Foods,5999,Retail Stores,Paarl,ZA,False,AUTH929881,Pending,False,True
fd56cf56-4b98-4719-b8e3-f2aeb1d41531,2020-10-11,2020-10-12,5461ca2f-1892-4371-b2a2-7c455e990452,1bf46838-92d1-4b07-adc1-26f9bc1a6bdd,Mastercard,Credit,3736,Purchase,4371.7,ZAR,1.0,4371.7,Vodacom,4111,Transportation,New Timothy,ZA,False,AUTH803731,Approved,False,True
bbf4f408-4c5d-4bd3-844d-e350fd251420,2015-10-25,2015-10-27,cbb0b5b8-4767-4e6c-9616-a09c3be594a3,f1223908-ced9-4191-98a2-7223e90fc330,Visa,Credit,1519,Purchase,5155.15,ZAR,1.0,5155.15,H&M SA,5311,Department Stores,Brandonville,ZA,False,AUTH343826,Approved,False,True
2c490937-18c8-4976-9581-7ac70739e860,2019-10-19,2019-10-19,82fa8ab9-24e2-490b-bacc-e9c122ee0ff1,02523414-87f6-4817-8cf2-297f40600402,Mastercard,Credit,7038,Online Purchase,12407.04,ZAR,1.0,12407.04,Clicks,4111,Transportation,Tembisa,ZA,False,AUTH566147,Approved,False,False
4131b914-eee0-481c-b533-e2382670b132,2018-03-07,2018-03-08,2d269844-d32d-48d0-acbd-011f5e84612a,696dd856-e6af-4dd3-9595-cc197764d7c1,Visa,Credit,7959,Contactless Payment,12805.52,ZAR,1.0,12805.52,Steers,5311,Department Stores,West Graceburgh,ZA,False,AUTH949566,Declined,True,True
2414611f-0685-4f43-a331-971a30e3462a,2021-08-09,2021-08-10,0fe356f8-f46a-4f49-ae78-2a7ccbdd02f4,19720c0b-051e-47ea-b902-9b819c88f5ca,Visa,Credit,5873,Contactless Payment,7344.91,ZAR,1.0,7344.91,Telkom,5734,Electronics Stores,Boksburg,ZA,False,AUTH171690,Approved,True,True
ba13e687-1e72-4ea7-995d-b95bd487b6d6,2018-11-04,2018-11-06,86bd2850-49bb-4cbb-953c-335aef36ef5c,f5385827-522c-4f2a-b11f-b00e9abc58f9,Mastercard,Debit,4043,Purchase,2512.43,ZAR,1.0,2512.43,Spur,5945,Hobby & Toy Shops,Bethanville,ZA,False,AUTH170720,Approved,False,True
d83c6cf1-3690-4b89-8b74-332c33f12017,2016-04-06,2016-04-08,fce6c593-c13e-4a92-bea7-d82654dbd4a8,dcfecbca-5653-435d-87a6-aafd3d6ffb52,Mastercard,Credit,7127,Contactless Payment,3439.3,ZAR,1.0,3439.3,City Power,4816,Online Services,West Chelsea,ZA,False,AUTH138982,Approved,True,False
1a0a16d7-9526-407d-8d2d-40b4883bbe1b,2021-04-20,2021-04-21,e58cee77-d20c-47d6-b192-9e0939c880b7,943b547a-caaf-4494-a2d8-c22932b3d538,Visa,Credit,2696,Purchase,1502.14,ZAR,1.0,1502.14,Takealot,5541,Service Stations,New Victoria,ZA,False,AUTH369638,Approved,False,True
3bff8a1c-9291-4719-97c9-abfaff8e12d0,2019-08-25,2019-08-26,35546f62-b8a6-4c44-8732-216de4b3c1b0,5136d8b2-a93b-41aa-92f7-db3139d0a2d3,Visa,Debit,1284,Purchase,10107.88,ZAR,1.0,10107.88,Debonairs,5411,Grocery Stores,Kimberley,ZA,False,AUTH649299,Approved,False,True
ec319690-79d7-49fe-97c1-cb1ac66dab8d,2018-07-02,2018-07-02,562742d0-bd33-4cc0-9193-454a4a62c33c,c39e3656-040a-45bc-a4f4-b3d763b675a8,Visa,Credit,3653,Cash Advance,2662.29,ZAR,1.0,2662.29,Shoprite,5661,Shoe Stores,New Janicebury,ZA,False,AUTH629801,Approved,False,True
33374a24-be2c-46cf-927d-e48479031775,2017-11-26,2017-11-28,82fa8ab9-24e2-490b-bacc-e9c122ee0ff1,02523414-87f6-4817-8cf2-297f40600402,Mastercard,Debit,7603,Contactless Payment,9089.81,ZAR,1.0,9089.81,City Power,5411,Grocery Stores,Springs,ZA,False,AUTH390079,Approved,True,False
f36f0321-5041-4e02-8fd6-c204de595001,2015-10-20,2015-10-20,75d167cd-b2a3-4603-b9e8-90f9e4e7dae4,445d1261-31b5-4737-96e9-9f67918894a2,Mastercard,Debit,5841,Purchase,8464.04,ZAR,1.0,8464.04,McDonald's SA,5734,Electronics Stores,Smithchester,ZA,False,AUTH144326,Pending,False,True
ec705614-e5ad-4a38-9ced-03dc63070943,2016-03-31,2016-04-02,6b72653b-95f5-4f30-a1a9-590a82e01634,b4b59e19-8f45-47b7-a9df-b6f96235253a,Visa,Debit,5993,Purchase,14133.58,ZAR,1.0,14133.58,Amazon SA,5311,Department Stores,Thompsonview,ZA,False,AUTH764809,Approved,False,False
98808869-42ff-4c79-abdb-3e549c57b795,2018-01-30,2018-02-01,2bf8d2fa-f5b6-450f-8a17-636f3764609f,3acebc57-2f2f-4565-9336-7b9605009e45,Mastercard,Debit,8534,Purchase,5514.28,ZAR,1.0,5514.28,Foschini,5999,Retail Stores,Lake Stewart,ZA,False,AUTH327841,Declined,False,True
bd32e6d7-4a1f-48b8-801b-3aa15869a43e,2019-05-25,2019-05-27,6bdf7092-bcb0-4eb2-8aab-d75d40b7e1d7,a5b3d0e7-1c37-41b2-8e9b-c9b78f83cb2d,Visa,Debit,7582,Online Purchase,6540.38,ZAR,1.0,6540.38,Spar,5912,Drug Stores & Pharmacies,Springs,ZA,False,AUTH384673,Approved,False,True
0370f2e9-0fad-4bde-8d8a-05abbbed81c0,2021-11-01,2021-11-03,5a870365-af3d-4a7e-8930-be9fb8b3306c,52c43632-653a-46c0-a7af-cb4c3a1026a2,Mastercard,Credit,5173,International Purchase,44907.84,ZAR,1.0,44907.84,Old Mutual,4814,Telecommunications,O'Brienfurt,PY,True,AUTH650009,Approved,False,True
facbb301-9ace-4b20-bd8d-96f5e77bcd3f,2016-02-07,2016-02-08,7867629d-04e0-4401-8c0b-ad6a57d69ac8,9a3f7ed0-8efc-4452-905c-031240e0733f,Visa,Debit,8373,Refund,3911.7,ZAR,1.0,3911.7,Bidvest,5912,Drug Stores & Pharmacies,George,ZA,False,AUTH850310,Approved,False,True
eb093acc-94a6-4f44-a9ef-4ea01769cbc9,2021-03-07,2021-03-09,4c821eef-220b-4049-905b-2db203a164d4,99bb606a-d40c-4df5-9890-d18086d5f335,Visa,Debit,7836,Purchase,10949.55,ZAR,1.0,10949.55,Caltex SA,4816,Online Services,New Sian,ZA,False,AUTH351437,Approved,False,True
80bd37f4-df61-4234-a2c9-a2385f9932c9,2015-11-30,2015-12-02,db617c72-425e-437c-a34a-66b127cb489e,aa0cf632-0446-46d5-9ce0-006948caa2ce,Visa,Debit,1566,Purchase,13769.87,ZAR,1.0,13769.87,Woolworths,5661,Shoe Stores,Kathu,ZA,False,AUTH195788,Approved,False,True
09d8a7cb-2e1e-4c45-85b9-fbd2d10f98dd,2021-06-27,2021-06-29,5461ca2f-1892-4371-b2a2-7c455e990452,1bf46838-92d1-4b07-adc1-26f9bc1a6bdd,Mastercard,Debit,6048,Online Purchase,787.78,ZAR,1.0,787.78,Superbalist,5734,Electronics Stores,Uitenhage,ZA,False,AUTH227461,Declined,False,True
886275f4-0eff-4cf5-a0a5-29096b93f3d1,2020-05-06,2020-05-08,135f4e0f-cb3f-4295-8974-d59248f94e56,eaf88bf2-93bd-40fc-bc6a-c6a64d63c873,Visa,Credit,3349,Purchase,2675.99,ZAR,1.0,2675.99,Momentum,4816,Online Services,Kimberley,ZA,False,AUTH316529,Approved,False,False
66618146-2569-4b02-8843-4c053e6285f1,2016-11-06,2016-11-06,07c7e1bc-65dc-48ff-ab9a-3dce36774fc6,8931f44e-bcba-4267-9d91-cf99c1259d56,Mastercard,Debit,7077,Purchase,3836.14,ZAR,1.0,3836.14,Gym Company,5912,Drug Stores & Pharmacies,Jacksonchester,ZA,False,AUTH787127,Approved,False,True
8f582269-1546-45b4-bb4b-074c9d83b9d9,2016-08-16,2016-08-17,3882ede9-0650-4117-b505-04f03140d409,3d67fcbd-6beb-4aed-b77d-5e1e53dd0cb2,Mastercard,Credit,6084,Purchase,12060.76,ZAR,1.0,12060.76,Checkers,8011,Doctors & Physicians,iKapa,ZA,False,AUTH520495,Approved,False,False
b8eef740-ea1b-4f99-8439-f1d100816d5f,2021-12-08,2021-12-10,218bfaab-5190-4c94-bce0-c4b85f27e67c,2f418199-1049-4389-83b4-2ea755610f9d,Visa,Credit,8238,Purchase,10845.76,ZAR,1.0,10845.76,Bidvest,7011,Hotels & Motels,New Garychester,ZA,False,AUTH681526,Approved,False,True
d6fe120a-e8be-412a-9855-bd2cfd33e5c2,2024-09-05,2024-09-05,c20e3e17-658f-42db-8bed-0130fef2c901,f560a11f-0a60-4875-a976-a07c45530d17,Mastercard,Credit,8133,Purchase,8303.3,ZAR,1.0,8303.3,MTN,4111,Transportation,Wilsonchester,ZA,False,AUTH906154,Declined,False,True
efbb1942-e4c9-486a-9137-d4d5ac9be89a,2015-06-09,2015-06-09,df3ccd5a-2655-4b8d-ba9d-5e75326a858b,f5385827-522c-4f2a-b11f-b00e9abc58f9,Mastercard,Debit,9792,Contactless Payment,9639.28,ZAR,1.0,9639.28,Woolworths,8011,Doctors & Physicians,Rustenburg,ZA,False,AUTH806010,Approved,True,False
3e09e716-305c-4cc8-82fd-1c8a1182eac1,2017-02-22,2017-02-24,357fe0dd-b2e6-41e7-bc2b-c441b7603862,80a0e354-f0ed-4c02-8581-df6ad8d9e5b4,Visa,Credit,6857,International Purchase,49019.85,EUR,19.5035,956058.64,Netflix SA,5311,Department Stores,Garnerberg,MM,True,AUTH452550,Approved,False,True
cdbb2ab1-54e9-413d-9fe5-f955bbe5d5a3,2021-04-09,2021-04-11,63ab2f34-dcdc-4e11-932a-63aa3598f8ee,7d4231d8-3c31-40d7-b590-408208c140a4,Visa,Credit,1843,Cash Advance,484.62,ZAR,1.0,484.62,Edgars,4814,Telecommunications,North Ross,ZA,False,AUTH802919,Approved,False,True
5ce8d35e-71f8-4ad5-8ed5-c0d86ad2c88e,2018-07-22,2018-07-23,75d167cd-b2a3-4603-b9e8-90f9e4e7dae4,445d1261-31b5-4737-96e9-9f67918894a2,Visa,Debit,6366,Contactless Payment,11501.07,ZAR,1.0,11501.07,Old Mutual,5621,Women's Clothing Stores,North Marilyn,ZA,False,AUTH491854,Reversed,True,False
1b1f1fdf-f035-4c35-8ea8-87d09f9b3df6,2017-04-20,2017-04-22,5a870365-af3d-4a7e-8930-be9fb8b3306c,52c43632-653a-46c0-a7af-cb4c3a1026a2,Mastercard,Debit,8372,Purchase,7358.7,ZAR,1.0,7358.7,MTN,5999,Retail Stores,iKapa,ZA,False,AUTH729755,Declined,False,True
b50b2062-2d93-478b-8196-8e2053d811ef,2017-12-31,2018-01-01,fed69861-8ec4-4b55-b235-e1a07492e0c5,bca80148-e7b8-4cd0-9ed4-29ebc0a69045,Mastercard,Credit,2715,Purchase,186.28,ZAR,1.0,186.28,Momentum,5912,Drug Stores & Pharmacies,Bloemfontein,ZA,False,AUTH486170,Declined,False,True
49a20057-ce39-4a5e-8ba7-f68e4057b098,2018-10-30,2018-11-01,52a4cc24-f574-4f97-8a7f-81182feb1bca,69a41e41-6acb-4658-847d-8f0ff4992a00,Visa,Debit,3957,Cash Advance,436.44,ZAR,1.0,436.44,Pioneer Foods,4111,Transportation,North Carolyn,ZA,False,AUTH265674,Approved,False,False
50d4c247-072a-4616-a3f0-e1324ba266a7,2017-09-02,2017-09-04,ea0a8fdf-9c34-4cf9-a946-ba796d693257,5f91b043-7d72-40ec-8c92-c61cb0c1833c,Visa,Debit,4046,Purchase,11419.06,ZAR,1.0,11419.06,Superbalist,5661,Shoe Stores,Soweto,ZA,False,AUTH604165,Approved,False,False
d648cd6b-3162-4ed3-9f63-2bfc160ee4ec,2018-08-09,2018-08-11,336f8b76-410a-4137-bf38-e53cb171eb88,c1dc20be-75a1-4a1d-ac08-a8936903ed07,Visa,Debit,1569,Purchase,7397.94,ZAR,1.0,7397.94,Foschini,5912,Drug Stores & Pharmacies,Springs,ZA,False,AUTH980931,Approved,False,True
a502ed60-a04c-4d0d-9c45-23454d9e6010,2023-03-28,2023-03-30,b45ec370-5394-422e-b494-6ef0e37643c1,f72d813d-996f-430d-ae57-13eb80207635,Visa,Credit,1391,Contactless Payment,11985.12,ZAR,1.0,11985.12,City Power,4111,Transportation,Sasolburg,ZA,False,AUTH801061,Approved,True,True
5ac97688-3b76-4c7e-b146-4aae849dff74,2020-06-25,2020-06-26,2be9e2d8-fbb2-4b85-b60c-c3ac61dfba33,e7668c2c-8c8f-4de3-8db4-90ad16ae9b92,Mastercard,Credit,2892,Purchase,5697.28,ZAR,1.0,5697.28,Rain,7011,Hotels & Motels,Bradshawtown,ZA,False,AUTH903756,Approved,False,False
aa0531a9-8b5b-4095-bc1b-9e03369e6129,2017-10-06,2017-10-08,562742d0-bd33-4cc0-9193-454a4a62c33c,c39e3656-040a-45bc-a4f4-b3d763b675a8,Visa,Credit,7525,Purchase,4374.66,ZAR,1.0,4374.66,Mr Price,5311,Department Stores,Newcastle,ZA,False,AUTH629583,Reversed,False,True
2a74da6c-e8c1-4b0f-a472-d69948fdc7f4,2020-05-14,2020-05-16,52973e09-5cc7-4418-af22-95f871ac3698,005acb16-83f0-4423-a42f-150fbdebffc9,Mastercard,Credit,2613,International Purchase,12647.11,EUR,19.5012,246633.82,Steers,8011,Doctors & Physicians,New Francis,LS,True,AUTH561920,Approved,False,True
42573b95-acae-4507-a42c-08dad08a2aa2,2020-10-08,2020-10-09,c20e3e17-658f-42db-8bed-0130fef2c901,f560a11f-0a60-4875-a976-a07c45530d17,Mastercard,Credit,6355,Contactless Payment,9529.71,ZAR,1.0,9529.71,Vodacom,5812,Eating Places & Restaurants,Robertsburgh,ZA,False,AUTH392216,Approved,True,False
a4e962b5-fe90-48a1-b3d0-eaa86effdfb9,2017-03-22,2017-03-24,f941003f-6ee8-444d-a05b-1e24523a0b8a,489a6541-a54b-4982-ab84-00aa5d9b5247,Mastercard,Debit,6798,Contactless Payment,4467.16,ZAR,1.0,4467.16,Virgin Active,5999,Retail Stores,Randfontein,ZA,False,AUTH213902,Approved,True,True
811e0d95-a556-450d-8081-059161aa7b87,2019-04-08,2019-04-08,35546f62-b8a6-4c44-8732-216de4b3c1b0,5136d8b2-a93b-41aa-92f7-db3139d0a2d3,Visa,Debit,9431,Online Purchase,10050.56,ZAR,1.0,10050.56,Planet Fitness,5912,Drug Stores & Pharmacies,Walkerfort,ZA,False,AUTH561238,Reversed,False,True
3ab13a57-8b65-4b25-b8c0-5d1f73de6451,2021-05-30,2021-05-31,e3d96443-c719-4a01-9d3f-aa8b4640df6c,106cb973-661a-496e-a060-9e09a57efbb5,Visa,Debit,7249,Contactless Payment,13780.21,ZAR,1.0,13780.21,H&M SA,5945,Hobby & Toy Shops,West Fredericktown,ZA,False,AUTH358858,Approved,True,True
db464579-a824-402b-8af8-c956796cc46b,2016-04-17,2016-04-19,23954309-3a57-467d-a753-fdfafe6dfe53,e468483b-cf18-479d-8b10-3fc7f309a13a,Visa,Debit,2858,Online Purchase,10988.53,ZAR,1.0,10988.53,Discovery Health,5621,Women's Clothing Stores,Musina,ZA,False,AUTH996620,Declined,False,True
8feec5a5-9282-405b-b725-85c3e0d61307,2017-02-24,2017-02-25,2bb22dfa-4591-42ad-8ca2-9d8ac28410c2,28720e79-2cb0-4e43-86b0-8b3a863c5f5b,Mastercard,Debit,7056,Contactless Payment,8944.17,ZAR,1.0,8944.17,Mr Price,5812,Eating Places & Restaurants,Stellenbosch,ZA,False,AUTH854008,Approved,True,True
58e9b19a-4fcc-4089-8024-bc9028417173,2015-02-26,2015-02-27,c2920edc-dec9-4757-88c2-b79375ce9845,9ec1fa1b-150e-4929-9302-27b04c992487,Mastercard,Credit,2562,Contactless Payment,5422.82,ZAR,1.0,5422.82,Debonairs,4111,Transportation,Randfontein,ZA,False,AUTH844030,Approved,True,False
9df6b44a-f64b-4ef4-9a89-0bef458c1587,2017-11-05,2017-11-06,6bdf7092-bcb0-4eb2-8aab-d75d40b7e1d7,a5b3d0e7-1c37-41b2-8e9b-c9b78f83cb2d,Mastercard,Credit,3652,Contactless Payment,6372.93,ZAR,1.0,6372.93,Debonairs,5621,Women's Clothing Stores,Benoni,ZA,False,AUTH760965,Approved,True,True
4a00ae42-3530-4a11-b806-c47354e2f2d0,2023-06-08,2023-06-09,d2fcf2e8-ef02-4aee-bc6f-02c5ab328a79,93e49ad9-221b-44ed-8d8b-837f2221b03a,Mastercard,Credit,3063,Purchase,6317.87,ZAR,1.0,6317.87,Momentum,8011,Doctors & Physicians,Kathu,ZA,False,AUTH690424,Approved,False,True
6bd10119-0f9b-4de3-aeff-2a052eea9422,2021-06-06,2021-06-06,6bdf7092-bcb0-4eb2-8aab-d75d40b7e1d7,a5b3d0e7-1c37-41b2-8e9b-c9b78f83cb2d,Visa,Debit,8196,Online Purchase,11083.91,ZAR,1.0,11083.91,Tiger Brands,5541,Service Stations,Musina,ZA,False,AUTH908583,Approved,False,False
2450f70e-e745-456b-a4fd-09f3050c8105,2016-11-06,2016-11-08,e3d96443-c719-4a01-9d3f-aa8b4640df6c,106cb973-661a-496e-a060-9e09a57efbb5,Mastercard,Credit,8828,Refund,8165.6,ZAR,1.0,8165.6,Tiger Brands,4816,Online Services,Rowleyport,ZA,False,AUTH200225,Approved,False,True
8f9fc4f1-0969-45b0-a61d-f09341795aee,2019-07-07,2019-07-07,9c7e2c81-a85b-4300-a99b-6edfbfd42cfe,2b230825-6b17-4ffe-9620-5f77ec1c9594,Mastercard,Credit,2034,Refund,6722.06,ZAR,1.0,6722.06,Superbalist,5541,Service Stations,South Stephanie,ZA,False,AUTH450261,Approved,False,False
fbec5741-a058-4476-8370-3e59c697905b,2016-09-26,2016-09-26,2143fcc5-c0dd-4d9a-91a9-c397c3668087,e67fb514-f205-44b3-8ad0-92adffde1fbe,Mastercard,Credit,1865,Chargeback,5143.19,ZAR,1.0,5143.19,Gym Company,5912,Drug Stores & Pharmacies,Port Diana,ZA,False,AUTH647381,Approved,False,False
abc6c0f2-388e-4556-aebe-9e86dcbbd7f2,2020-03-30,2020-03-30,52973e09-5cc7-4418-af22-95f871ac3698,005acb16-83f0-4423-a42f-150fbdebffc9,Visa,Debit,4077,Refund,6083.35,ZAR,1.0,6083.35,Bidvest,4814,Telecommunications,Elliotton,ZA,False,AUTH217377,Approved,False,True
b0db41fa-e174-4fcd-aef7-f8b91dbf4fde,2024-09-17,2024-09-18,97537a5d-cabb-4ff1-834f-bf6bbe065a58,2c1f5492-41c0-4eb5-ac83-84e813685831,Visa,Debit,9946,Cash Advance,1741.4,ZAR,1.0,1741.4,Virgin Active,5661,Shoe Stores,Lake Frederick,ZA,False,AUTH397505,Approved,False,True
17b5c9bd-1b46-43e7-a6c6-fbb23302f71f,2016-11-21,2016-11-22,00fe6982-263c-4b58-8179-a46e1275ec98,c1dc20be-75a1-4a1d-ac08-a8936903ed07,Visa,Debit,2772,International Purchase,47009.41,ZAR,1.0,47009.41,Superbalist,8011,Doctors & Physicians,Sasolburg,RS,True,AUTH616540,Approved,False,True
0e42f1f7-f6c9-4075-8c61-2751cf3f7b06,2021-09-07,2021-09-08,cbb0b5b8-4767-4e6c-9616-a09c3be594a3,f1223908-ced9-4191-98a2-7223e90fc330,Mastercard,Credit,6315,Purchase,363.2,ZAR,1.0,363.2,Spar,5621,Women's Clothing Stores,Vanderbijlpark,ZA,False,AUTH826499,Declined,False,True
3418138e-4076-4ff3-ad54-a8bc8abefced,2023-01-13,2023-01-14,c2920edc-dec9-4757-88c2-b79375ce9845,9ec1fa1b-150e-4929-9302-27b04c992487,Visa,Credit,8230,International Purchase,47933.41,USD,18.6261,892812.49,Gym Company,8011,Doctors & Physicians,Alexandrabury,KP,True,AUTH322110,Approved,False,True
9c300298-f653-48a4-833d-aea8c193d0e1,2018-07-28,2018-07-30,5a870365-af3d-4a7e-8930-be9fb8b3306c,52c43632-653a-46c0-a7af-cb4c3a1026a2,Visa,Debit,4919,Contactless Payment,4236.26,ZAR,1.0,4236.26,BP SA,4816,Online Services,Paarl,ZA,False,AUTH685903,Approved,True,False
1036de5f-efbb-41a4-ba84-c986989620d9,2022-11-05,2022-11-07,feff1299-937c-40f7-a410-c2b9dbc2b24a,486ed9cf-3f99-439b-a292-305d038605bf,Mastercard,Debit,2496,Purchase,7421.69,ZAR,1.0,7421.69,McDonald's SA,5812,Eating Places & Restaurants,Randfontein,ZA,False,AUTH427616,Approved,False,True
f8ee113a-d67d-4eb3-9682-4f31f6f2b9f2,2018-03-02,2018-03-04,89508310-0e20-4767-b6ca-b33dbc0c4fff,796496b2-fedc-473f-b0ad-08543529cc77,Visa,Credit,7334,Online Purchase,797.67,ZAR,1.0,797.67,Spar,5661,Shoe Stores,Witbank,ZA,False,AUTH513855,Approved,False,True
9d92d6cc-1d2d-4504-bf77-806093697e99,2019-08-02,2019-08-03,4beec51d-b1b6-43b8-9476-6cc885b51c37,1bf46838-92d1-4b07-adc1-26f9bc1a6bdd,Mastercard,Debit,7134,Purchase,4012.0,ZAR,1.0,4012.0,Cell C,5734,Electronics Stores,Potchefstroom,ZA,False,AUTH507994,Approved,False,True
3422a899-6d2c-431b-bd3e-04bec8e5482e,2023-01-16,2023-01-18,3e1f00b0-580e-4765-9b00-8aa4a93425e3,3e12b679-d262-4e5f-abb3-e50d983421e2,Visa,Debit,1571,Refund,7014.38,ZAR,1.0,7014.38,Caltex SA,7011,Hotels & Motels,Stellenbosch,ZA,False,AUTH657351,Approved,False,False
9e5bc1a1-5102-4109-bef9-f278b5ac1dd5,2015-05-25,2015-05-27,e3db2750-f26e-4c8b-9584-43a53a2bfde4,e0b5f00e-16ba-45c5-a3b3-a04b555efc7c,Mastercard,Credit,5942,Cash Advance,3506.94,ZAR,1.0,3506.94,Gym Company,5999,Retail Stores,Centurion,ZA,False,AUTH543143,Approved,False,True
0ab2b651-9c36-4c6a-8a9b-7015821373d1,2022-08-20,2022-08-21,9202ce26-699c-4e6b-9e8c-75a30dbd3b67,f72d813d-996f-430d-ae57-13eb80207635,Mastercard,Debit,2387,International Purchase,10496.17,EUR,20.157,211571.3,Engen,5621,Women's Clothing Stores,Vereeniging,RO,True,AUTH794899,Approved,False,True
b68612de-11fb-4ba9-9c72-95ae71eca87c,2017-09-07,2017-09-08,5137b34d-8625-47ad-87b4-3444074f3fc3,b4ebc28f-526a-45ea-823c-588724471955,Visa,Credit,1776,Contactless Payment,5090.56,ZAR,1.0,5090.56,Momentum,4814,Telecommunications,Boksburg,ZA,False,AUTH703684,Approved,True,True
08420b0a-723e-4a66-ae1f-805e0e37d9c2,2019-08-30,2019-09-01,68cf211e-6b58-4ab4-83c1-536b5263abbd,06b4cbf1-5e59-4e2f-93b9-72bec63fdd0f,Mastercard,Debit,1204,Refund,3971.87,ZAR,1.0,3971.87,Rain,4814,Telecommunications,iKapa,ZA,False,AUTH845888,Approved,False,False
e5f9318f-f997-4ee6-8566-6d9ef2766f87,2023-08-07,2023-08-09,f204a453-cbb5-46ea-83bd-0d60fa26cc40,9a189484-cd9f-435c-b424-c12d0a715eb2,Mastercard,Credit,5477,Purchase,330.63,ZAR,1.0,330.63,Takealot,4111,Transportation,Musina,ZA,False,AUTH564418,Approved,False,True
c0cf3438-aa70-4fce-b04c-2b00594af722,2015-03-28,2015-03-28,479a04c4-00d2-4b82-a752-6d70cadc6f32,0ebc03c1-6701-445a-b1f1-b2a9bda64229,Visa,Debit,6374,Cash Advance,4533.32,ZAR,1.0,4533.32,Total SA,8011,Doctors & Physicians,Port Antonyberg,ZA,False,AUTH696090,Approved,False,False
df97f1b0-0daa-4fd3-a0f6-b43561b11587,2015-09-23,2015-09-24,ba8016de-86c1-4920-88db-bee7d0cd9b87,a97c8ade-97f8-47e0-8d05-75fbfdef84b4,Mastercard,Credit,8103,Purchase,2691.03,ZAR,1.0,2691.03,Zara SA,4814,Telecommunications,McDonaldtown,ZA,False,AUTH465962,Declined,False,True
a892499c-49fd-447c-bb6d-a834afd27e3f,2024-10-07,2024-10-07,db617c72-425e-437c-a34a-66b127cb489e,aa0cf632-0446-46d5-9ce0-006948caa2ce,Visa,Debit,2310,International Purchase,7856.39,ZAR,1.0,7856.39,Vodacom,5999,Retail Stores,Lake Clare,BG,True,AUTH417823,Declined,False,True
431ea716-ef84-4eb9-bd04-39212d70d32b,2022-07-11,2022-07-13,b1a269fe-8526-4bbe-b46a-d7134620a6e3,c978e671-abb7-4632-8b23-ab955c9acf81,Visa,Credit,7470,Online Purchase,5914.26,ZAR,1.0,5914.26,Clicks,5541,Service Stations,Witbank,ZA,False,AUTH228071,Approved,False,True
eba857a1-5e49-4a83-bd36-67d35fabbfae,2024-12-08,2024-12-10,7aef813b-dc7c-43e8-9b97-6ed2aa92d763,2e55a89e-d749-4d86-862c-9b529be6064f,Mastercard,Credit,5539,Contactless Payment,13878.67,ZAR,1.0,13878.67,Mr Price,5999,Retail Stores,uMgungundlovu,ZA,False,AUTH830691,Approved,True,True
87753d7e-573c-4356-8ec1-a186a5d498f3,2024-08-27,2024-08-29,ea0a8fdf-9c34-4cf9-a946-ba796d693257,5f91b043-7d72-40ec-8c92-c61cb0c1833c,Visa,Credit,9793,Purchase,9770.79,ZAR,1.0,9770.79,Spur,5621,Women's Clothing Stores,East Frederickberg,ZA,False,AUTH157835,Reversed,False,False
b4bfc463-4117-407f-8fea-57dd047491c2,2024-05-06,2024-05-06,5d46670a-5225-449b-86c3-a18bc4e72537,148694da-57d4-425a-9f97-96d8293011be,Mastercard,Credit,5649,Purchase,496.42,ZAR,1.0,496.42,Foschini,5945,Hobby & Toy Shops,Port Matthewfort,ZA,False,AUTH270837,Approved,False,True
5645688a-9490-4e61-a294-128f3ed091b6,2015-07-08,2015-07-08,5d927ea6-081d-41ef-9bbb-a4551deedcb3,91c9be29-eee1-4cde-a664-efe7e53212d5,Mastercard,Credit,7407,Contactless Payment,8936.32,ZAR,1.0,8936.32,Debonairs,8011,Doctors & Physicians,Witbank,ZA,False,AUTH387581,Approved,True,False
b8f0ff35-b015-42ae-a27d-13907bb1cc04,2016-06-13,2016-06-14,8640d78f-b184-41ff-a961-88fe3b3f03fc,668aa1f6-0941-44cb-9c52-07b3cb7e79c7,Mastercard,Debit,8931,Purchase,12229.18,ZAR,1.0,12229.18,Steers,5661,Shoe Stores,Colliershire,ZA,False,AUTH808677,Approved,False,True
a362390f-99b8-4d28-aaed-d9f6548f25e9,2019-04-12,2019-04-12,37e86a8d-69c5-4ce0-8cb5-ee7924b11e98,60e9b09c-e343-401f-9e56-3f88d8ea072a,Mastercard,Debit,8339,Refund,1330.85,ZAR,1.0,1330.85,McDonald's SA,5621,Women's Clothing Stores,West Derekberg,ZA,False,AUTH118773,Approved,False,True
b230dbef-04c3-4d86-86b3-35a0a0885c15,2019-10-20,2019-10-20,4e1bb47c-33e0-4919-8fbe-e23eea0e3802,19c5ba73-e18f-49a2-a104-e01ab37e74f4,Visa,Debit,6894,Contactless Payment,3065.95,ZAR,1.0,3065.95,Checkers,5411,Grocery Stores,Lisaport,ZA,False,AUTH638743,Approved,True,True
cc59fa3f-db77-42a3-9297-5a429c018eeb,2018-11-14,2018-11-15,586fb80b-c9a6-4c7a-9cb3-93a45cef0412,29de0f00-71e0-4673-9a83-7340a28f9433,Visa,Credit,1590,Refund,8760.46,ZAR,1.0,8760.46,BP SA,5912,Drug Stores & Pharmacies,Paarl,ZA,False,AUTH980815,Approved,False,True
40e9505a-5612-4dae-a323-596d71690a6f,2022-05-07,2022-05-07,8640d78f-b184-41ff-a961-88fe3b3f03fc,668aa1f6-0941-44cb-9c52-07b3cb7e79c7,Mastercard,Debit,5190,Purchase,10106.42,ZAR,1.0,10106.42,Steers,4111,Transportation,Klerksdorp,ZA,False,AUTH850635,Approved,False,False
ccfe6b6b-9d92-4357-b539-ad4323d9e4a8,2020-10-14,2020-10-14,2d269844-d32d-48d0-acbd-011f5e84612a,696dd856-e6af-4dd3-9595-cc197764d7c1,Mastercard,Credit,8934,Purchase,1852.35,ZAR,1.0,1852.35,Spur,5912,Drug Stores & Pharmacies,Randfontein,ZA,False,AUTH201738,Approved,False,True
af4d8b15-bc54-4631-8352-5c1dbe38bf33,2022-09-23,2022-09-25,68cf211e-6b58-4ab4-83c1-536b5263abbd,06b4cbf1-5e59-4e2f-93b9-72bec63fdd0f,Mastercard,Debit,7803,Chargeback,1044.46,ZAR,1.0,1044.46,Superbalist,4814,Telecommunications,Sasolburg,ZA,False,AUTH330961,Approved,False,False
070e29cd-81f7-4768-8a5f-bd8c44702eb8,2020-05-21,2020-05-22,502acaed-89ca-45fa-845d-4c5e3b6db22f,3e12b679-d262-4e5f-abb3-e50d983421e2,Mastercard,Debit,8356,Purchase,12293.83,ZAR,1.0,12293.83,MTN,5411,Grocery Stores,Vereeniging,ZA,False,AUTH322403,Approved,False,True
c81ef222-bf3c-4291-a7fc-1efff04e05af,2024-06-10,2024-06-11,f75c54cf-e16c-4fc0-b3ae-a93a591a7503,4ea440d8-ce17-45ae-9037-e5677b3c173e,Mastercard,Debit,3159,Purchase,7786.98,ZAR,1.0,7786.98,Mr Price,7011,Hotels & Motels,West Francisport,ZA,False,AUTH318170,Approved,False,True
b785ac0c-852a-4824-aa9b-3bd84871a3ce,2023-06-18,2023-06-19,526d5f06-e2c7-4c74-81bb-046cf77becf3,cfb6b46a-57ca-4813-a5e8-ca78f77e473a,Visa,Debit,1596,Contactless Payment,2925.11,ZAR,1.0,2925.11,Caltex SA,5734,Electronics Stores,New Paulineville,ZA,False,AUTH546904,Approved,True,True
77f3750e-3475-4e61-b3d9-249857b24343,2016-10-02,2016-10-02,502acaed-89ca-45fa-845d-4c5e3b6db22f,3e12b679-d262-4e5f-abb3-e50d983421e2,Visa,Debit,8266,Contactless Payment,7739.5,ZAR,1.0,7739.5,Bidvest,5621,Women's Clothing Stores,Taylormouth,ZA,False,AUTH283414,Approved,True,True
c445c8d9-0be9-49ce-b3fb-50bc87534b61,2015-12-29,2015-12-29,2394630b-f57c-4ba1-8501-c26889763147,802e7e56-190c-41fd-a9d0-3d2880dd2cc3,Mastercard,Credit,9394,Purchase,3690.52,ZAR,1.0,3690.52,Clicks,5812,Eating Places & Restaurants,Wellsfurt,ZA,False,AUTH110885,Approved,False,True
d15e6794-688e-42b8-a459-bbc7deb37c59,2023-11-02,2023-11-04,9a0fce8f-96ca-4c4f-a669-888b0b796de0,3f4aa40e-79e7-4a14-84a7-1bf79aaf67ac,Visa,Credit,6035,Contactless Payment,7602.57,ZAR,1.0,7602.57,Debonairs,4111,Transportation,East Katherine,ZA,False,AUTH426096,Declined,True,True
11938273-afb2-46cd-9e99-f96702d49f3e,2023-02-22,2023-02-23,5eaeb8fb-8d85-485e-8945-0f308bb3f76a,c77092ad-e107-4373-89eb-0a50e994a500,Visa,Credit,5752,Purchase,13985.89,ZAR,1.0,13985.89,Caltex SA,4111,Transportation,Upington,ZA,False,AUTH298124,Approved,False,True
b125646f-66de-470b-915a-7e1f1a3bd70f,2021-03-09,2021-03-10,3882ede9-0650-4117-b505-04f03140d409,3d67fcbd-6beb-4aed-b77d-5e1e53dd0cb2,Mastercard,Credit,9901,International Purchase,47119.52,GBP,23.7756,1120294.86,Momentum,8011,Doctors & Physicians,Musina,CH,True,AUTH115267,Reversed,False,True
a158a36e-fd61-4f1d-bdd9-74b42d737b58,2023-06-21,2023-06-22,e1fd2535-42c6-463e-84ac-3d2fa55c1357,ba5dd48f-c112-4397-bc7a-8933ff5b11dc,Mastercard,Debit,7243,International Purchase,16041.12,ZAR,1.0,16041.12,Eskom,5734,Electronics Stores,Port Keith,VC,True,AUTH529824,Approved,False,False
3e653419-c4a3-47a9-84cf-ab78b48a2aa8,2015-02-15,2015-02-17,60e9647e-a04d-46a1-8b8f-e76819c57606,09b9d0bb-c032-4e23-a911-bae00f7df4ca,Visa,Credit,5025,Purchase,6018.67,ZAR,1.0,6018.67,Rain,4816,Online Services,West Wayne,ZA,False,AUTH424472,Approved,False,True
3a10d64f-de12-4a45-907d-cf572d999969,2023-04-06,2023-04-08,00fe6982-263c-4b58-8179-a46e1275ec98,c1dc20be-75a1-4a1d-ac08-a8936903ed07,Mastercard,Credit,3267,Contactless Payment,11297.86,ZAR,1.0,11297.86,Debonairs,5411,Grocery Stores,Stellenbosch,ZA,False,AUTH728824,Approved,True,False
6adb3519-8548-4ab0-8952-221153f57121,2022-11-02,2022-11-02,db617c72-425e-437c-a34a-66b127cb489e,aa0cf632-0446-46d5-9ce0-006948caa2ce,Visa,Credit,4758,Refund,8326.68,ZAR,1.0,8326.68,Tiger Brands,5311,Department Stores,West Lukeport,ZA,False,AUTH358249,Approved,False,True
b8f87040-04b3-4a7d-82d2-37b041670f04,2024-01-04,2024-01-05,88fcd419-afb8-498a-8393-2030dc1539b7,96a0dd93-d9ee-4528-9173-61228081da8c,Mastercard,Credit,5386,Purchase,7131.59,ZAR,1.0,7131.59,Foschini,5661,Shoe Stores,Randfontein,ZA,False,AUTH926587,Approved,False,True
647f1331-402d-4b5d-a273-d2db9da77470,2019-12-04,2019-12-05,050a2c77-0f72-4593-a5a8-8e26eccc6d35,7f164959-ebef-49cb-89cd-6a303fdad6f3,Mastercard,Debit,6384,Contactless Payment,4897.96,ZAR,1.0,4897.96,Telkom,4814,Telecommunications,Dorothychester,ZA,False,AUTH963662,Declined,True,True
f7b81200-d1eb-4869-b048-701d0125a824,2017-10-31,2017-11-02,6bdf7092-bcb0-4eb2-8aab-d75d40b7e1d7,a5b3d0e7-1c37-41b2-8e9b-c9b78f83cb2d,Visa,Credit,7363,Online Purchase,7781.08,ZAR,1.0,7781.08,Total SA,7011,Hotels & Motels,Shawport,ZA,False,AUTH372418,Approved,False,True
0eb04f4c-4ea0-4b85-b8f6-43bdeb29437b,2019-11-13,2019-11-14,ff638ebf-bcaf-4a04-8876-a1a9e236c918,ab89aa9f-66e2-4754-bec4-86f8d62d6503,Visa,Debit,3690,Contactless Payment,12454.23,ZAR,1.0,12454.23,Steers,5541,Service Stations,Musina,ZA,False,AUTH443162,Reversed,True,True
535a91fd-2557-4617-9116-9757b848bf99,2018-10-19,2018-10-20,c20e3e17-658f-42db-8bed-0130fef2c901,f560a11f-0a60-4875-a976-a07c45530d17,Visa,Debit,5715,Cash Advance,3121.16,ZAR,1.0,3121.16,Momentum,5912,Drug Stores & Pharmacies,Paarl,ZA,False,AUTH480030,Approved,False,False
8ef09230-d717-4b2e-a98f-af2c3cfbe33d,2019-03-31,2019-04-01,1548c47b-bc81-4e5f-b221-ff7b6c016b8b,87805b14-50da-45b2-b8d0-37963f00a73b,Mastercard,Debit,5031,Contactless Payment,9778.44,ZAR,1.0,9778.44,Mr Price,5912,Drug Stores & Pharmacies,iBhayi,ZA,False,AUTH872130,Approved,True,True
0cdeb2bc-eb81-41cc-a47a-210a745f49b0,2022-05-21,2022-05-22,fe481b7b-4617-4cd9-8f7e-4780fbed25c9,97ddac20-2ab1-412a-aa23-deabd20e4497,Mastercard,Credit,7974,Purchase,2761.3,ZAR,1.0,2761.3,Total SA,7011,Hotels & Motels,Upington,ZA,False,AUTH173895,Approved,False,True
d3438b99-02c1-4ae4-b079-1128e64a9490,2020-04-03,2020-04-03,b3dbbf39-5550-42f3-b00d-7a5655610449,796496b2-fedc-473f-b0ad-08543529cc77,Visa,Credit,7445,Purchase,10224.05,ZAR,1.0,10224.05,MTN,7011,Hotels & Motels,Tembisa,ZA,False,AUTH350927,Approved,False,True
858a71e3-21f2-4a35-af92-e0d081b74376,2023-10-28,2023-10-29,2394630b-f57c-4ba1-8501-c26889763147,802e7e56-190c-41fd-a9d0-3d2880dd2cc3,Visa,Debit,2715,Online Purchase,72.94,ZAR,1.0,72.94,Netflix SA,5661,Shoe Stores,Centurion,ZA,False,AUTH628210,Approved,False,True
95d866f3-68df-4165-819f-b87ba4e7a335,2022-01-06,2022-01-07,1a606c21-28a9-4901-b958-7c8b79cbd4ee,802e7e56-190c-41fd-a9d0-3d2880dd2cc3,Visa,Credit,4319,Refund,4115.47,ZAR,1.0,4115.47,Mr Price,5541,Service Stations,iBhayi,ZA,False,AUTH317874,Approved,False,True
fb6c0f03-9745-4cdd-8510-80de762b13ce,2020-09-22,2020-09-23,3882ede9-0650-4117-b505-04f03140d409,3d67fcbd-6beb-4aed-b77d-5e1e53dd0cb2,Mastercard,Credit,8976,Purchase,10207.75,ZAR,1.0,10207.75,McDonald's SA,5541,Service Stations,Lynchfurt,ZA,False,AUTH592277,Declined,False,False
d5c6e523-e916-45fd-bcb6-0aaf875a4584,2024-04-11,2024-04-13,3cf01646-9180-4f8f-bf3c-dae3ee96c9af,a230f313-bffe-4fb1-884a-180392f85ad8,Visa,Credit,7575,Contactless Payment,8554.34,ZAR,1.0,8554.34,Woolworths,5734,Electronics Stores,Upington,ZA,False,AUTH411148,Approved,True,True
2c25a729-c06a-4f9a-a04f-4e48b18d2ba1,2021-10-09,2021-10-11,f22f270a-6581-4dfc-99bf-ccafa6313f55,d2a252aa-3d52-420a-b18f-5c134e1fa217,Visa,Credit,2011,Contactless Payment,12236.79,ZAR,1.0,12236.79,Spar,7011,Hotels & Motels,Craighaven,ZA,False,AUTH909984,Approved,True,False
7134a9e0-3c88-4853-b5ab-25ef0672337c,2016-12-02,2016-12-03,5d46670a-5225-449b-86c3-a18bc4e72537,148694da-57d4-425a-9f97-96d8293011be,Mastercard,Credit,3227,Purchase,4290.7,ZAR,1.0,4290.7,Naspers,7011,Hotels & Motels,Begumton,ZA,False,AUTH775146,Declined,False,True
87af68b6-b46b-497e-9783-7b8430d225b7,2020-09-13,2020-09-13,2d1a95ad-70c8-4da0-9425-cbcf269d5d92,1e1c0a15-403d-4187-8c88-eabcdf85a18b,Mastercard,Debit,2640,International Purchase,27718.68,EUR,21.176,586970.77,Engen,8011,Doctors & Physicians,Lake Mariefurt,MZ,True,AUTH940250,Approved,False,True
058e28b4-900d-422b-b111-cf9d4e9910b1,2020-05-04,2020-05-06,6bdf7092-bcb0-4eb2-8aab-d75d40b7e1d7,a5b3d0e7-1c37-41b2-8e9b-c9b78f83cb2d,Visa,Credit,6426,Cash Advance,1324.13,ZAR,1.0,1324.13,Bidvest,5411,Grocery Stores,Krugersdorp,ZA,False,AUTH465373,Approved,False,True
10a28faa-acc5-4e33-b7d0-146f5484d773,2021-05-18,2021-05-18,ec87679a-3375-4518-a0c0-646cc3731d25,1be44988-6b94-488c-8b74-8099fcf311ad,Mastercard,Debit,1474,Purchase,2547.18,ZAR,1.0,2547.18,Clicks,4111,Transportation,eGoli,ZA,False,AUTH586501,Approved,False,True
22898ef5-2c13-4988-b9f6-1657e5db35c0,2017-05-20,2017-05-22,fce6c593-c13e-4a92-bea7-d82654dbd4a8,dcfecbca-5653-435d-87a6-aafd3d6ffb52,Visa,Credit,8790,Cash Advance,2532.95,ZAR,1.0,2532.95,Tiger Brands,5734,Electronics Stores,Lake Holly,ZA,False,AUTH538390,Approved,False,True
a03c0fd3-408c-4be0-b635-cb27ded817d8,2016-03-28,2016-03-28,78a218ef-f8f6-496f-903b-dfa91c2ba2f4,5f07ee40-578a-4751-985d-4e36af164992,Visa,Credit,4728,Purchase,11427.07,ZAR,1.0,11427.07,City Power,4816,Online Services,Potchefstroom,ZA,False,AUTH468144,Approved,False,True
130bd9a6-0ae9-4c1b-8450-a8f82672e943,2018-02-08,2018-02-08,db617c72-425e-437c-a34a-66b127cb489e,aa0cf632-0446-46d5-9ce0-006948caa2ce,Mastercard,Credit,2283,Purchase,9091.35,ZAR,1.0,9091.35,MTN,4816,Online Services,Vanderbijlpark,ZA,False,AUTH417308,Approved,False,True
c1d51133-4d39-4ba9-8251-976c47701c6c,2019-11-18,2019-11-19,86bd2850-49bb-4cbb-953c-335aef36ef5c,f5385827-522c-4f2a-b11f-b00e9abc58f9,Visa,Credit,2454,Contactless Payment,7070.48,ZAR,1.0,7070.48,Spur,5912,Drug Stores & Pharmacies,Stellenbosch,ZA,False,AUTH613235,Approved,True,True
e7a652d4-a636-445a-a004-4598587bcd23,2021-01-01,2021-01-01,0594e29f-85b7-4c9b-907f-24c8478f2410,ccfb2fd8-3927-4ffc-bb87-d12a67ce37a5,Visa,Debit,9136,Purchase,2811.75,ZAR,1.0,2811.75,Dischem,4111,Transportation,Upington,ZA,False,AUTH420127,Approved,False,True
9343b2f6-8ce5-4b8b-a8af-ce70e8f6cd8b,2020-01-09,2020-01-10,0fe356f8-f46a-4f49-ae78-2a7ccbdd02f4,19720c0b-051e-47ea-b902-9b819c88f5ca,Visa,Credit,6203,Online Purchase,2589.98,ZAR,1.0,2589.98,Planet Fitness,5945,Hobby & Toy Shops,South Georgiabury,ZA,False,AUTH573599,Approved,False,True
333fb08f-01c4-4df4-bf99-09e8df877a96,2023-01-05,2023-01-05,562742d0-bd33-4cc0-9193-454a4a62c33c,c39e3656-040a-45bc-a4f4-b3d763b675a8,Visa,Debit,7160,Refund,5064.06,ZAR,1.0,5064.06,Cell C,5311,Department Stores,iKapa,ZA,False,AUTH213620,Approved,False,False
7de124e5-3d89-4e5a-a263-7e32da0e8357,2017-12-30,2017-12-31,60e9647e-a04d-46a1-8b8f-e76819c57606,09b9d0bb-c032-4e23-a911-bae00f7df4ca,Mastercard,Debit,3410,Purchase,9235.93,ZAR,1.0,9235.93,Pick n Pay,5541,Service Stations,Watsonhaven,ZA,False,AUTH850467,Approved,False,True
ffd92199-29aa-449e-888a-cb854579401b,2022-01-20,2022-01-21,3882ede9-0650-4117-b505-04f03140d409,3d67fcbd-6beb-4aed-b77d-5e1e53dd0cb2,Visa,Debit,9265,Contactless Payment,8501.06,ZAR,1.0,8501.06,Steers,4814,Telecommunications,Lake Conorstad,ZA,False,AUTH832548,Approved,True,True
b8d9e5ad-9d59-4eb8-a685-6e025105f694,2021-04-30,2021-05-02,2143fcc5-c0dd-4d9a-91a9-c397c3668087,e67fb514-f205-44b3-8ad0-92adffde1fbe,Visa,Debit,3568,Purchase,2929.21,ZAR,1.0,2929.21,Pioneer Foods,5541,Service Stations,South Bethany,ZA,False,AUTH786938,Approved,False,True
530dc545-1f26-4791-b032-15dfd07feb75,2015-12-23,2015-12-25,c9b07011-12b8-43f6-9ef8-d9b8b4500878,f08a0cb8-0801-4ed0-bad6-d7251ed2fea2,Visa,Debit,3592,Online Purchase,14611.65,ZAR,1.0,14611.65,Old Mutual,5812,Eating Places & Restaurants,Bethlehem,ZA,False,AUTH852591,Declined,False,False
6ab077b6-93e8-4965-8f95-64228cbb78d8,2016-09-14,2016-09-16,135f4e0f-cb3f-4295-8974-d59248f94e56,eaf88bf2-93bd-40fc-bc6a-c6a64d63c873,Mastercard,Debit,8998,Purchase,12313.28,ZAR,1.0,12313.28,Naspers,5734,Electronics Stores,Lynneton,ZA,False,AUTH864952,Approved,False,True
5215f57a-b74c-4ffa-a27f-e562d1d9a3db,2016-05-22,2016-05-23,407d09d3-c2ed-4660-9392-cf5688eb6347,e04dd813-e742-4c4d-bb5d-55efda8742ab,Visa,Credit,6696,Cash Advance,2581.7,ZAR,1.0,2581.7,Netflix SA,5541,Service Stations,Hillchester,ZA,False,AUTH370493,Approved,False,False
6e29b051-d5e7-49ae-8187-95e9373a66e4,2022-11-05,2022-11-05,ff638ebf-bcaf-4a04-8876-a1a9e236c918,ab89aa9f-66e2-4754-bec4-86f8d62d6503,Visa,Debit,9669,Purchase,14019.8,ZAR,1.0,14019.8,Takealot,5945,Hobby & Toy Shops,Brianside,ZA,False,AUTH525220,Approved,False,False
bdb60b0e-7bae-4fe2-9fa0-953afb91568e,2024-10-26,2024-10-27,c9b07011-12b8-43f6-9ef8-d9b8b4500878,f08a0cb8-0801-4ed0-bad6-d7251ed2fea2,Mastercard,Credit,9248,Refund,9487.83,ZAR,1.0,9487.83,Takealot,5411,Grocery Stores,Lawrenceland,ZA,False,AUTH629582,Approved,False,True
c8d7b9a6-2d20-451a-9bc4-4f2077bc917b,2019-07-15,2019-07-15,d2fcf2e8-ef02-4aee-bc6f-02c5ab328a79,93e49ad9-221b-44ed-8d8b-837f2221b03a,Visa,Debit,8787,Purchase,14211.51,ZAR,1.0,14211.51,Shell SA,5541,Service Stations,Owenchester,ZA,False,AUTH530080,Approved,False,True
99fd4516-135e-4391-94d4-8321568e47c0,2023-12-10,2023-12-10,2d269844-d32d-48d0-acbd-011f5e84612a,696dd856-e6af-4dd3-9595-cc197764d7c1,Visa,Debit,5437,Purchase,3675.14,ZAR,1.0,3675.14,City Power,4814,Telecommunications,Klerksdorp,ZA,False,AUTH585351,Approved,False,True
71fc1d03-6df5-4362-bcf7-da5ff9691898,2022-05-20,2022-05-21,479a04c4-00d2-4b82-a752-6d70cadc6f32,0ebc03c1-6701-445a-b1f1-b2a9bda64229,Visa,Debit,8684,International Purchase,2162.07,EUR,21.0032,45410.39,Checkers,4111,Transportation,West Frederick,SC,True,AUTH375852,Approved,False,True
6f41b556-a726-44b8-8213-7476f3e9880b,2017-04-30,2017-05-02,1a606c21-28a9-4901-b958-7c8b79cbd4ee,802e7e56-190c-41fd-a9d0-3d2880dd2cc3,Visa,Credit,8111,Purchase,2981.65,ZAR,1.0,2981.65,Planet Fitness,5311,Department Stores,Tembisa,ZA,False,AUTH131792,Approved,False,True
803473c0-fe96-4d06-91df-b12f0ebbe6f9,2018-12-24,2018-12-25,35546f62-b8a6-4c44-8732-216de4b3c1b0,5136d8b2-a93b-41aa-92f7-db3139d0a2d3,Visa,Debit,8375,Purchase,4784.7,ZAR,1.0,4784.7,H&M SA,7011,Hotels & Motels,iBhayi,ZA,False,AUTH153768,Approved,False,True
2372957f-0843-4d2e-aa3d-6df1c921d597,2016-05-02,2016-05-02,9c7e2c81-a85b-4300-a99b-6edfbfd42cfe,2b230825-6b17-4ffe-9620-5f77ec1c9594,Visa,Credit,4489,Purchase,6535.51,ZAR,1.0,6535.51,Pioneer Foods,5812,Eating Places & Restaurants,Newcastle,ZA,False,AUTH251047,Approved,False,True
d2d378a3-f566-41ae-a7ff-306ea3f62128,2015-12-12,2015-12-12,4b004718-d836-4fb6-b039-83e1b568947f,d008e9b4-a86d-491e-bb43-dcf5c491c1cc,Visa,Debit,3635,Contactless Payment,1001.88,ZAR,1.0,1001.88,Virgin Active,5661,Shoe Stores,Fryborough,ZA,False,AUTH772529,Approved,True,True
93164f22-1f77-48a2-9f38-af719494d48e,2016-12-03,2016-12-03,28557b72-bf6c-4a63-8a60-d0e3a9d17ce5,04485172-9859-4d78-ab90-1473d401724d,Visa,Credit,2715,International Purchase,18917.47,ZAR,1.0,18917.47,Gym Company,5999,Retail Stores,Krugersdorp,GY,True,AUTH272159,Approved,False,False
83c879fe-36d9-40ba-9ae3-29ce4fb3472e,2018-12-18,2018-12-19,9c7e2c81-a85b-4300-a99b-6edfbfd42cfe,2b230825-6b17-4ffe-9620-5f77ec1c9594,Visa,Credit,8737,Contactless Payment,6333.42,ZAR,1.0,6333.42,Tiger Brands,5945,Hobby & Toy Shops,Mbombela,ZA,False,AUTH317779,Approved,True,True
16c51262-cf30-40fd-a3fb-e20c8dad1bde,2021-09-10,2021-09-12,cdaec3c8-a553-4168-8956-d80c9a9098b4,0ec62bd1-42db-4ffd-b12d-f1738b4fdec9,Mastercard,Credit,5900,Purchase,4855.07,ZAR,1.0,4855.07,Telkom,5621,Women's Clothing Stores,Holmesfort,ZA,False,AUTH659246,Approved,False,True
4fe2f973-21b7-4f75-a7ff-d4cad4f6efd1,2023-10-13,2023-10-13,bef3a334-00f2-442a-a744-5a5afdc54f96,6ccbeb87-4cd6-46b3-81bc-6bc4ddb7301d,Visa,Debit,3258,Purchase,13173.2,ZAR,1.0,13173.2,Edgars,5661,Shoe Stores,Upington,ZA,False,AUTH913630,Approved,False,True
9aa6cac2-8d26-4b58-9142-07c70f6c8ec1,2021-05-07,2021-05-08,1548c47b-bc81-4e5f-b221-ff7b6c016b8b,87805b14-50da-45b2-b8d0-37963f00a73b,Visa,Debit,4474,Online Purchase,13094.3,ZAR,1.0,13094.3,Discovery Health,5621,Women's Clothing Stores,Middelburg,ZA,False,AUTH315998,Pending,False,True
6fc3b84a-b433-4496-9480-c15f0c3a4a54,2017-09-29,2017-10-01,97537a5d-cabb-4ff1-834f-bf6bbe065a58,2c1f5492-41c0-4eb5-ac83-84e813685831,Mastercard,Debit,8451,Purchase,584.86,ZAR,1.0,584.86,Truworths,4816,Online Services,North Timothy,ZA,False,AUTH642425,Approved,False,True
6b2db96d-5eb6-4fa1-8243-7ccae619dca3,2022-06-17,2022-06-17,b3dbbf39-5550-42f3-b00d-7a5655610449,796496b2-fedc-473f-b0ad-08543529cc77,Visa,Credit,5430,Contactless Payment,5647.8,ZAR,1.0,5647.8,Total SA,5311,Department Stores,iKapa,ZA,False,AUTH887191,Approved,True,True
8d14f6cd-a096-46bb-a54d-e25a644ede9e,2016-05-06,2016-05-07,135f4e0f-cb3f-4295-8974-d59248f94e56,eaf88bf2-93bd-40fc-bc6a-c6a64d63c873,Visa,Debit,2616,Chargeback,3492.7,ZAR,1.0,3492.7,Takealot,5999,Retail Stores,Middelburg,ZA,False,AUTH717765,Declined,False,True
1c7a3f30-27ce-419b-a2b7-9197cfee49cf,2023-07-11,2023-07-11,bae7ce90-799f-4870-afe8-84b00be4553d,d7867a56-0757-4fd2-a165-ce93bae23f55,Visa,Credit,9616,Purchase,12411.68,ZAR,1.0,12411.68,Clicks,5411,Grocery Stores,Peterton,ZA,False,AUTH658884,Approved,False,False
653d4c8f-fec2-4508-a513-a114de74a5cc,2017-11-07,2017-11-08,89508310-0e20-4767-b6ca-b33dbc0c4fff,796496b2-fedc-473f-b0ad-08543529cc77,Visa,Debit,9748,Refund,9296.56,ZAR,1.0,9296.56,McDonald's SA,5411,Grocery Stores,Marieton,ZA,False,AUTH169319,Approved,False,True
c3d09ab6-f52f-41ea-9642-a9a9489854bd,2024-12-06,2024-12-07,8640d78f-b184-41ff-a961-88fe3b3f03fc,668aa1f6-0941-44cb-9c52-07b3cb7e79c7,Visa,Debit,9017,Refund,91.95,ZAR,1.0,91.95,Spur,5661,Shoe Stores,Kathu,ZA,False,AUTH619489,Approved,False,True
2de6f6b9-105c-4a5d-864e-78ce4404d863,2021-06-02,2021-06-04,ad695409-e052-4bb8-83f8-6400e38a55f4,0197d7ef-b2fb-457c-9bdd-b76dc3b0d59e,Mastercard,Credit,5584,Purchase,12360.61,ZAR,1.0,12360.61,Checkers,5621,Women's Clothing Stores,Yatesbury,ZA,False,AUTH721958,Approved,False,True
50e3be2c-e607-4409-8e84-df7c0d42afb8,2020-11-25,2020-11-25,6bdf7092-bcb0-4eb2-8aab-d75d40b7e1d7,a5b3d0e7-1c37-41b2-8e9b-c9b78f83cb2d,Visa,Credit,1471,Purchase,1126.43,ZAR,1.0,1126.43,Zara SA,5311,Department Stores,West Gemma,ZA,False,AUTH268268,Declined,False,True
329bd4fb-dd0c-46f7-a466-1640fa1eceac,2018-03-04,2018-03-06,1a606c21-28a9-4901-b958-7c8b79cbd4ee,802e7e56-190c-41fd-a9d0-3d2880dd2cc3,Visa,Credit,9078,Refund,9383.05,ZAR,1.0,9383.05,Foschini,5411,Grocery Stores,Tembisa,ZA,False,AUTH843930,Declined,False,True
8525e50e-d3e0-4a82-8998-480fde78f156,2023-04-20,2023-04-20,357fe0dd-b2e6-41e7-bc2b-c441b7603862,80a0e354-f0ed-4c02-8581-df6ad8d9e5b4,Visa,Debit,2026,Refund,4747.91,ZAR,1.0,4747.91,Spur,5541,Service Stations,Middelburg,ZA,False,AUTH527146,Approved,False,True
b2c0314e-0d81-47c6-9a68-5ee3dd5db80a,2023-10-11,2023-10-13,c2920edc-dec9-4757-88c2-b79375ce9845,9ec1fa1b-150e-4929-9302-27b04c992487,Visa,Credit,8093,Refund,3678.78,ZAR,1.0,3678.78,Netflix SA,8011,Doctors & Physicians,iKapa,ZA,False,AUTH727906,Reversed,False,True
753108cc-6683-4a17-8824-cd196a36da78,2017-07-20,2017-07-21,5d46670a-5225-449b-86c3-a18bc4e72537,148694da-57d4-425a-9f97-96d8293011be,Visa,Debit,7477,Contactless Payment,12182.57,ZAR,1.0,12182.57,KFC SA,5734,Electronics Stores,Paarl,ZA,False,AUTH793904,Approved,True,False
06fcdba7-bf9b-4046-a91b-185b19278a26,2019-12-20,2019-12-20,2bf8d2fa-f5b6-450f-8a17-636f3764609f,3acebc57-2f2f-4565-9336-7b9605009e45,Visa,Debit,1540,Contactless Payment,11160.54,ZAR,1.0,11160.54,City Power,7011,Hotels & Motels,Welkom,ZA,False,AUTH817108,Approved,True,True
22d5eaf4-83b4-4b39-b917-e729c3aeb498,2021-07-30,2021-08-01,6bdf7092-bcb0-4eb2-8aab-d75d40b7e1d7,a5b3d0e7-1c37-41b2-8e9b-c9b78f83cb2d,Mastercard,Credit,5425,International Purchase,7423.06,EUR,20.1158,149320.79,Amazon SA,5945,Hobby & Toy Shops,New Mohammad,AM,True,AUTH790307,Approved,False,True
6999440d-9156-4122-b14a-df2188c6e744,2020-05-25,2020-05-25,aac5f32c-1732-4eeb-b771-b11f29217999,92c7a67a-0282-45bd-b9e5-b0c203b7dba1,Visa,Credit,9275,Contactless Payment,13866.67,ZAR,1.0,13866.67,Mr Price,5999,Retail Stores,Kennethmouth,ZA,False,AUTH669419,Approved,True,True
b3806102-7a8b-4262-8e7c-9933628433a1,2022-02-05,2022-02-07,5a870365-af3d-4a7e-8930-be9fb8b3306c,52c43632-653a-46c0-a7af-cb4c3a1026a2,Mastercard,Debit,6305,Contactless Payment,1609.02,ZAR,1.0,1609.02,Discovery Health,5734,Electronics Stores,Mathewchester,ZA,False,AUTH798247,Approved,True,False
8e4070a5-9a4d-4bbd-90be-c90003af918f,2023-12-22,2023-12-24,feff1299-937c-40f7-a410-c2b9dbc2b24a,486ed9cf-3f99-439b-a292-305d038605bf,Mastercard,Debit,4120,Purchase,1885.53,ZAR,1.0,1885.53,MTN,7011,Hotels & Motels,New Jasmine,ZA,False,AUTH687525,Approved,False,False
f82fa6d4-6e98-4412-ad33-f892d3437cf6,2023-04-21,2023-04-22,920f40d1-f7a7-466f-aa09-4666c67e8967,91c9be29-eee1-4cde-a664-efe7e53212d5,Visa,Credit,1043,Contactless Payment,7760.09,ZAR,1.0,7760.09,BP SA,5912,Drug Stores & Pharmacies,West Oliver,ZA,False,AUTH272013,Declined,True,True
b73b314b-19f8-4254-8854-d63c9a8954ec,2018-09-10,2018-09-10,b1a269fe-8526-4bbe-b46a-d7134620a6e3,c978e671-abb7-4632-8b23-ab955c9acf81,Mastercard,Credit,2159,Contactless Payment,11292.03,ZAR,1.0,11292.03,Mr Price,7011,Hotels & Motels,East Tom,ZA,False,AUTH337939,Approved,True,True
f3d46e6d-d093-4e3e-bb0e-dbecf2765058,2022-08-28,2022-08-30,86bd2850-49bb-4cbb-953c-335aef36ef5c,f5385827-522c-4f2a-b11f-b00e9abc58f9,Visa,Debit,5172,Purchase,2239.91,ZAR,1.0,2239.91,Netflix SA,5661,Shoe Stores,Randfontein,ZA,False,AUTH502945,Approved,False,True
9891900f-6489-4d53-8212-9db45d1a4429,2024-03-08,2024-03-08,316559e8-d002-48f7-9473-9b342c03b151,cec5e0c3-6738-44ea-ad52-629e935afa47,Visa,Credit,9618,Purchase,6245.48,ZAR,1.0,6245.48,Total SA,5411,Grocery Stores,North Rogerberg,ZA,False,AUTH119180,Approved,False,True
da48fbef-9238-4d51-8be5-2e73b158c874,2015-05-05,2015-05-06,ad695409-e052-4bb8-83f8-6400e38a55f4,0197d7ef-b2fb-457c-9bdd-b76dc3b0d59e,Mastercard,Debit,8353,Purchase,7312.13,ZAR,1.0,7312.13,Gym Company,5999,Retail Stores,Kimberley,ZA,False,AUTH220148,Approved,False,False
92778c9a-ea7b-4f36-b2a1-181850acfbad,2021-05-01,2021-05-01,89508310-0e20-4767-b6ca-b33dbc0c4fff,796496b2-fedc-473f-b0ad-08543529cc77,Mastercard,Credit,6261,International Purchase,31467.61,ZAR,1.0,31467.61,Virgin Active,8011,Doctors & Physicians,iBhayi,MU,True,AUTH803787,Approved,False,False
a7d0a817-b268-495f-8cec-2346b94a1de0,2018-03-01,2018-03-02,b45ec370-5394-422e-b494-6ef0e37643c1,f72d813d-996f-430d-ae57-13eb80207635,Mastercard,Debit,7636,Purchase,1996.25,ZAR,1.0,1996.25,Mr Price,7011,Hotels & Motels,Davisville,ZA,False,AUTH592649,Declined,False,False
26e7bb11-72aa-4ea2-9b99-db535ca893c1,2022-07-27,2022-07-28,4c821eef-220b-4049-905b-2db203a164d4,99bb606a-d40c-4df5-9890-d18086d5f335,Mastercard,Debit,7648,Purchase,3222.77,ZAR,1.0,3222.77,Planet Fitness,5999,Retail Stores,Polokwane,ZA,False,AUTH694964,Approved,False,True
b6fdc50f-27e3-4e10-802d-915dc5a75750,2019-11-11,2019-11-12,bae7ce90-799f-4870-afe8-84b00be4553d,d7867a56-0757-4fd2-a165-ce93bae23f55,Visa,Debit,8565,Cash Advance,1658.69,ZAR,1.0,1658.69,BP SA,5621,Women's Clothing Stores,Port Marcusville,ZA,False,AUTH270813,Approved,False,False
34b70ab6-e240-4a8d-a0f6-e73ee39f59f3,2023-07-04,2023-07-06,f941003f-6ee8-444d-a05b-1e24523a0b8a,489a6541-a54b-4982-ab84-00aa5d9b5247,Mastercard,Credit,2750,Contactless Payment,13400.0,ZAR,1.0,13400.0,Pioneer Foods,5311,Department Stores,Boksburg,ZA,False,AUTH171216,Reversed,True,False
f7b20b91-69aa-4993-9c39-7e53810d50db,2024-05-28,2024-05-30,f941003f-6ee8-444d-a05b-1e24523a0b8a,489a6541-a54b-4982-ab84-00aa5d9b5247,Visa,Credit,3502,Purchase,3070.16,ZAR,1.0,3070.16,Woolworths,4814,Telecommunications,George,ZA,False,AUTH780687,Approved,False,False
9d3a937d-a01d-4c01-9ec3-e4a8155a95af,2019-04-16,2019-04-17,c07fb421-32df-432f-a1e3-5dca2a0d375c,d185f9f0-8fc7-406e-8e5a-ca0aeae36542,Mastercard,Credit,7991,Purchase,389.96,ZAR,1.0,389.96,Engen,5812,Eating Places & Restaurants,Lake Joannaville,ZA,False,AUTH998046,Approved,False,True
d94090d7-5c96-40ca-b9ef-59759dafe612,2023-03-17,2023-03-17,2be9e2d8-fbb2-4b85-b60c-c3ac61dfba33,e7668c2c-8c8f-4de3-8db4-90ad16ae9b92,Mastercard,Debit,1000,Online Purchase,14029.25,ZAR,1.0,14029.25,Telkom,5411,Grocery Stores,Paarl,ZA,False,AUTH935825,Approved,False,True
e67e2674-1bb9-4c18-aa0d-aeccbce43953,2018-12-29,2018-12-30,3a110452-e114-47e9-83fd-63718fc0960b,526d7d1c-ebad-40c5-9ff2-b568477570ad,Visa,Credit,2109,Refund,1648.83,ZAR,1.0,1648.83,Mr Price,4814,Telecommunications,Newcastle,ZA,False,AUTH213582,Approved,False,False
6c60da24-ee1b-41a5-bd7c-dbd7d52a9e3f,2019-03-29,2019-03-30,8ecbc864-fae7-4886-ac0e-9c1596769e09,97996329-6e3f-48fe-bc36-b36c88817145,Visa,Debit,4054,Contactless Payment,2796.68,ZAR,1.0,2796.68,BP SA,5621,Women's Clothing Stores,Danielleton,ZA,False,AUTH166715,Approved,True,True
93a00e1a-bf44-4671-914c-5318db90c7dd,2021-09-02,2021-09-03,59711b52-4b18-4407-95a8-40de9422b3f5,447cf377-fced-4c3f-8591-b9520197daf7,Mastercard,Debit,9002,Purchase,11573.38,ZAR,1.0,11573.38,Clicks,5661,Shoe Stores,South Jake,ZA,False,AUTH523411,Approved,False,True
ccf4afb8-18ed-4c53-b64a-0e6e03fb1de0,2018-02-08,2018-02-09,586fb80b-c9a6-4c7a-9cb3-93a45cef0412,29de0f00-71e0-4673-9a83-7340a28f9433,Mastercard,Debit,9562,Purchase,3177.44,ZAR,1.0,3177.44,Woolworths,5541,Service Stations,South Deborah,ZA,False,AUTH441814,Approved,False,True
af55a539-2a83-44e6-a362-d233b9c55846,2020-10-08,2020-10-10,5eaeb8fb-8d85-485e-8945-0f308bb3f76a,c77092ad-e107-4373-89eb-0a50e994a500,Mastercard,Credit,8927,Online Purchase,987.31,ZAR,1.0,987.31,Rain,5912,Drug Stores & Pharmacies,Leonport,ZA,False,AUTH136777,Approved,False,True
efcd4efe-d9d6-47d8-9df1-d596d9f467bc,2017-02-02,2017-02-04,59711b52-4b18-4407-95a8-40de9422b3f5,447cf377-fced-4c3f-8591-b9520197daf7,Visa,Credit,8293,Online Purchase,5922.0,ZAR,1.0,5922.0,Zara SA,5999,Retail Stores,Bloemfontein,ZA,False,AUTH239731,Approved,False,True
3b05cfa9-3720-4511-8da5-8f702e134cbd,2016-04-18,2016-04-19,2d1a95ad-70c8-4da0-9425-cbcf269d5d92,1e1c0a15-403d-4187-8c88-eabcdf85a18b,Visa,Credit,6259,Refund,2093.51,ZAR,1.0,2093.51,Engen,4816,Online Services,Potchefstroom,ZA,False,AUTH409133,Approved,False,True
7e835be7-deb1-4959-8c15-1b3317e8ec92,2015-02-15,2015-02-17,97537a5d-cabb-4ff1-834f-bf6bbe065a58,2c1f5492-41c0-4eb5-ac83-84e813685831,Mastercard,Credit,3246,Contactless Payment,2792.93,ZAR,1.0,2792.93,Superbalist,5734,Electronics Stores,Thohoyandou,ZA,False,AUTH310130,Declined,True,False
71e84f30-c0c7-4611-8c2a-2573e35ebd83,2016-09-29,2016-09-30,2394630b-f57c-4ba1-8501-c26889763147,802e7e56-190c-41fd-a9d0-3d2880dd2cc3,Visa,Debit,1032,Refund,5492.62,ZAR,1.0,5492.62,Takealot,4814,Telecommunications,Lake Steven,ZA,False,AUTH528657,Approved,False,True
57acc572-645e-4e64-83dd-fcfc533a87b3,2019-02-06,2019-02-06,6bdf7092-bcb0-4eb2-8aab-d75d40b7e1d7,a5b3d0e7-1c37-41b2-8e9b-c9b78f83cb2d,Visa,Credit,4592,Online Purchase,12265.45,ZAR,1.0,12265.45,Vodacom,4816,Online Services,Vereeniging,ZA,False,AUTH150828,Approved,False,True
60b866d1-8b09-4ca4-89b9-a76220fa4d92,2015-07-05,2015-07-05,dd9decd1-caf1-447c-9928-6851d0aa1ed0,dadbdb7a-ad83-4e90-9356-19f735b66d27,Visa,Debit,5440,Purchase,14181.98,ZAR,1.0,14181.98,Gym Company,5734,Electronics Stores,West Claireton,ZA,False,AUTH810606,Approved,False,False
55713b7e-3caa-49b8-ab5f-79ba48004172,2018-03-13,2018-03-15,eafe49c0-9bf7-4fd2-b7aa-09b6344d100e,5ab5c897-3eeb-45ec-b3b9-ee1be43e5652,Visa,Debit,4861,Chargeback,4872.34,ZAR,1.0,4872.34,Tiger Brands,5734,Electronics Stores,Mahikeng,ZA,False,AUTH419970,Declined,False,True
c3e6183a-c38a-49b7-a735-3dc91d5a67f1,2016-11-22,2016-11-22,232a900f-e0f5-46b1-b3b6-0c6117dea625,27b64371-9beb-43d4-b155-f5264a48d714,Mastercard,Credit,5793,Purchase,10701.54,ZAR,1.0,10701.54,Spar,7011,Hotels & Motels,Bethlehem,ZA,False,AUTH230616,Approved,False,True
babdd84f-24ae-4e32-8eaf-9a0ab16c9bff,2020-05-10,2020-05-10,c20e3e17-658f-42db-8bed-0130fef2c901,f560a11f-0a60-4875-a976-a07c45530d17,Visa,Credit,9529,International Purchase,16274.34,GBP,23.2017,377592.35,Superbalist,7011,Hotels & Motels,West Adrianbury,AF,True,AUTH346797,Approved,False,False
fe20eb98-2473-4f99-bac1-45d99a0a63c8,2021-10-13,2021-10-14,232a900f-e0f5-46b1-b3b6-0c6117dea625,27b64371-9beb-43d4-b155-f5264a48d714,Mastercard,Debit,7303,International Purchase,28502.62,USD,18.2529,520255.47,Zara SA,5945,Hobby & Toy Shops,North Arthurmouth,SC,True,AUTH957489,Approved,False,False
4ae48f05-cad1-4442-9843-2465d3db1988,2017-01-16,2017-01-16,23954309-3a57-467d-a753-fdfafe6dfe53,e468483b-cf18-479d-8b10-3fc7f309a13a,Mastercard,Credit,7242,Online Purchase,2336.14,ZAR,1.0,2336.14,Takealot,7011,Hotels & Motels,Paarl,ZA,False,AUTH200503,Approved,False,True
df6fd55d-f289-4163-8c12-1b2cae04e4ea,2022-03-15,2022-03-16,39b67ad5-984f-44bb-8a1c-acf71a1980b7,f8d83d78-b82a-4c81-b612-0515b0350694,Visa,Debit,1734,Purchase,14009.63,ZAR,1.0,14009.63,Vodacom,4816,Online Services,Bethlehem,ZA,False,AUTH494297,Approved,False,True
818bebce-d7f2-4d39-a2ab-675f8737f542,2019-05-03,2019-05-03,aeff89cd-3c53-4414-b22b-489c1649d441,bd5e639e-5096-4b8e-ab11-dd6fbdee615b,Visa,Debit,6188,Chargeback,1980.96,ZAR,1.0,1980.96,Edgars,4816,Online Services,Sasolburg,ZA,False,AUTH880760,Approved,False,True
acae5608-2a70-457e-8277-a17971817ec5,2022-03-23,2022-03-24,0594e29f-85b7-4c9b-907f-24c8478f2410,ccfb2fd8-3927-4ffc-bb87-d12a67ce37a5,Visa,Credit,4448,Refund,2326.77,ZAR,1.0,2326.77,Shell SA,5541,Service Stations,West Philip,ZA,False,AUTH290638,Approved,False,True
1b6cec58-fd42-439b-8e71-8260b305bf80,2015-03-15,2015-03-17,8fd4a71b-f5a9-4402-8203-5dcbcb3e2d8b,97ddac20-2ab1-412a-aa23-deabd20e4497,Mastercard,Debit,7879,Refund,600.27,ZAR,1.0,600.27,Telkom,5411,Grocery Stores,Chatsworth,ZA,False,AUTH745033,Approved,False,True
b215b7f2-2cf8-4a75-b40e-95b30f848b1e,2021-10-02,2021-10-02,feff1299-937c-40f7-a410-c2b9dbc2b24a,486ed9cf-3f99-439b-a292-305d038605bf,Mastercard,Credit,9902,Contactless Payment,14332.83,ZAR,1.0,14332.83,Rain,5621,Women's Clothing Stores,Polokwane,ZA,False,AUTH981257,Approved,True,True
d5e52ae8-a98f-41e1-b388-b95d5f02119d,2023-01-26,2023-01-26,b3dbbf39-5550-42f3-b00d-7a5655610449,796496b2-fedc-473f-b0ad-08543529cc77,Mastercard,Credit,4530,Online Purchase,3478.96,ZAR,1.0,3478.96,KFC SA,5999,Retail Stores,Newcastle,ZA,False,AUTH500542,Approved,False,False
99b60652-0c2f-417c-b4f2-6db6369f9fda,2018-10-06,2018-10-08,4b1b6349-a418-4ad6-a483-5f8f7e720193,93c73736-9251-4422-849a-28d5d4bdc725,Mastercard,Credit,6938,Purchase,1777.44,ZAR,1.0,1777.44,H&M SA,5311,Department Stores,Potchefstroom,ZA,False,AUTH290719,Approved,False,True
5536d0fb-30a1-4171-b489-1b684eb6c979,2018-08-14,2018-08-16,9a0fce8f-96ca-4c4f-a669-888b0b796de0,3f4aa40e-79e7-4a14-84a7-1bf79aaf67ac,Mastercard,Debit,6152,Cash Advance,1995.01,ZAR,1.0,1995.01,Amazon SA,5912,Drug Stores & Pharmacies,eGoli,ZA,False,AUTH617494,Declined,False,True
88fd6334-39fa-446f-a0d5-82ef686121e5,2023-02-12,2023-02-14,cbb0b5b8-4767-4e6c-9616-a09c3be594a3,f1223908-ced9-4191-98a2-7223e90fc330,Visa,Debit,3671,Purchase,6577.49,ZAR,1.0,6577.49,Gym Company,5621,Women's Clothing Stores,Lake Geraldinebury,ZA,False,AUTH980371,Approved,False,False
ea1e2fbe-00b8-4914-af3e-237d6324caf7,2022-01-10,2022-01-10,2e9fadba-1c18-4053-b20a-30f32b47e2c1,5695af93-72f8-45b0-8581-09cf6b0fd54d,Mastercard,Credit,3026,Purchase,209.79,ZAR,1.0,209.79,Discovery Health,5621,Women's Clothing Stores,Mahikeng,ZA,False,AUTH280594,Approved,False,False
6b03e4ba-1a1a-47ea-94d1-a079faa892a2,2019-10-10,2019-10-11,a4341b92-e767-4d9a-a8bc-a1cd5c3cac45,e48bf09c-1d7e-4a66-9946-31e8e782c08e,Visa,Debit,4336,Purchase,5563.74,ZAR,1.0,5563.74,Clicks,5541,Service Stations,West Graememouth,ZA,False,AUTH774958,Approved,False,False
d73e2944-2946-4521-aa13-985f4ec0d10a,2021-05-09,2021-05-10,ea3f5b5d-69d1-4f5a-892f-3598e5da8f70,fe7e677d-74e5-49b5-b656-0b6c8f1374bb,Visa,Debit,7205,International Purchase,26086.9,USD,18.1044,472287.67,City Power,5621,Women's Clothing Stores,Upington,TO,True,AUTH989797,Approved,False,False
d70feca9-7359-44b6-81d1-e907f95ebe47,2022-06-02,2022-06-02,096e0e50-fb3b-4fa4-a64c-268b059881f5,792cf5fa-6e6c-47f4-8b08-8b279135255f,Mastercard,Credit,6094,Contactless Payment,7036.77,ZAR,1.0,7036.77,Takealot,4816,Online Services,Port Emmamouth,ZA,False,AUTH814729,Reversed,True,False
36b30fd9-a97a-4a7e-926e-36a1894b609d,2017-12-13,2017-12-13,5461ca2f-1892-4371-b2a2-7c455e990452,1bf46838-92d1-4b07-adc1-26f9bc1a6bdd,Mastercard,Credit,4400,Purchase,702.29,ZAR,1.0,702.29,Shell SA,5912,Drug Stores & Pharmacies,Centurion,ZA,False,AUTH484549,Approved,False,False
eae03a54-e681-436e-8797-04cbeba61586,2019-01-24,2019-01-25,39b67ad5-984f-44bb-8a1c-acf71a1980b7,f8d83d78-b82a-4c81-b612-0515b0350694,Visa,Debit,4558,Purchase,11579.62,ZAR,1.0,11579.62,Tiger Brands,4816,Online Services,North Daniel,ZA,False,AUTH655782,Approved,False,False
a8c0d863-2197-480b-ab86-f5292d153503,2024-02-24,2024-02-24,c20e3e17-658f-42db-8bed-0130fef2c901,f560a11f-0a60-4875-a976-a07c45530d17,Visa,Debit,3314,Purchase,7181.54,ZAR,1.0,7181.54,Truworths,7011,Hotels & Motels,Chatsworth,ZA,False,AUTH646344,Approved,False,True
057c04fe-7ae5-47b7-85b9-5cabc3e6dfba,2021-12-05,2021-12-07,3c8fb798-c3b6-409f-9971-2b15000eae45,96a0dd93-d9ee-4528-9173-61228081da8c,Visa,Debit,3008,Purchase,13629.61,ZAR,1.0,13629.61,KFC SA,7011,Hotels & Motels,Dixonfort,ZA,False,AUTH433653,Approved,False,True
35a70a53-3786-4e26-927e-ff09de86ffc7,2024-07-09,2024-07-10,2be9e2d8-fbb2-4b85-b60c-c3ac61dfba33,e7668c2c-8c8f-4de3-8db4-90ad16ae9b92,Mastercard,Credit,6327,Refund,5999.36,ZAR,1.0,5999.36,Telkom,7011,Hotels & Motels,Stellenbosch,ZA,False,AUTH734093,Approved,False,True
68d4366a-8756-4455-bdb4-952665b0b85e,2021-07-24,2021-07-25,70442b96-2c44-4411-8341-22c6a2927df3,66a5b361-8f0b-41dc-80c4-bc7aaa6cf6c6,Mastercard,Debit,4771,International Purchase,44687.23,USD,19.0903,853092.63,Debonairs,5311,Department Stores,Fosterton,RS,True,AUTH741350,Reversed,False,True
2906f2cf-8591-4c9f-b689-dc120c380efc,2023-10-16,2023-10-17,f204a453-cbb5-46ea-83bd-0d60fa26cc40,9a189484-cd9f-435c-b424-c12d0a715eb2,Visa,Debit,2101,Contactless Payment,6795.39,ZAR,1.0,6795.39,Pioneer Foods,5734,Electronics Stores,East Allanmouth,ZA,False,AUTH481667,Approved,True,False
42561881-4419-4747-a7f9-b23fe6433484,2017-03-18,2017-03-18,ec4f5235-c485-47ab-9100-a624cb729e72,fd250f7b-e79e-409d-82f0-7d0f61426f0b,Visa,Debit,3271,Purchase,10626.48,ZAR,1.0,10626.48,Netflix SA,5541,Service Stations,Marianshire,ZA,False,AUTH561493,Reversed,False,False
8fb06658-5529-4bac-a863-34d075585d42,2015-12-26,2015-12-28,4b004718-d836-4fb6-b039-83e1b568947f,d008e9b4-a86d-491e-bb43-dcf5c491c1cc,Visa,Debit,7550,Refund,6361.97,ZAR,1.0,6361.97,Old Mutual,5912,Drug Stores & Pharmacies,New Bernardbury,ZA,False,AUTH931295,Approved,False,False
16e59dca-c48d-44ba-ac3e-723e9d336411,2022-11-06,2022-11-06,2d269844-d32d-48d0-acbd-011f5e84612a,696dd856-e6af-4dd3-9595-cc197764d7c1,Visa,Debit,8950,Purchase,14986.84,ZAR,1.0,14986.84,KFC SA,8011,Doctors & Physicians,George,ZA,False,AUTH541835,Declined,False,True
bfed9614-058c-45b3-97ea-2644c536830f,2017-05-01,2017-05-01,5461ca2f-1892-4371-b2a2-7c455e990452,1bf46838-92d1-4b07-adc1-26f9bc1a6bdd,Visa,Debit,1455,Contactless Payment,7081.08,ZAR,1.0,7081.08,Netflix SA,4816,Online Services,East Harrietfurt,ZA,False,AUTH369426,Approved,True,True
93489e20-01bb-410b-aff6-b8c2b49feb19,2015-02-02,2015-02-03,b1a269fe-8526-4bbe-b46a-d7134620a6e3,c978e671-abb7-4632-8b23-ab955c9acf81,Visa,Credit,8146,Purchase,11510.74,ZAR,1.0,11510.74,Truworths,5411,Grocery Stores,North Emmatown,ZA,False,AUTH145742,Approved,False,True
03f2044f-cde1-4c2f-84bb-88d09f0f470c,2023-02-09,2023-02-09,586fb80b-c9a6-4c7a-9cb3-93a45cef0412,29de0f00-71e0-4673-9a83-7340a28f9433,Visa,Credit,1203,Cash Advance,3382.37,ZAR,1.0,3382.37,Superbalist,4816,Online Services,Musina,ZA,False,AUTH546985,Approved,False,False
a1949857-5df6-4c08-bd66-1a0a30c5223b,2021-02-10,2021-02-12,e3db2750-f26e-4c8b-9584-43a53a2bfde4,e0b5f00e-16ba-45c5-a3b3-a04b555efc7c,Visa,Credit,7275,Purchase,298.05,ZAR,1.0,298.05,Total SA,5945,Hobby & Toy Shops,Donaldland,ZA,False,AUTH512950,Approved,False,True
82393b75-1e7d-4205-b151-df9ec6050baf,2022-10-19,2022-10-20,0fe356f8-f46a-4f49-ae78-2a7ccbdd02f4,19720c0b-051e-47ea-b902-9b819c88f5ca,Visa,Debit,9650,Purchase,3591.05,ZAR,1.0,3591.05,Eskom,5661,Shoe Stores,Sasolburg,ZA,False,AUTH836974,Approved,False,False
77fed9b9-d108-488c-a4d3-293a02f00cc2,2016-07-10,2016-07-11,479a04c4-00d2-4b82-a752-6d70cadc6f32,0ebc03c1-6701-445a-b1f1-b2a9bda64229,Visa,Debit,6167,Purchase,9695.56,ZAR,1.0,9695.56,Amazon SA,4814,Telecommunications,North Lydia,ZA,False,AUTH245555,Approved,False,True
a8cd44dc-2c5e-40e8-bfc8-b6a3822a0722,2024-05-05,2024-05-05,69ed581f-8460-4fb0-867b-1205d9304df4,35467d6b-f1b1-4241-815d-df93767762c1,Visa,Debit,9056,Purchase,6502.39,ZAR,1.0,6502.39,BP SA,5411,Grocery Stores,eThekwini,ZA,False,AUTH162841,Approved,False,True
28a33ee2-9123-417c-be42-f21646cbb1cc,2021-09-19,2021-09-19,db2a1018-04fc-4b89-bded-9d908c281204,2ea14f7d-a56a-4f64-86f9-a70de9fdfd34,Mastercard,Debit,6217,Chargeback,9216.07,ZAR,1.0,9216.07,BP SA,8011,Doctors & Physicians,Bryanchester,ZA,False,AUTH785383,Declined,False,True
9d0dd5b4-5d1a-4b72-afbb-808294c3a967,2022-01-01,2022-01-01,eb37afca-78cc-4a2b-a2f5-dbebff5ac57c,d29864d0-31fd-4f9f-883a-7f503b38f90f,Mastercard,Debit,7286,Purchase,10034.16,ZAR,1.0,10034.16,Gym Company,5661,Shoe Stores,Randfontein,ZA,False,AUTH552911,Declined,False,False
6fd2d6fc-e6d3-4486-a2bf-f5d45e0b92cd,2019-01-11,2019-01-12,8c3df183-e48d-4079-ad3d-5e8ecb7fc3d0,52c43632-653a-46c0-a7af-cb4c3a1026a2,Mastercard,Credit,6455,Online Purchase,701.87,ZAR,1.0,701.87,H&M SA,8011,Doctors & Physicians,iBhayi,ZA,False,AUTH512198,Approved,False,False
725ea003-0353-4da7-943a-d4b2661fb0e1,2018-02-12,2018-02-13,e82178cd-a4b0-4b70-a302-64ff8846651f,b2ebfe50-e47c-439c-abf6-a9f68942352d,Visa,Credit,8605,Contactless Payment,8937.87,ZAR,1.0,8937.87,Caltex SA,5541,Service Stations,Michaelton,ZA,False,AUTH566877,Approved,True,True
c39d28c3-2a47-4049-a3d5-beb3b3839884,2015-10-26,2015-10-26,4c821eef-220b-4049-905b-2db203a164d4,99bb606a-d40c-4df5-9890-d18086d5f335,Visa,Credit,7666,Purchase,5936.94,ZAR,1.0,5936.94,Tiger Brands,5541,Service Stations,Harrishaven,ZA,False,AUTH106133,Approved,False,False
3849dfdd-8cb6-49c1-90f5-26f7e99ce3bf,2019-12-06,2019-12-06,b3dbbf39-5550-42f3-b00d-7a5655610449,796496b2-fedc-473f-b0ad-08543529cc77,Visa,Debit,3355,Purchase,4808.15,ZAR,1.0,4808.15,Truworths,4111,Transportation,Fosterside,ZA,False,AUTH379192,Approved,False,True
215d2bf2-8c82-474f-baef-71cefd44eed1,2015-09-12,2015-09-14,db617c72-425e-437c-a34a-66b127cb489e,aa0cf632-0446-46d5-9ce0-006948caa2ce,Visa,Credit,6619,Purchase,9013.75,ZAR,1.0,9013.75,Eskom,7011,Hotels & Motels,Natashaview,ZA,False,AUTH408084,Declined,False,True
3f17eaeb-1850-4cbb-9029-f7fd11e97f06,2019-01-03,2019-01-05,ba8016de-86c1-4920-88db-bee7d0cd9b87,a97c8ade-97f8-47e0-8d05-75fbfdef84b4,Visa,Debit,4462,International Purchase,25897.67,EUR,20.4024,528374.62,Naspers,8011,Doctors & Physicians,eGoli,NA,True,AUTH139431,Approved,False,True
5a386b13-0a36-40a1-a2e2-00d0dbcea94f,2018-06-23,2018-06-25,39b67ad5-984f-44bb-8a1c-acf71a1980b7,f8d83d78-b82a-4c81-b612-0515b0350694,Visa,Debit,1543,Purchase,2795.07,ZAR,1.0,2795.07,McDonald's SA,5912,Drug Stores & Pharmacies,iKapa,ZA,False,AUTH449298,Approved,False,True
7c6eb50a-bafc-4783-a87d-848c4b55729c,2018-08-12,2018-08-14,4b1b6349-a418-4ad6-a483-5f8f7e720193,93c73736-9251-4422-849a-28d5d4bdc725,Mastercard,Debit,9380,Purchase,4659.28,ZAR,1.0,4659.28,Checkers,4814,Telecommunications,Harperland,ZA,False,AUTH965203,Approved,False,True
0b32c346-2240-4337-9474-a22f927b080b,2018-01-22,2018-01-23,9a0fce8f-96ca-4c4f-a669-888b0b796de0,3f4aa40e-79e7-4a14-84a7-1bf79aaf67ac,Visa,Debit,8877,International Purchase,9511.51,ZAR,1.0,9511.51,Pick n Pay,5311,Department Stores,Gilesbury,KW,True,AUTH755190,Approved,False,True
8426bb82-33fd-412d-8b02-eca81441ec0f,2020-12-06,2020-12-08,5d46670a-5225-449b-86c3-a18bc4e72537,148694da-57d4-425a-9f97-96d8293011be,Mastercard,Debit,4468,Purchase,9839.5,ZAR,1.0,9839.5,Dischem,5621,Women's Clothing Stores,Port Reece,ZA,False,AUTH282781,Approved,False,True
a1af1e53-2742-4071-81ef-afc417ce6fcb,2019-02-20,2019-02-20,24c74360-9832-4d08-89dd-a00aaef9e898,31e7d721-e2e5-4bc2-8b0f-1c16bf58e45e,Mastercard,Credit,7263,Purchase,8302.24,ZAR,1.0,8302.24,Telkom,5945,Hobby & Toy Shops,Newcastle,ZA,False,AUTH289658,Approved,False,True
7c920370-72d8-4623-9a97-1e6f4821e380,2022-06-13,2022-06-15,3c8fb798-c3b6-409f-9971-2b15000eae45,96a0dd93-d9ee-4528-9173-61228081da8c,Visa,Credit,1898,Contactless Payment,7582.91,ZAR,1.0,7582.91,KFC SA,4816,Online Services,uMgungundlovu,ZA,False,AUTH879437,Approved,True,False
a29c9742-6f20-488d-84cc-dfa9f5375f55,2017-10-27,2017-10-29,07c7e1bc-65dc-48ff-ab9a-3dce36774fc6,8931f44e-bcba-4267-9d91-cf99c1259d56,Mastercard,Credit,5658,Contactless Payment,6875.79,ZAR,1.0,6875.79,Clicks,4814,Telecommunications,New Geraldinechester,ZA,False,AUTH925782,Reversed,True,True
bb450548-a4b7-4d57-ab62-91eb8a0cf8af,2023-03-23,2023-03-25,dd9decd1-caf1-447c-9928-6851d0aa1ed0,dadbdb7a-ad83-4e90-9356-19f735b66d27,Mastercard,Credit,1299,Chargeback,4673.95,ZAR,1.0,4673.95,Rain,4111,Transportation,Uitenhage,ZA,False,AUTH624301,Approved,False,False
694429ec-f3b3-477e-ab55-912bbc981a54,2018-11-08,2018-11-09,c18d8060-909e-49d1-8e42-9445994037b0,1e6bfc01-54e8-49f1-b039-a6bce14d302e,Visa,Credit,9676,Purchase,453.13,ZAR,1.0,453.13,Clicks,5999,Retail Stores,Polokwane,ZA,False,AUTH415897,Approved,False,True
52e25d19-a383-4c75-87f5-394f01a99743,2022-05-18,2022-05-20,8d039ef6-8817-4daf-8557-6afd37468d93,3b306728-de33-45da-8613-34f78fd3ca6a,Mastercard,Credit,4347,Contactless Payment,3621.74,ZAR,1.0,3621.74,Caltex SA,8011,Doctors & Physicians,Billyland,ZA,False,AUTH869430,Approved,True,False
9aaf88f3-95d2-474e-81c0-86c1d0f8b449,2019-02-08,2019-02-08,2be9e2d8-fbb2-4b85-b60c-c3ac61dfba33,e7668c2c-8c8f-4de3-8db4-90ad16ae9b92,Mastercard,Credit,6704,Contactless Payment,5164.15,ZAR,1.0,5164.15,Netflix SA,5621,Women's Clothing Stores,Jennachester,ZA,False,AUTH566996,Approved,True,True
8211922e-ad47-410c-851e-feda347ca30b,2021-01-29,2021-01-31,ea0a8fdf-9c34-4cf9-a946-ba796d693257,5f91b043-7d72-40ec-8c92-c61cb0c1833c,Mastercard,Credit,1414,Purchase,9599.62,ZAR,1.0,9599.62,Momentum,4814,Telecommunications,Julianbury,ZA,False,AUTH962693,Approved,False,True
717f7b31-d3c5-40d1-93a8-1fe36d98bc84,2024-11-16,2024-11-17,e3521f74-2679-412c-bb47-a397bc1e1d54,239ae69f-6fe0-4b40-91cf-cea7b0f8cec4,Visa,Credit,9248,International Purchase,40512.82,EUR,19.4072,786240.4,Edgars,7011,Hotels & Motels,Kathu,ME,True,AUTH893321,Approved,False,False
5885647f-55fa-42f1-89e2-91202e477265,2023-08-13,2023-08-13,ea30a547-290d-4b22-9e7c-c2ef9891fc4d,35467d6b-f1b1-4241-815d-df93767762c1,Visa,Debit,6558,Online Purchase,14560.31,ZAR,1.0,14560.31,Cell C,5999,Retail Stores,Shaunbury,ZA,False,AUTH731555,Approved,False,False
dafadc3f-321c-4688-8080-73f14480d31c,2018-09-13,2018-09-15,f75c54cf-e16c-4fc0-b3ae-a93a591a7503,4ea440d8-ce17-45ae-9037-e5677b3c173e,Visa,Debit,6155,Cash Advance,3435.44,ZAR,1.0,3435.44,Tiger Brands,5541,Service Stations,eThekwini,ZA,False,AUTH220346,Approved,False,True
9dc49d13-05de-448a-91d2-4588160e9df3,2016-09-17,2016-09-19,88fcd419-afb8-498a-8393-2030dc1539b7,96a0dd93-d9ee-4528-9173-61228081da8c,Mastercard,Credit,6487,Refund,8138.35,ZAR,1.0,8138.35,Tiger Brands,5812,Eating Places & Restaurants,Klerksdorp,ZA,False,AUTH552001,Approved,False,False
cb33e02e-b975-4fa4-bb64-1561de8d0f3e,2024-04-30,2024-05-01,f22f270a-6581-4dfc-99bf-ccafa6313f55,d2a252aa-3d52-420a-b18f-5c134e1fa217,Visa,Debit,2454,Purchase,964.87,ZAR,1.0,964.87,Checkers,5945,Hobby & Toy Shops,iKapa,ZA,False,AUTH944761,Approved,False,False
5fa0e889-c426-4ee5-bf3d-7ed4e7372e9c,2020-08-27,2020-08-29,0594e29f-85b7-4c9b-907f-24c8478f2410,ccfb2fd8-3927-4ffc-bb87-d12a67ce37a5,Mastercard,Debit,8172,Purchase,8402.12,ZAR,1.0,8402.12,Spar,7011,Hotels & Motels,South Kayleigh,ZA,False,AUTH817924,Approved,False,False
08c2caa8-8f1b-4d3e-8d0f-f634290adc72,2018-01-31,2018-02-02,d7952e5b-22e9-4289-8b87-5a5b800bceb8,2949a668-9ea3-4b41-9f9a-136b86be274f,Mastercard,Credit,9255,Contactless Payment,13454.0,ZAR,1.0,13454.0,Old Mutual,8011,Doctors & Physicians,Allanfurt,ZA,False,AUTH515619,Approved,True,False
4c15a455-b4fa-4dc5-ba4f-d9881209a31f,2016-06-10,2016-06-12,25db4c54-6c26-4cee-b061-bdd813529556,52347243-9079-4ddd-b580-f6bf33305faa,Visa,Debit,8377,Purchase,8191.12,ZAR,1.0,8191.12,Gym Company,8011,Doctors & Physicians,Stellenbosch,ZA,False,AUTH354515,Pending,False,True
7661fe5c-c254-4bca-b26d-83e7df8bd5c6,2023-12-21,2023-12-23,2e9fadba-1c18-4053-b20a-30f32b47e2c1,5695af93-72f8-45b0-8581-09cf6b0fd54d,Mastercard,Credit,8869,Purchase,7268.62,ZAR,1.0,7268.62,Bidvest,5812,Eating Places & Restaurants,Stellenbosch,ZA,False,AUTH559891,Approved,False,False
5f1cbdc3-e222-4755-9592-173e3a1afd30,2024-02-09,2024-02-09,479a04c4-00d2-4b82-a752-6d70cadc6f32,0ebc03c1-6701-445a-b1f1-b2a9bda64229,Mastercard,Credit,9530,Purchase,3063.37,ZAR,1.0,3063.37,Eskom,4814,Telecommunications,Musina,ZA,False,AUTH129890,Approved,False,True
48ccd89a-eced-4bd7-8115-f5ae43a24fa5,2018-11-05,2018-11-05,2143fcc5-c0dd-4d9a-91a9-c397c3668087,e67fb514-f205-44b3-8ad0-92adffde1fbe,Mastercard,Debit,8270,Purchase,651.31,ZAR,1.0,651.31,Total SA,5621,Women's Clothing Stores,Centurion,ZA,False,AUTH833511,Approved,False,False
732a7e09-454d-4327-b135-c319b56f20d5,2019-06-25,2019-06-25,e3d96443-c719-4a01-9d3f-aa8b4640df6c,106cb973-661a-496e-a060-9e09a57efbb5,Visa,Debit,8224,Refund,6689.37,ZAR,1.0,6689.37,Old Mutual,5912,Drug Stores & Pharmacies,East Yvonne,ZA,False,AUTH686830,Approved,False,True
7e8f7883-bf3c-4e0d-b3bd-af6b9dcdd5a4,2017-09-17,2017-09-19,8d039ef6-8817-4daf-8557-6afd37468d93,3b306728-de33-45da-8613-34f78fd3ca6a,Mastercard,Credit,4282,Purchase,11951.76,ZAR,1.0,11951.76,Bidvest,5541,Service Stations,Taylorbury,ZA,False,AUTH937586,Approved,False,True
d2909ccf-b4dd-40bb-927d-9d6754a25277,2020-05-22,2020-05-24,4e1bb47c-33e0-4919-8fbe-e23eea0e3802,19c5ba73-e18f-49a2-a104-e01ab37e74f4,Visa,Credit,7761,Purchase,11656.8,ZAR,1.0,11656.8,Rain,5734,Electronics Stores,Bethlehem,ZA,False,AUTH734168,Pending,False,True
024f8616-bc9e-4dc5-a72c-c61c5d48028f,2024-08-30,2024-09-01,135f4e0f-cb3f-4295-8974-d59248f94e56,eaf88bf2-93bd-40fc-bc6a-c6a64d63c873,Visa,Debit,6923,Contactless Payment,10555.86,ZAR,1.0,10555.86,Momentum,5812,Eating Places & Restaurants,West Ritaland,ZA,False,AUTH615201,Approved,True,False
6aa03ee3-9647-481d-910b-439b45ebbc99,2016-04-07,2016-04-07,9c7e2c81-a85b-4300-a99b-6edfbfd42cfe,2b230825-6b17-4ffe-9620-5f77ec1c9594,Mastercard,Credit,8705,International Purchase,44381.4,EUR,19.262,854874.53,Planet Fitness,5734,Electronics Stores,Kathu,CM,True,AUTH153411,Approved,False,False
d74558b3-e234-474b-ba5e-94f96cd7cdd3,2024-03-01,2024-03-01,9a0fce8f-96ca-4c4f-a669-888b0b796de0,3f4aa40e-79e7-4a14-84a7-1bf79aaf67ac,Mastercard,Credit,4047,Contactless Payment,10739.13,ZAR,1.0,10739.13,Spur,5411,Grocery Stores,Williamston,ZA,False,AUTH391460,Approved,True,False
7fcddee2-62b7-4ba0-a935-69301d9bd36e,2021-02-01,2021-02-01,3cf01646-9180-4f8f-bf3c-dae3ee96c9af,a230f313-bffe-4fb1-884a-180392f85ad8,Mastercard,Credit,3301,International Purchase,32770.3,GBP,22.9037,750561.12,McDonald's SA,5411,Grocery Stores,West Julieside,QA,True,AUTH541813,Approved,False,True
5d9a5319-a368-4fa5-a38e-bbd757b1217e,2023-09-03,2023-09-05,2d269844-d32d-48d0-acbd-011f5e84612a,696dd856-e6af-4dd3-9595-cc197764d7c1,Visa,Debit,8090,Purchase,13509.34,ZAR,1.0,13509.34,Discovery Health,5999,Retail Stores,Stellenbosch,ZA,False,AUTH454036,Approved,False,True
a44866c8-07db-4ad5-b0ae-6cc28f4beabc,2017-01-27,2017-01-28,24c74360-9832-4d08-89dd-a00aaef9e898,31e7d721-e2e5-4bc2-8b0f-1c16bf58e45e,Visa,Debit,3853,Contactless Payment,3875.7,ZAR,1.0,3875.7,Dischem,5812,Eating Places & Restaurants,Mahikeng,ZA,False,AUTH605567,Declined,True,False
88a011a1-afaa-4597-8345-a7b666666ac2,2023-04-06,2023-04-06,d2e5e758-c7b6-47a8-8e69-495162641831,a19093bd-f153-4dbc-bcd8-fb5ad1a36321,Visa,Debit,8097,Refund,7299.47,ZAR,1.0,7299.47,Dischem,5621,Women's Clothing Stores,West Peter,ZA,False,AUTH255385,Approved,False,True
6c91f770-fb5c-4203-9afd-15d7b433550c,2023-04-06,2023-04-08,7aef813b-dc7c-43e8-9b97-6ed2aa92d763,2e55a89e-d749-4d86-862c-9b529be6064f,Visa,Debit,4181,Purchase,13770.74,ZAR,1.0,13770.74,MTN,8011,Doctors & Physicians,West Marcus,ZA,False,AUTH235589,Pending,False,True
8839a5e2-5339-4cd4-b8ed-fa13dbd7da19,2020-08-02,2020-08-02,ff638ebf-bcaf-4a04-8876-a1a9e236c918,ab89aa9f-66e2-4754-bec4-86f8d62d6503,Visa,Debit,4374,Purchase,6598.69,ZAR,1.0,6598.69,Superbalist,5621,Women's Clothing Stores,Joanneborough,ZA,False,AUTH788098,Approved,False,True
18d4c1c9-8b9c-4d98-b76a-e3bffe3ae360,2019-05-13,2019-05-15,2306d171-782e-48a8-9934-2a665366e51e,2ecc888d-d15b-4f39-b160-3e1801da08c9,Mastercard,Debit,7401,Contactless Payment,890.96,ZAR,1.0,890.96,Virgin Active,5621,Women's Clothing Stores,North Bryanmouth,ZA,False,AUTH508803,Declined,True,False
0bd34c85-5eb6-42fb-b501-258b8cf26205,2018-05-18,2018-05-19,aeff89cd-3c53-4414-b22b-489c1649d441,bd5e639e-5096-4b8e-ab11-dd6fbdee615b,Visa,Debit,4947,Purchase,2376.12,ZAR,1.0,2376.12,Vodacom,5411,Grocery Stores,Burgessbury,ZA,False,AUTH995203,Approved,False,True
4833234d-071d-4050-afbe-df31a34cc302,2020-10-05,2020-10-06,2394630b-f57c-4ba1-8501-c26889763147,802e7e56-190c-41fd-a9d0-3d2880dd2cc3,Mastercard,Credit,8845,Refund,843.12,ZAR,1.0,843.12,Steers,4814,Telecommunications,Kimberley,ZA,False,AUTH741467,Approved,False,True
b3591150-135d-4d73-937a-7cc11ed3f883,2024-07-22,2024-07-23,c9b07011-12b8-43f6-9ef8-d9b8b4500878,f08a0cb8-0801-4ed0-bad6-d7251ed2fea2,Mastercard,Credit,1471,Purchase,1132.91,ZAR,1.0,1132.91,Edgars,5912,Drug Stores & Pharmacies,Lake Sheilafurt,ZA,False,AUTH472006,Approved,False,True
8eea4e2d-a992-4bac-840e-68b517d525bb,2017-02-24,2017-02-25,51c3d72e-845a-4bd4-976b-1c3857a20752,c3d68512-ee39-41cc-9791-0586599d9721,Visa,Debit,1457,International Purchase,43021.85,ZAR,1.0,43021.85,Tiger Brands,7011,Hotels & Motels,West Danny,UY,True,AUTH592177,Approved,False,False
d51fe93a-b96b-41f3-99fc-295434c95bc1,2024-01-25,2024-01-25,c42d8640-cf6b-42f1-ab42-941239ae7479,88faa5c9-4534-4792-8d20-8b7f6ca3c0fd,Mastercard,Credit,6799,Refund,1179.99,ZAR,1.0,1179.99,Checkers,5999,Retail Stores,eThekwini,ZA,False,AUTH955393,Approved,False,True
0432fdc3-08dd-45c7-a18d-4a312495f587,2019-05-17,2019-05-17,d2fcf2e8-ef02-4aee-bc6f-02c5ab328a79,93e49ad9-221b-44ed-8d8b-837f2221b03a,Visa,Debit,6918,Purchase,13925.17,ZAR,1.0,13925.17,Checkers,5912,Drug Stores & Pharmacies,iKapa,ZA,False,AUTH397954,Approved,False,True
6a3a03fe-74bf-45fc-8d0b-d13d5466aac7,2017-03-13,2017-03-15,c07fb421-32df-432f-a1e3-5dca2a0d375c,d185f9f0-8fc7-406e-8e5a-ca0aeae36542,Visa,Debit,1107,Purchase,12091.63,ZAR,1.0,12091.63,Engen,5999,Retail Stores,Polokwane,ZA,False,AUTH931362,Approved,False,True
8de45dac-e209-47c7-b08a-b3f80a289a06,2020-11-17,2020-11-17,f2565d0e-f8d4-42d3-abea-5f571338fc08,f1584ac8-e703-493b-b684-5079521cb443,Visa,Credit,5082,Cash Advance,618.66,ZAR,1.0,618.66,Tiger Brands,5945,Hobby & Toy Shops,Polokwane,ZA,False,AUTH505479,Approved,False,True
00d47c4d-7b38-4772-86f1-287304110679,2018-10-04,2018-10-04,c20e3e17-658f-42db-8bed-0130fef2c901,f560a11f-0a60-4875-a976-a07c45530d17,Visa,Debit,6445,Contactless Payment,6410.83,ZAR,1.0,6410.83,Vodacom,5621,Women's Clothing Stores,Fordland,ZA,False,AUTH405330,Approved,True,False
6d304add-892e-4f16-a6ec-b51c3b82305d,2022-03-19,2022-03-19,70442b96-2c44-4411-8341-22c6a2927df3,66a5b361-8f0b-41dc-80c4-bc7aaa6cf6c6,Mastercard,Debit,5613,Refund,5686.07,ZAR,1.0,5686.07,Truworths,5812,Eating Places & Restaurants,New Garry,ZA,False,AUTH992074,Reversed,False,True
bc1190fe-69d9-4766-9c8d-860dc404cc7b,2018-05-03,2018-05-05,7fa830a4-4bbf-4890-b724-7beb73038ac3,e468483b-cf18-479d-8b10-3fc7f309a13a,Visa,Credit,5593,Purchase,2530.13,ZAR,1.0,2530.13,Clicks,8011,Doctors & Physicians,East Nicholasbury,ZA,False,AUTH440146,Approved,False,True
a6c98a31-917b-4339-97f2-8eac3d0dc072,2015-06-13,2015-06-15,502acaed-89ca-45fa-845d-4c5e3b6db22f,3e12b679-d262-4e5f-abb3-e50d983421e2,Mastercard,Credit,6464,Online Purchase,7582.93,ZAR,1.0,7582.93,Vodacom,5621,Women's Clothing Stores,Potchefstroom,ZA,False,AUTH107850,Approved,False,False
cbf02d5d-6464-4757-806f-b13e6539ec00,2020-12-17,2020-12-18,fe481b7b-4617-4cd9-8f7e-4780fbed25c9,97ddac20-2ab1-412a-aa23-deabd20e4497,Visa,Credit,9973,Purchase,3325.62,ZAR,1.0,3325.62,Woolworths,5999,Retail Stores,Newcastle,ZA,False,AUTH803871,Approved,False,True
bad4a935-5579-487a-a03e-7629f25b299f,2015-02-07,2015-02-08,cc4d93f2-8c8d-4f30-805f-e2f4081a6155,475c2f67-b3cb-4fac-8e1a-0ed764b9a2fe,Visa,Credit,4340,Online Purchase,1234.21,ZAR,1.0,1234.21,Clicks,5621,Women's Clothing Stores,Leeton,ZA,False,AUTH888232,Approved,False,True
d594666f-6337-462c-8601-f95aec5a9e4c,2018-06-29,2018-06-29,3cf01646-9180-4f8f-bf3c-dae3ee96c9af,a230f313-bffe-4fb1-884a-180392f85ad8,Mastercard,Credit,3253,Purchase,4783.28,ZAR,1.0,4783.28,Superbalist,5912,Drug Stores & Pharmacies,Clarkeborough,ZA,False,AUTH254177,Declined,False,True
b526c628-7356-45fe-9f19-cc50bfecba9b,2022-12-04,2022-12-04,2f40bed9-acd6-44b5-b602-97d39a9dc3a7,01137316-1352-488d-a263-adc17ec0076e,Visa,Credit,8392,Purchase,5410.39,ZAR,1.0,5410.39,Edgars,4111,Transportation,Chatsworth,ZA,False,AUTH738604,Approved,False,True
