customer_id,customer_number,first_name,last_name,id_number,date_of_birth,gender,race,email,phone,mobile_phone,street_address,suburb,city,province,postal_code,employment_status,employer_name,job_title,annual_income,income_source,credit_score,customer_segment,onboarding_date,onboarding_channel,kyc_status,fica_status,is_active,churn_date,relationship_manager_id,nationality,country_of_birth,tax_number,vat_number,marketing_consent,digital_consent
79ed2e81-d033-4bea-a3d9-faeb7e9b80e5,PCB9851745648,Siyabonga,Nkosi,5209146810081,1952-09-14,M,Black,bdlungwana@example.org,0822687056,0795662462,4908 Paul Kruger Ithafa,Vincent,East London,Eastern Cape,8814,Employed,Sishangwe LLC,Environmental health practitioner,581399,Salary,609,Emerging Affluent,2017-06-05,Mobile,Verified,Compliant,True,,,South African,South Africa,8755749566,,True,True
22dbb7eb-1dd1-4d80-8cb9-73cf52e8c294,PCB2593765711,Musa,Barker,7011148181082,1970-11-14,M,Black,nomthandazoshelembe@example.com,0813046990,0623983735,711 Rivonia Isitaladi,Universitas,Bethlehem,Free State,4968,Unemployed,,,150836,Social Grant,543,Mass Market,2016-03-03,Branch,Pending,Non-Compliant,True,,,South African,South Africa,6173344564,,True,True
443feac0-db02-4215-bac3-8466225e9316,PCB6418365941,Owethu,Norton,7501303118088,1975-01-30,F,Black,geraldinerees@example.net,0797717535,0716093204,23 Clarence Isitaladi,Fourways,Midrand,Gauteng,9066,Self-Employed,"Pritchard, Thomas and Nicholls",Multimedia specialist,232403,Pension,444,Mass Market,2018-08-21,Online,Verified,Compliant,True,,,South African,South Africa,2416760621,,True,True
919f035a-d76e-41e6-b5d5-bf87e5a78404,PCB7402059279,Elliott,Marsden,9711147765087,1997-11-14,M,Black,vanessaphillips@example.net,0655228728,0840801006,7327 William Indawo,Vincent,Queenstown,Eastern Cape,2253,Student,,,376121,Social Grant,560,Mass Market,2020-03-10,Branch,Verified,Compliant,True,,,South African,South Africa,7467073633,,True,True
dadbdb7a-ad83-4e90-9356-19f735b66d27,PCB9661772834,Suzanne,Collins,6803193996087,1968-03-19,F,Black,abbiemorley@example.net,0874840862,0631823398,23 Morris Meadow,Fauna Park,Thohoyandou,Limpopo,4136,Employed,"Onjengenyamazane, Ximba and Gobhozi",Ambulance person,388953,Investment,514,Emerging Affluent,2020-06-17,Branch,Verified,Compliant,False,2022-11-06,,South African,South Africa,7038841740,,True,True
8faad975-760d-4b08-916c-7797fd6f153f,PCB4262396395,Thando,Mavela,7004275660082,1970-04-27,M,Black,emncube@example.com,0626668700,0862176591,"Studio 48
Gail Stravenue",Fourways,Pretoria,Gauteng,8654,Employed,Lloyd-Turner,"Chemist, analytical",388957,Pension,521,Emerging Affluent,2015-11-13,Branch,Pending,Compliant,True,,,South African,South Africa,7729286656,,True,True
7c1c57bc-fea1-40c0-b55c-c843f9ddd24b,PCB2350701477,Marion,Hlabangane,5202094448080,1952-02-09,F,Black,olwethu28@example.org,0669261429,0679685621,5 Sheila Tunnel,Fourways,Sandton,Gauteng,8205,Employed,"Mathunjwa, Sothole and Ndiyema",Clinical research associate,2346808,Business,658,Affluent,2020-06-09,Branch,Verified,Compliant,True,,RM1539,South African,South Africa,5621463184,,True,True
a402e265-cc8d-46d1-9ec2-5bd8cf1ace26,PCB3107125807,Trevor,Mthinti,9807157673082,1998-07-15,M,Black,sibekonozizwe@example.org,0728662961,0834311426,5782 Napier Indawo,Fauna Park,Thohoyandou,Limpopo,2528,Employed,"Nzuza, Mabhoko and Dimba",Medical laboratory scientific officer,248224,Business,471,Mass Market,2016-09-26,Branch,Verified,Compliant,False,2018-05-08,,South African,South Africa,6618965944,,True,True
1f752c62-b00d-40bc-b0eb-8ba757d5b8c1,PCB2752536389,Kenneth,Phewa,8808236535083,1988-08-23,M,Black,pturner@example.com,0601581995,0730466183,"Flat 3
Philip Junction",Sea Point,Stellenbosch,Western Cape,9371,Retired,,,125717,Pension,454,Mass Market,2020-04-09,Online,Verified,Compliant,True,,,South African,South Africa,6447765697,,False,True
239ae69f-6fe0-4b40-91cf-cea7b0f8cec4,PCB6845987005,Thalente,Mqadi,6112072455083,1961-12-07,F,Black,phuthinimandlakhe@example.net,0677993712,0690659657,3738 Somerset Indawo,Westville,Richards Bay,KwaZulu-Natal,5485,Employed,"Mboko, Msamkhulu and Mkholo",Actor,219346,Salary,462,Mass Market,2020-08-18,Mobile,Verified,Compliant,True,,,South African,South Africa,6585327015,,True,True
06b4cbf1-5e59-4e2f-93b9-72bec63fdd0f,PCB6336171726,Adrian,Mann,8108096455084,1981-08-09,M,Black,longodezakhele@example.com,0734651939,0812807374,"Studio 7
Ellie Shoal",Glenwood,Newcastle,KwaZulu-Natal,1134,Unemployed,,,126136,Social Grant,463,Mass Market,2022-09-22,Mobile,Verified,Compliant,True,,,South African,South Africa,8015124886,,False,True
04d8ed45-f4c5-422c-9678-d8c8ce690ee3,PCB8265834251,Mnqobi,Mathula,0104160605088,2001-04-16,F,Black,maryakhtar@example.com,0810589113,0855290965,181 Paul Kruger Umgwaqo,Beacon Bay,Queenstown,Eastern Cape,7053,Self-Employed,Cibane Ltd,Clinical embryologist,125976,Salary,450,Mass Market,2023-08-11,Branch,Verified,Compliant,True,,,South African,South Africa,6244291385,,True,True
90de2424-c3c9-493f-a5c9-9bb234518d61,PCB6563839027,Thando,Poole,6508096234082,1965-08-09,M,Black,yayize@example.com,0621254573,0797571775,"Studio 8
Nash Hill",Vincent,King William's Town,Eastern Cape,1101,Self-Employed,Mbhobho Group,Quarry manager,185921,Salary,473,Mass Market,2024-05-23,Mobile,Verified,Compliant,True,,,South African,South Africa,3783009621,,True,True
12f2f83e-8dda-4197-ad36-0a7ffee58769,PCB2984507492,Bandile,Kerr,9804049521088,1998-04-04,M,Black,mahlobomcebisi@example.org,0732266093,0769660334,4361 Stanley Indawo,Universitas,Welkom,Free State,1026,Employed,Mhlanga Ltd,Interior and spatial designer,56822,Salary,353,Mass Market,2021-03-20,Mobile,Verified,Compliant,True,,,South African,South Africa,6141394879,,False,True
12e6b9ee-2be7-4214-ad3c-2fd93578dfc5,PCB5785590330,Silondile,Dubandlela,5301302567082,1953-01-30,F,Black,dennis53@example.com,0727924991,0852513412,475 John Mount,Bellville,Paarl,Western Cape,6117,Unemployed,,,171321,Social Grant,453,Emerging Affluent,2018-12-10,Online,Verified,Compliant,True,,,South African,South Africa,6942989052,,False,True
b6d87c10-28ea-453a-9463-3da693da5073,PCB5336127859,Joshua,Thembekwayo,7907219011084,1979-07-21,M,White,jenniferlee@example.net,0643688767,0747721903,841 Arthur Crescent,Bendor,Tzaneen,Limpopo,4786,Employed,Mathonsi and Sons,Consulting civil engineer,119460,Salary,478,Mass Market,2016-07-06,Branch,Verified,Compliant,True,,,South African,South Africa,3193894984,,True,True
0efb1307-2e35-4775-952c-fccda5c4af82,PCB2826025489,Thalente,Martin,6807094440085,1968-07-09,F,Black,dsmith@example.org,0873407451,0761339596,"Flat 0
Vaughan Route",Glenwood,Pinetown,KwaZulu-Natal,2720,Employed,"Mbokazi, Mayeza and Ndonga",Trade union research officer,93241,Business,449,Mass Market,2024-06-03,Mobile,Verified,Compliant,True,,,South African,South Africa,7743417981,,True,True
0a9a3294-c936-41b8-828c-3ca45cc8d16c,PCB4501175349,Gugu,Nsele,8309282397088,1983-09-28,F,Black,thembekwayothabisile@example.net,0646042232,0865367294,50 Cecil Umgwaqo,Glenwood,Pietermaritzburg,KwaZulu-Natal,6787,Self-Employed,Cox PLC,"Surveyor, mining",193461,Salary,447,Mass Market,2016-12-16,Branch,Verified,Compliant,True,,,South African,South Africa,8515344013,,True,True
14407c92-24a5-4b5f-9183-82abcbe690e4,PCB9989974968,Rosie,Msweli,8509052681088,1985-09-05,F,Black,nomathembadladla@example.org,0765186363,0784545892,"Studio 34k
Margaret Well",Westville,Newcastle,KwaZulu-Natal,9276,Employed,Richardson Ltd,Manufacturing systems engineer,268494,Pension,515,Emerging Affluent,2018-07-11,Mobile,Pending,Compliant,True,,,British,United Kingdom,1197323378,,True,True
b0d6b70d-63ae-466a-bc5d-dcd27e6a5966,PCB2837384013,Zakhele,Morton,8806221294088,1988-06-22,F,Black,stewart33@example.org,0862424154,0625206436,541 Churchill Indawo,Walmer,Port Elizabeth,Eastern Cape,1495,Unemployed,,,74849,Social Grant,441,Mass Market,2019-09-10,Branch,Verified,Compliant,True,,,South African,South Africa,8215470878,,False,True
7a82fc95-2e3f-4291-bcd9-16146d4b26f8,PCB1304205279,S'fiso,Thomas,8408108459080,1984-08-10,M,Indian,terry69@example.net,0731115542,0732218909,7340 Main Indawo,Sandton,Midrand,Gauteng,2689,Employed,"Robinson, Wilkinson and Singh",Games developer,990640,Salary,547,Emerging Affluent,2020-02-27,Online,Verified,Compliant,True,,,South African,South Africa,8243746556,,True,False
052a0fcd-ee38-4e04-92e9-1ae87b732a42,PCB7139177917,Mohamed,Sembathwa,7106236008082,1971-06-23,M,Black,dorothy65@example.com,0643413899,0879404389,6 Davies Extensions,Rosebank,Johannesburg,Gauteng,8349,Employed,Gambu-Hlomuka,Youth worker,390749,Salary,563,Emerging Affluent,2024-04-12,Branch,Verified,Compliant,True,,,South African,South Africa,6322929387,,True,True
97996329-6e3f-48fe-bc36-b36c88817145,PCB9533595495,Reece,Nowanqa,8811279327080,1988-11-27,M,Black,sharonthornton@example.net,0712696582,0781091043,"Studio 7
Denise Mountains",Seshego,Thohoyandou,Limpopo,0653,Retired,,,168913,Social Grant,449,Mass Market,2018-01-12,Mobile,Verified,Compliant,True,,,South African,South Africa,8589679668,,True,True
ad4f5d57-e2cd-44ca-b6b9-a067b3961cc6,PCB5654014006,Thabisa,Wilson,9501214404086,1995-01-21,F,Black,jabulanigambuse@example.org,0628328569,0841463031,69 Bethan Lights,La Lucia,Umhlanga,KwaZulu-Natal,7119,Employed,"Khomo, Ngwekazi and Malevu",Chief Financial Officer,74338,Salary,434,Mass Market,2018-09-03,Online,Verified,Compliant,True,,,South African,South Africa,1754393408,,False,False
a1dfb36c-cd18-4be2-bef0-9cfb5f7cdf0d,PCB8390631634,Natalie,Ntshangase,7709024066082,1977-09-02,F,Black,bevanadrian@example.com,0655241056,0688149177,6889 Gandhi Indawo,Morningside,Durban,KwaZulu-Natal,8369,Employed,Smith-Lynch,Clinical biochemist,729846,Salary,559,Affluent,2015-04-21,Online,Verified,Compliant,True,,RM9568,South African,South Africa,4104309491,,False,True
c642863a-b5db-4a27-a064-b2f335477dce,PCB4952342924,Henry,Bartlett,6403177003085,1964-03-17,M,Black,psmith@example.net,0650863536,0875419518,"Studio 34C
Mitchell Freeway",Berea,Durban,KwaZulu-Natal,0863,Retired,,,172993,Investment,405,Mass Market,2015-09-08,Mobile,Expired,Non-Compliant,False,2017-10-22,,South African,South Africa,8923555411,,True,True
1983098f-8a8b-4466-8a07-40ccff077da1,PCB6336857629,Nomthandazo,Nyokayebululu,5610081643086,1956-10-08,F,Coloured,dlawuzanomathemba@example.com,0729738320,0740385050,"Flat 3
McCarthy Trail",Claremont,Cape Town,Western Cape,6165,Employed,Newton-Henderson,Dentist,86418,Investment,357,Mass Market,2021-08-27,Online,Verified,Compliant,True,,,South African,South Africa,6317889312,,True,False
13e73d20-b6c4-4bc0-9cd5-546497a8703b,PCB7527316141,Thando,Jones,9610177292088,1996-10-17,M,Black,janet68@example.net,0865719182,0846199062,74 Joseph Umgwaqo,Brackenfell,Stellenbosch,Western Cape,3880,Retired,,,200112,Pension,490,Mass Market,2020-08-16,Mobile,Pending,Compliant,True,,,South African,South Africa,6696207128,,True,True
7edc5bbc-c15d-4f7c-ac6b-6d1a88618009,PCB6000952470,Silondile,Bikelwayo,9910194789080,1999-10-19,F,Black,ndandalinomthandazo@example.org,0765618537,0697411249,4 Mills Motorway,Morningside,Pietermaritzburg,KwaZulu-Natal,0661,Employed,King-Roberts,"Psychologist, sport and exercise",317949,Salary,535,Emerging Affluent,2016-04-03,Mobile,Verified,Compliant,True,,,South African,South Africa,9454213661,,True,False
87805b14-50da-45b2-b8d0-37963f00a73b,PCB3362751242,Mzamo,Sontuli,6805106424089,1968-05-10,M,Black,vusumuzi10@example.org,0637121003,0643651994,39 Oxford Indlela,Roodepan,Springbok,Northern Cape,1229,Employed,Carter-Lamb,Forensic psychologist,376837,Salary,502,Emerging Affluent,2018-01-12,Branch,Pending,Compliant,False,2020-05-19,,South African,South Africa,1553155490,,True,True
5a59e0f6-712f-461e-8506-d79ff0bf9914,PCB7759781156,Sihawukele,Mbende,6003020349084,1960-03-02,F,Black,whiteheadgraeme@example.net,0876706625,0662447209,"Studio 31L
Timothy Square",Sea Point,George,Western Cape,4027,Employed,"Clark, May and Hall","Merchandiser, retail",317763,Business,550,Emerging Affluent,2015-07-27,Online,Pending,Compliant,True,,,South African,South Africa,5671728485,,True,True
447d47dd-c3d3-4915-91f1-c57c342584de,PCB6837342064,Joyce,Rees,6310314453081,1963-10-31,F,Black,bakerwendy@example.org,0817598564,0650593040,"Studio 72B
Zoe Run",Rustenburg Central,Brits,North West,7729,Employed,"Foster, O'Neill and Robinson","Loss adjuster, chartered",1225369,Salary,564,Emerging Affluent,2017-06-18,Mobile,Expired,Non-Compliant,True,,,South African,South Africa,1430073711,,True,True
c28536e5-1fb2-4b00-bea2-87a174a49c09,PCB4630196130,Mohammad,Hall,7906146797080,1979-06-14,M,Black,duncan14@example.com,0653955905,0829293784,1965 Joseph Isitaladi,Berea,Umhlanga,KwaZulu-Natal,2877,Unemployed,,,161551,Social Grant,469,Mass Market,2024-06-23,Branch,Verified,Compliant,True,,,South African,South Africa,7556046460,,False,True
42e9216b-dd83-4608-8cad-1ed2c7e20a66,PCB1255790920,Joel,Humphreys,5610116068086,1956-10-11,M,Black,mthiyanomathemba@example.com,0649218515,0866915452,2770 York Indlela,Boksburg,Pretoria,Gauteng,2581,Employed,Mngadi-Sithuli,"Librarian, public",1108212,Business,574,Private Banking,2024-04-08,Online,Verified,Compliant,True,,RM3907,South African,South Africa,2362721798,,True,True
122bed0b-4808-451c-bd47-58db96f860bc,PCB6920114673,Edward,Dixon,5911206828082,1959-11-20,M,Black,trevoratkinson@example.com,0874220969,0612959391,83 William Indawo,Ermelo,Standerton,Mpumalanga,8130,Employed,"Smith, Adams and Connolly","Physicist, medical",255863,Salary,482,Mass Market,2015-01-22,Online,Verified,Non-Compliant,True,,,South African,South Africa,9103115140,,True,True
75219f36-177a-4fcf-9a9f-8838c52ad8ab,PCB4094152811,Adam,Nodlomo,6108265555088,1961-08-26,M,Black,simphiweyinkosi40@example.net,0616762676,0728617932,90 York Indlela,Umhlanga Rocks,Pietermaritzburg,KwaZulu-Natal,7394,Unemployed,,,83161,Investment,421,Mass Market,2016-02-14,Mobile,Verified,Compliant,True,,,South African,South Africa,5087357728,,False,True
b50188f4-7953-4ae2-923a-3ba84c79c311,PCB9131344493,Gerald,Gallagher,8908285614083,1989-08-28,M,Black,nozibusiso11@example.com,0860629620,0635336884,022 Cunningham Gateway,Rustenburg Central,Mafikeng,North West,4613,Employed,Wong PLC,"Psychotherapist, child",496269,Salary,525,Emerging Affluent,2017-06-13,Branch,Verified,Compliant,True,,,South African,South Africa,3108606793,,False,False
a2c682ed-be6e-4850-9a68-3b5a48c512b9,PCB1110533960,Kimberley,Jordan,5410024916088,1954-10-02,F,Black,shirley90@example.net,0654171467,0784186256,3341 Oxford Indlela,Glenwood,Durban,KwaZulu-Natal,6053,Employed,"Vangisa, Dlomo and Mntimande","Scientist, research (medical)",150569,Salary,451,Emerging Affluent,2016-05-29,Branch,Verified,Compliant,True,,,South African,South Africa,8890193183,,True,True
ba099f63-97fe-4ebb-a93d-48ccaac8e11d,PCB7539441086,Donna,Mshibe,7208110792086,1972-08-11,F,Black,rita71@example.net,0817937416,0860898992,2936 Paul Kruger Indlela,Alberton,Sandton,Gauteng,1971,Employed,Bantwini Group,"Therapist, music",474253,Pension,596,Affluent,2023-10-04,Online,Expired,Compliant,True,,RM6632,South African,South Africa,1827752234,,False,False
e8cd891b-d14c-4b29-993a-3fe065cc8842,PCB4467514661,Hilary,Williams,7111061211080,1971-11-06,F,Black,beth64@example.net,0626868548,0760998616,"Flat 9
Ann Street",Summerstrand,Queenstown,Eastern Cape,2452,Employed,Mashasha-Hlophe,Diagnostic radiographer,181366,Salary,458,Mass Market,2017-03-19,Online,Verified,Non-Compliant,True,,,South African,South Africa,4972536230,,True,False
1bf46838-92d1-4b07-adc1-26f9bc1a6bdd,PCB7910439839,Josh,Payne,5608258366089,1956-08-25,M,White,vezizibuyile@example.com,0612462996,0616530745,587 Short Indawo,Ermelo,Middelburg,Mpumalanga,0332,Unemployed,,,664079,Social Grant,616,Emerging Affluent,2017-05-23,Mobile,Verified,Compliant,True,,,South African,South Africa,3941417062,,True,True
c6e1d279-287c-44ce-9f9d-c890957917d7,PCB1383484123,Hollie,Mbanjwa,8310203629081,1983-10-20,F,Coloured,sfaulkner@example.net,0763678508,0651486289,15 Turnbull Trail,Brackenfell,George,Western Cape,0475,Self-Employed,"Bradley, Morgan and Jones","Lecturer, further education",178841,Salary,434,Mass Market,2015-01-14,Mobile,Verified,Compliant,True,,,South African,South Africa,5437006340,4547506309,False,True
d29864d0-31fd-4f9f-883a-7f503b38f90f,PCB4964570811,Molly,Ndondakusuka,7005023017085,1970-05-02,F,Black,hholloway@example.com,0850357972,0789855241,"Flat 3
Parry Heights",Claremont,Stellenbosch,Western Cape,4671,Unemployed,,,152724,Business,488,Mass Market,2017-08-28,Branch,Pending,Compliant,True,,,South African,South Africa,6182870116,,True,True
12db6aa0-0390-4394-a2b6-2809e25100ce,PCB3780439666,Martyn,Mbhulangwe,7305135072086,1973-05-13,M,Black,wilsongeoffrey@example.com,0830349446,0735743748,548 Elizabeth Ithafa,Boksburg,Midrand,Gauteng,6507,Employed,"Jones, Day and Yates","Designer, interior/spatial",137915,Salary,517,Mass Market,2023-04-14,Branch,Expired,Non-Compliant,True,,,South African,South Africa,8900070153,,True,True
e54eb950-2764-4ad5-bf06-ee2957c26cf5,PCB9539945315,Lesley,Fisher,6405160885082,1964-05-16,F,Black,junebuckley@example.org,0845444328,0670965207,558 Main Isitaladi,Glenwood,Richards Bay,KwaZulu-Natal,4844,Unemployed,,,72172,Social Grant,310,Mass Market,2023-05-20,Online,Verified,Compliant,True,,,South African,South Africa,6110646714,,True,True
61f70e9e-9d2a-4b47-8dde-4eaa3aed22a6,PCB3397657114,Debra,Fisher,0207283897081,2002-07-28,F,Black,mbegum@example.net,0691724825,0841353465,16 Adelaide Ithafa,Potchefstroom Central,Brits,North West,6090,Self-Employed,"Jackson, Knowles and Taylor",Solicitor,109544,Salary,409,Mass Market,2023-06-11,Branch,Pending,Compliant,True,,,South African,South Africa,5600836559,,True,True
3001ae7b-e598-4597-b01f-785b9e560f73,PCB5262101582,Langalibalele,Taylor,0506198384089,2005-06-19,M,Coloured,careycaroline@example.org,0716972521,0785250074,5217 Charles Indawo,Ermelo,Secunda,Mpumalanga,3431,Employed,Scott-James,Research scientist (life sciences),126329,Investment,475,Mass Market,2020-11-04,Branch,Verified,Compliant,False,2021-10-08,,South African,South Africa,1378134712,,True,True
a230f313-bffe-4fb1-884a-180392f85ad8,PCB8433124121,Mathew,Mshibe,7607098910087,1976-07-09,M,Black,thembekilenomvuma@example.com,0605830033,0865421689,811 High Isitaladi,Fauna Park,Mokopane,Limpopo,5016,Self-Employed,"Francis, Mills and Davies",Investment analyst,291098,Salary,510,Mass Market,2024-11-04,Mobile,Verified,Compliant,True,,,South African,South Africa,6745958212,,True,True
70028cc6-1375-43f1-9ff4-06252c233a53,PCB2732553940,Bhekizizwe,Coles,8808182942086,1988-08-18,F,Black,karen62@example.org,0673230982,0635064890,2 Kathryn Ways,Klerksdorp Central,Potchefstroom,North West,9731,Student,,,534448,Social Grant,580,Emerging Affluent,2023-02-04,Online,Verified,Compliant,True,,,South African,South Africa,3962452613,,True,True
49d32bba-878f-4f02-ac43-1e6387e33059,PCB3707166618,Bernard,King,5110248886082,1951-10-24,M,Black,sian82@example.org,0696184992,0741891411,"Studio 46
Murphy Hollow",Greenacres,King William's Town,Eastern Cape,8155,Employed,"Richardson, Stephenson and Jackson","Psychologist, clinical",61717,Salary,372,Mass Market,2019-04-10,Branch,Verified,Compliant,True,,,South African,South Africa,6161147047,,True,True
dddda28d-753c-4ef0-86ba-94eea0ab27bc,PCB2419931729,Nomthandazo,Dean,8301231701084,1983-01-23,F,Black,beverley44@example.org,0600119721,0791143744,"Flat 9
Lynda Summit",Fauna Park,Polokwane,Limpopo,7607,Unemployed,,,194511,Investment,490,Mass Market,2018-08-17,Mobile,Pending,Compliant,True,,,South African,South Africa,8201657412,,True,False
6f7c7fc1-83b4-4940-94af-fdb7c6f73e64,PCB6706554814,Dawn,Mntungwa,9006281133083,1990-06-28,F,Black,heatherbates@example.com,0769415521,0736746762,1047 Stanley Isitaladi,Berea,Durban,KwaZulu-Natal,1853,Retired,,,131689,Investment,449,Mass Market,2018-06-20,Online,Expired,Compliant,True,,,South African,South Africa,5740411708,,True,True
a5b3d0e7-1c37-41b2-8e9b-c9b78f83cb2d,PCB3625764422,Gugulethu,Hill,7707183589086,1977-07-18,F,Black,douglasjohnston@example.com,0852771670,0624508993,"Flat 7
Patrick Throughway",Alberton,Centurion,Gauteng,5543,Self-Employed,Njapha LLC,Economist,112161,Salary,490,Mass Market,2020-12-09,Online,Verified,Compliant,True,,,South African,South Africa,4120946447,,True,True
4899ed45-9c58-43fc-a9b1-110f1e0da786,PCB8940731272,Thomas,Wilkinson,9305116217088,1993-05-11,M,Black,ellie49@example.com,0782175354,0618386631,370 Austin Forges,Midrand,Sandton,Gauteng,7522,Employed,"Shangase, Njiki and Boyabenyathi",Chemical engineer,1378383,Salary,650,Affluent,2023-10-24,Online,Verified,Compliant,True,,RM1894,South African,South Africa,2357473928,,True,True
5c30c669-985f-41d5-9d16-cc9d5ced03b3,PCB3358361363,Sibonelo,Walker,7810278304082,1978-10-27,M,White,cclark@example.org,0629948837,0715037589,"Flat 1
Shannon Dale",Sandton,Johannesburg,Gauteng,9830,Student,,,780000,Social Grant,609,Emerging Affluent,2024-12-17,Online,Verified,Compliant,True,,,South African,South Africa,1952396600,,True,True
1fe3e378-9091-4233-9e69-1da574274ee9,PCB8394040015,Zibuyile,Waters,5903290870083,1959-03-29,F,Black,rsingh@example.org,0634933163,0763516091,73 Gibson Spur,Ivy Park,Louis Trichardt,Limpopo,7382,Employed,Middleton-Wells,Theatre manager,738372,Salary,574,Emerging Affluent,2017-01-19,Online,Verified,Non-Compliant,False,2018-01-20,,South African,South Africa,9608564548,,True,True
bc102d0c-3acf-4601-878f-8dfa75aa8f45,PCB4909199720,Zakhele,Green,5007274793086,1950-07-27,F,Black,gcwabemnqobi@example.org,0869221699,0718669346,48 Stanley Indlela,Boksburg,Ekurhuleni,Gauteng,5618,Employed,"Poole, Berry and Long",Energy manager,102583,Social Grant,416,Mass Market,2024-05-20,Online,Verified,Compliant,True,,,South African,South Africa,8991678061,,True,True
f4c6ccdb-a51a-4510-86ba-88d159496887,PCB3887823121,Langalibalele,Roberts,5704196645087,1957-04-19,M,Indian,mananabandile@example.com,0862885158,0789968460,52 Voortrekker Indlela,Morningside,Umhlanga,KwaZulu-Natal,8565,Employed,Mathaba-Mlotshwa,Health and safety inspector,373223,Salary,520,Emerging Affluent,2016-11-15,Branch,Verified,Compliant,True,,,Mozambican,Mozambique,4373835078,,True,True
b2c4e28e-9d78-40ad-a44e-e4272355ff8d,PCB5433722159,Marian,Sokhwebula,0109072417088,2001-09-07,F,Black,xgwacela@example.com,0761983863,0794066658,9390 Smith Ithafa,Sea Point,Stellenbosch,Western Cape,0882,Unemployed,,,195281,Business,502,Mass Market,2020-04-11,Branch,Verified,Compliant,True,,,South African,South Africa,9032096058,,True,True
b725b3d2-9655-48d3-93b7-d2620c038c9a,PCB1319841893,Melissa,Khaphela,5109251585083,1951-09-25,F,Black,garyclarke@example.net,0658160648,0682294057,"Studio 84
Lowe Meadows",Bendor,Louis Trichardt,Limpopo,2537,Employed,Kunene Group,Clinical cytogeneticist,278326,Salary,497,Mass Market,2021-06-14,Mobile,Verified,Compliant,True,,,South African,South Africa,6588417397,,True,True
58b6ea81-b316-4f19-a7eb-6ad8b9be5b12,PCB3169561289,Thabani,Ndlanzi,5806117603080,1958-06-11,M,Black,ogxabhashe@example.com,0748861533,0855554398,"Studio 6
Terry Meadow",Umhlanga Rocks,Durban,KwaZulu-Natal,7781,Retired,,,1523398,Social Grant,659,Private Banking,2016-11-25,Mobile,Expired,Compliant,True,,RM4012,South African,South Africa,8168036130,,True,True
7f164959-ebef-49cb-89cd-6a303fdad6f3,PCB9098848718,Thalente,Kunene,8707176997084,1987-07-17,M,Black,morrischristine@example.org,0731648408,0728877043,7165 Voortrekker Isitaladi,Vincent,King William's Town,Eastern Cape,5249,Employed,"Smith, Watson and Holmes",Broadcast engineer,399467,Salary,626,Emerging Affluent,2021-05-24,Mobile,Verified,Non-Compliant,True,,,South African,South Africa,9621419224,,False,True
f555d33d-f80b-4502-ab66-8e64ef1b51f0,PCB8624454880,Zakhele,Sikhosana,7709193475080,1977-09-19,F,Black,cartermarion@example.org,0841207501,0620248193,402 Campbell Inlet,Rosebank,Midrand,Gauteng,4238,Employed,Webb-O'Sullivan,Race relations officer,88567,Salary,459,Mass Market,2015-11-03,Online,Verified,Compliant,True,,,South African,South Africa,9615270274,,True,False
c6d5912b-7d35-4242-a730-18f5a6f551d2,PCB3159668272,Siyabonga,Khwela,0501155372088,2005-01-15,M,Black,ddubazane@example.com,0694914766,0850728326,259 Voortrekker Indlela,Bellville,Somerset West,Western Cape,8942,Self-Employed,Bailey-Taylor,Building control surveyor,229139,Salary,486,Emerging Affluent,2020-06-12,Online,Verified,Non-Compliant,True,,,South African,South Africa,8077851013,,True,False
79a9ad0b-9d69-468e-ac89-6261e5263044,PCB5660584367,Norman,Carroll,6907036009088,1969-07-03,M,White,sibalukhulunomusa@example.org,0665368222,0679431290,"Studio 40
Hannah Rapid",Galeshewe,Kuruman,Northern Cape,8993,Employed,"Gcugcwa, Nkamzwayo and Khathini",Probation officer,691687,Salary,634,Emerging Affluent,2023-02-09,Online,Verified,Compliant,False,2024-10-17,,South African,South Africa,1421776124,,True,True
6a4cf21c-e0b7-404e-89fe-d84429dbcf21,PCB5724657556,Jacob,O'Neill,7906126050084,1979-06-12,M,White,yjarvis@example.net,0831357759,0854929955,16 Frere Umgwaqo,Ivy Park,Louis Trichardt,Limpopo,7018,Employed,Mkhonza LLC,"Copywriter, advertising",932786,Salary,593,Emerging Affluent,2016-10-23,Branch,Verified,Compliant,True,,,South African,South Africa,8047347877,,True,True
91d4ac74-7434-41a2-ba19-73c7da83ea78,PCB8622566062,Owen,Harris,5408077716082,1954-08-07,M,Black,morganronald@example.net,0788129142,0813411080,"Flat 6
Norman Mews",Umhlanga Rocks,Umhlanga,KwaZulu-Natal,9534,Self-Employed,Taylor PLC,"Teacher, secondary school",156434,Salary,388,Mass Market,2016-07-02,Mobile,Verified,Compliant,True,,,South African,South Africa,7612862866,,True,False
c9ca7a54-56dd-4c60-a8cf-de37d2a8a959,PCB3192202822,Busisiwe,Masikane,9307154830084,1993-07-15,F,Coloured,nkazimulo23@example.org,0735803928,0647229927,32 Nelson Mandela Indlela,Bendor,Mokopane,Limpopo,5879,Self-Employed,"Ferguson, Taylor and Morris","Lecturer, further education",282643,Salary,475,Mass Market,2024-05-16,Mobile,Verified,Compliant,True,,,South African,South Africa,2005102559,4638076911,True,True
3660ff61-f76e-4046-8507-588f48849b22,PCB8080359881,Aimee,Hayes,5008253847085,1950-08-25,F,Black,ogodide@example.com,0638449892,0736591846,81 Hall Camp,Secunda,Middelburg,Mpumalanga,3652,Employed,Mitchell-Carter,Systems analyst,198570,Salary,413,Mass Market,2015-11-08,Branch,Pending,Compliant,True,,,South African,South Africa,3595066420,,True,False
83f7973c-e132-4c9a-987e-1e4aee189ddb,PCB1908459040,Minenhle,Hamilton,7005225631082,1970-05-22,M,White,ljobe@example.net,0652591365,0871777392,8359 Milner Indlela,Rosebank,Pretoria,Gauteng,6733,Student,,,114140,Salary,430,Mass Market,2022-12-30,Branch,Verified,Compliant,True,,,South African,South Africa,3457877922,,False,True
8ccc0741-e1dc-4266-adac-1702b4237132,PCB8822438146,Bhekizizwe,Nzamela,6203024909086,1962-03-02,F,Black,nbarry@example.org,0623797723,0749292984,"Flat 66X
Davies Center",Dan Pienaar,Welkom,Free State,2748,Self-Employed,Mabizela-Shoyisa,Retail merchandiser,198544,Business,489,Mass Market,2017-12-18,Branch,Verified,Compliant,True,,,South African,South Africa,6282009986,4872608028,True,False
bed3e96b-6b34-4f69-a6b3-76fa24c840c0,PCB1413599241,Lydia,Sangwani,9205034131087,1992-05-03,F,Black,nkazimulontshangase@example.net,0789908811,0782980686,148 Graham Isle,Vincent,East London,Eastern Cape,6069,Employed,Sheppard PLC,Herpetologist,2294258,Pension,747,Affluent,2023-02-19,Online,Verified,Non-Compliant,True,,RM3450,South African,South Africa,8596386996,,True,True
b821c31f-2e81-4027-8aca-b6593c5f836c,PCB5654961069,Julie,Herbert,7306040800086,1973-06-04,F,Black,nozizwe33@example.org,0838643009,0791806356,918 Napier Umgwaqo,La Lucia,Umhlanga,KwaZulu-Natal,5936,Self-Employed,"Nyathi, Sithenjwa and Nondlela",Pharmacologist,965397,Salary,625,Affluent,2019-10-04,Online,Verified,Compliant,True,,RM5170,South African,South Africa,7597520265,,True,True
96a0dd93-d9ee-4528-9173-61228081da8c,PCB3072183247,Mthokozisi,Davies,0105058385089,2001-05-05,M,Coloured,smphephethwa@example.net,0728874495,0866213721,347 Laura Springs,Summerstrand,Queenstown,Eastern Cape,3514,Employed,"Clarke, Patel and Marsden",Primary school teacher,384828,Salary,531,Mass Market,2017-01-24,Mobile,Verified,Compliant,True,,,South African,South Africa,1223565082,,True,True
1a66d7ba-014a-4a92-a941-d9d48ae44bbd,PCB1378561387,Dale,Marsh,9508228863083,1995-08-22,M,Black,marcroberts@example.org,0683519066,0838490277,758 Georgia Vista,Green Point,Cape Town,Western Cape,0176,Unemployed,,,104729,Social Grant,471,Emerging Affluent,2015-02-04,Online,Verified,Compliant,True,,,South African,South Africa,5449848690,,False,False
0de05a17-3803-4134-9816-0c80ea477aa9,PCB8171143901,Nomagugu,Weza,5005292260084,1950-05-29,F,Black,nonhlanhla82@example.com,0739380118,0698955439,750 Voortrekker Ithafa,Sonheuwel,Witbank,Mpumalanga,3188,Retired,,,255773,Pension,419,Mass Market,2016-03-20,Online,Verified,Compliant,True,,,South African,South Africa,3174276085,,True,True
aa2ac245-aa4f-4c13-b9b1-e5a4c2b13bb1,PCB8626138802,Elaine,Turner,8609044204082,1986-09-04,F,Black,matthewnewton@example.org,0857907141,0733356588,0 Bell Mountains,Seshego,Louis Trichardt,Limpopo,0160,Unemployed,,,1032894,Social Grant,627,Affluent,2020-11-10,Branch,Verified,Compliant,True,,RM9813,South African,South Africa,2468848245,,True,True
e04dd813-e742-4c4d-bb5d-55efda8742ab,PCB6111730477,Sphiwe,Patterson,0511296790082,2005-11-29,M,Black,dikanebhekizizwe@example.org,0873334333,0679521117,44 Smith Umgwaqo,Greenacres,Mthatha,Eastern Cape,0109,Unemployed,,,138074,Social Grant,490,Mass Market,2020-06-05,Online,Verified,Compliant,True,,,South African,South Africa,7960713821,,True,True
bc80fda9-a265-4cc7-a7a8-0b409e702e86,PCB6498703287,Lwandile,Dawson,6305287250081,1963-05-28,M,Black,griffithsdawn@example.net,0679208678,0618562718,1246 Walter Sisulu Isitaladi,Boksburg,Centurion,Gauteng,7538,Unemployed,,,171179,Social Grant,417,Mass Market,2018-05-15,Branch,Verified,Compliant,True,,,Kenyan,Kenya,5727675931,,True,True
524d01df-0017-49ad-b36a-5acc1767602c,PCB6768555384,Joshua,Bhebhe,9708186942086,1997-08-18,M,Black,woodskaren@example.com,0657636556,0687292931,45 West Umgwaqo,Bain's Vlei,Welkom,Free State,4423,Employed,"Dludla, Mfeka and Ngobese","Scientist, research (physical sciences)",54548,Investment,432,Mass Market,2015-12-19,Online,Pending,Compliant,True,,,South African,South Africa,4172013806,,True,False
486a746b-2d35-4be5-8a5b-9aa5365c8ecb,PCB8389750357,Geraldine,Mistry,8003071101081,1980-03-07,F,Black,phuthininonjabulo@example.org,0784489061,0862034717,3 Guy Inlet,Westville,Newcastle,KwaZulu-Natal,5484,Employed,Thomas PLC,Economist,144232,Salary,476,Mass Market,2017-06-21,Branch,Verified,Compliant,True,,,South African,South Africa,2478071244,,True,True
47e98437-1f5c-4443-b71e-a25ebc899c03,PCB3312574703,Zenzile,Robertson,7904184725080,1979-04-18,F,White,vball@example.com,0695587716,0834722569,"Flat 77
Bennett Path",Rustenburg Central,Brits,North West,9366,Employed,"Jones, Sims and Willis",Marketing executive,198077,Salary,471,Mass Market,2018-09-17,Mobile,Verified,Compliant,True,,,South African,South Africa,6641362499,,True,True
27e72397-804b-4346-a95f-d29af20c2e6b,PCB9326953041,Olwethu,Potter,7608073239083,1976-08-07,F,White,zakhele44@example.com,0879876220,0643413261,757 Jay Ridges,Alberton,Centurion,Gauteng,1566,Employed,Wood Inc,Town planner,366898,Salary,561,Mass Market,2022-12-19,Mobile,Verified,Compliant,True,,,South African,South Africa,1357561213,,True,True
e99f7956-cc34-4de2-8510-ed7a366f6fa5,PCB3690714075,Justin,Dludla,0206267534084,2002-06-26,M,Black,idukada@example.org,0648200557,0768487282,169 Thomas Indlela,Midrand,Sandton,Gauteng,9681,Employed,Dawson-James,Cabin crew,740404,Salary,682,Affluent,2019-10-15,Online,Verified,Compliant,True,,RM5655,South African,South Africa,6786043791,,True,True
feaa6cee-60a7-4360-a630-6299c863c697,PCB2303835765,Andrea,Brooks,0501212996083,2005-01-21,F,White,dlamanesiyabonga@example.com,0608254780,0867740649,47 Molly Heights,Fourways,Ekurhuleni,Gauteng,3789,Employed,Patel-Miller,Senior tax professional/tax inspector,104331,Investment,445,Mass Market,2015-06-08,Online,Verified,Non-Compliant,True,,,South African,South Africa,7172324849,,False,True
0e966c8c-5a43-44c1-94e3-bcf9c8023182,PCB8235474949,Tracey,King,9404033099088,1994-04-03,F,Black,gugulethu22@example.com,0698463122,0691797497,42 Joseph Umgwaqo,Midrand,Sandton,Gauteng,3077,Employed,Blake Inc,Drilling engineer,123504,Salary,460,Mass Market,2020-05-31,Branch,Expired,Compliant,True,,,South African,South Africa,5176136758,,True,False
c98d4345-9fd8-44fd-b17d-78cba466d63c,PCB3119908041,Bhekani,Matthews,6510315067084,1965-10-31,M,Black,khilton@example.org,0716475705,0622046187,9177 Churchill Indlela,Brackenfell,Paarl,Western Cape,2976,Employed,"Allen, Jones and Robinson",Veterinary surgeon,3280384,Salary,689,Private Banking,2017-08-14,Mobile,Verified,Compliant,True,,RM3468,South African,South Africa,6364252503,,True,True
0f365b68-bb19-4fe7-8ba6-11bf8ee9517b,PCB5218155484,Thembeka,Gasa,0106143775086,2001-06-14,F,Black,mantshingasandile@example.com,0786452088,0634743503,935 York Umgwaqo,Summerstrand,Port Elizabeth,Eastern Cape,1851,Unemployed,,,195011,Social Grant,452,Mass Market,2020-09-02,Online,Verified,Compliant,True,,,South African,South Africa,3511253899,,True,True
7b0bdc0b-7461-4af0-9d90-cccfe247c659,PCB1384313264,Cheryl,Magubane,9510163893082,1995-10-16,F,Black,sibusisondwandwe@example.net,0657195005,0842812735,1 Jemma Trail,Bellville,Cape Town,Western Cape,9149,Employed,Woods PLC,Comptroller,121616,Investment,483,Mass Market,2016-02-08,Mobile,Verified,Compliant,True,,,South African,South Africa,1828779668,,True,True
5f91b043-7d72-40ec-8c92-c61cb0c1833c,PCB7695960480,Danny,Jones,5709185323084,1957-09-18,M,Black,sandra10@example.org,0817392855,0877498218,"Studio 7
Maurice Rest",Bain's Vlei,Welkom,Free State,2540,Employed,"Kelly, Allen and Richards",Research scientist (medical),215840,Salary,460,Mass Market,2022-10-23,Mobile,Verified,Compliant,True,,,South African,South Africa,7468039211,,True,True
bf38210c-e175-4c2a-8c30-3978907aa7e6,PCB2664260498,Nomasonto,Hunter,9105021956087,1991-05-02,F,White,xclarke@example.net,0797829456,0845118102,27 William Ithafa,Klerksdorp Central,Brits,North West,2927,Student,,,171680,Social Grant,479,Mass Market,2016-05-30,Branch,Verified,Compliant,True,,,South African,South Africa,8886846400,,True,True
55a939e8-e81c-482e-9343-d6ab2481a637,PCB4083121646,Harry,Phewa,0109105402083,2001-09-10,M,Black,samstephenson@example.net,0603717058,0876509480,"Flat 70f
Lowe Garden",Ermelo,Standerton,Mpumalanga,1154,Employed,Longode Inc,Music tutor,753703,Investment,573,Emerging Affluent,2022-08-11,Branch,Verified,Compliant,True,,,South African,South Africa,2654984428,,False,True
52347243-9079-4ddd-b580-f6bf33305faa,PCB8152161448,Sibusisiwe,Parker,6407051465089,1964-07-05,F,Black,panderson@example.net,0632286852,0819755855,"Studio 01
Macdonald Greens",Alberton,Centurion,Gauteng,6756,Retired,,,300700,Pension,539,Emerging Affluent,2018-10-19,Online,Verified,Compliant,True,,,South African,South Africa,6213781637,,True,True
d2b28c0c-9630-4a24-a568-7adb38f9d83c,PCB9590774810,Deborah,Pollard,7702253706080,1977-02-25,F,Black,clarkelewis@example.com,0614908240,0693350488,"Studio 52
Mandy Pass",Greenacres,Mthatha,Eastern Cape,9115,Employed,Owen-Matthews,Medical laboratory scientific officer,135915,Salary,471,Mass Market,2024-06-15,Online,Verified,Compliant,True,,,South African,South Africa,1670474924,,True,True
25f2f3a2-bd91-43b7-9779-28b375591b38,PCB7745191003,Sharon,Phikela,9906262099086,1999-06-26,F,Black,lisascott@example.net,0823157279,0639409610,"Studio 88
Walters Hills",Morningside,Pietermaritzburg,KwaZulu-Natal,5479,Employed,"Thomas, Thomas and Edwards","Scientist, physiological",131181,Salary,497,Mass Market,2022-01-23,Mobile,Verified,Compliant,True,,,South African,South Africa,9639044885,,True,True
f57764d2-0f1d-4b35-81f2-6587b8513e24,PCB5937408591,Julie,Fry,5812120337089,1958-12-12,F,White,tmjadu@example.net,0793206799,0791364622,499 Voortrekker Indawo,Germiston,Soweto,Gauteng,5508,Unemployed,,,72770,Investment,389,Mass Market,2017-08-13,Online,Verified,Compliant,True,,,South African,South Africa,5660378755,,True,True
831e25ee-c1ad-42db-9095-edb225bf8f2e,PCB2057617830,Graham,Kennedy,6201248939087,1962-01-24,M,Black,meyiwamusa@example.org,0624659116,0745535590,762 Queen Ithafa,Green Point,Stellenbosch,Western Cape,4995,Retired,,,2333468,Investment,670,Private Banking,2021-01-08,Branch,Pending,Compliant,True,,RM8993,South African,South Africa,3676546979,,True,True
9ff3b164-d84e-4657-873b-3852d2ffea37,PCB1234238999,Sally,Jamasijadu,9810223062086,1998-10-22,F,Black,sian49@example.com,0832405147,0780538338,484 Smith Isitaladi,Morningside,Pietermaritzburg,KwaZulu-Natal,8574,Self-Employed,"Wood, Cole and Joyce",Purchasing manager,187884,Investment,444,Mass Market,2024-12-12,Online,Verified,Non-Compliant,True,,,Nigerian,Nigeria,3870157362,,True,True
cec5e0c3-6738-44ea-ad52-629e935afa47,PCB7949105797,Dawn,Mfusi,7806052092083,1978-06-05,F,Black,xsummers@example.org,0617016451,0604636815,15 Lynch Summit,Berea,Pinetown,KwaZulu-Natal,7941,Self-Employed,"Nyembe, Mabizela and Nyathi",Magazine journalist,1988343,Pension,651,Private Banking,2019-09-09,Online,Verified,Compliant,True,,RM5653,South African,South Africa,1092292243,,False,True
9730d667-2481-4b8e-9e5f-b736067f3107,PCB2298481206,Brian,Msani,6202248222082,1962-02-24,M,Coloured,luyandangwekazi@example.net,0794046084,0672562168,71 Charles Ithafa,Midrand,Soweto,Gauteng,3727,Self-Employed,Howell PLC,"Surveyor, planning and development",865425,Salary,618,Affluent,2023-03-14,Online,Verified,Compliant,True,,RM1301,South African,South Africa,7895006867,,True,False
a32070ba-f27b-4cdc-8e02-fb00804c240c,PCB4906542112,Marilyn,Thenjwayo,6411181131082,1964-11-18,F,Black,mitchell01@example.net,0742925188,0871252056,36 President Ithafa,Universitas,Welkom,Free State,6738,Employed,"Yei, Manzezulu and Bhejelibomvu",Optometrist,74723,Salary,441,Mass Market,2016-08-30,Online,Pending,Compliant,True,,,Zimbabwean,Zimbabwe,8466111803,,False,True
5701b798-9883-49d5-9c4b-4a596582d4b3,PCB7944732371,Ruth,Shabane,6103310214080,1961-03-31,F,Black,iscott@example.net,0839939330,0721728975,743 Mohamed Estates,Rosebank,Pretoria,Gauteng,3015,Employed,Cross LLC,Acupuncturist,351036,Pension,496,Emerging Affluent,2021-10-03,Online,Verified,Compliant,True,,,South African,South Africa,5433392180,,True,False
1e784948-2b98-409a-92fa-11ded27eb023,PCB4254625665,Lungile,Mason,5107156823088,1951-07-15,M,Black,matthewsneil@example.org,0622797573,0746096569,530 Clarence Indlela,Beacon Bay,Mthatha,Eastern Cape,9371,Employed,"Smith, Skinner and Pratt",Tax inspector,366409,Salary,571,Emerging Affluent,2018-06-27,Online,Pending,Compliant,True,,,South African,South Africa,3236170837,,True,True
124ec93d-f7de-4fe4-9ff8-56fcac806005,PCB9758519013,Wendy,Atkins,8310044249089,1983-10-04,F,Black,thuthukile53@example.org,0738034764,0697264908,926 Smith Umgwaqo,Bendor,Polokwane,Limpopo,2331,Unemployed,,,104688,Social Grant,492,Mass Market,2023-09-24,Online,Verified,Compliant,True,,,Congolese,DRC,3346800656,,True,True
b8e0e772-140e-470b-9e9e-4276208ca853,PCB4847409832,Sheila,Motha,5501013716083,1955-01-01,F,Black,dmavela@example.net,0761452111,0867518689,"Studio 87W
Louis Springs",Summerstrand,Port Elizabeth,Eastern Cape,2620,Unemployed,,,148939,Social Grant,482,Mass Market,2022-12-23,Branch,Verified,Non-Compliant,True,,,Mozambican,Mozambique,1644630523,,True,True
5ab5c897-3eeb-45ec-b3b9-ee1be43e5652,PCB9422285317,Nhlanhla,Hill,8104097523084,1981-04-09,M,Black,bellnathan@example.org,0692123094,0607778097,95 Gandhi Umgwaqo,Secunda,Nelspruit,Mpumalanga,3898,Retired,,,552510,Investment,643,Emerging Affluent,2019-03-16,Online,Verified,Compliant,True,,,Ghanaian,Ghana,1028230917,,True,True
39a37908-d451-46c7-97f5-9a204956adb5,PCB8100770118,Thalente,Green,8308011700084,1983-08-01,F,Black,pricesally@example.com,0612099451,0611622499,740 Smith Alley,La Lucia,Umhlanga,KwaZulu-Natal,9377,Unemployed,,,459273,Social Grant,523,Mass Market,2022-03-10,Branch,Verified,Compliant,False,2022-09-07,,South African,South Africa,5000675383,,False,True
bf42d39f-94ef-4cfd-92e5-ae91fb8ea8b6,PCB5573821760,S'fiso,Gama,7011215554088,1970-11-21,M,Black,beth18@example.org,0782145868,0663901981,74 Short Indlela,Secunda,Middelburg,Mpumalanga,7925,Student,,,179157,Social Grant,430,Mass Market,2021-07-10,Online,Verified,Compliant,True,,,South African,South Africa,8936231850,,True,True
1e6bfc01-54e8-49f1-b039-a6bce14d302e,PCB8008775062,Sibusiso,Ndlandla,7210176062086,1972-10-17,M,Black,carpentershannon@example.com,0782934301,0607139660,50 Grey Indawo,Fourways,Centurion,Gauteng,5469,Self-Employed,Turner-Cooper,Mining engineer,187522,Salary,412,Mass Market,2018-12-12,Mobile,Verified,Compliant,True,,,South African,South Africa,8258568023,,True,False
bedc9911-f491-4e67-92c7-409603e3443a,PCB8240609570,Zenzele,Dlungwana,0306149505088,2003-06-14,M,Black,smithjoseph@example.org,0716990235,0717702727,7030 Gandhi Indlela,Germiston,Soweto,Gauteng,8798,Employed,"Lamb, Wilson and Hall",Health and safety adviser,945108,Pension,670,Affluent,2023-02-27,Online,Verified,Non-Compliant,True,,RM1100,South African,South Africa,7532959755,,True,True
a6f2e94d-f410-4243-a848-ecf52b593958,PCB5428855031,Carly,Smith,7101240153082,1971-01-24,F,Black,nomathembanongalaza@example.com,0738299629,0634504617,1687 Churchill Ithafa,Vincent,King William's Town,Eastern Cape,3894,Self-Employed,Mapholoba PLC,Facilities manager,342722,Salary,557,Affluent,2019-12-03,Mobile,Verified,Compliant,True,,RM6434,South African,South Africa,1751674031,4260314927,True,False
b936840a-f46d-48a0-bc42-0b8a911b72ff,PCB1661759010,Nomalanga,Jokiwe,7208173635085,1972-08-17,F,Black,jdludla@example.net,0717845218,0852307681,44 Charles Umgwaqo,Berea,Pietermaritzburg,KwaZulu-Natal,0068,Employed,"Sanderson, Burrows and Patel",Financial adviser,160398,Salary,469,Mass Market,2015-10-22,Branch,Pending,Compliant,True,,,South African,South Africa,6726435900,,True,False
2ecc888d-d15b-4f39-b160-3e1801da08c9,PCB4831693156,Jeffrey,Mathenjwa,8409259731080,1984-09-25,M,Black,ndlangamandlanomagugu@example.net,0713344857,0851422410,99 Queen Ithafa,Walmer,Mthatha,Eastern Cape,9169,Unemployed,,,168236,Social Grant,486,Mass Market,2017-01-24,Branch,Verified,Compliant,True,,,South African,South Africa,2051515688,,False,True
4cfc8c61-65a0-4af9-b76e-627bb3429f67,PCB1216706931,Siyabonga,Austin,8707225415083,1987-07-22,M,Black,jmthethwa@example.com,0730166299,0847954538,"Studio 8
Herbert Lake",Fauna Park,Louis Trichardt,Limpopo,1287,Employed,Nontuli-Chibi,Energy manager,630824,Social Grant,533,Mass Market,2018-10-26,Mobile,Verified,Compliant,True,,,South African,South Africa,3011229698,,True,True
266d162d-2743-4b7d-b21f-4665864269ea,PCB7944713401,Nomcebo,Carroll,6805273854086,1968-05-27,F,Black,bhekanindaba@example.net,0726255770,0627157724,"Flat 35
Jessica Port",Westville,Umhlanga,KwaZulu-Natal,5712,Employed,Gibson-Robinson,IT consultant,885760,Business,703,Affluent,2015-07-05,Branch,Verified,Compliant,True,,RM4666,South African,South Africa,4422048585,,True,True
816dc65f-d7ce-4214-a3f0-1291f7e1b5bc,PCB3666637135,Mzamo,Smith,0301058776088,2003-01-05,M,Black,uhall@example.com,0812761539,0746958321,9872 Voortrekker Indawo,Vincent,Mthatha,Eastern Cape,9408,Retired,,,1162229,Pension,632,Affluent,2018-06-23,Branch,Verified,Compliant,True,,RM7773,South African,South Africa,2912189154,,True,True
e197f9b8-1623-4f83-ac81-bcd6906f8499,PCB6701174987,Thuthukile,Hlabangane,7003104885084,1970-03-10,F,Black,mondiseolwethu@example.com,0840132902,0852784699,977 Thomas Place,Berea,Pinetown,KwaZulu-Natal,7327,Employed,Ngwane Inc,Passenger transport manager,159677,Salary,475,Mass Market,2016-09-28,Online,Verified,Compliant,True,,,South African,South Africa,9973421080,,False,True
b2a41524-5f95-4187-a0bd-d30fa615eeb7,PCB2542943951,Linda,Mashiya,6603052409088,1966-03-05,F,Black,andrew86@example.org,0690369656,0736683272,9233 George Isitaladi,Summerstrand,Queenstown,Eastern Cape,3084,Unemployed,,,232635,Social Grant,529,Emerging Affluent,2018-07-15,Mobile,Verified,Compliant,False,2018-11-30,,South African,South Africa,1539229515,,False,True
475c2f67-b3cb-4fac-8e1a-0ed764b9a2fe,PCB8756460189,Thabisile,Nonduma,9402263987088,1994-02-26,F,Black,kweyamanomathalente@example.com,0769692786,0817653269,"Flat 0
Jake Parks",Brackenfell,Stellenbosch,Western Cape,0122,Self-Employed,Hooper-Schofield,Systems analyst,829478,Salary,619,Emerging Affluent,2024-01-22,Mobile,Verified,Compliant,True,,,South African,South Africa,2576124271,4789603056,True,True
3cf71fd4-b2c6-4ecc-899f-6afc30c1c359,PCB1343868435,Josephine,Armstrong,6506274753088,1965-06-27,F,Black,msanithando@example.net,0878478189,0623718949,"Flat 1
Sutton Port",Westdene,Sasolburg,Free State,0865,Retired,,,246117,Social Grant,514,Mass Market,2016-06-13,Online,Verified,Compliant,True,,,South African,South Africa,9186444252,,True,True
0fd7e7b5-bec7-48d1-be95-d0dc924bd5c4,PCB8513724361,Lungile,Brown,7408077369088,1974-08-07,M,Black,nomasontojobe@example.com,0879407929,0614904712,7685 Commissioner Umgwaqo,Glenwood,Richards Bay,KwaZulu-Natal,8284,Retired,,,683558,Business,553,Emerging Affluent,2024-12-02,Mobile,Verified,Compliant,True,,,South African,South Africa,2103616435,,True,True
09b9d0bb-c032-4e23-a911-bae00f7df4ca,PCB4009805180,Margaret,Gebashe,7209083658087,1972-09-08,F,Black,shezithandeka@example.net,0782805129,0647663723,"Flat 4
Hughes Knolls",Bendor,Thohoyandou,Limpopo,9466,Student,,,98699,Social Grant,452,Mass Market,2020-08-30,Branch,Verified,Compliant,True,,,South African,South Africa,1498192006,,False,True
5dc3590a-e85a-47c0-a0be-edad14fb1ddb,PCB8325529753,Alexandra,Nkwaliyenkosi,6602274362084,1966-02-27,F,Black,clementsbryan@example.org,0784286047,0735801856,326 Clarence Isitaladi,Beacon Bay,Mthatha,Eastern Cape,4467,Retired,,,956979,Pension,686,Emerging Affluent,2023-02-06,Branch,Verified,Compliant,True,,,South African,South Africa,6974959934,,True,True
010cbbdf-ca53-421b-91d3-b182b9531708,PCB6067703428,Jane,Khubisa,6306194822087,1963-06-19,F,Black,jgwagwa@example.net,0810010618,0637534430,1 Naylor Ranch,Brackenfell,Somerset West,Western Cape,0389,Self-Employed,Green LLC,Media buyer,75280,Business,466,Mass Market,2022-12-24,Branch,Verified,Non-Compliant,True,,,South African,South Africa,5113699666,,False,True
987c9523-819c-4f0d-bd70-b63e7dc303d2,PCB3987809626,S'fiso,Nondlela,7301299637082,1973-01-29,M,Black,bradleyphillips@example.com,0684717465,0682140665,2 White Hills,Alberton,Ekurhuleni,Gauteng,0985,Self-Employed,Brown-Ali,"Surveyor, land/geomatics",224756,Salary,561,Mass Market,2017-03-04,Mobile,Verified,Compliant,True,,,South African,South Africa,2686352103,,True,False
f1223908-ced9-4191-98a2-7223e90fc330,PCB2112380464,Nothando,Manqele,9004173532081,1990-04-17,F,Black,wellsbrett@example.net,0611194707,0640064256,"Studio 5
Sharp Wall",Boksburg,Centurion,Gauteng,9415,Employed,Evans and Sons,"Therapist, music",542938,Salary,546,Mass Market,2024-10-31,Online,Verified,Compliant,True,,,South African,South Africa,9891010459,,False,True
d2367ea1-c1ad-4362-85ba-3f1645a7dde8,PCB6595603986,Mandlakhe,Gibbs,9303315992089,1993-03-31,M,Black,lnxele@example.com,0611585174,0843280634,"Studio 79Y
Victor Lane",Westville,Umhlanga,KwaZulu-Natal,6392,Student,,,94391,Social Grant,390,Mass Market,2020-11-17,Online,Verified,Compliant,True,,,South African,South Africa,8012785094,,True,False
30a09d30-c046-45de-bf2e-c137e0b6d6f9,PCB8058382074,Dominic,Clark,8006309857088,1980-06-30,M,Black,zinhlexhakaza@example.net,0788700505,0870613878,2374 Elizabeth Ithafa,Berea,Pietermaritzburg,KwaZulu-Natal,2441,Retired,,,721102,Pension,584,Affluent,2022-08-31,Branch,Verified,Compliant,True,,RM7369,South African,South Africa,5376842282,,True,True
b2a4b8cd-3ee1-4fd3-9f98-69927b359607,PCB3538508163,Alan,Scott,5612056069081,1956-12-05,M,Black,swilkinson@example.com,0631799313,0745651982,2891 Oxford Isitaladi,Alberton,Pretoria,Gauteng,5269,Employed,"Nontuli, Mthiyane and Mzomba",Pharmacologist,1040080,Investment,620,Affluent,2016-04-22,Mobile,Verified,Compliant,False,2016-09-01,RM6035,South African,South Africa,2440977557,,False,False
d486eb8b-f843-4536-b06d-5bd63a80662c,PCB3499610004,Michelle,Lukhele,0003233030080,2000-03-23,F,Black,denisemorris@example.net,0641962071,0600219467,967 Long Isitaladi,Summerstrand,Queenstown,Eastern Cape,2080,Employed,"Mpofana, Galu and Mchunu",Learning disability nurse,335403,Salary,573,Emerging Affluent,2019-06-11,Online,Verified,Compliant,True,,,South African,South Africa,5029064216,,True,False
d1421d5e-80ed-4b58-bc5c-345cee625e96,PCB8656135818,Noxolo,Nodanga,9709234095088,1997-09-23,F,Coloured,clarkpatrick@example.com,0726083318,0639588373,"Studio 3
Stone Court",Brackenfell,Stellenbosch,Western Cape,4529,Unemployed,,,69364,Investment,338,Mass Market,2024-03-23,Branch,Verified,Compliant,True,,,South African,South Africa,9209762858,,True,True
cb99875a-50db-48ce-b53a-ee02b61fd057,PCB6374643838,Josephine,Nkumane,6510212983084,1965-10-21,F,Black,sibongilembuyisa@example.net,0837010822,0607811379,7673 West Indlela,Seshego,Polokwane,Limpopo,9499,Employed,"Booth, Newton and Hodgson",Advice worker,169009,Salary,536,Mass Market,2017-07-28,Branch,Verified,Compliant,True,,,South African,South Africa,4345673352,,True,False
f1584ac8-e703-493b-b684-5079521cb443,PCB7807919405,Nonjabulo,McCarthy,9205163076081,1992-05-16,F,Black,dumisanitiba@example.net,0616239726,0722735435,4255 Grey Umgwaqo,Bendor,Mokopane,Limpopo,2085,Employed,"Ndondakusuka, Gamede and Biyela",Visual merchandiser,548933,Salary,561,Affluent,2016-06-09,Online,Verified,Compliant,True,,RM2204,South African,South Africa,7294421869,,True,True
081f8c64-539d-4d69-9af4-6afab4860f5c,PCB4672214312,Billy,Sigegede,0110139944084,2001-10-13,M,Black,rrichards@example.net,0626873977,0680633569,251 Stewart Crescent,Ermelo,Witbank,Mpumalanga,3644,Employed,"Taylor, Hill and Dawson",Tree surgeon,1277576,Pension,617,Affluent,2021-07-09,Online,Verified,Compliant,True,,RM3784,South African,South Africa,5316775329,,True,False
08e86fa6-91bc-46ac-a63a-ccbb741f22be,PCB5715870675,Nomcebo,Makhaye,9302153487087,1993-02-15,F,Black,kanderson@example.com,0783180632,0724310742,82 Wendy Heights,Westdene,Bethlehem,Free State,7525,Retired,,,98156,Social Grant,392,Mass Market,2015-01-02,Online,Verified,Compliant,True,,,South African,South Africa,4315006135,,True,True
1fecb188-f348-4185-a3b2-43db92f007c6,PCB5598615444,Mzamo,Mhlongo,5802128034080,1958-02-12,M,Black,fhanson@example.com,0865804649,0819319508,"Flat 19
Gerald Highway",Boksburg,Midrand,Gauteng,5964,Self-Employed,Nxumalo Group,Mechanical engineer,381728,Pension,473,Mass Market,2016-01-10,Branch,Verified,Compliant,True,,,Zimbabwean,Zimbabwe,6865083405,,False,True
9ec1fa1b-150e-4929-9302-27b04c992487,PCB6263212814,Kim,Parry,6907171677084,1969-07-17,F,Black,ndlandlasilondile@example.com,0724864015,0727788178,4361 Smith Umgwaqo,Bellville,Cape Town,Western Cape,8731,Employed,Mphephethwa-Mathonsi,Dispensing optician,105789,Pension,471,Mass Market,2021-05-29,Online,Verified,Compliant,True,,,South African,South Africa,4793015896,,False,True
bc8c5479-2c80-4d0c-a1c8-dff8c7e77791,PCB1330486187,Ndumiso,Taylor,9706303200086,1997-06-30,F,Black,amberkhan@example.org,0654127238,0840468275,9584 High Isitaladi,Berea,Durban,KwaZulu-Natal,6884,Employed,Stone-Warren,Commercial/residential surveyor,370595,Salary,540,Emerging Affluent,2022-11-24,Online,Verified,Compliant,True,,,South African,South Africa,8063812593,,True,True
cb29fca6-4779-47de-b4d8-d702da77cbe5,PCB7650622478,Emma,Taylor,9604293982086,1996-04-29,F,Black,bhekisisamasilela@example.net,0764924243,0785402547,672 Johnson Lane,Claremont,Somerset West,Western Cape,2726,Self-Employed,Allen-Watson,Control and instrumentation engineer,692064,Business,534,Emerging Affluent,2023-05-11,Branch,Verified,Compliant,True,,,South African,South Africa,4412168053,,False,False
2b9c33ca-c7d9-4624-8f8f-968961825448,PCB1792406808,Rita,Murphy,8801131036087,1988-01-13,F,Black,kimberley01@example.net,0810552578,0658410672,"Flat 8
Lloyd Meadow",La Lucia,Richards Bay,KwaZulu-Natal,7505,Employed,Parkinson Inc,"Scientist, biomedical",82704,Pension,367,Mass Market,2016-07-06,Branch,Expired,Compliant,True,,,South African,South Africa,7474272494,,True,True
802e7e56-190c-41fd-a9d0-3d2880dd2cc3,PCB7193796102,Mzamo,Stanley,7002056204081,1970-02-05,M,Coloured,lorraine92@example.net,0861702814,0606937515,"Studio 00g
Brown Walks",Bellville,George,Western Cape,0902,Unemployed,,,184444,Social Grant,469,Mass Market,2021-06-23,Branch,Verified,Compliant,True,,,Nigerian,Nigeria,8589615766,,False,False
a6631feb-1cee-4346-ac86-549e45b9e586,PCB6130123844,Vusumuzi,Walsh,7110255715080,1971-10-25,M,Black,waterstony@example.org,0719980562,0866565045,6 Wood Throughway,Midrand,Midrand,Gauteng,5757,Employed,Hlongwa-Andile,"Engineer, electrical",334010,Salary,595,Mass Market,2019-03-06,Online,Verified,Compliant,True,,,South African,South Africa,9108060197,,True,True
a067f2ef-5014-4e93-ba76-85c2c7807493,PCB2778948768,Noxolo,Mantshinga,8312291341081,1983-12-29,F,Black,abiyase@example.net,0829123478,0711961064,27 Bernard Lights,Fourways,Ekurhuleni,Gauteng,6792,Employed,Ndlela-Khuzwayo,Accommodation manager,67230,Salary,392,Mass Market,2020-01-26,Online,Verified,Non-Compliant,True,,,South African,South Africa,1855804722,,True,True
b1cff421-174d-47d7-9eb4-7458889b02c5,PCB2990510491,Mlungisi,Ncala,8207037473086,1982-07-03,M,Black,masikanesithembiso@example.org,0600244714,0742730147,732 Walter Sisulu Ithafa,Sea Point,Paarl,Western Cape,1094,Employed,"Mabhena, Mabizela and Nxamalala",Hydrographic surveyor,1089847,Salary,561,Affluent,2016-01-16,Branch,Verified,Compliant,True,,RM5979,South African,South Africa,8240940498,,True,True
6a2a6c9d-bc95-4782-9f4c-bb6fda12996e,PCB3498187046,Clive,McLean,8208179712086,1982-08-17,M,White,dumisanincanana@example.org,0645725204,0726504481,9043 Thomas Indawo,La Lucia,Richards Bay,KwaZulu-Natal,8420,Employed,Luvuno and Sons,Theme park manager,187762,Salary,474,Mass Market,2019-07-05,Online,Verified,Compliant,False,2021-01-16,,South African,South Africa,8730413737,,True,True
0ec62bd1-42db-4ffd-b12d-f1738b4fdec9,PCB1055395069,Thandeka,Harris,7311304377082,1973-11-30,F,Black,nqobizithaamahle@example.org,0794576521,0662833898,1918 Cecil Isitaladi,Walmer,Mthatha,Eastern Cape,8718,Unemployed,,,250196,Social Grant,495,Mass Market,2015-01-14,Online,Verified,Compliant,True,,,South African,South Africa,4934323885,,False,False
d02aaa23-8d0f-485d-be99-dd27de191080,PCB9461564269,Nomthandazo,Owen,5204252852081,1952-04-25,F,White,eyengwayo@example.org,0654013223,0692321611,130 Edward Indawo,Midrand,Johannesburg,Gauteng,0309,Unemployed,,,82427,Social Grant,311,Mass Market,2016-05-18,Mobile,Verified,Compliant,True,,,South African,South Africa,5549509559,,False,True
e2036727-9aa9-4d66-8e3c-ecf418907d7b,PCB4870516577,Mandla,Ntamonde,0303045084080,2003-03-04,M,Black,sandilemathula@example.com,0655012495,0722893891,63 Duncan Corners,Ermelo,Nelspruit,Mpumalanga,1624,Self-Employed,"Edwards, Perkins and Davison",Charity fundraiser,214003,Investment,491,Emerging Affluent,2021-03-28,Mobile,Verified,Compliant,True,,,South African,South Africa,9436448791,,False,True
93e49ad9-221b-44ed-8d8b-837f2221b03a,PCB7333854872,Jabulani,Nzamela,5610305808080,1956-10-30,M,Black,mbendenqobizitha@example.com,0869271256,0743836151,24 Robert Isle,Alberton,Johannesburg,Gauteng,7634,Employed,Price PLC,Insurance broker,216873,Salary,485,Mass Market,2020-07-01,Branch,Verified,Compliant,True,,,South African,South Africa,1174412453,,True,False
de2e10df-2de0-42e9-9e87-9ee6b625bb39,PCB2906775938,Kathryn,Hartley,8409164918087,1984-09-16,F,Black,sibonelo41@example.net,0816463175,0650716781,1800 Oxford Umgwaqo,Rondebosch,George,Western Cape,1954,Employed,Barry-Smith,Research scientist (maths),191633,Salary,513,Mass Market,2023-08-22,Online,Verified,Compliant,True,,,South African,South Africa,5199848083,,False,True
7485cdbb-65ba-42a2-a49c-9f40d2f7a197,PCB7438628899,Jade,Smith,0204214873087,2002-04-21,F,Black,martin95@example.org,0869946579,0737842711,18 Edward Umgwaqo,Morningside,Richards Bay,KwaZulu-Natal,4108,Employed,Cooper-Burrows,Surgeon,2275638,Salary,753,Private Banking,2015-05-10,Branch,Expired,Compliant,True,,RM7623,South African,South Africa,4168819811,,True,True
d287f928-f6d1-4afa-9353-7914edfdc45e,PCB3676763729,Christopher,Thorpe,0001078134086,2000-01-07,M,Black,gillianchan@example.com,0628773477,0794858800,70 Church Indlela,Green Point,Cape Town,Western Cape,7052,Self-Employed,Griffin-Kemp,Surgeon,535280,Pension,611,Emerging Affluent,2017-04-17,Branch,Verified,Compliant,True,,,South African,South Africa,7195731459,4767831721,False,True
ca8927ca-2a48-4bdf-89d1-f61715f7f11b,PCB8368974986,Elliott,Shabane,8310059026086,1983-10-05,M,Coloured,usilangwe@example.com,0781978897,0788280647,1367 Long Isitaladi,Bendor,Louis Trichardt,Limpopo,9684,Unemployed,,,111970,Social Grant,432,Mass Market,2023-10-22,Online,Verified,Non-Compliant,True,,,South African,South Africa,2376463094,,False,False
91c9be29-eee1-4cde-a664-efe7e53212d5,PCB2634550216,Luke,Mahlaba,6403079783089,1964-03-07,M,Black,ljele@example.net,0745565033,0674911415,5234 Adelaide Ithafa,Glenwood,Richards Bay,KwaZulu-Natal,2782,Employed,Mshibe PLC,Microbiologist,184931,Salary,438,Mass Market,2023-01-17,Branch,Verified,Compliant,False,2024-11-17,,South African,South Africa,9166493111,,True,True
63e25cb7-d122-4d8b-9625-ed86260128dd,PCB3097484316,Sam,Dixon,6802067592082,1968-02-06,M,White,njabuloyengwayo@example.net,0863578529,0695637183,82 Grey Isitaladi,Berea,Pinetown,KwaZulu-Natal,4709,Unemployed,,,191221,Social Grant,588,Mass Market,2020-08-02,Branch,Verified,Compliant,True,,,South African,South Africa,5114325536,,True,True
1f93b432-d6da-4e9f-bad2-c685be275cfa,PCB6195790140,Wayne,Khuyameni,6708107239080,1967-08-10,M,Black,thandeka03@example.com,0624846853,0746498782,9356 Voortrekker Isitaladi,Glenwood,Pinetown,KwaZulu-Natal,0305,Employed,Wilkinson and Sons,Insurance account manager,109875,Business,444,Mass Market,2015-01-28,Online,Verified,Compliant,False,2017-10-27,,South African,South Africa,9324088968,,True,True
b3f61315-ace4-4dca-a992-df188b689d68,PCB3243130794,Dumisile,Warner,6908034637082,1969-08-03,F,Black,bukhosinilwandile@example.org,0727232466,0711364424,551 Nelson Mandela Umgwaqo,Rondebosch,Bellville,Western Cape,9851,Employed,Holland Group,"Surveyor, commercial/residential",454146,Salary,553,Mass Market,2020-10-14,Branch,Verified,Compliant,True,,,South African,South Africa,6628728894,,True,True
1b11cb58-1fc0-4e6b-862b-67d24124c2ba,PCB1585965093,Helen,Jibela,8711110303086,1987-11-11,F,Black,thabisagasela@example.net,0684820700,0625941651,"Flat 6
Lord Forest",Alberton,Ekurhuleni,Gauteng,6503,Employed,Ncube Group,Chief Executive Officer,211209,Pension,492,Mass Market,2023-11-09,Online,Verified,Compliant,True,,,South African,South Africa,5006927241,,True,True
5695af93-72f8-45b0-8581-09cf6b0fd54d,PCB3576212952,Nokulunga,Williams,7710114066088,1977-10-11,F,Black,mpunzanathembeka@example.net,0715963632,0632347649,868 Voortrekker Umgwaqo,Bain's Vlei,Kroonstad,Free State,0917,Unemployed,,,84523,Social Grant,429,Mass Market,2018-06-06,Branch,Expired,Compliant,True,,,South African,South Africa,7115094199,,True,True
c1dc20be-75a1-4a1d-ac08-a8936903ed07,PCB9680447616,Mlungisi,Jones,6710078893086,1967-10-07,M,Black,anna85@example.com,0830034864,0845183760,5 Robert Valleys,Glenwood,Pietermaritzburg,KwaZulu-Natal,6439,Employed,Khan-Ryan,Speech and language therapist,233539,Pension,495,Mass Market,2015-09-18,Mobile,Verified,Non-Compliant,True,,,South African,South Africa,4249864004,,True,True
8f55d494-420b-4705-987b-b6ec11ce864d,PCB8062770940,Londisizwe,Mwandla,6007172598087,1960-07-17,F,Black,sihawukele03@example.net,0614177656,0632481569,"Flat 23
Forster Square",Dan Pienaar,Welkom,Free State,8974,Employed,Mann Group,Television/film/video producer,95218,Business,407,Mass Market,2020-08-08,Online,Verified,Compliant,True,,,Ghanaian,Ghana,3755618874,,True,True
ea388ea5-57ca-4b6e-aa00-840efed21569,PCB1353183979,Thalente,Freeman,9609298282087,1996-09-29,M,Black,fduze@example.org,0653829657,0782429543,88 Main Isitaladi,Sandton,Pretoria,Gauteng,1383,Employed,"Day, Harrison and May","Surveyor, quantity",682076,Salary,563,Emerging Affluent,2019-01-12,Branch,Pending,Non-Compliant,True,,,South African,South Africa,1964164911,,True,True
c978e671-abb7-4632-8b23-ab955c9acf81,PCB6146514161,Thembile,Shezi,8702201873084,1987-02-20,F,Indian,lwandile02@example.net,0862069694,0641529108,7515 Stanley Umgwaqo,Bellville,Somerset West,Western Cape,7130,Unemployed,,,307806,Social Grant,521,Mass Market,2018-12-18,Mobile,Pending,Compliant,True,,,South African,South Africa,1872502717,,True,True
209811af-6b34-4403-a553-a4aed09aaf0e,PCB3577335953,Angela,Wilson,6311274048088,1963-11-27,F,Black,unsindane@example.net,0693626204,0683973597,0 Barton Trail,Fourways,Soweto,Gauteng,1405,Employed,Stanley-Simpson,"Radiographer, therapeutic",626951,Salary,556,Affluent,2016-04-04,Branch,Verified,Compliant,True,,RM8066,South African,South Africa,3950008807,,True,True
445d1261-31b5-4737-96e9-9f67918894a2,PCB4998892039,Lungile,Woodward,8304267099085,1983-04-26,M,Black,madlandunasfiso@example.com,0785990048,0836465280,252 West Isitaladi,La Lucia,Umhlanga,KwaZulu-Natal,9511,Unemployed,,,1672544,Social Grant,626,Affluent,2015-10-28,Branch,Verified,Compliant,False,2016-03-26,RM1853,South African,South Africa,3010409194,,False,True
d2a252aa-3d52-420a-b18f-5c134e1fa217,PCB5202696802,Michelle,Gatsheni,6412012133086,1964-12-01,F,Black,khope@example.com,0784564494,0795625728,"Flat 86g
Pearson Ports",Rustenburg Central,Mafikeng,North West,7209,Employed,Pritchard and Sons,Maintenance engineer,204235,Salary,494,Mass Market,2023-02-14,Branch,Verified,Compliant,True,,,South African,South Africa,2117653437,,True,True
4ba230a6-5e15-47e5-83ef-a692d23a7128,PCB7703819127,Mcebisi,Watson,9802018616081,1998-02-01,M,Black,sibusiso62@example.net,0767121513,0692284993,899 Church Ithafa,Walmer,Queenstown,Eastern Cape,9561,Employed,Gxabhashe Inc,Hospital pharmacist,255795,Social Grant,497,Mass Market,2024-03-28,Branch,Verified,Compliant,True,,,Zimbabwean,Zimbabwe,4953144588,,False,True
106cb973-661a-496e-a060-9e09a57efbb5,PCB5085458167,Mnqobi,Harrison,7411050212089,1974-11-05,F,Black,joel31@example.org,0712017774,0830509759,"Flat 05
Rachel Corners",Glenwood,Durban,KwaZulu-Natal,2119,Self-Employed,"Gcaba, Mazalankosi and Gengeshe",Learning disability nurse,1255740,Salary,693,Emerging Affluent,2021-05-23,Branch,Verified,Compliant,True,,,South African,South Africa,9828455687,4501105178,False,True
d289ca96-2681-47e6-97d3-3e049227ddd7,PCB9012328127,Simon,Watts,6707178267087,1967-07-17,M,Black,qjones@example.com,0620326642,0634764925,75 Cecil Indlela,Berea,Newcastle,KwaZulu-Natal,1575,Employed,"Johnson, Jones and Glover","Doctor, hospital",142206,Investment,356,Mass Market,2024-06-28,Online,Verified,Non-Compliant,True,,,South African,South Africa,7341260172,,True,True
dcfecbca-5653-435d-87a6-aafd3d6ffb52,PCB1399206328,Lawrence,Mathunjwa,7402046526089,1974-02-04,M,Black,ngwanenkazimulo@example.net,0795732788,0624761742,068 Morgan Spur,Ermelo,Secunda,Mpumalanga,2094,Employed,Smith Group,Equities trader,107521,Business,483,Mass Market,2023-06-09,Branch,Verified,Compliant,True,,,South African,South Africa,3441842200,,True,True
e468483b-cf18-479d-8b10-3fc7f309a13a,PCB6383227541,Gugu,Lord,8807234183084,1988-07-23,F,Black,sphiwemakhaza@example.org,0689180172,0656016459,632 Newton Stream,Berea,Pinetown,KwaZulu-Natal,7455,Employed,"Wallace, Jones and Ferguson",Retail buyer,603660,Investment,625,Affluent,2016-09-21,Online,Verified,Compliant,True,,RM2548,South African,South Africa,4478949331,,False,False
3c4c4553-9234-4ac3-b987-2e211bc86657,PCB5320080287,Ashley,Bell,5406275871085,1954-06-27,M,White,amaduma@example.org,0630277697,0699956412,29 York Indawo,Klerksdorp Central,Brits,North West,2214,Employed,Ayize PLC,Sub,103912,Salary,354,Mass Market,2015-09-27,Branch,Verified,Non-Compliant,True,,,South African,South Africa,4689428580,,False,True
d008e9b4-a86d-491e-bb43-dcf5c491c1cc,PCB8600894452,Nokulunga,Connor,7804244412081,1978-04-24,F,Indian,byrnemohamed@example.net,0647601227,0787079334,1745 Charles Isitaladi,Fauna Park,Tzaneen,Limpopo,9330,Employed,Pritchard-Waters,Applications developer,155997,Investment,455,Mass Market,2022-03-24,Branch,Verified,Compliant,True,,,South African,South Africa,9585752886,,False,True
aa5b3d75-e648-47ad-ade0-0b9e530ca808,PCB5376656120,Mandlakhe,Russell,5310146899081,1953-10-14,M,Black,helen91@example.org,0825814671,0789576024,78 Perry Passage,Fauna Park,Thohoyandou,Limpopo,3150,Employed,Watts-Taylor,Estate agent,533723,Salary,550,Emerging Affluent,2020-06-16,Online,Verified,Compliant,True,,,South African,South Africa,8236908598,,True,True
f5385827-522c-4f2a-b11f-b00e9abc58f9,PCB6184921425,Londiwe,Mkhatshwa,5311043837084,1953-11-04,F,Black,langalibalelehlongwa@example.org,0861722329,0781674338,57 Woods Crossing,Brackenfell,Somerset West,Western Cape,0771,Employed,Ntshingila Ltd,Control and instrumentation engineer,515132,Social Grant,506,Emerging Affluent,2019-06-17,Branch,Verified,Compliant,True,,,South African,South Africa,3162425423,,True,True
09e0935e-269c-4f51-8b7a-017b90623e9f,PCB7383890366,Nobantu,Jones,7409031857083,1974-09-03,F,Black,elainefox@example.com,0715084289,0851077119,14 Emma Causeway,La Lucia,Durban,KwaZulu-Natal,9989,Unemployed,,,256517,Social Grant,477,Mass Market,2019-12-07,Mobile,Pending,Compliant,True,,,South African,South Africa,1452737164,,True,True
29de0f00-71e0-4673-9a83-7340a28f9433,PCB7467776722,Gail,Lewis,5901062393086,1959-01-06,F,Black,pmangcamane@example.org,0871255213,0766037548,594 Frere Ithafa,Morningside,Richards Bay,KwaZulu-Natal,2806,Employed,"Mngwengwe, Mntungwa and Ndabandaba","Engineer, maintenance",163922,Salary,428,Mass Market,2022-12-01,Branch,Verified,Compliant,True,,,Kenyan,Kenya,3856132881,,False,True
e4058409-133d-4f37-90a4-b3078d106b2c,PCB5422798091,Andile,Moore,7409036869088,1974-09-03,M,Coloured,lydia17@example.org,0640811556,0656060290,"Studio 54q
Barrett Path",Boksburg,Ekurhuleni,Gauteng,8517,Employed,Smith-Hall,Television/film/video producer,362016,Social Grant,605,Mass Market,2017-05-11,Online,Pending,Compliant,True,,,South African,South Africa,9046820375,,True,True
d185f9f0-8fc7-406e-8e5a-ca0aeae36542,PCB4953305212,Vusumuzi,Mngwengwe,5102247291083,1951-02-24,M,Black,gail20@example.net,0866738997,0865634108,"Flat 66y
Carole Station",Berea,Richards Bay,KwaZulu-Natal,5481,Unemployed,,,140707,Social Grant,498,Mass Market,2024-05-25,Online,Pending,Compliant,True,,,South African,South Africa,7617643635,,False,True
37aed9b2-cc30-40ad-adb3-fd31f80f3996,PCB2111065867,Albert,O'Sullivan,8312257791087,1983-12-25,M,Black,gugulubelo@example.com,0696810548,0721017490,2825 King Isitaladi,Germiston,Soweto,Gauteng,7425,Self-Employed,Shezi-Phewa,Social researcher,726572,Salary,640,Mass Market,2018-07-04,Branch,Verified,Compliant,True,,,South African,South Africa,6299293408,4955341340,True,True
b2ebfe50-e47c-439c-abf6-a9f68942352d,PCB4167591308,Siyabonga,Burton,6205156146087,1962-05-15,M,Black,elliot94@example.com,0635893571,0646611062,29 James Indlela,La Lucia,Umhlanga,KwaZulu-Natal,7803,Retired,,,624131,Investment,606,Emerging Affluent,2020-12-20,Branch,Verified,Compliant,True,,,South African,South Africa,8639993987,,True,True
832d42ba-e77f-42ef-abf1-389ea7cf4842,PCB4538244882,Zenzile,Hill,0311254010087,2003-11-25,F,Black,taylorderek@example.org,0648277288,0633770285,397 Adelaide Indlela,Fauna Park,Mokopane,Limpopo,1946,Retired,,,276112,Pension,468,Emerging Affluent,2024-03-01,Online,Verified,Compliant,True,,,South African,South Africa,9762945083,,False,True
ee7269b4-5c6a-47bd-abbc-c9fa164cc8dd,PCB2811432415,Amahle,Robertson,9203232408085,1992-03-23,F,Black,nozizwevilakazi@example.org,0694327018,0721067949,8666 Clarence Umgwaqo,Claremont,George,Western Cape,7412,Employed,Sameya-Mvelase,Intelligence analyst,1100207,Pension,601,Private Banking,2019-12-05,Mobile,Verified,Compliant,True,,RM3340,South African,South Africa,3601503399,,True,True
76b85659-01fe-405a-84a4-11f51d8dba1b,PCB2396793314,Olwethu,Sibalukhulu,7607233678082,1976-07-23,F,Black,normanmelanie@example.org,0839663658,0617412094,5335 Commissioner Umgwaqo,Dan Pienaar,Bethlehem,Free State,9193,Retired,,,212215,Pension,513,Mass Market,2019-09-03,Online,Verified,Non-Compliant,True,,,Nigerian,Nigeria,4253932355,,True,True
2d3e12b7-908b-4db3-910f-ad4b6ada7101,PCB5376458227,Amber,Williams,6508030152089,1965-08-03,F,Black,nozizwe53@example.org,0663971895,0739070562,3 Phillip Street,Vincent,Queenstown,Eastern Cape,6799,Employed,"Fox, Thompson and West",Horticultural therapist,143931,Salary,414,Mass Market,2023-04-08,Online,Verified,Compliant,True,,,South African,South Africa,5208149330,,True,True
5136d8b2-a93b-41aa-92f7-db3139d0a2d3,PCB3914601601,Frances,Vaughan,5202070734083,1952-02-07,F,Black,ngcolosimthokozisi@example.net,0619520046,0635265461,7167 Jan Smuts Indawo,Fourways,Pretoria,Gauteng,0850,Employed,"Mahaye, Mbongwa and Majoka",Applications developer,241035,Salary,531,Mass Market,2022-01-04,Mobile,Verified,Compliant,True,,,South African,South Africa,5789238017,,False,True
2c1f5492-41c0-4eb5-ac83-84e813685831,PCB1435979641,Jenna,Mlaba,0006153966085,2000-06-15,F,Black,nomcebo18@example.com,0812496718,0662582386,28 York Umgwaqo,Westdene,Bethlehem,Free State,9096,Student,,,1277327,Social Grant,624,Affluent,2021-06-18,Branch,Verified,Compliant,False,2022-11-08,RM1305,South African,South Africa,5175059577,,False,True
52c43632-653a-46c0-a7af-cb4c3a1026a2,PCB3715308155,Mzamo,Mphankomo,9007289897081,1990-07-28,M,Black,sibongile35@example.net,0828402891,0691612846,"Flat 08
Walker Spurs",Glenwood,Newcastle,KwaZulu-Natal,3455,Retired,,,156364,Pension,454,Mass Market,2016-07-29,Agent,Verified,Compliant,True,,,South African,South Africa,7239376653,,False,True
9a3f7ed0-8efc-4452-905c-031240e0733f,PCB4961067014,Sharon,Makhathini,5403303766086,1954-03-30,F,Black,ncwabathembisile@example.org,0837002687,0738118071,"Flat 70g
Simon Walk",Bendor,Louis Trichardt,Limpopo,5784,Self-Employed,Henry-Brown,Clinical psychologist,102156,Social Grant,464,Mass Market,2023-01-12,Branch,Verified,Compliant,True,,,South African,South Africa,5225369518,4842862979,False,True
3a750a1e-facd-4936-a5e1-a2a814fa4e32,PCB8340948569,Amahle,Zikhungwini,7704050076080,1977-04-05,F,Black,nobantu79@example.com,0661943375,0614793036,721 Edward Ithafa,Rondebosch,Stellenbosch,Western Cape,1818,Self-Employed,Roberts-Webster,Chief of Staff,70744,Pension,425,Mass Market,2020-06-26,Online,Verified,Compliant,True,,,South African,South Africa,3427258822,,False,False
c3d68512-ee39-41cc-9791-0586599d9721,PCB2178229686,Lorraine,Roberts,6610242126088,1966-10-24,F,Black,mantshingalwandile@example.org,0850894870,0740566418,3797 Walter Sisulu Ithafa,Rustenburg Central,Rustenburg,North West,7645,Unemployed,,,127314,Social Grant,438,Mass Market,2018-07-31,Online,Verified,Compliant,True,,,South African,South Africa,5496678921,,True,True
10f4743d-14ec-4cd9-9831-c0c4275e0624,PCB4468928756,William,Williams,7909038210085,1979-09-03,M,Black,thuthukile50@example.net,0873613325,0691107609,7891 Oxford Ithafa,Seshego,Louis Trichardt,Limpopo,5478,Employed,"Day, Richardson and Bull",Radiation protection practitioner,260672,Investment,555,Mass Market,2023-09-28,Branch,Verified,Non-Compliant,True,,,South African,South Africa,4575635519,,True,True
19dad456-f184-41ac-95ac-937b9f1dd07e,PCB1536125194,Nhlanhla,Barton,6003059914087,1960-03-05,M,Black,sotobenozizwe@example.com,0610651207,0614961108,408 Prince Ithafa,Sandton,Pretoria,Gauteng,0856,Employed,"Davies, Cooper and Bryant","Administrator, arts",183093,Salary,438,Mass Market,2023-09-14,Branch,Verified,Compliant,True,,,Kenyan,Kenya,5340522065,,True,True
c046d20f-f8d8-4553-bbfd-4056d99a8e05,PCB7516379744,Francis,Iqbal,6204095829082,1962-04-09,M,Coloured,webbamy@example.org,0823110919,0669284567,9948 Queen Ithafa,La Lucia,Pinetown,KwaZulu-Natal,7285,Employed,Ferguson Group,Chartered management accountant,496254,Salary,584,Affluent,2020-05-10,Branch,Verified,Compliant,True,,RM1425,South African,South Africa,7805471449,,True,True
2bf9de13-9294-43b6-a752-e7ae75d08267,PCB1625453276,Lydia,Edwards,6712064781089,1967-12-06,F,Black,thumbezazakhele@example.org,0784954508,0822038806,948 Cecil Umgwaqo,Glenwood,Richards Bay,KwaZulu-Natal,5634,Employed,Mason-Warren,Learning disability nurse,179019,Salary,503,Mass Market,2022-06-27,Branch,Pending,Compliant,True,,,British,United Kingdom,2466954340,,True,True
8ada74dd-c200-479e-b3e3-1e19859cef43,PCB6581875190,Zinhle,Macingwane,0102192712083,2001-02-19,F,Black,qmade@example.net,0712170730,0843379337,46 Grey Indlela,Germiston,Ekurhuleni,Gauteng,5432,Retired,,,1217030,Pension,618,Affluent,2020-07-13,Branch,Verified,Compliant,True,,RM6499,South African,South Africa,5323852618,,False,True
182d8fa8-7063-4dba-9157-80cb655f3a46,PCB2545798406,Hugh,Maduna,6303316166083,1963-03-31,M,Black,mbokazinomusa@example.net,0603342342,0718323024,922 Charlotte Shoals,Sandton,Centurion,Gauteng,1658,Self-Employed,Peacock Inc,"Production designer, theatre/television/film",100095,Salary,447,Mass Market,2023-12-20,Online,Verified,Compliant,True,,,South African,South Africa,5771575572,,True,True
8f16d71b-084e-4609-9ded-09077e4d8d48,PCB9081684463,Tina,Fletcher,7103303050080,1971-03-30,F,Coloured,nomasonto54@example.com,0861122338,0735596309,598 Prince Isitaladi,Claremont,Stellenbosch,Western Cape,9623,Retired,,,177113,Investment,429,Mass Market,2021-01-21,Online,Verified,Compliant,True,,,South African,South Africa,9818680148,,True,True
9e408d90-f7f3-4d45-8029-09016f6613b1,PCB3640917193,Luyanda,Mthanti,7911059005086,1979-11-05,M,Black,ellie22@example.net,0658685787,0655587774,87 Davies Ville,La Lucia,Pinetown,KwaZulu-Natal,9523,Retired,,,2047263,Pension,708,Private Banking,2021-06-10,Mobile,Verified,Compliant,True,,RM2333,South African,South Africa,6166847778,,True,True
f7ab8165-8a52-4b8d-a059-75f1ff4b3fe3,PCB1364036788,Bandile,Mkhandlela,7111208089086,1971-11-20,M,Black,mitchellrichardson@example.org,0624785390,0768956776,18 Churchill Ithafa,Westville,Richards Bay,KwaZulu-Natal,6701,Employed,Mann-Norris,Museum/gallery curator,235947,Salary,494,Emerging Affluent,2024-10-08,Online,Verified,Compliant,True,,,South African,South Africa,2897037643,,True,False
27cf3535-ec87-4531-ae61-98411ccdf94e,PCB4979742135,Sandile,Sishiya,6503059110084,1965-03-05,M,Black,deniseleonard@example.net,0631150835,0665444392,66 Morgan Center,Greenacres,Port Elizabeth,Eastern Cape,8899,Retired,,,1198741,Social Grant,608,Affluent,2019-07-14,Branch,Verified,Compliant,True,,RM2280,South African,South Africa,3814528616,,True,True
1e1c0a15-403d-4187-8c88-eabcdf85a18b,PCB8792778835,Francesca,Shazi,9008071864081,1990-08-07,F,Coloured,nonhlanhla21@example.org,0711536637,0768052924,506 Prince Isitaladi,Westville,Pietermaritzburg,KwaZulu-Natal,0159,Employed,"Mzizi, Mkholo and Msimang",Equality and diversity officer,1340336,Salary,679,Affluent,2019-04-29,Online,Verified,Compliant,True,,RM4438,South African,South Africa,8527472128,,True,True
0a384245-7e7b-4b1a-a2ea-24375a52e344,PCB2637750783,Carolyn,Fakude,9312134808087,1993-12-13,F,White,thandazile09@example.net,0731863715,0827412182,"Studio 85
Lindsey Island",Claremont,George,Western Cape,0526,Self-Employed,Mjoli LLC,Lawyer,802653,Investment,569,Emerging Affluent,2020-01-22,Online,Verified,Compliant,False,2020-04-26,,South African,South Africa,6952369916,4454603800,False,True
7b6b59d2-c460-4e97-b24f-535647c53c9c,PCB2679784362,Jordan,Quinn,5607138724081,1956-07-13,M,Black,mnqobi54@example.org,0632867163,0643467299,5 Smith Row,Walmer,King William's Town,Eastern Cape,5085,Self-Employed,Mnqamu Inc,Pathologist,290567,Salary,461,Mass Market,2021-01-12,Online,Verified,Compliant,False,2024-01-08,,South African,South Africa,5907824721,4541158894,False,True
c8820851-2ec7-4e56-bd06-b18baf89be0c,PCB9071271723,Pamela,Jennings,8903054307080,1989-03-05,F,Black,sjones@example.net,0767901475,0864692632,9112 Paul Kruger Umgwaqo,Rosebank,Midrand,Gauteng,7080,Employed,Nogantshi LLC,Clothing/textile technologist,76288,Salary,350,Mass Market,2018-10-22,Mobile,Verified,Compliant,True,,,South African,South Africa,5061696296,,False,True
e417ee31-9fd2-4d0e-9e0a-8c66465bdcf4,PCB7414480314,Luyanda,Willis,5111039405086,1951-11-03,M,Black,jabulanijama@example.net,0811511856,0762438070,1 Antony Underpass,Royldene,Springbok,Northern Cape,1200,Employed,Nhlabathi Ltd,Photographer,97167,Business,456,Mass Market,2019-10-09,Online,Verified,Compliant,True,,,South African,South Africa,6129924345,,False,True
3d86d943-61bb-4eb8-bc52-e8468a7b8ea8,PCB9944478245,Vanessa,Williams,5006133803083,1950-06-13,F,Black,hnhlengethwa@example.net,0853727422,0609124186,6901 Milner Umgwaqo,Ivy Park,Tzaneen,Limpopo,2760,Employed,"Bruce, Fuller and Walker",Network engineer,216050,Salary,443,Mass Market,2020-04-09,Mobile,Verified,Compliant,True,,,South African,South Africa,2537971916,,False,False
8acfa629-f833-45b6-9bd2-7eaf52e81aff,PCB4852628125,Joyce,Khukhuza,7309131770086,1973-09-13,F,Black,njabulosomfula@example.com,0734709006,0663533106,50 Harry Canyon,Bellville,Somerset West,Western Cape,0458,Employed,"Atkins, Hopkins and Miller",Museum/gallery curator,215902,Social Grant,565,Mass Market,2016-09-11,Branch,Verified,Compliant,True,,,South African,South Africa,4789389791,,True,True
bd5e639e-5096-4b8e-ab11-dd6fbdee615b,PCB8798047141,Thandeka,Kelly,8010041368083,1980-10-04,F,Black,siyabongamtolo@example.net,0718393866,0633315520,2 Georgina Mountain,Brackenfell,Stellenbosch,Western Cape,6589,Employed,"Mncube, Bikwayo and Mathibela",Industrial/product designer,216052,Business,411,Mass Market,2018-06-28,Branch,Verified,Compliant,False,2021-06-11,,South African,South Africa,7974637746,,False,True
c34d10db-f402-4a96-a953-b27ad8feb022,PCB6031378588,Siyabonga,Watson,6302179905082,1963-02-17,M,Black,vanessalynch@example.org,0639562525,0857150997,5 Price Ridges,Ermelo,Secunda,Mpumalanga,6265,Self-Employed,Nhlane-Hhoyiyane,Chief Technology Officer,16502167,Salary,850,Private Banking,2017-08-14,Online,Verified,Compliant,True,,RM2668,Mozambican,Mozambique,1057087328,,False,True
d5374c4f-2eaa-4516-affc-770060c183f9,PCB1340975920,Amahle,Smith,7902121936089,1979-02-12,F,Black,xngema@example.org,0645743263,0840397524,"Studio 7
Russell Oval",Glenwood,Durban,KwaZulu-Natal,5203,Employed,"Jackson, Armstrong and Hargreaves",Phytotherapist,222791,Business,505,Mass Market,2020-04-23,Mobile,Verified,Non-Compliant,True,,,Tanzanian,Tanzania,1101762093,,True,True
927f9c91-979b-412b-838d-69e9b4cacaa7,PCB9043210080,Zinhle,Njomane,6302204418088,1963-02-20,F,Black,dikaneolwethu@example.net,0795270171,0660232129,5308 Paul Kruger Indawo,Summerstrand,East London,Eastern Cape,8993,Self-Employed,Ncube PLC,Health visitor,826174,Investment,596,Emerging Affluent,2021-07-09,Mobile,Verified,Compliant,False,2022-12-29,,South African,South Africa,8408771795,,True,True
d4dbe0ab-3cb7-4948-9463-d5e7e5690023,PCB3729897436,Toby,Swazi,0104226445081,2001-04-22,M,Coloured,joanhunter@example.com,0687156627,0766896270,6816 Milner Umgwaqo,Rondebosch,Stellenbosch,Western Cape,6250,Retired,,,275048,Pension,492,Mass Market,2017-08-26,Branch,Pending,Compliant,True,,,South African,South Africa,3307246477,,True,True
6ccbeb87-4cd6-46b3-81bc-6bc4ddb7301d,PCB3065210717,Londiwe,Sikhosana,7906072505081,1979-06-07,F,Black,simon37@example.org,0712732300,0795766656,430 Napier Isitaladi,Secunda,Secunda,Mpumalanga,8021,Employed,"Nomvuma, Mbhodwe and Thole",Product designer,232876,Salary,516,Mass Market,2022-01-02,Agent,Verified,Non-Compliant,True,,,South African,South Africa,5829594122,,True,True
93c73736-9251-4422-849a-28d5d4bdc725,PCB8252006746,Damian,Wallace,6512157855084,1965-12-15,M,Black,mthokozisi84@example.net,0860663370,0720249724,65 Georgia Glen,Claremont,Paarl,Western Cape,4054,Unemployed,,,827862,Social Grant,598,Affluent,2018-08-09,Agent,Pending,Compliant,True,,RM9005,South African,South Africa,4311300347,,True,True
796496b2-fedc-473f-b0ad-08543529cc77,PCB7128366328,Jade,Ingram,6212030658085,1962-12-03,F,Black,mjames@example.org,0864886946,0871195243,23 Milner Isitaladi,Vincent,Queenstown,Eastern Cape,6521,Retired,,,3009947,Pension,745,Private Banking,2017-11-09,Branch,Verified,Compliant,True,,RM4093,South African,South Africa,1416056343,,True,True
ed2c3419-2ef1-452c-ab3b-5b1419839625,PCB1576951818,Langalibalele,Mazibuko,5108178530085,1951-08-17,M,Black,adamselizabeth@example.com,0782817932,0660234679,3773 Elizabeth Umgwaqo,Bain's Vlei,Bethlehem,Free State,1790,Retired,,,106398,Social Grant,443,Mass Market,2015-10-09,Branch,Verified,Compliant,True,,,South African,South Africa,2188684621,,True,True
9c929fca-0c97-4d17-9ce5-7d14328fba3e,PCB5102611752,Zinhle,Gobhozi,7003310825080,1970-03-31,F,Black,siyabonga86@example.net,0859013806,0838477596,83 Thomas Ithafa,Beacon Bay,Queenstown,Eastern Cape,5515,Employed,Makhubo PLC,Contractor,388383,Salary,546,Emerging Affluent,2022-10-15,Mobile,Expired,Compliant,False,2023-08-13,,Tanzanian,Tanzania,9336493067,,True,True
b1adeca9-4aa9-4e7a-9c81-23e8dcd187dd,PCB8294178468,Silondile,Thompson,8806262705085,1988-06-26,F,Black,eanderson@example.org,0872091843,0727978630,"Flat 10
Zoe Wall",Ivy Park,Polokwane,Limpopo,5279,Employed,Lloyd Group,Television floor manager,124623,Salary,437,Mass Market,2023-05-31,Branch,Verified,Compliant,True,,,South African,South Africa,2908280434,,True,True
0c4f3b3a-2ec8-40d9-a69c-13f8f1a83a57,PCB4887816258,Vusumuzi,Kunene,0406037853082,2004-06-03,M,Black,mandypowell@example.org,0876493289,0868027148,"Flat 08B
Hayley Turnpike",Seshego,Thohoyandou,Limpopo,7649,Employed,Butler and Sons,Volunteer coordinator,170251,Salary,473,Mass Market,2020-12-06,Online,Verified,Compliant,True,,,South African,South Africa,2034664545,,False,True
aa0cf632-0446-46d5-9ce0-006948caa2ce,PCB2204127801,Mandla,Miller,7902148562083,1979-02-14,M,Black,thandazile86@example.com,0874712871,0865399156,2098 Napier Umgwaqo,Walmer,Port Elizabeth,Eastern Cape,6253,Self-Employed,Wright-Cox,"Physicist, medical",3516800,Business,725,Affluent,2017-11-24,Mobile,Expired,Compliant,True,,RM1478,South African,South Africa,2002305548,,True,True
489a6541-a54b-4982-ab84-00aa5d9b5247,PCB2579418510,Toby,Nonkululeko,0203057787086,2002-03-05,M,Coloured,jevans@example.com,0716904098,0666655289,"Studio 69
Blackburn Springs",Sandton,Johannesburg,Gauteng,9680,Unemployed,,,58279,Social Grant,323,Mass Market,2015-07-17,Branch,Verified,Compliant,True,,,South African,South Africa,9344648619,,True,True
e3aaa105-dc10-4e17-8ed3-72500bb770a7,PCB4019219484,Timothy,Fisher,5001179927082,1950-01-17,M,White,laurenmoore@example.com,0835481497,0843746052,"Studio 56
Katy Crest",Morningside,Newcastle,KwaZulu-Natal,3451,Unemployed,,,237386,Social Grant,448,Mass Market,2021-12-07,Mobile,Verified,Compliant,True,,,Zambian,Zambia,4333061009,,True,True
e7668c2c-8c8f-4de3-8db4-90ad16ae9b92,PCB6975857369,Leslie,Mbanjwa,5809275176080,1958-09-27,M,Black,robertsjacob@example.com,0628443861,0645904729,4 Lauren Common,Universitas,Sasolburg,Free State,2254,Employed,Nxasana-Mbatshazwa,"Engineer, site",182226,Salary,511,Emerging Affluent,2017-12-18,Online,Pending,Compliant,True,,,South African,South Africa,3797045905,,True,True
85b82117-2d26-41b2-a71e-0b9a810d82e6,PCB1241941984,Thandazile,Begum,5101283084080,1951-01-28,F,Coloured,jodie02@example.net,0727201859,0742630136,"Flat 3
Chamberlain Tunnel",Bendor,Polokwane,Limpopo,8006,Unemployed,,,125547,Social Grant,459,Mass Market,2022-11-24,Online,Verified,Compliant,True,,,South African,South Africa,6936078258,,True,True
4748be49-42c6-4b78-88c8-86a3ffc8df90,PCB1966088651,Lungile,Ngcolosi,6703055955088,1967-03-05,M,Indian,aimee66@example.net,0829974192,0737649215,5118 Prince Indawo,Seshego,Polokwane,Limpopo,1041,Employed,"Mbongwe, Nkamzwayo and Dumakude",Field trials officer,296239,Business,512,Mass Market,2018-03-30,Mobile,Verified,Compliant,True,,,South African,South Africa,4009663602,,True,True
6df5afd4-10bc-4798-b0fb-196086237cd2,PCB3799033030,Kyle,Wilson,9606035523085,1996-06-03,M,Black,kdelwayo@example.org,0661292087,0711029321,81 Stephanie Hill,Westville,Pinetown,KwaZulu-Natal,9216,Unemployed,,,168611,Social Grant,476,Mass Market,2017-10-05,Mobile,Verified,Compliant,True,,,South African,South Africa,6577349701,,True,True
fcf5d8ac-333b-417a-aa64-de0532425209,PCB7588919626,Amy,Hawkins,5912112462082,1959-12-11,F,Black,kmorgan@example.com,0649758598,0793103032,179 James Umgwaqo,Bendor,Polokwane,Limpopo,4911,Unemployed,,,544291,Social Grant,581,Affluent,2022-07-01,Branch,Verified,Compliant,False,2024-01-13,RM5807,South African,South Africa,7836656538,,True,True
ac84016c-2bef-4069-bd21-97b5fa73e5d4,PCB5996418672,Edward,Nyazitla,6611259504083,1966-11-25,M,Black,gerardgreen@example.net,0761462831,0844359892,275 Lloyd Ports,Walmer,Queenstown,Eastern Cape,6877,Employed,Cooper and Sons,Interpreter,109818,Investment,420,Mass Market,2018-05-14,Branch,Verified,Compliant,True,,,South African,South Africa,2062994474,,True,True
e0b5f00e-16ba-45c5-a3b3-a04b555efc7c,PCB8636756590,Katie,Maduna,7507013332087,1975-07-01,F,Black,amahlendima@example.org,0643401636,0631284971,69 Long Umgwaqo,Germiston,Sandton,Gauteng,8667,Student,,,1430849,Social Grant,612,Affluent,2017-11-01,Online,Verified,Compliant,False,2018-06-01,RM6944,South African,South Africa,1206000737,,True,True
b2de4f88-ac8a-44df-8297-4c40d7d082e9,PCB5842885728,Thandiwe,Lembede,0507124355089,2005-07-12,F,Black,valerie94@example.com,0608222694,0615396727,339 Voortrekker Indawo,Greenacres,East London,Eastern Cape,5800,Self-Employed,Nkonyeni Ltd,Visual merchandiser,108912,Investment,449,Mass Market,2016-05-04,Online,Verified,Compliant,True,,,South African,South Africa,4496203239,,True,True
e7095fef-429f-48cc-8b19-165c99b972fa,PCB1402153307,Nothando,Ntuli,0102052561081,2001-02-05,F,Black,charlene00@example.net,0820148706,0858277881,5155 Short Indawo,Beacon Bay,Mthatha,Eastern Cape,6644,Self-Employed,Singh-Higgins,"Nurse, mental health",183331,Salary,442,Mass Market,2015-10-03,Branch,Pending,Compliant,True,,,South African,South Africa,2482024096,4883781096,True,True
a254cce0-f0f6-4979-bc16-bdd50b601ff9,PCB1966662179,Nozibusiso,Kelly,7405214975086,1974-05-21,F,Coloured,joanne47@example.org,0625285067,0732515381,44 Prince Ithafa,Sonheuwel,Standerton,Mpumalanga,4753,Self-Employed,Phillips PLC,Medical secretary,166885,Salary,490,Mass Market,2022-07-03,Branch,Verified,Compliant,True,,,South African,South Africa,7738124846,,False,True
fad584d7-e349-456b-9979-82653a51d413,PCB8938610457,Sandra,Simelane,9612240290084,1996-12-24,F,Black,lbiyase@example.com,0615097545,0630526501,885 Hodgson Points,Germiston,Sandton,Gauteng,7059,Retired,,,309161,Pension,454,Emerging Affluent,2021-04-08,Branch,Verified,Compliant,True,,,South African,South Africa,3093419287,,False,True
486ed9cf-3f99-439b-a292-305d038605bf,PCB8780521609,Thalente,Jones,0101048238083,2001-01-04,M,Black,vsoduba@example.com,0637722560,0723134026,"Studio 84
Brown Crossing",Beacon Bay,East London,Eastern Cape,6899,Self-Employed,Luqe-Nqumela,Best boy,529225,Business,606,Mass Market,2018-05-24,Mobile,Verified,Compliant,True,,,South African,South Africa,2141600678,,True,True
cc480a15-7278-4d4b-aa9a-dec9772c06df,PCB8841061174,Ben,Russell,9501276043082,1995-01-27,M,Black,palmermitchell@example.com,0641102258,0603056906,7569 Nelson Mandela Umgwaqo,Alberton,Midrand,Gauteng,7868,Employed,"Robson, Ryan and Allen",Higher education careers adviser,230649,Salary,518,Mass Market,2018-06-28,Online,Verified,Compliant,True,,,Kenyan,Kenya,3195758393,,False,True
792cf5fa-6e6c-47f4-8b08-8b279135255f,PCB3624656441,Josh,Dixon,7202158515087,1972-02-15,M,Black,kate87@example.com,0669231260,0683260931,42 George Umgwaqo,Universitas,Sasolburg,Free State,0835,Employed,Mpunzana-Nxasana,"Horticulturist, amenity",323246,Salary,536,Affluent,2015-05-06,Online,Verified,Non-Compliant,True,,RM2688,South African,South Africa,6247484687,,True,False
bfeb7f11-1ed0-41a2-b2f6-bd5a3b30a2a9,PCB6856514972,Harriet,Dlamane,6906090423084,1969-06-09,F,Black,webbmarian@example.org,0726350200,0615347491,533 Gandhi Indlela,Alberton,Ekurhuleni,Gauteng,7060,Employed,Boyabenyathi Inc,Bonds trader,180331,Salary,520,Mass Market,2015-08-05,Mobile,Verified,Compliant,True,,,South African,South Africa,9648610631,,True,True
be981677-cbbf-4596-99e1-9aca0aad9e7a,PCB2595976710,Donald,Parry,0508107960080,2005-08-10,M,Black,thalentemncwanga@example.com,0844396112,0849109337,"Flat 78o
Angela Inlet",Fourways,Soweto,Gauteng,1617,Employed,"Mbonane, Dlangamandla and Dukada","Journalist, magazine",113098,Salary,510,Mass Market,2024-03-31,Online,Verified,Compliant,True,,,South African,South Africa,4095681282,,False,True
b4b59e19-8f45-47b7-a9df-b6f96235253a,PCB9483102271,Nomathemba,Jones,9011032068082,1990-11-03,F,Black,ethembela@example.com,0727161768,0790294240,193 Prince Isitaladi,Brackenfell,Bellville,Western Cape,9277,Employed,Smith-Rogers,"Scientist, research (medical)",707037,Salary,628,Emerging Affluent,2018-04-23,Agent,Verified,Compliant,True,,,Kenyan,Kenya,1322060399,,True,True
356fae70-133b-4719-9a47-5675f16f7ab2,PCB1888734391,Thalente,Finch,6905243196085,1969-05-24,F,Black,mcebisi63@example.net,0602939087,0798443448,"Studio 84A
Brian Falls",Boksburg,Centurion,Gauteng,1952,Employed,Mbuyise-Gebashe,Fisheries officer,105252,Salary,364,Mass Market,2023-07-08,Branch,Verified,Compliant,True,,,South African,South Africa,9090011031,,True,True
d05b076a-00d5-4750-8444-6b46a1e3d2dd,PCB9470614506,Abigail,Kay,7504031720082,1975-04-03,F,White,luyandamathebula@example.org,0711842694,0710053424,842 Main Indlela,Summerstrand,Port Elizabeth,Eastern Cape,0257,Self-Employed,Madlanduna-Mzizi,Waste management officer,152801,Salary,416,Mass Market,2018-05-31,Agent,Verified,Compliant,True,,,South African,South Africa,8103123072,,True,True
56b90eba-592d-49c4-ac9d-23d78a2abad0,PCB2698502431,Denise,Turner,6307123622087,1963-07-12,F,Black,sheppardjacob@example.org,0763652717,0657223972,"Flat 8
Clayton Ville",Morningside,Pinetown,KwaZulu-Natal,4622,Employed,Chamane Group,"Lighting technician, broadcasting/film/video",214860,Salary,469,Mass Market,2023-11-30,Branch,Verified,Compliant,True,,,South African,South Africa,3610575957,,False,False
f59ba850-c93d-46d4-b851-b4a1cdf0a89c,PCB4470302359,Harry,Mjwara,0310258297083,2003-10-25,M,Black,bishopgavin@example.com,0831660100,0643142900,"Flat 20V
Howard Orchard",Fauna Park,Tzaneen,Limpopo,1743,Employed,Finch-Blake,Musician,1585111,Salary,652,Affluent,2021-12-17,Mobile,Pending,Compliant,True,,RM9630,South African,South Africa,5892956017,,True,True
19c5ba73-e18f-49a2-a104-e01ab37e74f4,PCB9829918066,Simphiwe,Duncan,5906192717085,1959-06-19,F,Black,thabisile16@example.org,0864810018,0691862030,6792 Albertina Sisulu Indlela,Klerksdorp Central,Klerksdorp,North West,3714,Employed,Evans Inc,"Clinical scientist, histocompatibility and immunogenetics",84106,Salary,441,Mass Market,2021-10-10,Branch,Verified,Compliant,True,,,South African,South Africa,5777758858,,False,False
8b4b6d7b-8850-4165-af91-93d377756d49,PCB9776107836,Nozibusiso,Nonduma,7104292927085,1971-04-29,F,Coloured,howardleah@example.org,0642685926,0644945147,935 Churchill Ithafa,Ermelo,Nelspruit,Mpumalanga,6048,Retired,,,368068,Social Grant,507,Emerging Affluent,2023-11-24,Mobile,Verified,Compliant,False,2024-06-11,,South African,South Africa,3816872014,,True,True
4036648a-b3d3-40a6-84a5-0e91c27de9a9,PCB2196045940,Michael,Cole,5706045927083,1957-06-04,M,White,lbarrett@example.net,0625226557,0747695236,"Studio 74M
Brian Pines",Seshego,Mokopane,Limpopo,6860,Employed,Nonyana Group,Contractor,125339,Salary,459,Mass Market,2017-07-07,Online,Verified,Compliant,True,,,Nigerian,Nigeria,6283301624,,False,True
7004ba49-cc98-4563-98c1-fb9294bc842a,PCB2553530199,Musa,Little,8011196796086,1980-11-19,M,Black,osavage@example.net,0660587210,0725247286,9 Russell Garden,Germiston,Centurion,Gauteng,3974,Retired,,,113626,Investment,414,Mass Market,2024-07-31,Branch,Verified,Compliant,True,,,South African,South Africa,5909476525,,True,True
5f07ee40-578a-4751-985d-4e36af164992,PCB3497983389,Charlotte,Barrett,9906050443088,1999-06-05,F,Black,mollybird@example.com,0789202521,0671096227,8 Samuel Village,Fourways,Ekurhuleni,Gauteng,2296,Retired,,,1168229,Pension,602,Emerging Affluent,2018-08-10,Online,Verified,Compliant,True,,,South African,South Africa,6743818629,,True,True
52582d2e-c5b3-4a7a-b900-952d3642c322,PCB3161637381,Dumisile,Memela,9504061277082,1995-04-06,F,Black,scarey@example.net,0606678498,0693624186,39 James Fords,Sandton,Soweto,Gauteng,2051,Self-Employed,Dludlu and Sons,"Radiographer, diagnostic",203361,Business,433,Mass Market,2021-01-07,Online,Verified,Compliant,False,2021-04-12,,South African,South Africa,8268916871,,True,True
16f56b1b-30e3-4e4a-bb8b-8df59fd9396b,PCB2159295684,Sheila,Mshengu,8302061350088,1983-02-06,F,Black,hunterleon@example.org,0631595034,0658113904,93 Clarence Indlela,Rondebosch,Paarl,Western Cape,3076,Self-Employed,Jones Ltd,Media planner,81349,Salary,381,Mass Market,2021-08-28,Online,Verified,Compliant,False,2023-10-27,,South African,South Africa,3425783849,,True,True
72735915-e495-4cdb-8670-8fd2e9bdf8d1,PCB6131986440,Michelle,Davies,7710082577089,1977-10-08,F,Coloured,thompsonjeremy@example.net,0735215681,0792096790,"Studio 28M
McDonald Island",Walmer,Port Elizabeth,Eastern Cape,4754,Employed,"Ndlovu, Myeni and Mdunge","Surveyor, insurance",732943,Salary,536,Emerging Affluent,2019-07-20,Online,Verified,Compliant,True,,,South African,South Africa,4086168237,,True,True
d34c2baf-f31d-4dd7-b68c-648b1b573450,PCB5858456593,Sibongile,Thwala,9511104286080,1995-11-10,F,Black,alison76@example.org,0695960633,0839129710,5082 Main Isitaladi,La Lucia,Umhlanga,KwaZulu-Natal,2337,Self-Employed,Ali-Parkinson,Transport planner,522921,Investment,525,Mass Market,2015-11-04,Branch,Pending,Compliant,True,,,South African,South Africa,4844574882,,True,True
2949a668-9ea3-4b41-9f9a-136b86be274f,PCB1383236692,Ndumiso,Brown,9209041322087,1992-09-04,F,Black,neilthomas@example.com,0657474721,0827054669,459 King Isitaladi,Claremont,Stellenbosch,Western Cape,2114,Unemployed,,,287177,Social Grant,559,Mass Market,2018-09-21,Online,Verified,Compliant,False,2020-11-03,,South African,South Africa,9948523764,,True,True
102faf5d-060a-45ca-bf9a-343f07c64a57,PCB1034114705,Jordan,Pearce,7701055467089,1977-01-05,M,Indian,shandulondiwe@example.com,0634629613,0737157787,5919 President Indawo,Sandton,Sandton,Gauteng,1788,Retired,,,859706,Business,565,Private Banking,2020-05-23,Online,Pending,Non-Compliant,True,,RM5011,South African,South Africa,8594432684,,False,True
633df561-127d-4591-bf74-5e729ecac50e,PCB6490579087,Darren,Sandanezwe,6205299950080,1962-05-29,M,Black,tgigaba@example.net,0618272359,0619605673,9925 King Indlela,Klerksdorp Central,Potchefstroom,North West,0887,Employed,Porter LLC,Politician's assistant,1519164,Salary,753,Private Banking,2022-08-25,Branch,Verified,Compliant,True,,RM8802,South African,South Africa,1756367883,,False,True
85ad99d1-6a69-48ec-9dab-cef2a6e2dc73,PCB9130688289,Sibusiso,Coates,8409258698083,1984-09-25,M,Black,nomusankabinde@example.com,0650165423,0726778265,117 Prince Ithafa,Claremont,Cape Town,Western Cape,9345,Retired,,,326701,Pension,547,Mass Market,2017-06-10,Branch,Verified,Compliant,True,,,South African,South Africa,9924120473,,True,True
fd250f7b-e79e-409d-82f0-7d0f61426f0b,PCB2358961337,Patricia,Knight,6408052592082,1964-08-05,F,Black,nozibusisombunjwa@example.org,0856480727,0849103368,"Studio 93J
Norman Cliffs",Brackenfell,George,Western Cape,2722,Unemployed,,,110280,Social Grant,449,Mass Market,2016-01-10,Branch,Verified,Compliant,False,2018-09-05,,South African,South Africa,5102142411,,True,True
148694da-57d4-425a-9f97-96d8293011be,PCB8298511580,Kirsty,Stone,6502014113087,1965-02-01,F,Black,marilyn04@example.org,0847665586,0795127652,"Studio 27
Donald Flats",Ivy Park,Louis Trichardt,Limpopo,9057,Employed,Turnbull-Bennett,"Clinical scientist, histocompatibility and immunogenetics",207752,Salary,457,Mass Market,2023-06-07,Online,Verified,Compliant,True,,,South African,South Africa,4680775250,,True,True
3313d442-8fb2-442e-8b5b-105ae70e7556,PCB9730103138,Silondile,Nkala,7407180134085,1974-07-18,F,Black,musa47@example.com,0696337861,0667157660,48 Queen Indawo,Seshego,Polokwane,Limpopo,6139,Employed,Reed Inc,Audiological scientist,1507628,Investment,675,Affluent,2020-07-26,Online,Verified,Compliant,True,,RM7738,South African,South Africa,9200543022,,True,False
a497c20a-9e14-43f8-a04e-e02616c59ffe,PCB7871714360,Mandla,Gule,6710125127083,1967-10-12,M,Black,bethanrichards@example.org,0712963863,0836096262,6 Adams Shoals,Walmer,Queenstown,Eastern Cape,6605,Employed,"Jones, Elliott and Dale",Mudlogger,591364,Pension,550,Affluent,2018-09-26,Online,Verified,Compliant,False,2020-11-30,RM9502,Congolese,DRC,4441007454,,True,True
8f737087-08dc-4f04-8ac2-54f2df51532c,PCB1400524723,Kathryn,Nyambose,7906174529087,1979-06-17,F,Black,birchdonna@example.com,0606092098,0629602752,58 Charles Ithafa,Greenacres,Queenstown,Eastern Cape,3928,Employed,Brown Ltd,Exercise physiologist,952896,Business,616,Affluent,2015-05-09,Branch,Verified,Compliant,True,,RM6282,South African,South Africa,5517226989,,False,False
e32daaf2-1ce6-4682-bb35-186c9b592598,PCB1526925167,Emma,Shaw,6411220847083,1964-11-22,F,Black,vusumuzi25@example.com,0644421175,0666170617,4689 Elizabeth Indlela,Vincent,Port Elizabeth,Eastern Cape,1251,Employed,"Fraser, Ward and Parsons",Fashion designer,27372,Salary,435,Mass Market,2017-10-11,Online,Pending,Compliant,True,,,South African,South Africa,1691934899,,True,True
e48bf09c-1d7e-4a66-9946-31e8e782c08e,PCB9486494079,Nonhlanhla,Walker,8908174969080,1989-08-17,F,Black,nfreeman@example.net,0727998028,0874139080,94 Commissioner Ithafa,Germiston,Sandton,Gauteng,8487,Retired,,,92650,Pension,424,Mass Market,2019-12-05,Branch,Pending,Compliant,True,,,South African,South Africa,1931826598,,True,True
e47078f3-ad8c-4911-9a05-d5760dcfd8a7,PCB5689974759,Londiwe,Bryant,7609261036088,1976-09-26,F,Black,vumisalondisizwe@example.com,0868477686,0664234619,"Studio 4
Roy Coves",Alberton,Sandton,Gauteng,9627,Employed,"Mcusi, Mazwi and Nyawo","Surveyor, hydrographic",385034,Salary,586,Emerging Affluent,2022-06-09,Mobile,Expired,Compliant,True,,,South African,South Africa,9086810658,,True,True
a97c8ade-97f8-47e0-8d05-75fbfdef84b4,PCB6810727866,Lungile,Wela,8605115881084,1986-05-11,M,Coloured,jodiebarnes@example.net,0841720849,0744985601,37 Milner Indawo,La Lucia,Richards Bay,KwaZulu-Natal,2948,Unemployed,,,222730,Social Grant,469,Emerging Affluent,2024-05-16,Online,Verified,Compliant,True,,,South African,South Africa,6891236110,,False,True
e71a08cf-be56-47a3-b46e-9ecf60c33100,PCB8710494605,Mnqobi,Doncabe,6710300089088,1967-10-30,F,Black,bennettamy@example.org,0678164938,0661849196,82 Walter Sisulu Ithafa,Fourways,Johannesburg,Gauteng,7131,Self-Employed,"Brooks, Akhtar and Cooper","Copywriter, advertising",1085798,Salary,620,Emerging Affluent,2018-10-13,Branch,Verified,Compliant,True,,,South African,South Africa,3141689608,,True,True
8902db05-3812-414e-92df-e5dfe03de324,PCB3475678519,Charles,Talbot,8106106401088,1981-06-10,M,Black,gxabhashenonjabulo@example.org,0690907426,0618805017,9086 West Umgwaqo,Dan Pienaar,Bloemfontein,Free State,1559,Employed,Shah-Rowe,Translator,902949,Investment,677,Private Banking,2016-05-31,Online,Verified,Compliant,True,,RM7272,South African,South Africa,6780272082,,False,True
c39e3656-040a-45bc-a4f4-b3d763b675a8,PCB9521072699,Jake,Harris,9804095385086,1998-04-09,M,Black,nothandoncusi@example.com,0781591030,0602156321,99 Commissioner Ithafa,Bellville,Paarl,Western Cape,3132,Employed,Gigaba-Caluza,Higher education lecturer,347310,Business,507,Emerging Affluent,2019-02-27,Mobile,Verified,Compliant,True,,,South African,South Africa,5520414347,,True,False
10b0d54d-7f2f-49c8-9745-65aa60900f70,PCB8784566068,Nobuhle,Marshall,0505150614083,2005-05-15,F,Coloured,khuzwayomusa@example.net,0682297125,0649671883,"Flat 8
Wood Pass",Claremont,Cape Town,Western Cape,9469,Employed,Price-Carpenter,"Programme researcher, broadcasting/film/video",174889,Salary,550,Mass Market,2015-03-27,Online,Verified,Compliant,True,,,South African,South Africa,3073207837,,False,True
f8d83d78-b82a-4c81-b612-0515b0350694,PCB1335079305,Kim,Magujwa,5607042891082,1956-07-04,F,Black,luyandadubazane@example.com,0780303763,0781539885,"Flat 21i
Paul Road",Sandton,Sandton,Gauteng,5109,Employed,Mbhele-Vunisa,"Doctor, hospital",977447,Business,641,Emerging Affluent,2018-04-13,Online,Pending,Compliant,True,,,South African,South Africa,1558605632,,True,True
056217c6-c731-4f79-b30f-c0d7ac911f00,PCB2817174845,Elaine,Mkholo,0302054206086,2003-02-05,F,Black,fcraig@example.net,0854912711,0670724078,4498 Voortrekker Indlela,Vincent,Queenstown,Eastern Cape,7417,Self-Employed,Hale Group,Translator,73885,Salary,388,Mass Market,2023-12-09,Branch,Verified,Compliant,True,,,South African,South Africa,1910816645,4398326747,True,True
b4ebc28f-526a-45ea-823c-588724471955,PCB9800965219,Sithembiso,Fry,8205173615080,1982-05-17,F,Black,madidenomcebo@example.org,0736343629,0688978610,3998 Grey Indawo,Sea Point,George,Western Cape,4079,Employed,Ndlala LLC,Dance movement psychotherapist,838810,Social Grant,626,Emerging Affluent,2021-06-16,Branch,Verified,Compliant,True,,,South African,South Africa,2143226860,,False,False
56b81eb2-082d-4046-8431-6dd74a4f1d25,PCB6447165060,Janet,Watts,9911113314083,1999-11-11,F,Black,noxolo21@example.net,0662354940,0632897432,"Studio 68
Bethan Fords",Bellville,Stellenbosch,Western Cape,5163,Employed,Green LLC,"Merchandiser, retail",990166,Business,653,Affluent,2018-02-16,Branch,Verified,Compliant,True,,RM2659,South African,South Africa,5132802357,,True,True
838bbd02-157b-4453-ab40-9da0e6d4a59e,PCB4663992245,Shirley,Smith,6902092161080,1969-02-09,F,Black,jaynemoore@example.net,0835790737,0630094388,"Flat 93
Robinson Alley",Rustenburg Central,Rustenburg,North West,2742,Employed,Nenzi Ltd,Radio broadcast assistant,94861,Investment,455,Mass Market,2024-01-03,Mobile,Verified,Compliant,True,,,South African,South Africa,6736690534,,True,True
11e0468a-00eb-495e-9fb7-8ae8c617e9fe,PCB6809486058,Chelsea,Sangweni,7612023985088,1976-12-02,F,Black,markhart@example.net,0865897148,0870263257,"Flat 4
O'Sullivan Islands",Ivy Park,Thohoyandou,Limpopo,0507,Employed,Khambule Ltd,"Engineer, maintenance (IT)",209851,Salary,429,Mass Market,2021-10-10,Online,Expired,Compliant,True,,,South African,South Africa,4197023855,,False,True
ea7e11b4-f9f8-4196-811a-38bd00b09c13,PCB9213654445,Thalente,Mhlangu,8403277243089,1984-03-27,M,Indian,ellie77@example.org,0792455696,0684309859,97 Charles Ithafa,Sea Point,Somerset West,Western Cape,2015,Employed,Nonduma LLC,Occupational hygienist,181585,Salary,452,Mass Market,2020-06-16,Online,Expired,Compliant,True,,,South African,South Africa,2238705235,,True,True
3fccfc5f-188c-4979-a61b-0201410be359,PCB3853234069,Luyanda,Roberts,6812028820086,1968-12-02,M,Coloured,morganleonard@example.org,0697414070,0664910740,"Studio 82K
Kay Crescent",Rosebank,Sandton,Gauteng,7051,Self-Employed,"George, Reynolds and Armstrong","Surveyor, building control",116994,Salary,436,Mass Market,2024-07-17,Mobile,Verified,Compliant,True,,,South African,South Africa,9069049958,,True,True
3a4c12f8-f431-4de8-a06f-0c3b122f71c4,PCB6139905102,Jay,Ellis,8807295704085,1988-07-29,M,Black,phopkins@example.com,0821430753,0856661449,"Flat 84
Nathan Landing",Summerstrand,King William's Town,Eastern Cape,5092,Unemployed,,,169124,Social Grant,472,Mass Market,2020-12-01,Online,Pending,Compliant,True,,,South African,South Africa,4297076131,,True,True
f794df90-7eeb-476c-80ce-223f387b0ed7,PCB6082544784,Luyanda,Bennett,5601067498082,1956-01-06,M,Black,gareth18@example.net,0741287585,0765676670,9076 Jan Smuts Umgwaqo,Claremont,Stellenbosch,Western Cape,9158,Self-Employed,Kubheka Group,Radiation protection practitioner,357924,Salary,559,Emerging Affluent,2023-10-22,Mobile,Verified,Compliant,True,,,South African,South Africa,9189853166,,True,True
a947356f-b250-4f75-b46b-22635efa9d45,PCB8924675684,Daniel,Mnqamu,0502129450087,2005-02-12,M,White,mellorgraeme@example.net,0646078701,0614159149,53 William Indawo,Universitas,Sasolburg,Free State,7889,Employed,Holmes PLC,"Lecturer, further education",470915,Business,563,Emerging Affluent,2024-11-18,Mobile,Verified,Compliant,True,,,South African,South Africa,4079282743,,True,True
19720c0b-051e-47ea-b902-9b819c88f5ca,PCB5959722992,Andile,Mlambo,6605156117088,1966-05-15,M,Black,mathew24@example.net,0844079311,0602918133,64 Paul Kruger Ithafa,Secunda,Standerton,Mpumalanga,1698,Employed,Davies-Sharpe,Graphic designer,234256,Salary,447,Mass Market,2015-10-30,Mobile,Verified,Compliant,True,,,South African,South Africa,5818143357,,True,True
526d7d1c-ebad-40c5-9ff2-b568477570ad,PCB5824092354,Langalibalele,Khonjwayo,9612188597085,1996-12-18,M,Black,xululuyanda@example.org,0640223288,0667744197,"Flat 99
Richards Inlet",Bain's Vlei,Welkom,Free State,6019,Unemployed,,,1058442,Social Grant,634,Emerging Affluent,2022-08-23,Branch,Verified,Compliant,True,,,South African,South Africa,2824643661,,False,True
4e2c4f0e-bb0a-431c-b54e-50a61aca98d4,PCB7957316436,Dumisani,Gibson,5202200090084,1952-02-20,F,Black,ojones@example.org,0615277402,0728835868,"Studio 2
Pearson Islands",Fauna Park,Thohoyandou,Limpopo,1029,Employed,Edwards Ltd,"Psychologist, occupational",82388,Salary,443,Mass Market,2016-08-10,Branch,Verified,Compliant,True,,,South African,South Africa,5896431504,,True,True
d4666d26-f79c-4fef-88f9-91e5cb50d26c,PCB2113367267,Norman,Gwija,7702168962089,1977-02-16,M,Black,parsonsbethany@example.org,0865995996,0620023117,"Studio 92
Carol Viaduct",Sea Point,Paarl,Western Cape,7806,Unemployed,,,526058,Social Grant,587,Mass Market,2017-09-13,Branch,Verified,Non-Compliant,True,,,South African,South Africa,4417097158,,False,True
a027a9f3-e762-474c-a0df-f665d2a25956,PCB2075819942,Nomasonto,Nonkululeko,6704053441084,1967-04-05,F,White,pwright@example.net,0611759025,0637629833,661 Queen Indawo,Rondebosch,Somerset West,Western Cape,4137,Unemployed,,,336499,Social Grant,572,Affluent,2020-02-07,Online,Verified,Compliant,True,,RM2014,South African,South Africa,4393042281,,False,False
ba5dd48f-c112-4397-bc7a-8933ff5b11dc,PCB5604055120,Charlie,Dunn,9003185272080,1990-03-18,M,Indian,zakhelengwekazi@example.org,0658733978,0725982176,975 Louise Fall,Bendor,Polokwane,Limpopo,6163,Retired,,,406979,Social Grant,577,Emerging Affluent,2015-12-11,Online,Verified,Compliant,True,,,South African,South Africa,1433418050,,True,False
1bc35f30-4d58-4c03-9e0a-7fa17c008883,PCB6374644126,Nicole,Mngoma,6011270184083,1960-11-27,F,Black,fphewa@example.net,0865124189,0678984690,12 Long Indlela,Claremont,Bellville,Western Cape,8945,Retired,,,224936,Pension,516,Mass Market,2017-03-24,Branch,Verified,Non-Compliant,True,,,South African,South Africa,1128754686,,True,True
116ca17d-f098-4e6a-930e-690e65fb70eb,PCB1267698902,Glen,Bell,7601086141089,1976-01-08,M,Black,craig90@example.net,0781990516,0839187240,05 David Squares,Berea,Richards Bay,KwaZulu-Natal,1705,Employed,"Harris, Richards and Williams",Investment analyst,189955,Salary,481,Mass Market,2020-06-10,Online,Verified,Compliant,True,,,Nigerian,Nigeria,5172413186,,False,False
35467d6b-f1b1-4241-815d-df93767762c1,PCB4169357602,Terry,Ellis,9604146607081,1996-04-14,M,Black,nwilliams@example.net,0817066266,0812171955,93 Clarence Isitaladi,Boksburg,Midrand,Gauteng,3173,Self-Employed,Taylor Inc,Podiatrist,115556,Salary,379,Mass Market,2022-10-19,Mobile,Verified,Compliant,True,,,South African,South Africa,1043162941,,True,True
9a9d31d4-f9f8-4cf1-9cd8-0ab438e86ec7,PCB1244313440,Busisiwe,Mashiya,8510140375089,1985-10-14,F,Coloured,isimpson@example.org,0612724055,0833429671,396 Grey Indawo,La Lucia,Pinetown,KwaZulu-Natal,1259,Employed,Barber Ltd,Contractor,145151,Salary,480,Mass Market,2023-05-31,Mobile,Verified,Compliant,True,,,South African,South Africa,8788600364,,True,True
77595890-46d2-4f84-ba33-d6e12b874937,PCB7663237365,S'fiso,Baker,8306297479080,1983-06-29,M,Black,nomathemba89@example.com,0843845881,0615697413,8751 Albertina Sisulu Indlela,Alberton,Ekurhuleni,Gauteng,2247,Employed,"Perry, Cooper and Wilson",Trade union research officer,337340,Investment,538,Emerging Affluent,2023-10-24,Online,Verified,Compliant,True,,,British,United Kingdom,5822166150,,True,True
220b2dce-668f-4bcc-bdfd-2839e0ce5208,PCB5093296976,Donald,Manzezulu,6207208606087,1962-07-20,M,White,noxolomusi@example.net,0607044964,0620496706,1058 James Ithafa,Morningside,Durban,KwaZulu-Natal,6303,Student,,,319927,Social Grant,536,Emerging Affluent,2018-08-03,Branch,Verified,Compliant,True,,,South African,South Africa,3287035463,,True,False
2f418199-1049-4389-83b4-2ea755610f9d,PCB9192433568,Mitchell,Oliver,6604139986083,1966-04-13,M,White,mohammed09@example.net,0823059660,0638648769,"Flat 7
Marion Center",Rustenburg Central,Potchefstroom,North West,9312,Unemployed,,,259699,Social Grant,458,Mass Market,2020-06-22,Branch,Expired,Compliant,True,,,South African,South Africa,2023176784,,True,True
3b306728-de33-45da-8613-34f78fd3ca6a,PCB2694799285,Gary,White,9411037047083,1994-11-03,M,Black,coxrachael@example.org,0834544901,0699542770,424 Joseph Indlela,Walmer,Mthatha,Eastern Cape,7208,Employed,"Johnson, Hussain and Reeves",Health physicist,538400,Salary,523,Emerging Affluent,2019-08-05,Branch,Verified,Compliant,True,,,South African,South Africa,3390614928,,True,True
45227561-c40f-42ef-9f27-41dac382ddb1,PCB8673971451,Alex,Ngcemu,6907089999089,1969-07-08,M,Black,rhyswhitehead@example.com,0687232290,0671028795,30 Grey Ithafa,Fourways,Johannesburg,Gauteng,0688,Self-Employed,Kholose-Masina,Research scientist (life sciences),111179,Salary,484,Mass Market,2023-07-22,Branch,Expired,Non-Compliant,True,,,South African,South Africa,9483773007,,False,True
ff98f0f3-d8f0-47a8-afc6-cbdedba0b239,PCB1468853596,Derek,Morris,8207215366088,1982-07-21,M,Black,tnombhoco@example.com,0797181335,0825616420,"Flat 86
Gerard Union",Vincent,Mthatha,Eastern Cape,5351,Student,,,266940,Social Grant,509,Mass Market,2018-08-20,Branch,Expired,Non-Compliant,True,,,South African,South Africa,6904358583,,True,True
5c256c19-19f1-4458-9097-1493fe628d0c,PCB1109673244,Alexandra,Goodwin,8308113017086,1983-08-11,F,Coloured,smithfiona@example.com,0833588953,0739026113,938 Davies Falls,Summerstrand,Port Elizabeth,Eastern Cape,9264,Employed,Davies-Hunt,Chief Strategy Officer,192724,Salary,513,Mass Market,2017-12-28,Online,Verified,Compliant,False,2018-11-30,,South African,South Africa,4148407142,,True,True
4518f02f-717f-4e54-872f-6cb32c2cdbf3,PCB7189122676,Thabisa,Parsons,5609273869089,1956-09-27,F,Black,alex00@example.net,0683943535,0677513765,2391 Albertina Sisulu Indawo,Germiston,Johannesburg,Gauteng,1306,Employed,"Boyle, Bailey and Townsend",Chief Technology Officer,254504,Salary,508,Mass Market,2021-08-05,Online,Pending,Compliant,True,,,South African,South Africa,3599394028,,True,True
eb87f2bb-9c22-4ab3-8a18-f4609ef696c8,PCB6527129795,Nomthandazo,Madondo,8902164404080,1989-02-16,F,White,gugu71@example.net,0711166829,0783270216,"Studio 5
Wade Cliffs",Summerstrand,King William's Town,Eastern Cape,4316,Unemployed,,,1392060,Social Grant,642,Affluent,2024-01-05,Online,Verified,Compliant,True,,RM7678,South African,South Africa,4734297104,,True,False
d431baaa-bbd0-4a79-983a-6f5d7e41b0be,PCB9178736108,Robert,McCarthy,8806066084081,1988-06-06,M,Black,bhekokwakhe27@example.org,0722683415,0719991015,627 Gareth Plains,Berea,Pietermaritzburg,KwaZulu-Natal,7355,Retired,,,624091,Social Grant,615,Affluent,2017-10-06,Online,Verified,Compliant,True,,RM9672,South African,South Africa,8549092491,,True,True
77c7f50d-d85a-43d0-9048-612057f39580,PCB8084139498,Gillian,Gobhozi,8104230686084,1981-04-23,F,Black,howellssteven@example.net,0735728941,0674750988,"Flat 7
Hilary Route",Vincent,King William's Town,Eastern Cape,9500,Unemployed,,,119599,Social Grant,427,Mass Market,2016-12-04,Mobile,Verified,Compliant,True,,,South African,South Africa,4252579672,,True,False
c78a0d18-6aa0-49e8-8fae-3d1bafc78948,PCB7938423009,Zenzele,Ngobisi,5111176725089,1951-11-17,M,Black,derek56@example.net,0635421447,0763244913,266 Paul Kruger Indlela,Alberton,Sandton,Gauteng,4566,Retired,,,667310,Investment,587,Emerging Affluent,2016-07-28,Branch,Pending,Compliant,True,,,South African,South Africa,9707402483,,True,True
28720e79-2cb0-4e43-86b0-8b3a863c5f5b,PCB6167450976,Mlungisi,O'Neill,0010096598086,2000-10-09,M,Indian,jill46@example.org,0826782741,0861767412,5517 Victoria Indlela,La Lucia,Pinetown,KwaZulu-Natal,4563,Unemployed,,,227681,Social Grant,480,Mass Market,2019-05-28,Branch,Verified,Compliant,False,2019-08-18,,South African,South Africa,4407284549,,True,True
426a3c34-1075-4848-b803-ece2f262acb4,PCB4337385343,Nomthandazo,Nondaba,8307252261086,1983-07-25,F,Black,yatessarah@example.com,0865061853,0810032963,4320 Church Indawo,Ivy Park,Thohoyandou,Limpopo,3206,Unemployed,,,160894,Social Grant,454,Mass Market,2023-11-07,Branch,Verified,Compliant,True,,,Congolese,DRC,2213756353,,False,True
2922581a-18f3-4084-a1c6-4cb798d57bff,PCB1764998225,John,Shazi,9310126754089,1993-10-12,M,Black,lungile61@example.org,0744969357,0792434776,931 Patrick Overpass,Boksburg,Centurion,Gauteng,9796,Self-Employed,Bayeni-Gwagwa,Restaurant manager,173603,Salary,465,Mass Market,2018-01-17,Online,Verified,Compliant,False,2018-07-03,,South African,South Africa,6528788381,,True,True
a2685fd3-3ce3-4265-8358-1bda3a908030,PCB9083864810,Lungile,Nsukuza,9412186443087,1994-12-18,M,Black,kmphemba@example.net,0789630448,0666085456,47 Nelson Mandela Indlela,Seshego,Mokopane,Limpopo,6413,Self-Employed,Mshikela-Gambu,"Conservator, furniture",328639,Investment,536,Mass Market,2016-11-18,Online,Verified,Compliant,True,,,South African,South Africa,6235342653,,True,False
1d8706dd-c6cf-479c-92a0-90c81229ba91,PCB3685585090,Thabisa,Nzama,7905251812080,1979-05-25,F,Black,mlangatshesimphiweyinkosi@example.com,0839529800,0731558108,326 Cecil Indawo,Midrand,Ekurhuleni,Gauteng,3449,Employed,Barker-Robinson,"Journalist, broadcasting",711147,Salary,569,Affluent,2022-09-29,Branch,Verified,Compliant,True,,RM3728,South African,South Africa,6279951345,,True,True
120e15d6-f9c3-4220-8c64-351d4fe9fb53,PCB5037328522,Thembekile,Hobbs,6305081766085,1963-05-08,F,Black,akhaphela@example.org,0610818670,0654403304,8946 Commissioner Indlela,Westville,Richards Bay,KwaZulu-Natal,2026,Employed,Mtshali-Mhlophe,Contracting civil engineer,597735,Investment,624,Emerging Affluent,2022-03-17,Branch,Verified,Compliant,True,,,South African,South Africa,9060028594,,True,False
95c94f51-1c42-4219-bd5d-6d7d5f07f30b,PCB4946965703,Silondile,Mncube,9804193402088,1998-04-19,F,Black,fmpikela@example.net,0639639456,0790447314,"Studio 0
Alex Crest",Potchefstroom Central,Brits,North West,9441,Employed,"Ndosi, Manzezulu and Gwanyana",Field trials officer,880983,Salary,569,Affluent,2022-03-21,Branch,Verified,Non-Compliant,False,2024-05-19,RM9875,South African,South Africa,7704427893,,True,True
2f4dae42-e4ae-461b-83e0-616daab69d60,PCB5760130713,Nokulunga,Mhlanga,8008132003085,1980-08-13,F,Black,zinhlekhulu@example.com,0679063757,0821452118,5005 Queen Ithafa,La Lucia,Pinetown,KwaZulu-Natal,2774,Employed,"Sandanezwe, Thwala and Mavuso","Psychologist, forensic",873510,Salary,596,Affluent,2023-11-05,Mobile,Verified,Compliant,True,,RM9143,Nigerian,Nigeria,8894452239,,True,True
7349cfc0-6156-437d-9508-0db5fe365a3e,PCB8475438378,Thandeka,Mathibela,5601064042080,1956-01-06,F,Black,jabulanilutholoni@example.net,0640599604,0863878753,67 Elizabeth Indlela,Rustenburg Central,Klerksdorp,North West,5273,Employed,Richards-Ball,Armed forces logistics/support/administrative officer,297844,Salary,502,Mass Market,2016-05-03,Online,Verified,Compliant,True,,,South African,South Africa,4148508746,,True,True
2b230825-6b17-4ffe-9620-5f77ec1c9594,PCB1521742718,Geoffrey,Phathwayo,6908146042083,1969-08-14,M,Black,msuthunomathemba@example.org,0667106728,0782866041,7 Holloway Mews,Secunda,Nelspruit,Mpumalanga,7135,Student,,,256267,Social Grant,566,Mass Market,2023-04-07,Online,Pending,Compliant,True,,,South African,South Africa,9115534388,,True,True
6bbe05a2-51ff-4b96-b97f-bfac093c215e,PCB7891351401,Joseph,Peters,9310196674089,1993-10-19,M,Black,reece52@example.org,0787352287,0605622710,81 Grey Ithafa,La Lucia,Richards Bay,KwaZulu-Natal,5110,Employed,Mphahlwa Group,Naval architect,254595,Business,515,Mass Market,2018-09-09,Branch,Verified,Compliant,True,,,Mozambican,Mozambique,1406795995,,True,True
fe7e677d-74e5-49b5-b656-0b6c8f1374bb,PCB3700768869,S'fiso,Khuba,8812029580080,1988-12-02,M,Black,ntaylor@example.net,0664469459,0734883192,"Flat 06V
Louis Islands",Fourways,Johannesburg,Gauteng,1688,Employed,Mntambo-Njapha,Veterinary surgeon,907104,Business,648,Emerging Affluent,2024-06-14,Branch,Verified,Compliant,True,,,South African,South Africa,8585145661,,True,True
c26b9ed9-4e90-4932-be71-7790b8b198f4,PCB5248097310,Bandile,Hunter,5010298878088,1950-10-29,M,Black,zmasina@example.com,0629222705,0620287675,931 Main Ithafa,Bain's Vlei,Kroonstad,Free State,4958,Employed,"Morton, Murray and Harding",Pensions consultant,996049,Salary,555,Affluent,2023-09-09,Branch,Verified,Compliant,True,,RM1043,South African,South Africa,7332834814,,True,True
02523414-87f6-4817-8cf2-297f40600402,PCB8875273236,Mzamo,Wade,9608179959082,1996-08-17,M,Black,stewartgillian@example.org,0862687741,0816520575,70 Emma Spurs,Sea Point,Bellville,Western Cape,6949,Employed,Soduba LLC,Chemical engineer,236824,Salary,512,Mass Market,2016-05-08,Online,Expired,Non-Compliant,True,,,South African,South Africa,6937609381,,False,True
c7468853-ec6f-4a05-b929-c1121429714f,PCB9614048844,Jasmine,Nogantshi,8911233621089,1989-11-23,F,Black,amelia98@example.net,0695154809,0680476044,6508 Voortrekker Umgwaqo,Summerstrand,Port Elizabeth,Eastern Cape,0938,Retired,,,373007,Social Grant,573,Emerging Affluent,2019-07-26,Mobile,Pending,Non-Compliant,True,,,South African,South Africa,8010417786,,True,True
06d8b200-1ce9-464d-8b7a-2848f4a67a90,PCB4161938464,Owethu,Maphindela,7703310312083,1977-03-31,F,Black,sheilaclark@example.com,0641610705,0638439055,954 Frere Isitaladi,Rustenburg Central,Brits,North West,2773,Employed,Hall-Thomas,Economist,194520,Pension,489,Mass Market,2019-06-26,Online,Expired,Compliant,True,,,South African,South Africa,7026582511,,True,True
0197d7ef-b2fb-457c-9bdd-b76dc3b0d59e,PCB6036215200,Busisiwe,Ward,7907014108083,1979-07-01,F,Black,jonesstacey@example.net,0614938620,0694851579,"Studio 51
Clare Corners",Rosebank,Johannesburg,Gauteng,1411,Unemployed,,,916595,Social Grant,650,Affluent,2015-01-19,Online,Verified,Compliant,True,,RM5368,South African,South Africa,4133395031,,False,True
97ddac20-2ab1-412a-aa23-deabd20e4497,PCB6354673685,Mlungisi,Nkamzwayo,9403115085080,1994-03-11,M,White,mbheledumisani@example.org,0853240642,0682956334,93 West Umgwaqo,Morningside,Durban,KwaZulu-Natal,3265,Retired,,,1038562,Investment,597,Affluent,2024-08-26,Branch,Verified,Compliant,True,,RM7136,South African,South Africa,7399010176,,True,True
f72d813d-996f-430d-ae57-13eb80207635,PCB7808480880,Lynne,Khukhuza,0407173683080,2004-07-17,F,Black,pwilliams@example.org,0648936543,0718841834,0 Maria Rue,La Lucia,Umhlanga,KwaZulu-Natal,3576,Retired,,,2750618,Pension,750,Private Banking,2024-09-23,Branch,Verified,Compliant,True,,RM3793,South African,South Africa,6095658763,,False,True
7bebd5d3-e468-4e58-8ba1-a51e5494d51f,PCB4012010269,Fiona,Swift,8510014820087,1985-10-01,F,Black,elliotwilson@example.com,0845026755,0841254278,5 Murphy Expressway,Fauna Park,Louis Trichardt,Limpopo,3051,Employed,Whitehead-Lynch,"Radiographer, diagnostic",282089,Investment,607,Emerging Affluent,2021-09-10,Online,Verified,Compliant,True,,,South African,South Africa,8277815372,,True,True
e8f6d470-c1ad-4f42-924e-738385d4901e,PCB7017906777,Nobantu,Gabadela,8403233057087,1984-03-23,F,White,chloesmith@example.org,0613816649,0739028249,6552 Gandhi Indawo,Klerksdorp Central,Klerksdorp,North West,8587,Employed,"Mathenjwa, Nhlanhlampofu and Mdlenevu","Designer, exhibition/display",3112114,Salary,689,Affluent,2017-09-27,Agent,Verified,Compliant,True,,RM8906,South African,South Africa,5122796224,,True,True
99bb606a-d40c-4df5-9890-d18086d5f335,PCB9593556142,Njabulo,Blake,9308048757086,1993-08-04,M,Indian,xmalembe@example.org,0643244123,0666132850,"Flat 08
Miah Hill",Klerksdorp Central,Klerksdorp,North West,7821,Unemployed,,,93591,Social Grant,411,Mass Market,2024-03-04,Branch,Verified,Compliant,True,,,South African,South Africa,4938269146,,True,True
bca80148-e7b8-4cd0-9ed4-29ebc0a69045,PCB5602730904,Judith,Sibeko,8207022679080,1982-07-02,F,Black,khanlynn@example.org,0789039235,0725809961,93 Evans Islands,Midrand,Pretoria,Gauteng,3770,Employed,Morgan-Mitchell,Systems analyst,226884,Salary,556,Emerging Affluent,2017-04-30,Branch,Verified,Compliant,True,,,South African,South Africa,6753480867,,True,True
e67fb514-f205-44b3-8ad0-92adffde1fbe,PCB5444546673,Andile,Mathwasa,6103068168080,1961-03-06,M,Black,simpsonlisa@example.org,0742268171,0721602529,"Studio 98
Dorothy Lake",Klerksdorp Central,Potchefstroom,North West,8307,Employed,"Ncala, Mhlongo and Miya",Health physicist,307724,Salary,585,Mass Market,2018-10-20,Online,Verified,Non-Compliant,True,,,South African,South Africa,7020270238,,True,True
17c491c0-b59f-4e9f-8213-df727ebad8dc,PCB2567069461,Thomas,Ward,8707245949086,1987-07-24,M,Black,fcameron@example.org,0656861205,0869438976,"Studio 4
Diane Stream",Alberton,Soweto,Gauteng,0796,Employed,Edwards Group,Nature conservation officer,1521815,Salary,627,Affluent,2018-09-16,Branch,Pending,Compliant,True,,RM8377,South African,South Africa,6881083339,,True,True
a12a2645-12e2-4598-80ad-c5ef43c7195e,PCB2791260069,Brian,Mashiya,7810187189085,1978-10-18,M,Black,noxolo85@example.org,0765409150,0816321812,6 Carroll Point,Potchefstroom Central,Rustenburg,North West,2370,Retired,,,623600,Pension,561,Emerging Affluent,2018-09-29,Online,Verified,Non-Compliant,True,,,South African,South Africa,2968897085,,False,True
ee6f77ce-459c-42e0-aee7-42d3ef45e6e5,PCB8513044549,Carolyn,Mkhabela,6004120828081,1960-04-12,F,White,jnjinji@example.com,0746024161,0669449883,8478 King Umgwaqo,Royldene,Upington,Northern Cape,0801,Unemployed,,,1391078,Social Grant,629,Affluent,2017-04-01,Online,Verified,Compliant,True,,RM2290,South African,South Africa,4342811602,,True,True
67c9be79-bce5-4b32-a44d-98517a2477e3,PCB5316661404,Khanyisile,Hodgson,5409211484086,1954-09-21,F,White,lambertgerard@example.com,0660624479,0845133053,5301 Joseph Umgwaqo,Westville,Pinetown,KwaZulu-Natal,1045,Retired,,,439443,Pension,496,Emerging Affluent,2016-03-30,Online,Verified,Compliant,True,,,South African,South Africa,7851463947,,True,True
61cdcdd8-4966-4981-aa70-e98cfbe4d8eb,PCB8828130662,Douglas,Ncongwane,5310087809086,1953-10-08,M,Black,masilelalondisizwe@example.com,0647738264,0730917851,50 Cecil Ithafa,Berea,Pinetown,KwaZulu-Natal,3401,Employed,"Jones, Williams and Smith",Communications engineer,99360,Business,397,Mass Market,2019-06-13,Online,Verified,Compliant,True,,,South African,South Africa,3007382296,,False,True
8da1a481-6fdc-4f90-b170-a31161a6f4d7,PCB9475504077,Sphiwe,Vezi,7311029627083,1973-11-02,M,Black,silondilenzima@example.com,0817368269,0631633194,"Studio 51I
West Bridge",Klerksdorp Central,Brits,North West,2927,Employed,Harris PLC,"Scientist, audiological",461248,Pension,514,Emerging Affluent,2022-08-04,Mobile,Expired,Non-Compliant,True,,,Kenyan,Kenya,7657501485,,True,True
35e59c7c-9a46-4988-8fc4-2599a32bcf51,PCB2684371781,Jabulani,Mawanda,7405097616080,1974-05-09,M,Black,siphesihlempumuza@example.net,0737747226,0690857216,311 Church Ithafa,Bain's Vlei,Kroonstad,Free State,9506,Employed,"Ngubeni, Thuliswayo and Lutholoni","Librarian, public",112146,Business,412,Mass Market,2023-08-03,Agent,Verified,Compliant,True,,,South African,South Africa,3658052055,,False,True
0b719cd2-7a5a-498e-93cd-85ee7b521bff,PCB3619124771,Dean,Khan,9905219674080,1999-05-21,M,Black,kyle40@example.net,0659715096,0818327532,42 Smith Indlela,Potchefstroom Central,Rustenburg,North West,7737,Unemployed,,,1683382,Social Grant,654,Affluent,2023-08-14,Mobile,Verified,Compliant,True,,RM1374,South African,South Africa,4841614871,,False,True
ebd29172-bc11-4332-a0a3-495a9dccc198,PCB3754702956,Sphiwe,Reed,0007076981088,2000-07-07,M,Black,mthokozisidonda@example.net,0835237100,0856876164,14 Nelson Mandela Isitaladi,Secunda,Witbank,Mpumalanga,8804,Employed,Khaba Group,Careers adviser,908107,Salary,616,Affluent,2016-12-11,Mobile,Verified,Compliant,True,,RM8559,South African,South Africa,5396844455,,True,True
60e9b09c-e343-401f-9e56-3f88d8ea072a,PCB4301805593,Lungile,Day,9412028263088,1994-12-02,M,Black,thabisile55@example.org,0726876112,0689125652,19 Napier Indlela,Boksburg,Soweto,Gauteng,3983,Employed,Majola PLC,Theatre manager,103360,Investment,499,Mass Market,2020-12-30,Branch,Verified,Compliant,True,,,Malawian,Malawi,5613093606,,True,True
7d4231d8-3c31-40d7-b590-408208c140a4,PCB1601385551,Nozizwe,Owen,0108052805081,2001-08-05,F,Black,gnkala@example.org,0794035954,0692947742,"Studio 3
Jane Creek",Glenwood,Pietermaritzburg,KwaZulu-Natal,2107,Employed,Mbulazi-Thabekhulu,Child psychotherapist,370733,Salary,497,Emerging Affluent,2017-07-05,Branch,Verified,Compliant,True,,,South African,South Africa,2301188571,,True,True
f560a11f-0a60-4875-a976-a07c45530d17,PCB4865487796,Benjamin,Griffiths,6603249233082,1966-03-24,M,Black,xwela@example.net,0722985856,0782872760,5 Clark Haven,Germiston,Sandton,Gauteng,1061,Unemployed,,,204252,Social Grant,529,Mass Market,2022-11-15,Branch,Verified,Compliant,True,,,South African,South Africa,4389907086,,True,True
80a0e354-f0ed-4c02-8581-df6ad8d9e5b4,PCB6164826959,Jacob,Barrett,6702129293083,1967-02-12,M,Coloured,xnkwakha@example.org,0850615814,0818810798,9167 Albertina Sisulu Umgwaqo,Westdene,Bethlehem,Free State,4063,Employed,"Newman, Holmes and Gray","Surveyor, building",119366,Salary,439,Mass Market,2022-04-06,Mobile,Verified,Non-Compliant,True,,,Congolese,DRC,4683031554,,False,True
d0cf3d14-3b43-44c8-a21f-c8180ff47b4d,PCB4940490072,Minenhle,Shangase,7601019990082,1976-01-01,M,Black,omahulube@example.com,0648403339,0827718051,"Studio 99r
Evans Shores",Sea Point,Stellenbosch,Western Cape,3219,Self-Employed,Chamane-Ntsele,Dispensing optician,281469,Salary,513,Emerging Affluent,2019-02-05,Online,Verified,Compliant,True,,,South African,South Africa,3531350085,4304026156,True,True
e1fe6d61-a613-458f-a563-89664c94c4c8,PCB5297093830,Nobuhle,Stephenson,5901140913081,1959-01-14,F,Black,lutholoniluyanda@example.org,0749472587,0794448354,6 Gould Road,Dan Pienaar,Bloemfontein,Free State,9196,Employed,Lewis-Kennedy,Clinical cytogeneticist,186097,Salary,510,Mass Market,2018-12-11,Online,Verified,Compliant,True,,,South African,South Africa,6077425654,,False,True
3f4aa40e-79e7-4a14-84a7-1bf79aaf67ac,PCB8561022829,Thandiwe,Ngcemu,7306024061084,1973-06-02,F,Black,qlawson@example.com,0854175823,0633348458,"Studio 58
Ryan Meadows",Westville,Pinetown,KwaZulu-Natal,7732,Retired,,,186228,Investment,438,Mass Market,2015-11-01,Branch,Verified,Compliant,True,,,South African,South Africa,5958959143,,False,True
af00f8a0-a333-4064-bd82-af6a983383db,PCB9508993384,Karen,Mcanyana,6003164998084,1960-03-16,F,White,abigailcrawford@example.com,0849643474,0722455574,"Flat 9
Knowles Spur",Morningside,Pietermaritzburg,KwaZulu-Natal,6969,Employed,Gwamanda-Nxumalo,Probation officer,123152,Salary,466,Mass Market,2017-01-05,Mobile,Verified,Non-Compliant,True,,,South African,South Africa,7050697422,,True,False
1aac1299-dea3-4197-9a4c-c7957eb8ebec,PCB8373053113,Frank,Mahlangu,9604075159084,1996-04-07,M,White,fnjomane@example.net,0695056658,0813398741,"Flat 50b
Scott Villages",Klerksdorp Central,Mafikeng,North West,1220,Retired,,,125608,Investment,459,Mass Market,2024-10-08,Branch,Verified,Compliant,True,,,South African,South Africa,8127147064,,True,True
f5706e19-f23a-4611-b644-52e87b465555,PCB1435681141,Nonhlanhla,Chambers,9602012294085,1996-02-01,F,White,william33@example.org,0845485741,0782156229,141 Thompson Plain,Riverside,Secunda,Mpumalanga,4897,Employed,Barker-Jackson,Museum/gallery conservator,1118643,Salary,643,Affluent,2021-05-27,Online,Verified,Compliant,True,,RM7144,South African,South Africa,8132612624,,True,True
94affe59-c764-4400-987d-0ad55c8fc61a,PCB8960435535,Jack,Moss,6606256150083,1966-06-25,M,Black,sphillips@example.com,0763257375,0713449021,696 Somerset Umgwaqo,Berea,Umhlanga,KwaZulu-Natal,6731,Student,,,443988,Social Grant,562,Affluent,2020-05-17,Mobile,Verified,Compliant,True,,RM2114,South African,South Africa,2604060189,,True,True
4a035d91-94df-4696-9323-c122be95d715,PCB9878167585,Carol,Shabalala,9205032679089,1992-05-03,F,Black,mohammed94@example.com,0629181828,0629793164,18 Gerard Greens,Boksburg,Centurion,Gauteng,7631,Student,,,75048,Social Grant,510,Mass Market,2020-11-19,Mobile,Verified,Compliant,True,,,South African,South Africa,1313643390,,True,True
f47cf1a9-3dd7-4779-925a-8b00d4d9459b,PCB7763447547,Sibusisiwe,Robertson,7707053542087,1977-07-05,F,Black,ykelly@example.org,0609600356,0644395873,"Studio 8
Thorpe Locks",Boksburg,Centurion,Gauteng,9412,Employed,Mfusi-Chiliza,Chief Executive Officer,298002,Pension,494,Emerging Affluent,2020-07-02,Mobile,Verified,Compliant,True,,,South African,South Africa,1636874095,,True,False
aece017f-954c-4834-bb72-962141c93ced,PCB5592466298,Sibongile,Dobson,8203080323082,1982-03-08,F,Black,kim89@example.com,0713334264,0673502716,472 Long Isitaladi,Germiston,Centurion,Gauteng,0417,Employed,"Lewis, Davies and French","Scientist, clinical (histocompatibility and immunogenetics)",144726,Salary,442,Mass Market,2024-02-21,Online,Verified,Compliant,True,,,South African,South Africa,7214011880,,True,True
4da51901-aadc-43ae-bfc1-0006c9ee2b58,PCB1522713644,Wendy,Willis,5611251021086,1956-11-25,F,White,carolsmith@example.org,0661795563,0661857481,84 Joseph Indawo,La Lucia,Newcastle,KwaZulu-Natal,7487,Employed,Newton-Burke,"Engineer, electronics",2352523,Salary,657,Private Banking,2022-12-24,Branch,Verified,Non-Compliant,True,,RM3868,South African,South Africa,5724747614,,True,True
f4be94ff-f06b-46a4-8cba-1a36fadcbac4,PCB8774618469,Bhekisisa,Pearson,5806092463084,1958-06-09,F,Black,carlydavis@example.net,0780450232,0820282270,1 Foster Way,Midrand,Johannesburg,Gauteng,1003,Self-Employed,Willis-Sims,Government social research officer,366387,Salary,514,Mass Market,2023-04-04,Branch,Verified,Compliant,True,,,South African,South Africa,7947345952,4791040857,True,True
3b94310a-469f-495b-bdb5-1debc79f830b,PCB1697389798,Vusumuzi,Wheeler,5311296240089,1953-11-29,M,Black,ishangase@example.org,0783465495,0600507026,8984 Albertina Sisulu Indlela,Germiston,Pretoria,Gauteng,0762,Student,,,1578069,Social Grant,625,Affluent,2023-04-10,Mobile,Verified,Compliant,True,,RM3975,South African,South Africa,1429991715,,True,True
e43d0d53-a043-4f1a-8480-9b429f35c31f,PCB9518504093,Thembeka,Mills,6011110920080,1960-11-11,F,Black,marylloyd@example.org,0817290477,0682585917,576 Stanley Umgwaqo,Seshego,Mokopane,Limpopo,8075,Retired,,,149049,Pension,513,Mass Market,2022-11-29,Mobile,Verified,Compliant,True,,,South African,South Africa,5047101003,,False,False
ca32bc99-ff8b-4b9d-9ca0-72f790ef992c,PCB6266589423,Vincent,Harrison,6708257312083,1967-08-25,M,Coloured,silondile67@example.net,0654579889,0682565290,85 Cecil Isitaladi,Fauna Park,Polokwane,Limpopo,6309,Retired,,,1962129,Pension,724,Private Banking,2017-08-19,Mobile,Expired,Compliant,True,,RM2724,South African,South Africa,3725717915,,True,True
3d67fcbd-6beb-4aed-b77d-5e1e53dd0cb2,PCB8978676786,Julia,Gordon,8911180095089,1989-11-18,F,Indian,wilkinsonfrank@example.com,0669673794,0817148552,44 Damian Hills,Glenwood,Newcastle,KwaZulu-Natal,4183,Employed,"Mntambo, Dukada and Sithole",Film/video editor,93770,Salary,406,Mass Market,2023-03-09,Mobile,Verified,Compliant,True,,,South African,South Africa,8972380077,,True,True
bf2b334b-61d9-4d8b-839b-e5b3731c244a,PCB1477329638,Mandla,Mabuyakhulu,8806125208086,1988-06-12,M,Black,vbennett@example.net,0814254768,0628268323,4 Jay Manor,Fauna Park,Louis Trichardt,Limpopo,0274,Employed,Gence Ltd,Optometrist,974634,Salary,579,Affluent,2017-10-23,Online,Verified,Compliant,True,,RM3068,South African,South Africa,7584855993,,True,True
66a5b361-8f0b-41dc-80c4-bc7aaa6cf6c6,PCB4075565814,Andile,Thorpe,8101078067089,1981-01-07,M,Black,beverley11@example.org,0819634064,0738677524,8657 Commissioner Isitaladi,Rosebank,Centurion,Gauteng,0006,Self-Employed,Booth-Carter,"Producer, radio",138862,Salary,479,Mass Market,2020-11-02,Online,Verified,Compliant,True,,,South African,South Africa,1286967409,4781087988,True,False
279affd9-9190-4f95-9791-21936bec80d8,PCB8069879617,Sibusiso,Roberts,5511306986082,1955-11-30,M,Black,dlangamandlanokulunga@example.org,0739335134,0646192372,"Studio 30
Nicole Rue",Riverside,Secunda,Mpumalanga,4514,Retired,,,194365,Pension,464,Mass Market,2021-07-03,Branch,Verified,Compliant,True,,,South African,South Africa,3023399168,,True,True
584338c8-a8fa-4613-a76d-b07760b87e8c,PCB8387373027,Mlungisi,Foster,6401209997086,1964-01-20,M,Black,thangosibusiso@example.net,0680641769,0657438119,8867 Jan Smuts Indlela,Potchefstroom Central,Rustenburg,North West,9815,Self-Employed,Jobe and Sons,Dispensing optician,103261,Pension,462,Mass Market,2022-11-03,Branch,Pending,Compliant,True,,,South African,South Africa,7152443211,,False,False
696dd856-e6af-4dd3-9595-cc197764d7c1,PCB8886832331,Nonhlanhla,Mngwengwe,0110312061084,2001-10-31,F,White,zibuyile36@example.org,0721017397,0679641789,4 Smith Mission,Ermelo,Middelburg,Mpumalanga,9268,Employed,Ndinisa LLC,Museum/gallery exhibitions officer,588681,Salary,581,Emerging Affluent,2019-01-13,Online,Pending,Compliant,True,,,South African,South Africa,3584119955,,True,True
c76a3d3f-ac7d-41bd-a286-6a944270b471,PCB6319807982,Nomcebo,Cunningham,0301060777083,2003-01-06,F,Black,brandonsimpson@example.com,0829660577,0828066039,2694 Rivonia Indawo,La Lucia,Durban,KwaZulu-Natal,2962,Retired,,,378134,Salary,478,Mass Market,2021-11-06,Mobile,Verified,Non-Compliant,True,,,Kenyan,Kenya,4444113865,,True,True
df8c5c39-b206-481c-8917-4be8b64b3af3,PCB6483094742,Bandile,Begum,9011207818083,1990-11-20,M,Black,lynda90@example.org,0615742388,0845652715,"Flat 65i
Kimberley Fall",Fourways,Soweto,Gauteng,5764,Retired,,,416725,Pension,608,Emerging Affluent,2020-05-01,Online,Pending,Compliant,True,,,South African,South Africa,8854134160,,False,True
e147bc36-a123-431d-a8a8-0dda8386d54b,PCB2643668468,Mcebisi,Sanders,7809049073089,1978-09-04,M,Coloured,lungile27@example.com,0687557522,0710139488,"Flat 49W
Lewis Mews",Greenacres,Queenstown,Eastern Cape,4854,Employed,Heath LLC,Consulting civil engineer,202995,Investment,561,Mass Market,2022-04-30,Online,Verified,Compliant,True,,,Tanzanian,Tanzania,1853064745,,False,True
7bfaa120-090a-4fb9-8675-9dc0fc952ff3,PCB7583445057,Nomasonto,Miller,0202102157083,2002-02-10,F,Black,mgence@example.org,0732614991,0713703824,80 George Indlela,Midrand,Sandton,Gauteng,0432,Unemployed,,,237893,Social Grant,477,Mass Market,2024-01-06,Mobile,Expired,Compliant,True,,,South African,South Africa,6264911145,,True,True
639ca5b5-8ec9-4282-83ae-1b8ccff312f7,PCB7180242731,Antony,Murphy,7908026996081,1979-08-02,M,Black,mzamosijadu@example.org,0818936289,0739645465,92 William Indawo,Fourways,Johannesburg,Gauteng,5973,Employed,Clark-Bowen,Architect,130526,Pension,439,Mass Market,2018-03-23,Mobile,Verified,Compliant,True,,,South African,South Africa,5872609483,,True,True
c8e5d190-e13e-4704-b6a5-36344d58f206,PCB8337324204,Sibusisiwe,Maphumulo,5806114742089,1958-06-11,F,Black,pjobe@example.com,0815193583,0764907977,24 Edward Isitaladi,Bellville,Stellenbosch,Western Cape,9684,Retired,,,184103,Pension,493,Mass Market,2016-10-26,Agent,Verified,Compliant,True,,,South African,South Africa,6787911240,,True,False
8ee2937d-cbf4-4701-ac9a-23976d45eacb,PCB7742040508,Carole,Wright,9709120535087,1997-09-12,F,Black,lungile97@example.com,0870976263,0857484539,64 Voortrekker Umgwaqo,Fourways,Sandton,Gauteng,8323,Employed,Mavundla-Dlawuza,Psychiatrist,445488,Pension,565,Emerging Affluent,2015-01-12,Branch,Verified,Compliant,True,,,South African,South Africa,3618188178,,True,True
1be44988-6b94-488c-8b74-8099fcf311ad,PCB1835882089,Bhekisisa,Mbembe,8803060521088,1988-03-06,F,Black,wkirby@example.net,0832207151,0636966672,576 Thomas Indlela,Sea Point,Cape Town,Western Cape,5625,Employed,Matthews and Sons,Oceanographer,171737,Salary,503,Mass Market,2018-03-02,Branch,Verified,Compliant,True,,,Nigerian,Nigeria,6377359759,,False,True
04485172-9859-4d78-ab90-1473d401724d,PCB9993781295,Charlene,Thabizolo,0405302877083,2004-05-30,F,Black,ygugushe@example.com,0680908051,0650800564,"Flat 6
Flynn Mews",Rosebank,Pretoria,Gauteng,0454,Student,,,643607,Social Grant,660,Affluent,2015-10-31,Online,Verified,Compliant,True,,RM2336,South African,South Africa,1740422125,,True,True
d7867a56-0757-4fd2-a165-ce93bae23f55,PCB4919649984,Zenzele,Hill,7010277828089,1970-10-27,M,Black,nothando61@example.com,0835927282,0760908144,4 Zoe Meadow,Bendor,Thohoyandou,Limpopo,1766,Employed,Thomas LLC,Environmental manager,164963,Salary,466,Mass Market,2024-03-18,Branch,Verified,Non-Compliant,True,,,South African,South Africa,3137394980,,True,True
80e19395-81b4-4fc1-9f98-2557a76a8316,PCB5054496823,Chelsea,Khabalidaka,9202094489082,1992-02-09,F,Black,conor91@example.net,0858153523,0783605079,7722 President Umgwaqo,Dan Pienaar,Sasolburg,Free State,1619,Employed,"Parker, Hamilton and Thomas","Sales professional, IT",581809,Investment,540,Emerging Affluent,2023-04-11,Branch,Verified,Non-Compliant,True,,,South African,South Africa,7535534994,,True,True
146b222d-d0d1-4256-8133-072093781a70,PCB7985074008,Ronald,Mncwabe,0201266109086,2002-01-26,M,Black,somfulathandeka@example.com,0736617071,0718796474,2006 Main Indlela,Claremont,George,Western Cape,0904,Employed,"Jordan, Fox and Murphy",Youth worker,982768,Salary,558,Emerging Affluent,2024-03-25,Branch,Expired,Compliant,True,,,South African,South Africa,3331252563,,True,True
8e0d7958-06fb-4aef-9428-c7704641cfaf,PCB6103447686,Leigh,Nelson,6011275386088,1960-11-27,M,Black,njabulocenge@example.org,0810688285,0850317235,8303 Long Indlela,Seshego,Thohoyandou,Limpopo,1196,Employed,Marshall-Taylor,Immunologist,749827,Business,563,Emerging Affluent,2019-10-30,Online,Verified,Compliant,True,,,South African,South Africa,2638481615,,True,False
a4743f65-c55e-4a81-a1a0-ff9b8aea3402,PCB5227974252,Kirsty,Magagula,5411141969085,1954-11-14,F,White,nomvulalutholoni@example.com,0733560229,0679469434,7334 Voortrekker Isitaladi,Sandton,Soweto,Gauteng,6705,Employed,"Taylor, Powell and Hopkins",Data scientist,531921,Business,564,Mass Market,2022-10-01,Online,Verified,Compliant,True,,,South African,South Africa,4870091128,,True,True
4d59d6cc-1e24-4b38-886d-8ac3919f25ae,PCB1957668578,Gregory,Sims,6312298239085,1963-12-29,M,Black,ulewis@example.net,0841127128,0712464844,080 Allen Plaza,Walmer,King William's Town,Eastern Cape,9341,Self-Employed,Musi Ltd,Pathologist,106719,Salary,511,Mass Market,2015-02-12,Mobile,Verified,Non-Compliant,False,2017-09-18,,South African,South Africa,9961462409,,True,True
aabcc99d-15c7-42bc-969c-dae285cb001e,PCB1982023149,Dorothy,Parkin,8302043841083,1983-02-04,F,Black,wadealex@example.com,0732113695,0762790833,"Flat 83
Woodward Walk",Walmer,King William's Town,Eastern Cape,5209,Employed,Ndabansele-Dludlu,Commercial horticulturist,714813,Salary,568,Emerging Affluent,2017-08-01,Branch,Verified,Compliant,True,,,South African,South Africa,6048858653,,True,True
93f9fa03-dac5-4e41-9efc-095e69a3d4e4,PCB3171512258,Emily,Wood,9712083113082,1997-12-08,F,Coloured,rlee@example.net,0672357071,0679848228,"Flat 93
Marshall Corners",Midrand,Johannesburg,Gauteng,5203,Student,,,180022,Salary,489,Mass Market,2021-07-18,Online,Verified,Compliant,True,,,South African,South Africa,9301315207,,True,False
01137316-1352-488d-a263-adc17ec0076e,PCB3435052229,Mandy,Henry,9610071914081,1996-10-07,F,Black,sodubabhekokwakhe@example.com,0670981079,0846496737,7015 Jan Smuts Indawo,Alberton,Johannesburg,Gauteng,4097,Employed,Lord and Sons,Chiropractor,542743,Salary,566,Mass Market,2018-09-11,Agent,Verified,Non-Compliant,False,2018-10-18,,South African,South Africa,5952689640,,True,True
07fa5644-7fcb-437a-a066-665b06bf8685,PCB9586242978,Stacey,Yengwayo,5512201428080,1955-12-20,F,Black,holliewong@example.net,0655064207,0748362536,271 Walter Sisulu Indawo,Claremont,Stellenbosch,Western Cape,6900,Employed,Mcambi and Sons,Further education lecturer,283632,Pension,563,Emerging Affluent,2021-12-20,Online,Verified,Non-Compliant,True,,,South African,South Africa,7285758328,,True,True
6a8419d0-42ff-4de5-a777-1a27ae772fa9,PCB4060550147,Thalente,Mahlase,7604109341084,1976-04-10,M,Black,thembekilemagwaza@example.org,0823957865,0844362718,478 Hope Courts,Umhlanga Rocks,Pietermaritzburg,KwaZulu-Natal,7411,Student,,,278772,Social Grant,615,Emerging Affluent,2021-08-08,Mobile,Verified,Compliant,True,,,South African,South Africa,1218552465,,False,True
94a3fefa-e23a-42f5-927c-f729e92aef60,PCB2902586094,Sibonelo,Shepherd,6405188148086,1964-05-18,M,Black,mkhizenomvula@example.com,0863692492,0846932657,954 High Umgwaqo,Umhlanga Rocks,Pietermaritzburg,KwaZulu-Natal,4026,Retired,,,117047,Social Grant,425,Mass Market,2017-06-09,Branch,Pending,Compliant,True,,,South African,South Africa,4762033050,,True,True
be96b23c-020b-42fb-a22f-02e5b4ab71f9,PCB5681286605,Pauline,Gadlela,7504150071085,1975-04-15,F,Black,hsutton@example.net,0723234159,0719775244,20 Graham Junction,Rustenburg Central,Rustenburg,North West,1663,Self-Employed,Edwards-Allan,"Designer, blown glass/stained glass",50607,Investment,361,Mass Market,2021-10-10,Branch,Pending,Compliant,True,,,South African,South Africa,2759561728,,True,True
2ea14f7d-a56a-4f64-86f9-a70de9fdfd34,PCB9199886397,Marc,Gatsheni,0002215928083,2000-02-21,M,Black,cthumbela@example.net,0630267672,0609579927,7846 Prince Isitaladi,Summerstrand,Mthatha,Eastern Cape,0326,Unemployed,,,121885,Social Grant,491,Mass Market,2017-10-01,Mobile,Verified,Non-Compliant,True,,,South African,South Africa,5242634401,,True,False
4af379b7-a754-4e27-8034-84548f1160fc,PCB8018933340,Sian,Mbamali,9009192458086,1990-09-19,F,Coloured,francesca63@example.com,0691597099,0742543848,9562 Paul Kruger Isitaladi,Bellville,Stellenbosch,Western Cape,0385,Employed,Bailey-White,Operations geologist,107202,Salary,467,Mass Market,2015-01-21,Mobile,Verified,Compliant,True,,,South African,South Africa,6611959423,,True,True
4cc4d7de-7b2c-4ab7-8528-3d9dd29117ff,PCB3367704310,Ellie,Dinwa,5210103752089,1952-10-10,F,Black,amahle46@example.net,0649090463,0786604655,648 Jan Smuts Umgwaqo,Fourways,Johannesburg,Gauteng,8399,Employed,Makhathini PLC,"Scientist, research (life sciences)",176789,Pension,553,Mass Market,2016-02-11,Mobile,Verified,Compliant,True,,,South African,South Africa,9344718841,,True,True
1a7a1249-df24-4bdc-bfc9-0cd2d33e45f1,PCB1487587350,Nonjabulo,Allen,9506242184088,1995-06-24,F,Black,pshazi@example.net,0641312512,0823110059,349 Clarence Indawo,Klerksdorp Central,Mafikeng,North West,1154,Retired,,,196411,Investment,510,Mass Market,2022-04-20,Online,Pending,Compliant,True,,,South African,South Africa,9046197909,,True,False
7f87ebe9-3e20-4ae7-a1bb-7ccf7e95daad,PCB4979553207,Jabulani,Lewis,5501036136086,1955-01-03,M,Black,nonjabulo12@example.net,0651106330,0861658373,"Flat 1
Diane Curve",Sea Point,Cape Town,Western Cape,8116,Unemployed,,,456751,Social Grant,539,Mass Market,2017-10-11,Branch,Verified,Compliant,True,,,Zambian,Zambia,5558104244,,False,False
d7243b67-f245-405d-aa9e-5320dfd3fe49,PCB5177816551,Wayne,Woods,7108287156083,1971-08-28,M,Black,achandler@example.org,0861132532,0739496843,972 Napier Umgwaqo,Summerstrand,East London,Eastern Cape,6989,Employed,Williams LLC,Theatre stage manager,1660672,Salary,678,Affluent,2015-12-02,Branch,Verified,Compliant,True,,RM9880,South African,South Africa,8230710707,,True,True
8931f44e-bcba-4267-9d91-cf99c1259d56,PCB9849367682,Musa,Higgins,6504209046083,1965-04-20,M,Black,mzamo96@example.org,0741701595,0869194575,3408 Jan Smuts Isitaladi,Sandton,Johannesburg,Gauteng,7872,Unemployed,,,322127,Social Grant,570,Emerging Affluent,2020-01-13,Branch,Verified,Compliant,True,,,Nigerian,Nigeria,4199619032,,False,True
ad3dff39-64c0-46e4-b8c4-a173a501b2a0,PCB9470861195,Peter,Gregory,8511228356084,1985-11-22,M,Black,nozizweayize@example.org,0767722660,0645626506,6 Allen Port,Fourways,Sandton,Gauteng,2831,Employed,Stokes-Jones,Curator,600712,Salary,607,Affluent,2023-09-24,Mobile,Verified,Compliant,True,,RM8563,South African,South Africa,3028462480,,True,True
459d70ae-5ef9-4801-b372-a47c6f8b9336,PCB2192581843,Kimberley,Bray,5507171296081,1955-07-17,F,Black,robertsrosie@example.net,0667976627,0850511579,"Flat 65
Vanessa Mills",Midrand,Ekurhuleni,Gauteng,4741,Employed,Porter-Jones,Corporate investment banker,579867,Salary,592,Emerging Affluent,2018-02-21,Online,Verified,Compliant,True,,,South African,South Africa,3106710988,,True,True
30c2e83a-3ad0-4c9e-8a9d-2ec15dd897f2,PCB6505706239,Sibonelo,Mhlabandlovu,8910208514082,1989-10-20,M,Black,noxolomagubane@example.org,0875259710,0765633535,44 Oxford Indawo,Ivy Park,Louis Trichardt,Limpopo,7802,Employed,"Nicholson, Thompson and Jennings","Surveyor, mining",78737,Investment,458,Mass Market,2021-09-12,Online,Verified,Compliant,True,,,South African,South Africa,4520399955,,True,True
b51de595-a81c-4f1a-b6bd-8d8c8b2114ac,PCB4222051513,Mzamo,Shelembe,6602179185080,1966-02-17,M,White,elizabethjennings@example.net,0835187794,0627634250,"Flat 11g
Mitchell Divide",Greenacres,Port Elizabeth,Eastern Cape,7762,Employed,Gough PLC,Operational investment banker,445655,Salary,598,Mass Market,2022-10-11,Online,Verified,Compliant,True,,,South African,South Africa,6669510021,,True,True
05f23f51-6b0a-4cf2-9b46-bc11bc9504a2,PCB3598804887,Mandla,Mavuso,5212166541080,1952-12-16,M,Black,ddavies@example.net,0690388436,0740443240,0 Black Island,Morningside,Pinetown,KwaZulu-Natal,0473,Retired,,,311355,Pension,578,Mass Market,2020-01-02,Mobile,Verified,Compliant,True,,,South African,South Africa,5928967807,,True,True
823448f9-9052-402e-a0b2-680725c7adaa,PCB7900047364,Mnqobi,Tiba,6310162573089,1963-10-16,F,Black,wmahulube@example.net,0692925010,0718752568,05 Fisher Circles,Westville,Pinetown,KwaZulu-Natal,0418,Self-Employed,Nzuza-Ncama,Community arts worker,125737,Business,478,Mass Market,2016-12-15,Online,Verified,Compliant,True,,,South African,South Africa,9738256935,,True,True
008f033c-9eb6-4faf-8215-fd595f6d3ab8,PCB1291605342,Lauren,Parkinson,9202094191081,1992-02-09,F,Black,simphiwe91@example.org,0641823155,0711651768,9671 Queen Indlela,Berea,Pinetown,KwaZulu-Natal,1019,Unemployed,,,63435,Social Grant,392,Mass Market,2015-02-20,Online,Verified,Compliant,False,2015-12-17,,South African,South Africa,4534096467,,True,True
e2ecc6fb-55cd-42e1-be41-3182bc1305ad,PCB1104046463,Michael,Khabalidaka,7908196862083,1979-08-19,M,Black,davidhoward@example.com,0843700332,0648556608,"Studio 65O
Fiona Ville",Glenwood,Durban,KwaZulu-Natal,4746,Self-Employed,"Robinson, Gill and Powell","Surveyor, building control",342706,Salary,536,Mass Market,2015-11-20,Online,Verified,Compliant,True,,,South African,South Africa,1172357124,,True,True
9a189484-cd9f-435c-b424-c12d0a715eb2,PCB6000111501,Mlungisi,Mapholoba,5701075058086,1957-01-07,M,Black,gkelly@example.com,0662809448,0728623945,"Studio 74p
Cook Mount",Beacon Bay,King William's Town,Eastern Cape,3208,Employed,Wade PLC,Hydrologist,415402,Salary,594,Emerging Affluent,2017-02-27,Branch,Verified,Compliant,True,,,South African,South Africa,5418737410,,True,True
bb4b966f-c9d1-49ed-adbe-f79b6e180848,PCB5473896017,Paul,Nhleko,5901068323088,1959-01-06,M,Black,smbotho@example.net,0633394394,0727039438,"Studio 11
Vanessa Mills",Boksburg,Centurion,Gauteng,0391,Employed,Johnston and Sons,Transport planner,321514,Salary,493,Mass Market,2015-05-21,Branch,Verified,Compliant,True,,,South African,South Africa,8387095101,,True,True
0da3aca3-eeff-48be-9870-f0b2cd2d53c6,PCB2067378614,Thalente,Makhanya,5910276353089,1959-10-27,M,Indian,alex70@example.org,0831009004,0604769210,5531 King Indlela,Germiston,Ekurhuleni,Gauteng,6031,Employed,Wasendlunkulu-Mnisi,Naval architect,67715,Salary,418,Mass Market,2016-04-14,Branch,Verified,Compliant,True,,,South African,South Africa,5621812162,,True,False
2a8c2591-114b-46b0-8347-b0c208b7cc07,PCB1879033600,Thembisile,Griffiths,9401172474082,1994-01-17,F,Black,mthompson@example.net,0840720113,0769844097,5212 Somerset Indlela,Seshego,Polokwane,Limpopo,1037,Employed,Sims-Hughes,Actor,117048,Business,431,Mass Market,2017-02-25,Branch,Verified,Compliant,True,,,South African,South Africa,1128411449,,True,True
eaf88bf2-93bd-40fc-bc6a-c6a64d63c873,PCB3820118608,Susan,Hart,9401300108083,1994-01-30,F,Coloured,nomusa64@example.org,0684734043,0677009687,"Flat 80U
Anthony Harbors",Riverside,Secunda,Mpumalanga,3794,Employed,Baker Inc,"Surveyor, minerals",163224,Business,474,Mass Market,2019-12-31,Online,Verified,Compliant,True,,,South African,South Africa,6872496562,,True,True
82342e76-2880-4405-b49b-784e5cede8db,PCB8040800825,Vincent,Saunders,6803108041080,1968-03-10,M,Black,albertreeves@example.net,0742965754,0647865619,4613 High Isitaladi,Alberton,Soweto,Gauteng,4149,Unemployed,,,1010382,Social Grant,667,Affluent,2018-09-19,Branch,Verified,Compliant,True,,RM9859,South African,South Africa,5478601763,,True,True
d340fab8-3fed-45e5-8930-489b55f86261,PCB8272302214,James,Gray,6011039905080,1960-11-03,M,Black,khuboniamahle@example.com,0626188081,0820482357,8319 Rivonia Ithafa,Morningside,Umhlanga,KwaZulu-Natal,1916,Employed,Johnson Inc,Quantity surveyor,345401,Salary,539,Emerging Affluent,2020-03-31,Mobile,Verified,Non-Compliant,True,,,South African,South Africa,8814095579,,False,True
413febb5-cfb1-4b7f-9add-063ad4816f97,PCB4235480178,Thembekile,Gumede,8002181849086,1980-02-18,F,Black,atkinskayleigh@example.com,0860817214,0676438130,5080 Clarence Ithafa,Walmer,Queenstown,Eastern Cape,0266,Employed,Guliwe Inc,Intelligence analyst,229249,Salary,501,Mass Market,2017-08-21,Branch,Verified,Compliant,True,,,South African,South Africa,1306386460,,True,True
88faa5c9-4534-4792-8d20-8b7f6ca3c0fd,PCB6960329328,Sandile,Barnes,7907038301087,1979-07-03,M,Black,dyengwa@example.com,0664699799,0617075504,6078 Stanley Indlela,Fourways,Ekurhuleni,Gauteng,7760,Retired,,,90473,Social Grant,372,Mass Market,2023-05-14,Branch,Verified,Compliant,False,2024-04-15,,South African,South Africa,5412340714,,False,True
baeeb0d1-b8c2-4ec7-838f-f9142ad97ae9,PCB4961295113,Zinhle,Mzobe,5006112065080,1950-06-11,F,Black,emily79@example.com,0766539705,0698739610,10 Commissioner Isitaladi,Westville,Durban,KwaZulu-Natal,2104,Self-Employed,Caluza PLC,"Therapist, horticultural",150495,Salary,496,Mass Market,2016-01-08,Online,Verified,Compliant,True,,,South African,South Africa,9886715151,4991882236,False,True
00a189c0-4f82-4e48-80fd-1cbd70ae9eee,PCB7514332909,Dean,Harris,9311209388086,1993-11-20,M,Black,lwandilemthabela@example.net,0657420495,0741213773,433 Nelson Mandela Isitaladi,Midrand,Centurion,Gauteng,0094,Employed,"Schofield, Mitchell and Kemp",Data processing manager,472674,Salary,582,Emerging Affluent,2024-12-14,Online,Verified,Compliant,True,,,South African,South Africa,2617998404,,True,True
1665e346-afc9-4443-aaaf-51e2aca1f94a,PCB1498600785,Leah,Richards,9606254041085,1996-06-25,F,Black,ben17@example.org,0652299077,0726085816,3 Natalie Road,La Lucia,Umhlanga,KwaZulu-Natal,7761,Self-Employed,"Khumbuza, Ntenga and Nsibande",Tourism officer,215980,Salary,581,Mass Market,2021-12-16,Online,Verified,Compliant,True,,,South African,South Africa,5669672948,,True,True
0ebc03c1-6701-445a-b1f1-b2a9bda64229,PCB1519737760,Mlungisi,Bhensela,8812139154083,1988-12-13,M,Black,fordrobert@example.net,0651923785,0814712961,673 President Umgwaqo,Westville,Newcastle,KwaZulu-Natal,9170,Employed,Langa Ltd,Mining engineer,654343,Salary,569,Emerging Affluent,2024-11-19,Branch,Verified,Compliant,True,,,South African,South Africa,2678085636,,True,True
65fe26e8-06a8-4528-96e9-13c2d67b977c,PCB3278563058,Nomathalente,Mcwaye,8007164297084,1980-07-16,F,Coloured,mcambibhekokwakhe@example.org,0692537337,0787312688,415 Smith Ithafa,Berea,Durban,KwaZulu-Natal,1162,Employed,Ngwekazi and Sons,Garment/textile technologist,238338,Salary,511,Emerging Affluent,2019-08-20,Branch,Verified,Compliant,True,,,South African,South Africa,5586999381,,True,True
3e12b679-d262-4e5f-abb3-e50d983421e2,PCB6422260735,Charlotte,Masibekela,8301282023088,1983-01-28,F,Black,sphiwemasondo@example.com,0616056035,0737932798,"Studio 63
Amber Radial",Rosebank,Centurion,Gauteng,6661,Employed,Tukane-Ngcemu,Secretary/administrator,190277,Business,494,Emerging Affluent,2022-08-30,Mobile,Verified,Compliant,True,,,South African,South Africa,6530318753,,True,True
0f56db33-98fd-4cf3-a1b3-5cbfb0f72301,PCB3754792544,Philip,Kelly,5904145543085,1959-04-14,M,Black,nzikhungwini@example.org,0724647548,0835478769,9857 Grey Indlela,Rondebosch,Cape Town,Western Cape,9179,Self-Employed,"Nkwaliyenkosi, Mathebula and Phikela",Astronomer,328641,Pension,590,Mass Market,2018-03-25,Online,Verified,Compliant,True,,,Zimbabwean,Zimbabwe,7310716144,,False,True
0164c302-4300-4edf-bd9b-380907bfda6a,PCB3205542649,Gregory,Dawson,6606039235082,1966-06-03,M,Black,vusumuzimkholo@example.com,0715393543,0718644963,74 Clarence Indawo,La Lucia,Richards Bay,KwaZulu-Natal,2282,Employed,"Patel, Garner and Edwards",Public relations account executive,195393,Investment,483,Mass Market,2021-05-27,Online,Verified,Compliant,True,,,South African,South Africa,7669668433,,False,True
fc63c61d-1fe8-418c-8286-0f134014b2da,PCB3742746204,Mandlakhe,Joyce,8410025960084,1984-10-02,M,Black,khambuleowethu@example.net,0669527536,0784978524,"Studio 7
Hanson Unions",Rosebank,Centurion,Gauteng,9929,Employed,Nala-Mbhele,Contractor,107832,Salary,451,Mass Market,2019-07-30,Branch,Verified,Compliant,True,,,South African,South Africa,2688269899,,False,True
4989f769-f5ee-4ff3-8a2e-29a32a8bb920,PCB7732162114,Sam,Palmer,9609038725082,1996-09-03,M,Black,qmshiyane@example.net,0664067917,0746512215,94 Milner Indawo,Midrand,Soweto,Gauteng,0893,Unemployed,,,381983,Business,563,Mass Market,2023-10-21,Branch,Verified,Compliant,True,,,South African,South Africa,2817904538,,False,True
0e4109e4-e46f-422d-8b9f-ab4ffcffd69a,PCB8385505320,Jack,Sangweni,7507135912086,1975-07-13,M,Black,bhekizizwe44@example.org,0696333999,0688532089,54 Churchill Ithafa,Walmer,Port Elizabeth,Eastern Cape,5190,Employed,Mpumuza-Lukhele,Building surveyor,173445,Investment,485,Mass Market,2015-04-16,Branch,Expired,Compliant,True,,,South African,South Africa,1688894653,,True,True
e6e7d099-6377-4f56-9c78-3074a614ae39,PCB8925856505,Gregory,Khoza,5106268983088,1951-06-26,M,Black,ompumuza@example.net,0673792234,0630346996,98 Grey Ithafa,Boksburg,Soweto,Gauteng,7310,Student,,,846286,Business,584,Emerging Affluent,2018-12-14,Branch,Verified,Compliant,True,,,South African,South Africa,2900641393,,True,True
92c7a67a-0282-45bd-b9e5-b0c203b7dba1,PCB8186816707,Nonjabulo,Davis,6312120188082,1963-12-12,F,Black,njabulo92@example.com,0748550789,0737935219,7553 Frere Ithafa,Westville,Pinetown,KwaZulu-Natal,6188,Employed,Webster and Sons,Pensions consultant,168912,Salary,483,Mass Market,2022-06-10,Online,Verified,Compliant,True,,,South African,South Africa,2177429935,,True,True
47fae665-da74-4634-8788-06e6d4aef496,PCB5572830027,Mcebisi,Robinson,8610075198081,1986-10-07,M,Black,igwala@example.com,0860695560,0786761645,85 West Isitaladi,Fauna Park,Mokopane,Limpopo,3745,Self-Employed,Fox-Swift,Corporate treasurer,505554,Salary,604,Mass Market,2019-08-09,Mobile,Verified,Compliant,True,,,South African,South Africa,6933257157,4849021805,False,True
7c3e20ce-4d78-41a8-b392-d7bf5e6f6aa6,PCB6390808142,James,Mjwara,8007285756081,1980-07-28,M,White,nngwekazi@example.org,0644264236,0692813190,05 Ronald Islands,Morningside,Umhlanga,KwaZulu-Natal,9382,Self-Employed,Mabhodla Ltd,Ambulance person,1161749,Business,585,Emerging Affluent,2015-01-02,Mobile,Expired,Non-Compliant,True,,,South African,South Africa,6050640730,4185099798,True,True
b5b3882d-b5aa-4d83-a6db-9eb5e22b1902,PCB1330916371,Lynn,Madlanduna,9703260140084,1997-03-26,F,Black,vkubheka@example.org,0634281785,0872282305,3 Williams Station,Morningside,Pietermaritzburg,KwaZulu-Natal,2815,Student,,,141927,Social Grant,467,Mass Market,2022-03-21,Online,Verified,Compliant,True,,,South African,South Africa,5539136501,,False,False
310ce0a8-71d7-4cb8-88fe-eca99f973241,PCB6494453109,Ashley,Bhungane,9312246981088,1993-12-24,M,Coloured,zgwamanda@example.net,0677213290,0626204787,1777 Albertina Sisulu Isitaladi,Morningside,Pietermaritzburg,KwaZulu-Natal,6472,Self-Employed,Butler LLC,Retail buyer,754917,Salary,565,Emerging Affluent,2022-05-15,Online,Pending,Compliant,True,,,South African,South Africa,7526873464,,True,True
668aa1f6-0941-44cb-9c52-07b3cb7e79c7,PCB9318793788,Nomvula,Mdaka,7802013319086,1978-02-01,F,Black,qcooper@example.org,0658720319,0724196664,5032 West Indawo,Alberton,Midrand,Gauteng,6122,Employed,Harrison-Ellis,"Nurse, adult",232107,Salary,548,Mass Market,2020-11-07,Online,Verified,Compliant,True,,,South African,South Africa,4222717995,,True,True
578ebe00-340f-40ba-bac8-25fda508217f,PCB7180569787,Martyn,Thela,9312057473084,1993-12-05,M,Black,mahayelondiwe@example.com,0786775372,0740321450,38 Bethany Burg,Morningside,Umhlanga,KwaZulu-Natal,5744,Employed,"Bell, Harrison and Wood","Research officer, political party",345499,Salary,470,Mass Market,2024-05-09,Branch,Verified,Compliant,True,,,South African,South Africa,7864373348,,True,True
c26b6bc3-c481-42a7-8ad7-be5e29997d59,PCB3176335330,Suzanne,Bophela,6412223927089,1964-12-22,F,Black,mzimelamusa@example.net,0601284008,0668507659,2777 Albertina Sisulu Indawo,Seshego,Mokopane,Limpopo,7542,Self-Employed,"Ntenga, Nkabinde and Songiya",Museum/gallery curator,260222,Salary,487,Emerging Affluent,2015-12-16,Branch,Verified,Compliant,False,2017-11-23,,South African,South Africa,3515223769,,True,True
447cf377-fced-4c3f-8591-b9520197daf7,PCB3173028996,Thalente,Davidson,6702174489083,1967-02-17,F,Black,ronaldbull@example.net,0646574223,0629646300,718 High Umgwaqo,Seshego,Mokopane,Limpopo,4963,Student,,,237358,Salary,517,Mass Market,2024-08-31,Branch,Verified,Compliant,True,,,South African,South Africa,4793171654,,True,True
ba514b81-7ce2-4fc4-8c11-312504268c01,PCB1283850417,Thalente,Njinji,7905090542089,1979-05-09,F,Black,dntshalintshali@example.net,0762711759,0875749885,1470 Voortrekker Ithafa,Berea,Pietermaritzburg,KwaZulu-Natal,5350,Employed,"Ndwandwe, Mavundla and Gininda","Editor, magazine features",791854,Salary,659,Emerging Affluent,2018-07-10,Online,Pending,Compliant,True,,,South African,South Africa,8226718114,,True,True
c90b10fd-a511-488a-9e8d-0fbec48e1af4,PCB7480397097,Nomvula,Chagwe,5303150182088,1953-03-15,F,Black,gailking@example.org,0786094412,0813337218,9206 Rivonia Isitaladi,Riverside,Witbank,Mpumalanga,8288,Employed,Thusini and Sons,"Chemist, analytical",168163,Salary,472,Emerging Affluent,2024-05-15,Online,Verified,Compliant,True,,,South African,South Africa,1348447276,,False,True
cd2e6f39-f46e-4121-baa3-933966d859b5,PCB5956589581,Leonard,Mthembu,5204105466089,1952-04-10,M,Black,hgabhezi@example.org,0780551437,0786936634,152 Edward Isitaladi,Ivy Park,Polokwane,Limpopo,3986,Unemployed,,,84898,Social Grant,399,Mass Market,2023-09-15,Branch,Verified,Compliant,True,,,South African,South Africa,1355959916,,False,True
8727046e-94d8-4370-a997-f46ef68689c9,PCB1220580048,Gail,Thomas,5407104426086,1954-07-10,F,Black,xnonkosi@example.net,0782024559,0620245109,892 Schofield Rapid,Morningside,Durban,KwaZulu-Natal,1350,Employed,Mngoma-Jali,Brewing technologist,53019,Social Grant,459,Mass Market,2017-11-28,Online,Pending,Compliant,True,,,South African,South Africa,9561936242,,False,True
81d5c97c-f0ed-4d5e-b2dd-bb46d98a0f9f,PCB1595351227,Guy,Davies,9712209309087,1997-12-20,M,Black,simphiweyinkosi57@example.org,0769428179,0674065277,976 Stephanie Radial,Boksburg,Centurion,Gauteng,5878,Unemployed,,,140340,Social Grant,403,Mass Market,2023-02-04,Branch,Verified,Compliant,False,2024-11-22,,South African,South Africa,4996454615,,True,True
31e7d721-e2e5-4bc2-8b0f-1c16bf58e45e,PCB9842255707,Siyabonga,Peacock,0207216724080,2002-07-21,M,Black,manzezulunokulunga@example.com,0632172214,0715937661,6 Jemma Camp,Claremont,Somerset West,Western Cape,9046,Self-Employed,Dinangwe PLC,Insurance broker,1461024,Business,556,Affluent,2021-01-15,Branch,Verified,Non-Compliant,True,,RM3436,Zimbabwean,Zimbabwe,3818278815,4185312145,True,True
8ae8649d-15a3-4909-a8f1-1a3ee8cc2f3b,PCB7432215734,Zenzele,Cox,7601235400088,1976-01-23,M,Black,rickystephens@example.org,0856572565,0822024617,"Flat 3
Ward Ford",Sandton,Soweto,Gauteng,5482,Unemployed,,,371868,Investment,555,Mass Market,2023-03-26,Mobile,Verified,Compliant,False,2024-01-08,,South African,South Africa,9405519914,,True,True
d28ae05f-10ee-46ba-9d8f-be7af8ec21ce,PCB7935843605,Sithembiso,Nonkosi,8604200075081,1986-04-20,F,Coloured,umanqele@example.org,0710178332,0718486899,7 Alex Center,Galeshewe,De Aar,Northern Cape,3223,Unemployed,,,169524,Social Grant,455,Mass Market,2021-06-17,Mobile,Verified,Compliant,True,,,Mozambican,Mozambique,7644843476,,True,True
88f0857d-3184-452d-9502-038eb4a61091,PCB5564684670,Lwandile,Fanisa,9404247724087,1994-04-24,M,Black,roger33@example.com,0747993593,0764403946,849 West Indlela,Klerksdorp Central,Rustenburg,North West,4348,Employed,Makhathini Inc,"Therapist, drama",398609,Salary,502,Mass Market,2024-01-26,Branch,Verified,Compliant,False,2024-12-22,,South African,South Africa,6321378438,,False,False
943b547a-caaf-4494-a2d8-c22932b3d538,PCB9331879663,Noxolo,Davison,5210162241084,1952-10-16,F,Coloured,hayleybrown@example.com,0608490793,0818413685,98 Andrea Stream,Boksburg,Johannesburg,Gauteng,2904,Employed,Francis-Page,Multimedia programmer,207097,Salary,519,Emerging Affluent,2016-03-20,Branch,Verified,Compliant,True,,,South African,South Africa,3778169444,,True,False
9ea34091-686a-455c-b717-750778b00e4e,PCB2784883819,Paige,Hammond,7706162115084,1977-06-16,F,White,jmhlongwane@example.org,0743251448,0868112103,7576 Edward Isitaladi,Potchefstroom Central,Klerksdorp,North West,1082,Self-Employed,Vunisa-Juqula,Professor Emeritus,63776,Investment,408,Mass Market,2021-06-03,Mobile,Expired,Non-Compliant,True,,,South African,South Africa,7233249942,,False,True
a19093bd-f153-4dbc-bcd8-fb5ad1a36321,PCB5652601077,Grace,Hart,8401313811086,1984-01-31,F,Black,hfihlela@example.com,0625263840,0831122528,945 Joseph Isitaladi,Germiston,Midrand,Gauteng,8763,Retired,,,429101,Investment,526,Emerging Affluent,2017-08-09,Agent,Verified,Compliant,True,,,South African,South Africa,8545210932,,False,True
10b6de91-4e72-4c04-aca0-97c660004ffa,PCB3995115611,Christine,Yates,8403081372088,1984-03-08,F,White,bhekokwakhemnangwe@example.com,0873787655,0660073095,39 Main Umgwaqo,Morningside,Newcastle,KwaZulu-Natal,0281,Employed,"Yeyeye, Dwala and Sikhakhane",Financial manager,546470,Social Grant,516,Emerging Affluent,2015-02-05,Mobile,Verified,Compliant,True,,,South African,South Africa,4597117220,,True,True
125e18dc-69cb-4250-8e67-86ad59f26a09,PCB5878096289,Sibonelo,Simmons,5307075786083,1953-07-07,M,Black,nomthandazombhodwe@example.com,0788851905,0674864010,"Studio 86
Hunter Terrace",Bendor,Polokwane,Limpopo,4919,Unemployed,,,1947423,Social Grant,702,Private Banking,2018-01-12,Agent,Verified,Compliant,True,,RM2908,South African,South Africa,5291878112,,True,True
27b64371-9beb-43d4-b155-f5264a48d714,PCB6582684973,Stuart,Harrison,9608305615089,1996-08-30,M,Black,nozizweayanda@example.org,0600452128,0839151145,3646 Short Isitaladi,Ivy Park,Polokwane,Limpopo,5216,Employed,Mzilankatha PLC,Customer service manager,52203,Pension,409,Mass Market,2019-01-15,Branch,Verified,Compliant,True,,,Congolese,DRC,1994368188,,True,True
e64b167d-a463-4b70-9ac2-cfe66d604f6c,PCB8120625032,SimphiweyiNkosi,Mjadu,0005129496085,2000-05-12,M,Black,stephaniewells@example.com,0636046154,0870211901,30 Victoria Isitaladi,Westdene,Kroonstad,Free State,7815,Unemployed,,,937511,Business,606,Affluent,2019-12-04,Mobile,Verified,Compliant,True,,RM9946,South African,South Africa,2063329832,,True,True
e0ccdfa5-2759-440e-ad26-8aa887901b21,PCB2751962237,Luke,Harvey,5409305137087,1954-09-30,M,Black,jabulani93@example.com,0858493783,0616396384,0 Mitchell Avenue,Walmer,King William's Town,Eastern Cape,5641,Self-Employed,Johnson-Johnson,Cartographer,480480,Salary,631,Affluent,2020-01-20,Agent,Verified,Compliant,True,,RM3075,South African,South Africa,2156893419,,True,True
8fba209e-c55a-4360-b9f8-88afbea95510,PCB5787216589,Jabulani,Manzi,0009047088089,2000-09-04,M,Black,hmqungebe@example.com,0823429291,0853203301,"Flat 96v
Richardson Junctions",Westville,Umhlanga,KwaZulu-Natal,6468,Retired,,,639421,Investment,537,Emerging Affluent,2018-11-09,Branch,Expired,Compliant,True,,,South African,South Africa,3799687315,,True,True
9b877f7b-3c24-4b91-9233-e2e766e5468d,PCB1620123277,Minenhle,Forster,0010205876086,2000-10-20,M,Coloured,zntuli@example.net,0871556684,0763236533,4184 Cecil Ithafa,Roodepan,Kimberley,Northern Cape,8027,Employed,Singh Ltd,Multimedia specialist,541245,Salary,505,Emerging Affluent,2018-04-10,Branch,Verified,Compliant,True,,,South African,South Africa,2991071729,,False,True
6cc287b8-deb2-4e66-a268-6c9e7f70370a,PCB2775558150,Douglas,Knowles,9406098758081,1994-06-09,M,Black,bhekani50@example.net,0692442607,0791975437,"Flat 97
Cox Underpass",Umhlanga Rocks,Durban,KwaZulu-Natal,3292,Unemployed,,,97058,Social Grant,404,Mass Market,2018-10-31,Branch,Verified,Compliant,True,,,South African,South Africa,5984130422,,False,True
005acb16-83f0-4423-a42f-150fbdebffc9,PCB5011397503,Katy,Phetha,8908163980088,1989-08-16,F,Coloured,makhubonqobizitha@example.org,0634584148,0696019134,"Flat 71
Adams Garden",Riverside,Nelspruit,Mpumalanga,4131,Employed,Gabhezi-Khuyameni,Musician,333491,Investment,527,Emerging Affluent,2019-09-05,Mobile,Verified,Compliant,True,,,South African,South Africa,3269150598,,False,False
1290affb-ecab-4eb6-867d-b61a9ccbe467,PCB1830728880,Lauren,Phetha,8504164652081,1985-04-16,F,White,gerald47@example.net,0634644936,0859995167,4715 Somerset Indawo,Klerksdorp Central,Brits,North West,3216,Employed,Mbonane Ltd,Claims inspector/assessor,90892,Pension,436,Mass Market,2018-10-17,Branch,Pending,Compliant,True,,,South African,South Africa,4259564609,,True,True
5427a72c-adea-4248-901b-4111111cdd4b,PCB4847969893,Connor,Ncanana,5907045134089,1959-07-04,M,Black,minenhle11@example.com,0676037681,0638723335,7525 Somerset Umgwaqo,Bellville,Paarl,Western Cape,1587,Employed,"Shombela, Weza and Sabela","Surveyor, planning and development",951244,Salary,601,Affluent,2022-02-19,Branch,Verified,Compliant,True,,RM2690,South African,South Africa,1898010833,,True,True
c77092ad-e107-4373-89eb-0a50e994a500,PCB2035989065,Shannon,Mangethe,7409202050085,1974-09-20,F,Indian,biyasebandile@example.net,0784820736,0711189394,"Flat 43
Davies Drive",Walmer,Port Elizabeth,Eastern Cape,0002,Employed,Wright and Sons,Pharmacologist,748127,Salary,606,Emerging Affluent,2023-01-17,Branch,Verified,Compliant,True,,,South African,South Africa,3989035292,,False,False
bbbac18e-3bf9-43fa-9184-da720b7e6c0d,PCB9784084995,Dean,Nene,7210217254086,1972-10-21,M,Coloured,oliviaharris@example.com,0653332470,0857392013,43 Voortrekker Indlela,Walmer,King William's Town,Eastern Cape,6008,Employed,Morris Ltd,Tour manager,94641,Business,380,Mass Market,2020-12-28,Mobile,Verified,Compliant,True,,,South African,South Africa,4870437669,,True,False
1b934713-859c-4d27-8b49-81d53887af96,PCB1466108861,Dominic,Robinson,5509299366083,1955-09-29,M,Black,magujwanomasonto@example.com,0653126163,0862488899,"Flat 66e
Bird Fields",Berea,Richards Bay,KwaZulu-Natal,5408,Student,,,214749,Social Grant,552,Mass Market,2023-01-13,Branch,Expired,Compliant,True,,,South African,South Africa,3436507567,,True,True
ccfb2fd8-3927-4ffc-bb87-d12a67ce37a5,PCB4588976489,Jill,Mgilija,8807222287084,1988-07-22,F,Black,entshangase@example.com,0666468719,0632038187,13 Cecil Indawo,Beacon Bay,King William's Town,Eastern Cape,6466,Self-Employed,Clarke PLC,Industrial buyer,121583,Pension,446,Mass Market,2023-09-25,Online,Verified,Compliant,True,,,South African,South Africa,3224597355,4887497711,True,True
0e35e1c3-d868-43bc-bb7a-d750d53414b9,PCB1318570313,Thabisa,Wela,8802210415089,1988-02-21,F,Black,williamgreen@example.com,0818158814,0685822067,68 Stanley Ithafa,Green Point,Stellenbosch,Western Cape,3364,Student,,,286049,Salary,561,Emerging Affluent,2018-07-24,Mobile,Verified,Compliant,True,,,South African,South Africa,2899868676,,True,True
fae82f21-c50c-4408-91fe-f9fea4c01159,PCB1128677744,Mlungisi,Stokes,7708047636085,1977-08-04,M,Black,ynsibande@example.net,0600001529,0621371785,6647 Main Umgwaqo,Alberton,Johannesburg,Gauteng,0938,Self-Employed,"Shabangu, Delwayo and Musi",Commissioning editor,417121,Investment,560,Emerging Affluent,2022-08-05,Online,Verified,Compliant,True,,,South African,South Africa,9540125459,4462582739,True,True
0cd02dcb-48ca-4fcc-9f36-237f3d836497,PCB1684078591,Valerie,Mlangatshe,6707082374081,1967-07-08,F,Black,plukhele@example.net,0812998747,0791224890,"Studio 21
Collins Wall",Umhlanga Rocks,Pinetown,KwaZulu-Natal,5147,Employed,Mahlinza Group,Advice worker,92098,Salary,446,Mass Market,2018-05-28,Branch,Verified,Compliant,True,,,South African,South Africa,3573594440,,False,True
4ea440d8-ce17-45ae-9037-e5677b3c173e,PCB7510701005,Nomusa,Bikelwayo,5707202829088,1957-07-20,F,Black,reynoldsfiona@example.net,0792669136,0644835505,3129 Main Indawo,Westville,Pietermaritzburg,KwaZulu-Natal,5082,Unemployed,,,326274,Social Grant,550,Emerging Affluent,2023-06-25,Mobile,Verified,Compliant,True,,,South African,South Africa,4067844091,,True,False
1232ee60-2ac3-47d6-90fd-51bedb5987b0,PCB7692685951,Owethu,Barton,0508043360083,2005-08-04,F,Black,makhanyaolwethu@example.com,0835098221,0614016481,03 Parker Path,Bendor,Tzaneen,Limpopo,9107,Employed,Lees-Clarke,"Designer, television/film set",84218,Pension,438,Mass Market,2016-06-04,Online,Verified,Compliant,True,,,South African,South Africa,3765002991,,True,True
aa99ad02-e5e4-4906-9b2b-94fdb2a88683,PCB3782033128,Katy,Nonkululeko,0001231588082,2000-01-23,F,Black,msuthulangalibalele@example.org,0734321269,0854289464,92 Queen Indawo,Germiston,Pretoria,Gauteng,2599,Employed,"Wilkinson, Davidson and Jones","Scientist, research (medical)",479547,Salary,583,Mass Market,2019-12-12,Mobile,Verified,Compliant,True,,,Kenyan,Kenya,2850654361,,False,True
f08a0cb8-0801-4ed0-bad6-d7251ed2fea2,PCB2674525521,Olivia,Shoyisa,0201023784083,2002-01-02,F,Black,waltonelliot@example.com,0725402635,0718243017,714 Long Indawo,Sandton,Soweto,Gauteng,6182,Unemployed,,,165942,Social Grant,527,Mass Market,2015-01-10,Mobile,Pending,Compliant,True,,,South African,South Africa,5762969204,,False,True
428818f6-04e0-41c6-bf20-a10f7e3e25c7,PCB9854204279,Bhekani,Turner,9810297256086,1998-10-29,M,White,sithembiso89@example.org,0865040433,0663538495,66 Rachael Gateway,Rosebank,Centurion,Gauteng,2002,Retired,,,110763,Pension,450,Mass Market,2017-09-10,Branch,Verified,Compliant,True,,,South African,South Africa,9996130630,,True,True
fe1a8c18-0675-4320-8f1e-042b27d85a51,PCB3548280128,Ryan,Hart,6309279459083,1963-09-27,M,Coloured,abdul23@example.com,0843732653,0616011987,236 Jan Smuts Indlela,Sea Point,Somerset West,Western Cape,5365,Employed,Makhanya-Masinga,Sports therapist,183081,Social Grant,510,Mass Market,2021-08-22,Branch,Expired,Compliant,False,2022-11-01,,South African,South Africa,1036000210,,True,True
d5e70d32-7e80-43b8-ae5c-0cbbaf4cd864,PCB2782508879,Leon,Gatsheni,9410279801088,1994-10-27,M,Black,nomalanga25@example.net,0812980365,0787449160,"Studio 24
Joyce Passage",Walmer,Port Elizabeth,Eastern Cape,3502,Employed,"Perry, Jones and Hill",Structural engineer,153004,Salary,464,Mass Market,2019-07-15,Online,Verified,Non-Compliant,True,,,British,United Kingdom,5622466885,,True,True
69a41e41-6acb-4658-847d-8f0ff4992a00,PCB2255176241,Owen,Nkomose,7111269710085,1971-11-26,M,Black,wakhtar@example.com,0676875092,0743223998,"Studio 8
Stewart Roads",Umhlanga Rocks,Pinetown,KwaZulu-Natal,2423,Employed,"Makhaza, Mashinini and Vangisa",Astronomer,144129,Salary,520,Mass Market,2019-07-19,Online,Verified,Compliant,True,,,South African,South Africa,5691069540,,True,True
76ab0908-fcc6-4524-a064-d86c08c77bc0,PCB8696719645,Nomalanga,Welch,7711301065081,1977-11-30,F,Black,jobeamahle@example.org,0677666081,0632600308,94 Joseph Umgwaqo,Glenwood,Umhlanga,KwaZulu-Natal,3329,Retired,,,228157,Pension,472,Mass Market,2022-06-22,Branch,Verified,Compliant,True,,,South African,South Africa,4275926985,,True,True
90ea58ca-5711-40f3-b12a-02f066ca42eb,PCB4296793876,Declan,Lakaza,5509286743084,1955-09-28,M,White,stevensonamber@example.org,0685506882,0749177682,9853 Thomas Umgwaqo,Ermelo,Nelspruit,Mpumalanga,3455,Unemployed,,,671070,Social Grant,655,Emerging Affluent,2022-03-16,Mobile,Verified,Non-Compliant,True,,,South African,South Africa,1497479920,,True,True
6a013944-9c56-4e90-b4b4-66c18372ca54,PCB2281791147,Chloe,Mbuyise,9204033665084,1992-04-03,F,Black,njabulo85@example.org,0788826033,0845910157,"Studio 2
Morgan Junction",Germiston,Midrand,Gauteng,0296,Retired,,,330454,Pension,526,Emerging Affluent,2021-01-08,Branch,Verified,Compliant,True,,,South African,South Africa,4038892181,,True,True
4112f97a-6f29-4e5e-b68a-6549774068b5,PCB4467433849,Holly,Ayize,7901043711087,1979-01-04,F,Coloured,stewartmurray@example.net,0739996996,0854899718,1705 Walter Sisulu Ithafa,Sea Point,Stellenbosch,Western Cape,4843,Employed,"Vunisa, Magwaza and Nkonyeni",Radiation protection practitioner,118574,Salary,390,Mass Market,2016-12-20,Mobile,Verified,Compliant,True,,,South African,South Africa,3442810769,,False,True
50f6d663-1915-47b1-87fd-38c31e37a363,PCB1817657540,Leanne,Dean,9308244099088,1993-08-24,F,Black,joanneevans@example.org,0653426698,0616908726,"Flat 18
Victoria Crossing",Sea Point,George,Western Cape,1929,Student,,,139905,Social Grant,465,Mass Market,2017-12-08,Online,Pending,Compliant,True,,,South African,South Africa,6222280165,,True,True
7a69b45d-6a64-46a0-b3be-3fd2dbcdb86d,PCB9194196378,Andrea,Burns,0312244970085,2003-12-24,F,Black,paulabarker@example.org,0843828040,0726129965,"Flat 25
Bailey Ways",Potchefstroom Central,Klerksdorp,North West,0491,Employed,Bryan Ltd,Equities trader,45887,Salary,346,Mass Market,2023-10-31,Mobile,Verified,Compliant,True,,,South African,South Africa,3905778118,,True,True
edc5cccc-59e5-4482-a422-e4b6dcc6aefc,PCB3707344826,Anna,Hutchinson,9104144693086,1991-04-14,F,White,nozibusisongomane@example.com,0660876123,0795951434,387 Adelaide Ithafa,Fauna Park,Thohoyandou,Limpopo,6532,Employed,Mgazi LLC,Contracting civil engineer,70731,Salary,440,Mass Market,2017-05-08,Branch,Verified,Compliant,True,,,South African,South Africa,7481239891,,True,False
bb3745a9-3830-4172-8ac8-eec5251a31cf,PCB1004201248,Gary,Madela,6312246345085,1963-12-24,M,Coloured,sandileshozi@example.net,0858696610,0636831139,75 Thomas Umgwaqo,Boksburg,Johannesburg,Gauteng,5487,Student,,,345166,Social Grant,505,Mass Market,2018-08-09,Mobile,Verified,Non-Compliant,True,,,South African,South Africa,9830393713,,True,False
974b6582-5a81-48d4-935e-a9de4753d206,PCB3241147073,Thandazile,Mzila,0301052632085,2003-01-05,F,Black,taylorbeth@example.org,0827620534,0680777946,18 Roy Walk,Seshego,Thohoyandou,Limpopo,2660,Self-Employed,Harris-Jones,Firefighter,402211,Salary,525,Mass Market,2019-05-23,Mobile,Pending,Compliant,False,2021-10-04,,British,United Kingdom,5884207222,4775960462,False,True
85ce4f3b-c7f7-4a94-bb92-3bd49ee0b3b2,PCB8635334634,Lwandile,Mangcamane,5710108884084,1957-10-10,M,Black,robertsonalex@example.org,0606884133,0667312552,310 Miles Inlet,Westville,Umhlanga,KwaZulu-Natal,3320,Retired,,,858575,Pension,527,Affluent,2015-02-19,Agent,Verified,Compliant,True,,RM1781,South African,South Africa,5634917518,,False,True
80078d77-7e19-49eb-a92c-2b332a8dd506,PCB2631355498,Nkazimulo,Pickering,5904080643083,1959-04-08,F,Black,dncama@example.com,0676385277,0819561337,745 Oxford Isitaladi,Seshego,Tzaneen,Limpopo,1218,Unemployed,,,223486,Social Grant,479,Mass Market,2022-06-04,Online,Verified,Compliant,True,,,South African,South Africa,7780922380,,False,True
21015d53-1711-41e6-9e60-7cf9cff185d0,PCB7146784303,Mandlakhe,White,7909175352083,1979-09-17,M,Coloured,qmehloluhlaza@example.com,0690373416,0788127782,"Flat 11Q
Jill Plaza",Potchefstroom Central,Potchefstroom,North West,3059,Employed,Fenya Inc,IT technical support officer,525017,Salary,467,Emerging Affluent,2022-01-22,Mobile,Verified,Compliant,True,,,South African,South Africa,4553324308,,False,True
3acebc57-2f2f-4565-9336-7b9605009e45,PCB2880899340,Elaine,Kelly,7707111405089,1977-07-11,F,Black,shahcallum@example.net,0743831828,0855605397,2337 Nelson Mandela Indawo,Midrand,Centurion,Gauteng,0376,Self-Employed,Somboni-Sishangwe,Theme park manager,5354160,Salary,683,Affluent,2023-07-29,Online,Verified,Compliant,True,,RM6572,Congolese,DRC,5806046771,,True,False
2e55a89e-d749-4d86-862c-9b529be6064f,PCB4403349322,Kathleen,Scott,8612111932083,1986-12-11,F,Black,lungilemakhubo@example.org,0720682122,0675521650,"Studio 55
Yates Crest",Midrand,Midrand,Gauteng,5490,Retired,,,818940,Pension,629,Emerging Affluent,2023-11-13,Online,Verified,Compliant,True,,,South African,South Africa,3445690964,,True,True
35d4fecb-aeac-49eb-a349-ffa5fe6d0c3a,PCB9759305846,Damien,Nkabinde,9609255595089,1996-09-25,M,Black,ntakasphiwe@example.net,0828436998,0698022050,"Studio 88e
Jennifer Terrace",Rosebank,Midrand,Gauteng,9916,Self-Employed,Jones PLC,Dietitian,151697,Business,498,Mass Market,2023-12-18,Branch,Pending,Compliant,True,,,South African,South Africa,9457072430,,True,True
5e443f39-223f-42a8-9033-f0fbd9d5b667,PCB9873476605,S'fiso,Mlalazi,8809179994088,1988-09-17,M,White,tmagwaza@example.net,0624578870,0867152386,"Flat 44
Ronald Fork",Fourways,Centurion,Gauteng,7334,Employed,"Marsh, Matthews and Dixon","Accountant, chartered certified",96225,Salary,448,Mass Market,2022-12-14,Branch,Verified,Compliant,True,,,South African,South Africa,7938875613,,True,True
d652bd9c-9352-4d5f-a454-cdcd83f77bcb,PCB7410114897,Nokulunga,Ncwane,7008153779085,1970-08-15,F,Black,sihawukelemafuleka@example.org,0812996872,0645893708,"Flat 18q
Michelle Ridge",Walmer,King William's Town,Eastern Cape,5215,Employed,"Mthalane, Nkomo and Fakazi",Health physicist,67268,Business,364,Mass Market,2015-05-26,Branch,Verified,Compliant,True,,,South African,South Africa,4403354564,,True,True
9fae9dde-abd5-48cd-90df-e0d091beca4e,PCB1164565091,Maureen,Mtimande,6109233196080,1961-09-23,F,Black,vusumuzi42@example.com,0851248255,0684286796,9649 Queen Ithafa,Greenacres,Port Elizabeth,Eastern Cape,3214,Unemployed,,,494798,Investment,557,Emerging Affluent,2017-07-03,Mobile,Verified,Compliant,True,,,South African,South Africa,5087262067,,True,True
92c6dc2b-7b16-4fd7-a618-1e8f1015a418,PCB5737789650,Megan,Connolly,7103083206081,1971-03-08,F,Black,hugheskelly@example.org,0732415285,0877256292,1724 Smith Indlela,Fourways,Midrand,Gauteng,6614,Employed,Ndlanzi-Mkhungo,"Designer, furniture",649531,Pension,581,Affluent,2023-04-29,Branch,Verified,Compliant,True,,RM4640,South African,South Africa,8243193820,,False,True
1c9470e8-7553-4129-a4f4-f7004878d102,PCB2393185834,Busisiwe,Smith,7102104586086,1971-02-10,F,Black,woodashley@example.net,0835744303,0699189117,260 Main Umgwaqo,Seshego,Thohoyandou,Limpopo,9815,Self-Employed,Nonkosi-Mnyamande,Building control surveyor,450341,Salary,506,Affluent,2019-01-02,Branch,Verified,Compliant,True,,RM7049,South African,South Africa,3499572011,4793444837,True,False
d5e2eb32-1f5e-4064-955e-ae6cc8e05b87,PCB6556184397,Thabani,Mabuza,5406088231087,1954-06-08,M,Coloured,howellcatherine@example.net,0635531325,0833678136,57 Norman Centers,Morningside,Richards Bay,KwaZulu-Natal,7330,Employed,Yengwayo Inc,Customer service manager,114049,Pension,504,Mass Market,2021-04-08,Branch,Expired,Compliant,True,,,South African,South Africa,4636141134,,True,True
1281fa70-afeb-4ce9-824d-8e9dca3d47e0,PCB7256190993,Terry,Dinangwe,8804065713084,1988-04-06,M,Black,magozagugu@example.org,0838198780,0832704523,3 Julian Meadow,Fourways,Johannesburg,Gauteng,8426,Unemployed,,,244054,Social Grant,539,Emerging Affluent,2016-08-03,Mobile,Verified,Compliant,False,2018-08-27,,South African,South Africa,7133865128,,False,True
f7e17a8d-c52e-4334-94e7-e1870e6b11c7,PCB7194208236,Mzamo,Madlala,8502219148087,1985-02-21,M,Black,ngungunyananobantu@example.org,0692275854,0815965594,10 Antony Meadow,Germiston,Midrand,Gauteng,2913,Employed,Ingram LLC,Music tutor,411649,Salary,536,Mass Market,2022-06-27,Branch,Verified,Compliant,True,,,Tanzanian,Tanzania,8272153756,,True,False
ab89aa9f-66e2-4754-bec4-86f8d62d6503,PCB1996817103,Jane,Bell,9110140351089,1991-10-14,F,Black,martin02@example.net,0672155130,0715708368,86 James Umgwaqo,Sonheuwel,Nelspruit,Mpumalanga,2985,Employed,"Farrell, Field and Lawrence",Historic buildings inspector/conservation officer,718486,Business,590,Emerging Affluent,2019-05-04,Branch,Verified,Compliant,True,,,South African,South Africa,7944569427,,True,True
07f75e2b-6b47-4d97-b9e5-aca8bffa8ad4,PCB6248817328,S'fiso,Schofield,5312026180081,1953-12-02,M,Black,georgestanley@example.org,0767462025,0792543183,757 James Ithafa,Midrand,Sandton,Gauteng,2833,Retired,,,162042,Pension,480,Mass Market,2016-04-27,Mobile,Verified,Compliant,True,,,South African,South Africa,4592047209,,False,True
19a916c7-4417-4f73-8f40-2941f4eb8d48,PCB9975841619,Harriet,Powell,7410292497084,1974-10-29,F,Black,jacquelineshort@example.net,0676472387,0720827681,135 Dennis Vista,Berea,Umhlanga,KwaZulu-Natal,7472,Employed,Roberts Ltd,Music therapist,367312,Salary,454,Mass Market,2023-09-15,Branch,Verified,Compliant,True,,,South African,South Africa,9475241888,,True,True
b3d39bd1-cd6f-46d9-a1c7-e921bcb43550,PCB2397729435,Nomcebo,Andrews,6211271267089,1962-11-27,F,Black,sijadunobuhle@example.org,0831876831,0730827172,"Flat 86
Rhys Views",Rondebosch,Stellenbosch,Western Cape,1038,Student,,,169829,Social Grant,466,Mass Market,2018-06-03,Branch,Verified,Compliant,True,,,South African,South Africa,5420666225,,False,True
175ee67e-b6bf-4c61-ab3e-60cb4c9c4bac,PCB8442341367,Laura,Hyde,7603023374088,1976-03-02,F,Black,khuzwayothandazile@example.org,0719143882,0672553983,421 Nelson Mandela Umgwaqo,Riverside,Standerton,Mpumalanga,5247,Employed,Somfula and Sons,Customer service manager,101345,Salary,408,Mass Market,2016-11-03,Branch,Verified,Compliant,True,,,South African,South Africa,8063531098,,True,True
8fdd3db7-43ef-48c3-ae0d-b2a85bd42e81,PCB7747581391,Sharon,Kholose,7511013220086,1975-11-01,F,Coloured,noxolo65@example.com,0684979127,0839702927,12 President Indawo,Bendor,Tzaneen,Limpopo,1145,Student,,,376140,Salary,498,Mass Market,2016-09-22,Branch,Verified,Compliant,True,,,South African,South Africa,9206237178,,True,True
29b3d1af-ac90-48cb-a851-6e0f45b13ed7,PCB3228851436,Nozizwe,Bophela,6309081132088,1963-09-08,F,Black,ddavies@example.net,0642012560,0813200487,"Studio 36k
Simpson Pike",Claremont,Somerset West,Western Cape,9939,Student,,,595049,Social Grant,563,Emerging Affluent,2022-06-01,Online,Verified,Compliant,True,,,South African,South Africa,7177751894,,True,True
8caff93d-eae0-4c29-8103-ada6ab61aefc,PCB7592730000,Colin,Nsindane,5006127927086,1950-06-12,M,Black,pwebster@example.com,0610304436,0841995171,5 Chamberlain Coves,Vincent,Mthatha,Eastern Cape,5684,Employed,Reid Group,English as a foreign language teacher,91997,Investment,499,Mass Market,2016-10-23,Branch,Verified,Compliant,True,,,South African,South Africa,4726281358,,False,False
b0b6fd82-9ca7-4306-be46-0991f8e2bc51,PCB6148976416,Nomagugu,Mayise,5505294807085,1955-05-29,F,Black,mncwangathandazile@example.org,0688309309,0747139719,303 Cunningham Port,Summerstrand,King William's Town,Eastern Cape,1887,Self-Employed,Sondini PLC,Air broker,146578,Salary,490,Mass Market,2024-08-04,Branch,Verified,Compliant,True,,,South African,South Africa,1890113178,4425118997,False,True
cfb6b46a-57ca-4813-a5e8-ca78f77e473a,PCB1599727985,Rebecca,Mitchell,0311143359081,2003-11-14,F,Coloured,guymitchell@example.net,0639111661,0642019072,156 Stephanie Valley,Rondebosch,Somerset West,Western Cape,5619,Employed,"Ludonga, Gambu and Gatsheni",Chief Financial Officer,100549,Business,412,Mass Market,2022-10-23,Mobile,Verified,Non-Compliant,True,,,South African,South Africa,4133955750,,False,True
dc0c602b-3ae4-4693-9a3a-8741991aff33,PCB3836126778,Bhekisisa,Jones,7303022763082,1973-03-02,F,White,sibonelo27@example.org,0764812421,0624086825,32 Milner Indawo,Rondebosch,Paarl,Western Cape,0144,Retired,,,76073,Pension,435,Mass Market,2021-10-02,Branch,Verified,Compliant,True,,,South African,South Africa,2613090684,,False,True
