payment_id,payment_date,value_date,debtor_account_id,creditor_account_id,payment_type,amount,currency,exchange_rate,creditor_bank,creditor_account_number,creditor_name,payment_reference,payment_status,settlement_date,settlement_lag_days,fee_amount,fee_type
3ed9c616-864e-440e-98a2-33537efae7f4,2021-06-20,2021-06-20,f7a5dcd7-4630-4a18-93a5-779329619bcd,8ffebd8f-bd1a-4b21-a6de-d6f7951a172a,EFT,86330.67,ZAR,1.0,Prime Capital Bank,2549243415,PCB Customer,PAY632976241,Settled,2021-06-20,0,222.0,Percentage
d19897f5-274f-4980-a3c5-c24d0a024402,2020-07-08,2020-07-10,b2fe7934-999d-4ae6-9944-c705934eed6c,b9a2e436-4646-413a-baf6-340f3f9ab231,EFT,43802.66,ZAR,1.0,Prime Capital Bank,7197967737,PCB Customer,PAY403379404,Settled,2020-07-10,2,0.0,None
c16aa1b5-235b-4da4-99ea-391699140e98,2023-12-07,2023-12-07,1e548bf2-0c94-444d-918c-8ddfbad08b16,883dac4c-abad-4a25-966e-9246179d99d2,Internal,76801.33,ZAR,1.0,Prime Capital Bank,9401753697,PCB Customer,PAY963068463,Settled,2023-12-07,0,25.0,Fixed
192435e5-eec5-4816-b4ce-0f1aa2973b70,2017-09-18,2017-09-20,d4dd2c15-4e95-4e6e-b639-868d43882ce1,1bcf2566-faba-4595-83df-25bc79ecb26e,EFT,181533.92,ZAR,1.0,Prime Capital Bank,6109469107,PCB Customer,PAY652222108,Settled,2017-09-20,2,25.0,Fixed
ead3e736-af93-4bef-ac43-16ea012e0b4e,2016-08-15,2016-08-15,bd89197d-dcfe-408b-9b1f-77ab84abebef,1d22c4d4-8bc6-483a-9edf-1aa3f20d3506,Internal,385865.64,ZAR,1.0,Prime Capital Bank,1897072740,PCB Customer,PAY639249087,Settled,2016-08-15,0,0.0,None
61adc868-896f-4da7-ae5e-31a341cacf4a,2021-03-21,2021-03-21,7900d686-35fd-42c3-a931-b09dfe86b9a1,ff5ac077-fa5d-469e-851b-4018f6af612c,Internal,242074.57,ZAR,1.0,Prime Capital Bank,3933851809,PCB Customer,PAY780832060,Settled,2021-03-21,0,100.0,Fixed
9c01d73e-4184-49bb-bad3-ec748ccb34b8,2019-06-29,2019-07-01,52285b09-d17e-485f-9900-f7c63a08ff38,4e3c15f7-5567-48ba-bddf-c97ecd012974,Debit Order,116408.84,ZAR,1.0,Prime Capital Bank,8776908812,PCB Customer,PAY771881379,Settled,2019-07-01,2,15.0,Fixed
3d3b6397-8873-4cf9-ad89-9ad5fb636dc7,2015-11-06,2015-11-06,d42cc431-8fa5-4013-b66d-aff7c96049c4,91ca2a02-96fd-4f3e-aa22-ef0e7e0d3ff9,Debit Order,130915.91,ZAR,1.0,Prime Capital Bank,5852195828,PCB Customer,PAY548599768,Settled,2015-11-06,0,265.33,Percentage
44f98a8b-c78e-4617-a10b-6fac3995473e,2016-09-05,2016-09-07,7f0e17af-0739-4098-a228-88ef6bbcdbde,21bf705c-cf60-4e81-b57f-5b3690812c3b,EFT,49960.95,ZAR,1.0,Prime Capital Bank,9239090192,PCB Customer,PAY671394692,Pending,2016-09-07,2,0.0,None
fb229542-3da6-4f7d-adf3-e13fca1715bc,2022-07-18,2022-07-20,7aef813b-dc7c-43e8-9b97-6ed2aa92d763,7d9f3c81-8791-4444-9cdc-6cfd84a24e37,EFT,199350.98,ZAR,1.0,Prime Capital Bank,1571577634,PCB Customer,PAY709816379,Settled,2022-07-20,2,15.0,Fixed
60e545c7-8570-4ffd-a341-748a0778c56a,2024-08-26,2024-08-28,c0d1eec7-3925-4a63-a4c1-099fb377957b,ff5f57bf-03f1-4204-9141-62cc07037762,Debit Order,26414.6,ZAR,1.0,Prime Capital Bank,5632271702,PCB Customer,PAY183309106,Settled,2024-08-28,2,106.93,Percentage
f77b0aa1-a429-49f1-bd1f-e1013594274d,2020-07-01,2020-07-03,42fd6454-d2cb-4eb4-b0e8-c79d19c37fa2,b1d9d70e-1ccb-4dce-aa9f-3ac30e1381e1,EFT,145312.79,ZAR,1.0,Prime Capital Bank,6228012361,PCB Customer,PAY175927367,Settled,2020-07-03,2,0.0,None
6212eb8f-92a1-42d4-9317-8b1d5fc44305,2023-11-22,2023-11-22,7441a3e4-9a95-4105-a69e-4a6cf3ce06ac,cfe2387c-1abf-43c5-a533-828ad2a37f67,Debit Order,109690.66,USD,17.7265,Prime Capital Bank,9509397347,PCB Customer,PAY846926416,Settled,2023-11-22,0,25.0,Fixed
053f1977-780f-4388-891d-7efaf9b9516f,2021-11-26,2021-11-28,70442b96-2c44-4411-8341-22c6a2927df3,200536da-3c80-4e75-8129-5e0e2a49b7d5,EFT,26115.81,ZAR,1.0,Prime Capital Bank,6676575488,PCB Customer,PAY171539797,Settled,2021-11-28,2,0.0,None
cf86fb1a-b6b8-4b2c-a444-5ebca749dc76,2022-09-16,2022-09-18,8e22453b-2b42-47dd-8189-41c7aee22c34,03ac280c-2885-425c-810f-34640340c550,EFT,22775.47,ZAR,1.0,Prime Capital Bank,6966953621,PCB Customer,PAY162005001,Settled,2022-09-18,2,86.0,Percentage
7dfee880-76d4-4269-b27a-f7403414a986,2019-02-04,2019-02-05,8625eba3-3aaf-4fa4-a8dc-eac866061487,EXTERNAL,EFT,3621.95,ZAR,1.0,Absa,2273065514,Benjamin Hughes,PAY260100212,Settled,2019-02-05,1,25.0,Fixed
3342c16a-939f-445c-b1c5-aa3ad16701f8,2015-08-18,2015-08-18,eb35dcbb-047f-44b4-b169-4b1f1d4e4d35,7e485b4b-ffda-42f3-ac58-c49342e8ea35,Internal,139177.67,ZAR,1.0,Prime Capital Bank,3789989848,PCB Customer,PAY291485520,Settled,2015-08-18,0,411.78,Percentage
76903b4d-5d0d-4a73-ba8f-3602c1bd1f25,2017-10-16,2017-10-16,d2fcf2e8-ef02-4aee-bc6f-02c5ab328a79,02c25d6d-c674-4198-a6f1-aa4e7c3148d1,Debit Order,109535.24,ZAR,1.0,Prime Capital Bank,3537309627,PCB Customer,PAY665314712,Settled,2017-10-16,0,417.39,Percentage
a4429478-3dd1-4c0f-97e2-0ee37417bea7,2021-11-30,2021-11-30,4c821eef-220b-4049-905b-2db203a164d4,d4541ff3-80f5-49ab-84dd-7af86c942d05,Internal,216536.78,ZAR,1.0,Prime Capital Bank,8102503693,PCB Customer,PAY716543382,Settled,2021-11-30,0,424.67,Percentage
ab4077f9-8858-4b55-b250-4289cbe505f7,2023-12-02,2023-12-03,e3521f74-2679-412c-bb47-a397bc1e1d54,EXTERNAL,EFT,131207.34,ZAR,1.0,Investec,2379868552,Adrian Johnson,PAY425179503,Settled,2023-12-03,1,477.44,Percentage
b47efbd7-4cf7-4a6d-b7ff-13400df7be56,2017-07-23,2017-07-23,d7196166-a0cf-44ed-8497-cfac246d10f3,5481ea05-db7d-4407-9dde-86db69b4d36d,Debit Order,116131.94,ZAR,1.0,Prime Capital Bank,9185074645,PCB Customer,PAY115776621,Settled,2017-07-23,0,100.0,Fixed
3599eceb-93d2-4bc9-a656-efcb57e9451b,2020-10-20,2020-10-20,74ff7689-2554-458f-94ad-acfa3ea5790c,576429f1-fa6c-4ea8-9c2e-7bbb6b2e5968,Debit Order,60115.69,ZAR,1.0,Prime Capital Bank,8404623971,PCB Customer,PAY231271282,Settled,2020-10-20,0,197.43,Percentage
6c77be6d-e787-442c-a4cf-658ec1f23a74,2019-09-02,2019-09-02,7160ce9f-b5cb-4c0e-8be2-9bb007915cdc,098de619-4304-49b2-9991-17137c184a68,RTGS,8655788.04,ZAR,1.0,Prime Capital Bank,5739791403,PCB Customer,PAY887471357,Settled,2019-09-02,0,0.0,None
7729e515-4ec9-43dc-8ed2-7a3de2282056,2024-12-07,2024-12-07,133a60ae-5774-4c18-8c29-eefaf6a3236a,EXTERNAL,EFT,79187.92,ZAR,1.0,Discovery Bank,7419093083,Dr Sam Wood,PAY753595952,Pending,2024-12-07,0,102.59,Percentage
dac6a3ce-7cc9-44c1-838e-c4e9239c457a,2015-05-18,2015-05-19,7eeed1d1-15ed-42e0-87ba-d1dbbd42faf6,EXTERNAL,EFT,97879.35,ZAR,1.0,Absa,5176559744,Gugulethu Gwagwa-Dumakude,PAY373456694,Settled,2015-05-19,1,0.0,None
684b7252-4cb1-4d85-8570-8f5fd1efe441,2016-01-01,2016-01-02,7e65a038-eed2-47de-8327-3db48927db50,69ba301a-cf7c-4ec0-9240-b0b83feedc0b,Debit Order,22944.96,ZAR,1.0,Prime Capital Bank,9576673728,PCB Customer,PAY253758391,Settled,2016-01-02,1,25.0,Fixed
3eafe337-dd6e-4821-8d37-6873e8f83eb1,2020-01-13,2020-01-14,6c618dea-46ab-4bc4-8435-6b95b0f769f2,7b524cd7-2432-4c59-a2e2-9cc6b83cb7fb,Debit Order,186001.03,ZAR,1.0,Prime Capital Bank,6306862267,PCB Customer,PAY744312575,Settled,2020-01-14,1,0.0,None
7defdae9-5e5e-474f-9b3b-ea63e373f00f,2016-05-25,2016-05-25,d6c01176-4157-4f94-a376-aec9590d1b49,05dad06a-4564-4648-aa70-6b147a164226,Internal,408673.06,ZAR,1.0,Prime Capital Bank,4600632823,PCB Customer,PAY289926482,Settled,2016-05-25,0,0.0,None
cc2e70cd-1444-4eaa-a581-ade6f21d05a2,2022-10-31,2022-11-01,a0aa4516-22c6-4353-a834-4b7342466f6b,EXTERNAL,EFT,67921.35,ZAR,1.0,Investec,5670419743,Andile Mlaba,PAY449045537,Pending,2022-11-01,1,0.0,None
be8c28d3-76d9-4837-868e-d6c49397e2ec,2023-08-03,2023-08-03,53dc8452-c661-4682-aef8-7805a07b1d49,4085320e-e917-449f-bd6b-15654080aaf2,Internal,172520.2,ZAR,1.0,Prime Capital Bank,9744173587,PCB Customer,PAY359419091,Settled,2023-08-03,0,50.0,Fixed
dc3d272e-50ac-44d2-928f-f0f85e9dac31,2015-12-09,2015-12-09,4bf7900a-4397-4025-8c18-81de568cbdf1,028735a0-eedc-4b84-9656-c7ebe0d07403,Internal,485215.29,ZAR,1.0,Prime Capital Bank,2108979346,PCB Customer,PAY679151596,Settled,2015-12-09,0,100.0,Fixed
f1c67d6f-514e-4ba2-a0f1-a06c339c9984,2017-01-08,2017-01-08,7ec8a48a-6ea7-462e-b4d3-2d9a8410a8a8,EXTERNAL,EFT,161277.93,ZAR,1.0,Absa,8937112982,Mr. Nhlanhla Sontuli,PAY274279840,Settled,2017-01-08,0,617.79,Percentage
4f9f01a1-0c66-44a0-a3fc-d8917ec9427f,2016-04-08,2016-04-08,2bb22dfa-4591-42ad-8ca2-9d8ac28410c2,c0289eef-258a-4d7e-953a-2f26de856b9b,Internal,200452.29,ZAR,1.0,Prime Capital Bank,6464483966,PCB Customer,PAY370892746,Settled,2016-04-08,0,0.0,None
2b63157e-ce1c-491b-986e-bca5dca8424e,2022-09-19,2022-09-20,52285b09-d17e-485f-9900-f7c63a08ff38,EXTERNAL,EFT,57328.81,EUR,21.2694,Nedbank,4080731392,Dr Benjamin Jones,PAY409982145,Settled,2022-09-20,1,8.5,Fixed
3d6c6afd-4ed7-4237-b31e-1dc88f6f8680,2015-09-20,2015-09-20,d60e9eae-5b22-48a3-9889-6f7ce0e658ff,89508310-0e20-4767-b6ca-b33dbc0c4fff,Debit Order,8360.43,ZAR,1.0,Prime Capital Bank,8346909445,PCB Customer,PAY162849644,Settled,2015-09-20,0,0.0,None
97c2a57d-b02f-4262-8e3f-5a4c04c574f4,2019-09-19,2019-09-21,68cf211e-6b58-4ab4-83c1-536b5263abbd,4b095387-f55c-4197-9aca-a60ea7fe0287,EFT,52000.31,ZAR,1.0,Prime Capital Bank,8946564993,PCB Customer,PAY441091485,Failed,2019-09-21,2,25.0,Fixed
9599ad55-be50-475b-ac11-cc9fa23b1074,2022-12-12,2022-12-14,bee7f0df-7efa-4bd6-b9ce-d1ed63353d6a,EXTERNAL,EFT,35934.0,EUR,21.1698,Capitec,7987089069,Dr. Thalente Chagwe,PAY168795961,Settled,2022-12-14,2,166.53,Percentage
bcbdf701-8565-455a-ac9f-5dde838e73d8,2023-12-18,2023-12-18,ca7906af-7f80-42a9-be69-629fb7324e20,EXTERNAL,EFT,190687.09,ZAR,1.0,FNB,4199899758,Mthokozisi Mamba,PAY846390937,Settled,2023-12-18,0,0.0,None
65a38cfa-1344-4b5e-b2b3-9eaa4b6d6e7e,2022-03-13,2022-03-15,360899bc-1832-4b0e-92de-6c28b95b78aa,EXTERNAL,EFT,756.97,USD,18.2406,Nedbank,6993906963,Mama Sihawukele Mahamba,PAY135831980,Settled,2022-03-15,2,0.0,None
43c6907e-bd5d-426c-97c2-111b9466fab3,2017-01-21,2017-01-22,2ea7dac7-fa6a-45e6-abb4-7397b21b87d9,3101a052-2ef4-4387-a617-40195570d551,EFT,78969.45,ZAR,1.0,Prime Capital Bank,7259936730,PCB Customer,PAY406985634,Settled,2017-01-22,1,348.62,Percentage
9ddb1336-a7b2-4da4-a8db-bf4fb0ce1782,2015-06-13,2015-06-15,afe10e8e-e849-4a43-8880-0f7096c37c84,EXTERNAL,EFT,63384.64,ZAR,1.0,TymeBank,5289003884,Neil Saunders,PAY101935905,Settled,2015-06-15,2,100.0,Fixed
10ae5ea0-4531-4329-9803-ed2747db5664,2020-11-17,2020-11-17,4beec51d-b1b6-43b8-9476-6cc885b51c37,78b8f910-834a-45f3-9cde-a9af5b39c3c7,Internal,377739.67,ZAR,1.0,Prime Capital Bank,2348986811,PCB Customer,PAY542548362,Settled,2020-11-17,0,15.0,Fixed
2d998c5c-084b-40fa-97ec-d871ed488cf0,2015-07-04,2015-07-04,1524dce9-0f3a-4f0d-bb58-31d1910941c1,EXTERNAL,EFT,79159.34,ZAR,1.0,TymeBank,7054193037,Zakhele Mshengu,PAY693490206,Settled,2015-07-04,0,0.0,None
4a0d06be-03bf-4663-b2ec-e1e0a1989914,2017-11-11,2017-11-11,91ca2a02-96fd-4f3e-aa22-ef0e7e0d3ff9,63599407-408b-40c2-b5bd-c76835de0935,Internal,465254.12,ZAR,1.0,Prime Capital Bank,8552409831,PCB Customer,PAY323152848,Settled,2017-11-11,0,50.0,Fixed
39f14666-5797-4587-bc0c-b3b0a8b1f023,2021-11-03,2021-11-03,9a0fce8f-96ca-4c4f-a669-888b0b796de0,68c20143-35ad-4d40-a164-f960510cad5b,Internal,224377.63,ZAR,1.0,Prime Capital Bank,3593860739,PCB Customer,PAY595906486,Settled,2021-11-03,0,0.0,None
99c98db3-61d7-4da5-b3ac-0e55b18902e7,2023-07-27,2023-07-27,31d8166a-505e-43c8-ac1a-bda6eb48f622,3d81dc5b-5b4e-4f1b-a145-46094d70f2f1,RTGS,7143687.16,EUR,20.8484,Prime Capital Bank,1650896650,PCB Customer,PAY381747944,Settled,2023-07-27,0,27929.39,Percentage
53c4b928-7001-4578-84f7-b78080484da0,2018-07-15,2018-07-15,360899bc-1832-4b0e-92de-6c28b95b78aa,2101ea33-fa20-49e5-9f17-f87cf327ec9e,Internal,197487.96,EUR,20.7462,Prime Capital Bank,6684850729,PCB Customer,PAY821046776,Settled,2018-07-15,0,0.0,None
1bd0e727-92bd-4d44-a96c-d3e0b7fa618f,2023-07-09,2023-07-09,e31c8057-f8e4-4718-a220-bfc4ae9a6d93,d0f74bed-9d4b-4b9e-9c0b-e0f32e84d161,EFT,187251.56,ZAR,1.0,Prime Capital Bank,8213174875,PCB Customer,PAY157028841,Settled,2023-07-09,0,0.0,None
c865a2b4-5d62-48fe-a3f1-97e90d77e882,2018-05-31,2018-06-01,1c669c4b-1db8-47c7-aed8-75a741c670a4,115e5aa2-f071-44c7-a7de-ae5fe011f45b,Debit Order,149658.3,ZAR,1.0,Prime Capital Bank,7811728800,PCB Customer,PAY532931519,Settled,2018-06-01,1,510.11,Percentage
ec03d807-8351-4bb5-a10f-514f4f4e65e1,2020-05-18,2020-05-20,73433310-3036-4cf0-ad05-cfdd99acb98b,7f0e17af-0739-4098-a228-88ef6bbcdbde,EFT,107278.2,ZAR,1.0,Prime Capital Bank,8614563485,PCB Customer,PAY212466311,Settled,2020-05-20,2,8.5,Fixed
cdb58661-7174-4b1e-a9d4-e5165d1fa8a2,2021-12-01,2021-12-03,85887b65-022d-4709-b108-468fccf5ec4b,336f8b76-410a-4137-bf38-e53cb171eb88,Debit Order,152006.56,ZAR,1.0,Prime Capital Bank,5735755621,PCB Customer,PAY948478838,Failed,2021-12-03,2,0.0,None
11057721-56ad-4b0b-a837-976976aec5c8,2019-05-09,2019-05-10,43df7783-cc8a-40ac-a068-1df4325a4289,0c8ab9b2-c1f2-488b-89aa-db027e2dfe99,Debit Order,125190.85,ZAR,1.0,Prime Capital Bank,1698553625,PCB Customer,PAY713945872,Settled,2019-05-10,1,50.0,Fixed
dd97dfc6-7eae-4d40-9d98-603dd134b25f,2018-02-22,2018-02-24,aa0b8111-3783-4a67-a079-ec1db0acc824,EXTERNAL,SWIFT,3836306.89,ZAR,1.0,Nedbank,8284665867,Linda Lee-Kennedy,PAY522122849,Settled,2018-02-24,2,0.0,None
26410ebb-40c7-4b61-b4f5-c26b31fd07bc,2020-05-31,2020-05-31,271fa06d-42e8-4b86-915b-822b170ce753,5760ff09-6145-4743-9096-24aa76e1abb6,RTGS,7790621.64,ZAR,1.0,Prime Capital Bank,6612779406,PCB Customer,PAY641398911,Settled,2020-05-31,0,18624.54,Percentage
d0bf3963-d997-4f3b-98af-2aea2fc126f8,2015-12-05,2015-12-07,ed910950-c85a-4010-8170-3428030ff375,EXTERNAL,EFT,24250.75,EUR,19.8785,FNB,4576974094,Dr. Sithembiso Khumalo,PAY764416183,Settled,2015-12-07,2,15.0,Fixed
6a962b33-ab05-4acf-8704-85f459448767,2023-06-14,2023-06-14,180051f3-1c48-4db1-9fd9-fdd948a928b0,dfb4c8d3-6244-4f66-8b9d-97a6b5333545,Internal,238269.83,ZAR,1.0,Prime Capital Bank,1891666140,PCB Customer,PAY154074042,Settled,2023-06-14,0,1186.17,Percentage
de0d6855-53fa-4d74-b23a-b2226f4c3641,2021-03-21,2021-03-21,c919cbe2-d659-41b9-b8fb-1dbd6ed2e4a3,4e316786-c92d-4ee4-8e78-5d3e4012946b,Payroll,11438.73,ZAR,1.0,Prime Capital Bank,1293387241,PCB Customer,PAY527320792,Settled,2021-03-21,0,14.27,Percentage
744f159f-8cdf-4aca-a64b-3ce5a349087a,2015-11-19,2015-11-20,562742d0-bd33-4cc0-9193-454a4a62c33c,EXTERNAL,EFT,47596.38,ZAR,1.0,Nedbank,8809112493,Brenda Burrows,PAY908510407,Failed,2015-11-20,1,0.0,None
8fd2524f-0a5d-4ef2-af38-67f50257de2e,2023-09-18,2023-09-18,71bddbd5-e2bb-4e6c-8c2a-382628c2ab10,0af9a7ed-0b0f-4c2c-83dd-6463e5dc9a73,EFT,128293.89,ZAR,1.0,Prime Capital Bank,7243945896,PCB Customer,PAY523135775,Settled,2023-09-18,0,135.38,Percentage
0f031e5d-4555-4ced-bbc9-ef105d43079b,2023-09-02,2023-09-04,83adf82b-719b-4a41-bd8a-e241b2b30ea8,cbb36d63-a6c4-474c-819b-203a5199ba81,Debit Order,21792.62,ZAR,1.0,Prime Capital Bank,2515022943,PCB Customer,PAY201514720,Pending,2023-09-04,2,15.0,Fixed
5ad1ad25-3037-43ae-827f-144826802d6d,2016-08-26,2016-08-28,19829122-12ec-4bce-867d-de531720cb06,EXTERNAL,EFT,150696.19,ZAR,1.0,Nedbank,7299094740,Dr Lee Coleman,PAY791143749,Settled,2016-08-28,2,224.77,Percentage
76aed309-9890-4bec-b1ce-f5b65c396ee3,2015-09-04,2015-09-04,49e180a3-0dd3-4a46-a180-7cc50a23105f,70802b63-5a5b-45be-9185-1b194101adff,RTGS,2701800.48,ZAR,1.0,Prime Capital Bank,5955805055,PCB Customer,PAY725245005,Settled,2015-09-04,0,3148.94,Percentage
239bf4e3-6d48-4872-a0a4-79fded56b783,2015-04-13,2015-04-13,f3525888-c0d2-45cd-91bf-462a78abaf5c,52882b60-b4ef-4bf3-be32-888324343fe6,Internal,329004.57,ZAR,1.0,Prime Capital Bank,8108182561,PCB Customer,PAY555752220,Settled,2015-04-13,0,0.0,None
e5820e48-a501-40be-a703-5f811a043de9,2022-02-22,2022-02-23,d5b2d00a-469f-4e24-8171-039507030283,60066f77-b707-48bb-b5c3-824f0a570258,EFT,132820.95,ZAR,1.0,Prime Capital Bank,6182070900,PCB Customer,PAY548703199,Settled,2022-02-23,1,457.43,Percentage
f98b4cd0-d99c-49c3-aad7-6522d38f4638,2020-01-09,2020-01-09,58d80aa3-fd95-4772-9ad5-9d571db39c9c,4eca0497-00f0-49d1-9b08-220eb616fcbd,RTGS,215622.09,ZAR,1.0,Prime Capital Bank,4525691379,PCB Customer,PAY179825278,Settled,2020-01-09,0,15.0,Fixed
f527f9b5-9d93-429a-822f-3a3bc12e29df,2015-04-15,2015-04-16,3c662115-5db1-41c3-ba6d-17ca85149eb1,EXTERNAL,EFT,155116.42,ZAR,1.0,Discovery Bank,4802889748,Sibusisiwe Malinga,PAY350766637,Settled,2015-04-16,1,0.0,None
1e62abc1-dcc8-4c78-81c4-398d9e9c3514,2016-01-27,2016-01-28,4f90f106-150d-43d6-b394-7e17bd1146f4,EXTERNAL,EFT,100390.42,ZAR,1.0,FNB,8963862209,Mr Colin Webster,PAY987613561,Settled,2016-01-28,1,25.0,Fixed
33f581b0-a7d6-4dad-b39e-2a8e0eb6ff30,2021-05-13,2021-05-13,420d23be-6e87-472c-ad3e-e0d077b0ba0b,25f97333-82c0-431c-9ab0-72f50092b65a,Internal,387798.82,ZAR,1.0,Prime Capital Bank,2988188496,PCB Customer,PAY804041464,Settled,2021-05-13,0,1799.69,Percentage
632f8dac-83d0-409a-a3b4-10be6f1d08eb,2022-01-03,2022-01-04,ea7aea9d-4635-4157-83ed-3605ed916149,94cd164d-83b3-4c64-8482-8b5bd1ad6a7b,Debit Order,42167.25,ZAR,1.0,Prime Capital Bank,9010007584,PCB Customer,PAY264014212,Settled,2022-01-04,1,100.63,Percentage
2be8eda7-dc79-444a-ad86-c7cb427af2f0,2022-11-03,2022-11-03,eda3da70-8686-46ce-a465-44ee00c2819e,7be88605-4ab8-497b-9a0c-036402d51050,Internal,217154.85,ZAR,1.0,Prime Capital Bank,5403382034,PCB Customer,PAY450301861,Settled,2022-11-03,0,0.0,None
7ee4cf53-5490-42ed-84e1-1e0fe1f31f46,2016-10-05,2016-10-06,d804a65d-0427-41ad-882b-3ff9a511629a,EXTERNAL,EFT,121832.21,ZAR,1.0,Discovery Bank,6488430810,Dr Callum Atkins,PAY773746808,Settled,2016-10-06,1,15.0,Fixed
4ef5d5e5-ab65-4c1b-a5f9-8f0023cd1496,2023-09-11,2023-09-11,c7066ab7-11d8-4471-8cbc-fb26a9d9867a,EXTERNAL,EFT,165018.6,ZAR,1.0,Absa,6761876656,Mr Guy Mahmood,PAY323227157,Settled,2023-09-11,0,574.13,Percentage
7a6cea5f-e180-49b8-892d-da4447cbb19a,2020-05-12,2020-05-14,5db10826-198a-4043-aa61-6b80d4f95ba7,EXTERNAL,EFT,8396.59,ZAR,1.0,Capitec,9019719775,William Carr,PAY652838893,Settled,2020-05-14,2,34.6,Percentage
65755c20-79e4-48e0-9fbe-d8c801056598,2020-09-15,2020-09-17,271fa06d-42e8-4b86-915b-822b170ce753,8eed93c8-022a-418a-b8eb-a7f6618362dd,Debit Order,22906.6,ZAR,1.0,Prime Capital Bank,3899907240,PCB Customer,PAY105965768,Settled,2020-09-17,2,0.0,None
082ce8ad-80bc-4c00-9043-80a95a0f1ede,2019-08-14,2019-08-14,c0827e85-09a5-445b-ae55-0b490d49eeb5,EXTERNAL,EFT,15260.28,ZAR,1.0,FNB,7510259330,Mandlakhe Madondo,PAY465211400,Settled,2019-08-14,0,0.0,None
0ad6c152-fb4c-43b4-9e9a-73efa350b17b,2023-09-08,2023-09-08,db2a1018-04fc-4b89-bded-9d908c281204,fe481b7b-4617-4cd9-8f7e-4780fbed25c9,Internal,162356.33,ZAR,1.0,Prime Capital Bank,2939876170,PCB Customer,PAY523921477,Settled,2023-09-08,0,25.0,Fixed
4fe94faf-585c-4547-9f87-996c79ad93d6,2023-11-22,2023-11-24,fabb7d5a-e73b-41cb-9972-32338991ec19,EXTERNAL,EFT,173920.2,ZAR,1.0,Standard Bank,8219547499,Mthokozisi Makhunga,PAY570268902,Settled,2023-11-24,2,339.31,Percentage
0d65a67f-1416-4d7c-861d-89232ed988c7,2020-11-07,2020-11-07,d2e5e758-c7b6-47a8-8e69-495162641831,6b72653b-95f5-4f30-a1a9-590a82e01634,RTGS,6995970.0,ZAR,1.0,Prime Capital Bank,5453123216,PCB Customer,PAY130354408,Settled,2020-11-07,0,15.0,Fixed
7469e143-d056-456a-99e0-995d2d55eb66,2017-09-05,2017-09-07,a3fe99e2-4829-44c9-833d-139ea89b8c15,0cb014e3-1da1-48f1-bc74-fe84754950e3,EFT,35343.58,ZAR,1.0,Prime Capital Bank,2043743521,PCB Customer,PAY848184913,Returned,2017-09-07,2,58.04,Percentage
1d858ea1-bcf4-4867-aa25-087d74590742,2024-09-08,2024-09-09,61252490-c386-4faf-b61b-9b2ed5feb2f1,32ff6d97-edec-4ca5-91ad-2ccdde3d2478,Debit Order,152593.15,ZAR,1.0,Prime Capital Bank,4510858531,PCB Customer,PAY146048232,Settled,2024-09-09,1,0.0,None
a18b4886-1d56-41d3-a5f5-7d09938f61a6,2020-06-12,2020-06-14,5d46670a-5225-449b-86c3-a18bc4e72537,d13d880e-9fbc-4837-b485-46f1a7010e0e,Debit Order,183879.69,ZAR,1.0,Prime Capital Bank,2414191333,PCB Customer,PAY423309098,Settled,2020-06-14,2,0.0,None
914b864e-10dc-4f77-9f77-d412478faa35,2017-09-20,2017-09-20,a55ec68a-8b91-4906-9818-2bdd327dfefb,fce6c593-c13e-4a92-bea7-d82654dbd4a8,Internal,432486.69,ZAR,1.0,Prime Capital Bank,6138726130,PCB Customer,PAY130803811,Failed,2017-09-20,0,8.5,Fixed
cc7cb1fc-5b41-48bb-a94f-0debca530f5e,2018-02-03,2018-02-06,eb488e77-92b6-4933-ba76-67a314f849d7,46c2a66e-1fbc-4515-8b68-46d80b2873eb,SWIFT,2013317.38,ZAR,1.0,Prime Capital Bank,4434669423,PCB Customer,PAY432927348,Settled,2018-02-06,3,50.0,Fixed
8cbda96e-942f-4ac1-bb73-51cdb0ad83f3,2024-09-29,2024-09-30,d7e33352-6312-4bc3-8d4a-d15bdeba381e,362c127a-213a-473b-bf24-f0c58d9aa714,Debit Order,47859.77,ZAR,1.0,Prime Capital Bank,7072086306,PCB Customer,PAY362811174,Settled,2024-09-30,1,238.74,Percentage
84aa13a9-17f3-4344-8a18-6c5caf9f191c,2021-02-05,2021-02-05,0cb014e3-1da1-48f1-bc74-fe84754950e3,0456c68a-ad43-49b8-9935-81429a356927,RTGS,4872414.03,ZAR,1.0,Prime Capital Bank,9106599393,PCB Customer,PAY173843477,Settled,2021-02-05,0,15351.92,Percentage
280a88bc-9a41-416d-9672-44e2c865bf9f,2018-12-14,2018-12-16,33e8f73e-0a0a-4b1c-a17e-4383868fa8c1,EXTERNAL,EFT,166654.66,ZAR,1.0,Standard Bank,8824857794,Thalente Ncube-Caluza,PAY691996918,Settled,2018-12-16,2,0.0,None
c2506b19-d113-4c93-9c35-918ac815de36,2019-10-03,2019-10-03,b84038fb-ab05-45ae-bf42-0b064b9a7fb2,491eed32-e46e-4b4d-a27e-8a842507e5c0,Internal,16405.65,ZAR,1.0,Prime Capital Bank,1021374018,PCB Customer,PAY187746019,Settled,2019-10-03,0,50.0,Fixed
0a37eb1f-4281-409f-852b-91c5ef125c49,2022-01-03,2022-01-05,39e39d95-07c0-4417-81b8-34e0b269178b,15ea78eb-f4e5-4950-a942-fb354a54cfbc,EFT,4105.28,ZAR,1.0,Prime Capital Bank,3945776692,PCB Customer,PAY983461130,Settled,2022-01-05,2,50.0,Fixed
ad48cc84-ed32-4cef-86a4-6ef2665c3e3d,2024-04-25,2024-04-25,386b4e13-e2a6-4f59-9168-3aeba46bb133,fbfad17c-6e00-4b82-baa3-ee69a5fce256,Internal,412882.29,ZAR,1.0,Prime Capital Bank,4185499327,PCB Customer,PAY531970205,Settled,2024-04-25,0,0.0,None
6138cc8a-837f-4416-b817-ca4ca0bde4c0,2015-08-16,2015-08-18,7f12d0cd-3f47-4963-bb3f-c1bec1665993,EXTERNAL,EFT,117837.59,ZAR,1.0,Discovery Bank,5897486055,Frederick Jones,PAY487985751,Settled,2015-08-18,2,404.4,Percentage
da686d80-6022-4178-8607-180ee115eca3,2018-10-17,2018-10-19,4ebc30ac-2a3c-408b-b2af-e38f60749d76,7867629d-04e0-4401-8c0b-ad6a57d69ac8,EFT,41691.13,EUR,20.5993,Prime Capital Bank,1708277937,PCB Customer,PAY708101616,Settled,2018-10-19,2,61.33,Percentage
e9316149-273a-4593-a86d-82552b3508f7,2021-05-15,2021-05-16,cf445261-b317-496f-b7ed-c0f6fdb74830,878a8e8b-8428-4519-a4c2-64f889de0536,EFT,172431.26,ZAR,1.0,Prime Capital Bank,8831074656,PCB Customer,PAY304692575,Settled,2021-05-16,1,694.46,Percentage
55eaebaa-ace9-4923-9f32-65e4fa3a9fb0,2018-08-12,2018-08-13,74030f55-1393-4735-907e-5847ae9fd180,EXTERNAL,EFT,176082.05,ZAR,1.0,FNB,8563063622,Miss Hilary Davies,PAY866500118,Settled,2018-08-13,1,25.0,Fixed
d6520721-6aed-44c8-8ffe-2546119a72c2,2017-04-24,2017-04-26,03ac280c-2885-425c-810f-34640340c550,f034ef62-c5f5-4ecc-8ce2-8d603feedfb8,EFT,154401.38,ZAR,1.0,Prime Capital Bank,9886937257,PCB Customer,PAY943463472,Settled,2017-04-26,2,398.34,Percentage
defafbf7-d7e8-4681-9179-7318a0ceabc6,2018-11-10,2018-11-11,69ed581f-8460-4fb0-867b-1205d9304df4,EXTERNAL,EFT,77603.3,ZAR,1.0,Nedbank,1916317179,Baba SimphiweyiNkosi Kheswa,PAY295334050,Failed,2018-11-11,1,362.36,Percentage
4a21aa4a-861e-4ed7-96df-8b7631464a81,2020-03-24,2020-03-24,bc428984-6bef-46c3-8258-2670cab0f4d4,cdaec3c8-a553-4168-8956-d80c9a9098b4,Debit Order,76122.76,ZAR,1.0,Prime Capital Bank,7018648122,PCB Customer,PAY424761225,Failed,2020-03-24,0,50.0,Fixed
d833c3a9-5624-4489-b32e-96ed2d9de93a,2022-01-05,2022-01-06,526cd0f9-8455-4ce4-a30e-3b6875f0038d,dd9decd1-caf1-447c-9928-6851d0aa1ed0,EFT,53736.2,USD,19.1219,Prime Capital Bank,6013914695,PCB Customer,PAY841386975,Settled,2022-01-06,1,0.0,None
11ab3fd0-dcd3-4be4-8cb8-a026f4b2f74e,2015-06-18,2015-06-18,33c3f765-9bf6-4cb5-a33c-f5f057363e74,301f1fbb-a0d7-445e-bef4-fd3b9f2c3335,Internal,230792.58,ZAR,1.0,Prime Capital Bank,3053300647,PCB Customer,PAY174889250,Settled,2015-06-18,0,50.0,Fixed
e5444358-58cc-4823-8870-69e8895cbe69,2024-02-23,2024-02-24,5aeea584-3c89-4dbf-bdc2-248b24dc0c23,EXTERNAL,EFT,20063.35,ZAR,1.0,FNB,9257286115,Shane Murray,PAY554877594,Settled,2024-02-24,1,0.0,None
11ae2b4d-f625-458c-89f5-30ada430710f,2024-02-10,2024-02-11,c946c940-f01d-4a8f-8c62-b41006a46729,EXTERNAL,EFT,131683.21,ZAR,1.0,Nedbank,5697323401,Zenzele Mcoyi,PAY153211640,Settled,2024-02-11,1,8.5,Fixed
1346f35f-d340-4d7e-a3dc-29b48d986851,2024-03-25,2024-03-25,1adfd91e-e790-4bcf-af25-2f1f979fe1fb,3e52fdd0-3168-4631-96c9-2caa2f15d908,RTGS,3710075.71,ZAR,1.0,Prime Capital Bank,7769202217,PCB Customer,PAY957017648,Settled,2024-03-25,0,6590.48,Percentage
92f50ede-44d4-48bc-9097-4ac304d94a88,2020-08-24,2020-08-25,8efbbded-b2ea-4020-91fc-88f9aff5a726,EXTERNAL,EFT,8045.27,ZAR,1.0,FNB,1274120201,Miss Bhekisisa Sishiya,PAY476640321,Settled,2020-08-25,1,100.0,Fixed
f95b1bc8-75c1-47dd-9725-ead30118692c,2020-06-23,2020-06-25,12d8ff1f-79ae-4b16-a775-fb9cca9347c6,EXTERNAL,EFT,184239.69,ZAR,1.0,Standard Bank,3345606000,Ms Joan Thompson,PAY494443102,Settled,2020-06-25,2,553.88,Percentage
06b992ed-61c5-49e0-b01e-9886b00f7b22,2023-03-11,2023-03-13,aa3b9966-e8ee-478e-b980-35a72f46365e,5656c271-b7f6-47be-a823-9b30ba17ca69,Debit Order,145642.33,ZAR,1.0,Prime Capital Bank,5725712173,PCB Customer,PAY403450623,Settled,2023-03-13,2,25.0,Fixed
d980438a-5b59-4f5d-8719-ff4290331b98,2017-05-24,2017-05-27,e3a56fa6-1a41-40b0-94ec-2890340e6697,EXTERNAL,SWIFT,4771625.07,ZAR,1.0,Discovery Bank,9840253510,Andrea Byrne,PAY585986018,Settled,2017-05-27,3,12486.18,Percentage
3fe2a015-feff-43a0-9c12-679fe246487b,2018-03-04,2018-03-04,017bbc38-fe96-4fe3-beca-ddeaddd9e84b,da17d375-b106-4983-8ca6-0760af41bedf,RTGS,8496027.53,ZAR,1.0,Prime Capital Bank,1418527097,PCB Customer,PAY871492398,Settled,2018-03-04,0,0.0,None
1336643f-ed92-4ed5-bcc1-f195b160e90f,2016-12-07,2016-12-08,171083ad-f623-44cb-99da-bb50f3df3c0c,EXTERNAL,EFT,77379.69,ZAR,1.0,TymeBank,3855296605,Langalibalele Langa,PAY583522894,Settled,2016-12-08,1,25.0,Fixed
c647c313-96a3-48b1-bfc3-b6dfa1fe0954,2020-01-26,2020-01-28,610f1d22-f0ec-4784-a40a-fe69fd76e5ca,2cf97d3a-8a1b-4ea3-839a-ea3caac7e79f,Debit Order,33424.48,ZAR,1.0,Prime Capital Bank,1922430745,PCB Customer,PAY877569650,Returned,2020-01-28,2,135.23,Percentage
39af3560-7444-4a41-8518-96c542b79a18,2015-10-13,2015-10-15,455e0b09-8028-4b87-ba72-7e983ea95547,cc4d93f2-8c8d-4f30-805f-e2f4081a6155,Debit Order,181033.87,ZAR,1.0,Prime Capital Bank,9136343175,PCB Customer,PAY210373544,Settled,2015-10-15,2,265.71,Percentage
c00a59c3-af63-4695-8e64-49c7a823f180,2021-04-04,2021-04-04,57f1672c-b75e-41f5-ab72-98489cdce630,b1ed7a83-1ba6-4a76-912e-28e2d00159aa,Internal,269038.53,ZAR,1.0,Prime Capital Bank,9786249435,PCB Customer,PAY739859817,Settled,2021-04-04,0,15.0,Fixed
be6d1d5b-0428-468e-882b-5e6f4d06b352,2019-12-21,2019-12-23,42a9b322-5b52-4704-9768-4af95a845da8,d0ae8a4d-0de1-43bb-8147-cfe82c9e4a9a,Debit Order,160005.07,ZAR,1.0,Prime Capital Bank,3587838782,PCB Customer,PAY501179679,Pending,2019-12-23,2,0.0,None
9694e473-682a-444e-8e0d-f1c980bd3d86,2016-10-02,2016-10-03,5e6c2fec-761b-4a91-b545-f261ca3a9933,0f92f18e-8867-4089-a61b-fd7d13457680,Debit Order,76736.84,ZAR,1.0,Prime Capital Bank,9081873937,PCB Customer,PAY583677890,Settled,2016-10-03,1,8.5,Fixed
10910515-d52b-433b-bb9b-825381095345,2016-04-11,2016-04-12,6de98d9a-790a-41f8-a651-4a604d5a28a6,EXTERNAL,EFT,137367.0,ZAR,1.0,FNB,1984343668,Kieran Ford,PAY406178125,Settled,2016-04-12,1,25.0,Fixed
edd70da9-11b4-41cd-8865-18f6f0c94cc2,2021-01-04,2021-01-05,fd6e98fd-f49b-4d2a-a573-7915f5cf9c3a,eb97036f-6a6f-4120-a2eb-224c81d759fa,EFT,41379.73,GBP,22.2866,Prime Capital Bank,4870531044,PCB Customer,PAY303778155,Settled,2021-01-05,1,169.12,Percentage
81fbe3cf-fc86-454f-ba53-9f085e909772,2021-07-17,2021-07-17,0ad088f4-6826-4835-bf78-d2efdc7cda99,01de3c60-2e63-48a4-86fc-9e6de54ab103,Debit Order,20014.71,ZAR,1.0,Prime Capital Bank,3534211575,PCB Customer,PAY626739397,Returned,2021-07-17,0,0.0,None
d67a6477-9153-40f1-92d5-75ce9cf99444,2021-05-13,2021-05-13,316bf90c-9610-4a00-a145-35be50706245,ea7b799a-acac-4d9e-a535-459a215bcf32,RTGS,4783909.01,ZAR,1.0,Prime Capital Bank,8730581264,PCB Customer,PAY708927126,Settled,2021-05-13,0,13435.27,Percentage
448bda62-7e4f-43e2-a94a-627b3c5d04ce,2020-04-18,2020-04-18,2d1a95ad-70c8-4da0-9425-cbcf269d5d92,EXTERNAL,EFT,138670.01,ZAR,1.0,Standard Bank,4456904946,Sandile Magononde,PAY748281684,Settled,2020-04-18,0,8.5,Fixed
63a3f252-ea07-4ef7-b1bd-a3ebcee899fd,2023-03-09,2023-03-09,52285b09-d17e-485f-9900-f7c63a08ff38,e81083a2-3207-463c-9f68-c68049d5a301,Payroll,15942.09,ZAR,1.0,Prime Capital Bank,8594420165,PCB Customer,PAY610989741,Settled,2023-03-09,0,28.55,Percentage
744549ea-c96c-464a-b7d9-9b4ec8005971,2024-12-05,2024-12-05,4a3341a3-cdb6-4992-a3f3-e6168018cebc,3debbc44-e561-493e-81ec-1d278ef2491b,Internal,141841.83,ZAR,1.0,Prime Capital Bank,4743010526,PCB Customer,PAY423167191,Settled,2024-12-05,0,100.0,Fixed
ddefdcbf-8e6c-4791-a5dc-7b37a726a38d,2017-01-23,2017-01-25,a2813cd1-0266-4141-adf7-6bf5bbd76db6,c579fb3c-851f-45d9-b09b-fe3d581f1b63,EFT,132130.0,ZAR,1.0,Prime Capital Bank,6012219491,PCB Customer,PAY941528170,Settled,2017-01-25,2,0.0,None
f87b3416-b959-4a1e-a254-a6cc62540624,2019-08-22,2019-08-22,02c25d6d-c674-4198-a6f1-aa4e7c3148d1,6b40f092-7836-4234-a12d-55160bb156d5,Internal,287524.88,ZAR,1.0,Prime Capital Bank,8065462614,PCB Customer,PAY494804803,Settled,2019-08-22,0,799.13,Percentage
5e07fa38-66cf-425b-a2e0-3d55d21ccfb4,2019-01-08,2019-01-10,0b08ebe1-41d3-4393-9457-3b1f6a408545,b84038fb-ab05-45ae-bf42-0b064b9a7fb2,Debit Order,183125.18,ZAR,1.0,Prime Capital Bank,6252977800,PCB Customer,PAY809067490,Settled,2019-01-10,2,194.74,Percentage
19a5544b-f20e-40eb-bc61-3d909f88bd88,2019-01-31,2019-01-31,7f7e887e-9d2a-474e-8a15-668d5671f0e0,EXTERNAL,EFT,86890.1,ZAR,1.0,FNB,3906984295,Dylan Wright,PAY941979274,Settled,2019-01-31,0,100.0,Fixed
357e3db4-ff5b-4c36-8b90-e128fd45b552,2017-07-11,2017-07-11,964bfc4b-1a99-4b2e-8fa6-a3993ae21d22,cf90987a-b020-4699-bba1-7fed6d270a69,Internal,337116.79,ZAR,1.0,Prime Capital Bank,5388288110,PCB Customer,PAY207989210,Settled,2017-07-11,0,0.0,None
64a2777c-cf5d-4c45-9680-7fa430d88b2d,2016-01-04,2016-01-05,86c94b57-14ba-4bdb-96f0-1848f1ff071d,EXTERNAL,EFT,179183.6,ZAR,1.0,Absa,2921509860,Geoffrey Atkinson,PAY106614907,Settled,2016-01-05,1,15.0,Fixed
01d17578-d0e7-4807-9d56-558b9f6ff6c8,2018-10-24,2018-10-25,eb97036f-6a6f-4120-a2eb-224c81d759fa,EXTERNAL,EFT,136563.0,ZAR,1.0,Discovery Bank,6673695545,Thuthukile Mdaka-Mtuswa,PAY813569414,Settled,2018-10-25,1,25.0,Fixed
8eb900e1-5abe-4fa8-80ed-7640004f3c3d,2018-11-13,2018-11-13,78a218ef-f8f6-496f-903b-dfa91c2ba2f4,8ffebd8f-bd1a-4b21-a6de-d6f7951a172a,EFT,163785.54,ZAR,1.0,Prime Capital Bank,2549243415,PCB Customer,PAY853640698,Settled,2018-11-13,0,198.13,Percentage
aec4c38f-6e2a-4182-ac0f-ae0f17e56a82,2018-06-06,2018-06-07,8e01ef9c-7f7a-44e9-8702-4a9a7f78653a,a3875360-baab-4ef9-bd90-c7cc3080df8e,EFT,127842.77,ZAR,1.0,Prime Capital Bank,1893428333,PCB Customer,PAY360168057,Settled,2018-06-07,1,0.0,None
7ad82e4e-5778-4abc-b4e4-4e1dce56465d,2024-03-19,2024-03-20,10deeddf-bfe5-4913-ad0f-078933bd1db7,4b70241d-877c-4e02-abf9-17766afacd25,Debit Order,112826.77,ZAR,1.0,Prime Capital Bank,4724448033,PCB Customer,PAY851661153,Settled,2024-03-20,1,329.9,Percentage
0b534620-e713-49e2-9ff6-a3e75cf19096,2022-03-12,2022-03-13,25be136d-ef89-44e9-8e8e-f2c5327c5142,6ebddbe1-72a5-4b7e-9718-8a79b49ec5b8,SWIFT,1622796.62,ZAR,1.0,Prime Capital Bank,7194480893,PCB Customer,PAY921224723,Settled,2022-03-13,1,0.0,None
7d2c9143-fd78-4c16-9fd9-6860b683b186,2018-01-11,2018-01-11,c34ed0ba-35f6-4206-8604-5b06fa884818,9256097f-e79d-44ea-bb2a-3a9ca9521a1a,RTGS,1762493.44,GBP,23.9673,Prime Capital Bank,4388668343,PCB Customer,PAY691377479,Settled,2018-01-11,0,0.0,None
552b01e6-0a54-4e37-b45a-a84f81aa57ac,2016-04-04,2016-04-05,f6e524bc-dcae-4bc1-8276-b3a0b8420971,EXTERNAL,EFT,175410.36,ZAR,1.0,Investec,4836812200,Dr Joshua Armstrong,PAY180832701,Pending,2016-04-05,1,15.0,Fixed
7965c4a4-0100-402d-a0e6-95f1d4faeee5,2019-11-13,2019-11-13,fabb7d5a-e73b-41cb-9972-32338991ec19,586118d3-d28d-4d82-88b3-68df1e584593,RTGS,7246536.83,ZAR,1.0,Prime Capital Bank,8115657734,PCB Customer,PAY687269571,Settled,2019-11-13,0,21760.18,Percentage
3859fdf3-4c23-4e16-b908-dd6929c8bb19,2015-11-15,2015-11-16,5b7fa248-a749-4cba-bfd9-f247ec011b1f,333c3d0c-886f-4060-94d2-b538a4ddc37c,Debit Order,155053.64,ZAR,1.0,Prime Capital Bank,6714376755,PCB Customer,PAY313418994,Settled,2015-11-16,1,25.0,Fixed
f8e33d76-fb0e-4273-93b0-7e816ae3eb92,2016-07-24,2016-07-24,5db10826-198a-4043-aa61-6b80d4f95ba7,c20e3e17-658f-42db-8bed-0130fef2c901,RTGS,3584544.07,ZAR,1.0,Prime Capital Bank,5223861639,PCB Customer,PAY185245699,Settled,2016-07-24,0,25.0,Fixed
4b551e10-317c-4ff7-800f-37785e12a20b,2015-09-12,2015-09-12,2ab576fa-5208-4ec2-862b-d9e038de7042,96704af9-a65d-4adc-8ecc-8c63123cd16a,RTGS,2308484.75,ZAR,1.0,Prime Capital Bank,4590487682,PCB Customer,PAY926260876,Settled,2015-09-12,0,0.0,None
22d6d44e-325b-48b9-b87e-dfbb102a90a0,2022-06-03,2022-06-04,d90bfdcb-09fd-42c5-ba89-04f25751cdbc,EXTERNAL,EFT,12604.75,ZAR,1.0,Discovery Bank,7487300469,Siyabonga Mpila-Manyoni,PAY638172508,Settled,2022-06-04,1,25.06,Percentage
e69fe8e0-a814-4309-ae79-e74e3aca4740,2024-01-03,2024-01-04,94b4e936-c3d5-42b0-b01a-24c62ac3a698,230e2883-6699-4471-8dd0-82d9e3fa2559,EFT,43186.76,ZAR,1.0,Prime Capital Bank,5767736615,PCB Customer,PAY596450154,Settled,2024-01-04,1,86.52,Percentage
0dcf8206-5e39-45d4-a5cc-ffc0b0ab2835,2021-06-18,2021-06-19,f8a4dc98-7a81-47c8-aaf2-082ae5b61c61,EXTERNAL,EFT,187493.86,ZAR,1.0,TymeBank,6328029691,Bhekani Mthethwa,PAY705679442,Settled,2021-06-19,1,351.12,Percentage
87cd6226-b32f-48d7-8d60-2c864a6dd6d7,2019-04-10,2019-04-10,11de4af9-0521-4329-b199-929ba7e59411,60d5ca92-f3b4-450a-af76-aaef28bca857,Internal,171211.57,ZAR,1.0,Prime Capital Bank,4738813260,PCB Customer,PAY344736662,Settled,2019-04-10,0,272.95,Percentage
7671c860-73bb-47aa-9b52-5d95474214e0,2015-09-24,2015-09-26,491eed32-e46e-4b4d-a27e-8a842507e5c0,c2920edc-dec9-4757-88c2-b79375ce9845,EFT,174328.94,ZAR,1.0,Prime Capital Bank,6274454005,PCB Customer,PAY970689603,Settled,2015-09-26,2,299.22,Percentage
c84d4613-a79a-4e60-95d2-3c8346a9360e,2017-02-15,2017-02-15,9d8796cd-dbf4-4891-843b-d18e65b33b9a,859e3cbc-9726-48e0-9be0-f893fdc0e59f,Internal,29514.9,ZAR,1.0,Prime Capital Bank,9439882247,PCB Customer,PAY722714937,Settled,2017-02-15,0,0.0,None
70f1499c-a3e3-4ec5-aecb-80c3a7353762,2017-05-24,2017-05-24,27dc32dc-e4c5-400d-b399-7bda8bb01d4e,EXTERNAL,EFT,178243.74,ZAR,1.0,FNB,7915153102,Nothando Bhengu,PAY538642822,Settled,2017-05-24,0,0.0,None
6be84c36-9dc9-4f49-a830-574ba1662b24,2016-01-05,2016-01-08,d42cc431-8fa5-4013-b66d-aff7c96049c4,9acc82b7-4871-43d0-8b57-55fbe0e43b91,SWIFT,3002756.67,ZAR,1.0,Prime Capital Bank,9010132587,PCB Customer,PAY641657229,Settled,2016-01-08,3,6806.3,Percentage
e2ad4fd7-a368-4437-a4b9-0ee65fd53117,2016-07-01,2016-07-03,2d9ced99-c8f5-46f6-9f34-dc181c4b5eed,25c73836-cca0-4494-b417-b0606da94f03,SWIFT,3664293.3,ZAR,1.0,Prime Capital Bank,4578515141,PCB Customer,PAY939989533,Settled,2016-07-03,2,8.5,Fixed
117590c8-0bd8-48b1-88e5-7e6a9d485ce0,2019-07-07,2019-07-07,ea7b799a-acac-4d9e-a535-459a215bcf32,1265aba8-60ec-473f-b990-614ee3f2d447,Debit Order,39890.54,ZAR,1.0,Prime Capital Bank,8073059651,PCB Customer,PAY609015551,Settled,2019-07-07,0,45.77,Percentage
2e76cc7d-3b0c-4cbc-90dc-c7efad46f279,2018-11-14,2018-11-16,997d4533-20ea-4718-aacf-97d0a3287dc8,dedc60eb-8a9e-459e-a9da-8fedd0db9fe9,Debit Order,182090.42,ZAR,1.0,Prime Capital Bank,9116506114,PCB Customer,PAY476968049,Failed,2018-11-16,2,769.48,Percentage
4c6d5c20-2466-4fd3-b57c-6b555c2cc1b9,2015-05-29,2015-05-29,d7025daa-6f21-46b6-a15f-cf651e8ea23e,EXTERNAL,EFT,150848.8,ZAR,1.0,Discovery Bank,3408397277,Mama Khanyisile Mchunu,PAY688284892,Settled,2015-05-29,0,0.0,None
6966ace5-3b5e-4145-813a-96a457ac21ac,2018-06-28,2018-06-29,cb8541a4-2e55-4b9c-a758-280b726b8c92,EXTERNAL,EFT,91695.45,USD,17.9208,Discovery Bank,2924753446,Dale Taylor,PAY751914013,Settled,2018-06-29,1,332.41,Percentage
77aa7555-6819-4049-a27c-9887d4bd8aec,2016-02-01,2016-02-02,0a49372a-29d5-4ed0-9f91-51a7e9d28aaa,ab186317-e559-4542-bca0-e82b54f09258,EFT,192058.89,ZAR,1.0,Prime Capital Bank,8897460042,PCB Customer,PAY245946887,Settled,2016-02-02,1,0.0,None
0c7bf76e-9919-44a4-8372-28af790b396b,2020-12-26,2020-12-26,aaf1a4bc-9695-46b1-9820-63a2c49cfbff,ee052a66-b4aa-49db-85df-8b8b30ebc314,Payroll,43085.82,ZAR,1.0,Prime Capital Bank,9607474241,PCB Customer,PAY809635122,Pending,2020-12-26,0,53.21,Percentage
758ebd9f-af11-4f90-92cf-7872b495156d,2020-11-23,2020-11-23,b45ec370-5394-422e-b494-6ef0e37643c1,86af446f-6a2f-40d2-863b-0c9d540da22a,EFT,119963.18,ZAR,1.0,Prime Capital Bank,6194891235,PCB Customer,PAY741040285,Settled,2020-11-23,0,50.0,Fixed
03e07dc3-8a69-4b87-9a64-5708e912ec13,2024-10-25,2024-10-25,6f29cf29-b65b-47e6-b3ae-5300ab3cf264,61097e07-f0be-4f4c-955c-a08d7dbfaed8,Internal,166985.57,ZAR,1.0,Prime Capital Bank,7223260921,PCB Customer,PAY951068987,Settled,2024-10-25,0,0.0,None
5bfc221d-820e-481e-b738-789f9bd7d9ec,2024-08-19,2024-08-19,81bf3676-c08d-45b2-af30-f5da4166e75a,2392e259-b58c-4df8-9e4a-38574bf1665d,Internal,140713.06,ZAR,1.0,Prime Capital Bank,1790809078,PCB Customer,PAY485328151,Settled,2024-08-19,0,188.81,Percentage
c2609144-0868-46e9-a3ee-d1d9ced24f6e,2021-01-20,2021-01-20,b55ce53c-323b-4392-a9a9-9dee32a39888,e9cf8bfc-0152-438b-82d5-df22c7cecf63,Internal,470028.95,ZAR,1.0,Prime Capital Bank,6004544691,PCB Customer,PAY511772658,Settled,2021-01-20,0,100.0,Fixed
2994cf53-9e7a-46eb-827f-fd4ab15f01c9,2022-01-05,2022-01-07,78a218ef-f8f6-496f-903b-dfa91c2ba2f4,df3ccd5a-2655-4b8d-ba9d-5e75326a858b,EFT,143493.32,ZAR,1.0,Prime Capital Bank,6101861154,PCB Customer,PAY815992401,Settled,2022-01-07,2,0.0,None
fbf8efaa-ab53-49cc-990e-96ba06633c51,2019-07-29,2019-07-29,3127889b-2548-4e63-8e8c-193cfc6c6b98,36452da0-f702-47d0-981a-1888d12b4e58,Internal,170342.1,ZAR,1.0,Prime Capital Bank,9500625563,PCB Customer,PAY364307598,Settled,2019-07-29,0,8.5,Fixed
03340449-d60b-4f15-9e06-47d953157e73,2017-11-21,2017-11-22,b07c43c7-2098-4836-9aba-2481010adbdd,8ffebd8f-bd1a-4b21-a6de-d6f7951a172a,EFT,90132.43,ZAR,1.0,Prime Capital Bank,2549243415,PCB Customer,PAY529030936,Settled,2017-11-22,1,215.34,Percentage
c9e1d69d-47fb-4448-b311-7be618021f43,2018-03-06,2018-03-07,ee052a66-b4aa-49db-85df-8b8b30ebc314,EXTERNAL,EFT,48939.03,ZAR,1.0,Absa,2413793838,Lungile Mdlenevu,PAY984273773,Settled,2018-03-07,1,8.5,Fixed
03d661ab-3b42-4e0b-8eb4-b97e82dcfb56,2019-01-31,2019-02-02,9f0bf75a-3bf8-47ff-9a80-bec345638b4a,EXTERNAL,SWIFT,2242293.64,USD,18.082,TymeBank,3420081418,Jonathan Martin-Holland,PAY185727488,Settled,2019-02-02,2,0.0,None
fce5be9a-5a6d-453f-9435-72c2d8356046,2020-05-12,2020-05-12,047a404a-6a69-4314-baed-d9745eb81881,d18e1089-a842-43b7-969c-6d1d1f295c36,Payroll,72855.14,ZAR,1.0,Prime Capital Bank,5631937550,PCB Customer,PAY785298497,Settled,2020-05-12,0,240.3,Percentage
c789885e-1c1d-4237-827a-ddd73c91e538,2021-07-13,2021-07-13,844c86c7-c18f-4fec-8904-18943ec8952a,859e3cbc-9726-48e0-9be0-f893fdc0e59f,RTGS,1959330.95,ZAR,1.0,Prime Capital Bank,9439882247,PCB Customer,PAY608116786,Settled,2021-07-13,0,5902.02,Percentage
4ae03a41-2aa5-43a0-a687-378676417938,2021-05-17,2021-05-18,2143fcc5-c0dd-4d9a-91a9-c397c3668087,42105b99-c95c-4d0c-b1d1-5f00f07901d9,EFT,11140.49,ZAR,1.0,Prime Capital Bank,9606223896,PCB Customer,PAY161696068,Settled,2021-05-18,1,31.19,Percentage
51b04bf7-9e4f-464c-a137-278b3fc9c412,2024-01-12,2024-01-12,5645f1bd-c1bc-408a-82b9-6dd8df48a4ea,7faf07d7-47e1-4410-b6a9-5a6c4ec4caa4,Payroll,87165.51,ZAR,1.0,Prime Capital Bank,4655002781,PCB Customer,PAY598239204,Settled,2024-01-12,0,321.42,Percentage
32bb792a-a593-49c2-ab84-8f09e4a17636,2015-08-12,2015-08-12,9c7e2c81-a85b-4300-a99b-6edfbfd42cfe,EXTERNAL,EFT,130577.27,ZAR,1.0,Investec,8804102589,Bhekizizwe Mdlalose,PAY427747910,Settled,2015-08-12,0,534.39,Percentage
ffede5e1-6bf9-42ce-9dfc-e74e0f9b42e6,2022-03-03,2022-03-03,24c74360-9832-4d08-89dd-a00aaef9e898,3beaad72-957c-4804-aeb0-c2b5af985a9a,Internal,97350.32,ZAR,1.0,Prime Capital Bank,9476215612,PCB Customer,PAY691464695,Settled,2022-03-03,0,8.5,Fixed
3f548111-684b-4feb-a42e-24746b6f74cd,2018-02-20,2018-02-22,0481347e-8e73-47b4-9f81-edd7ca4383ed,66e1ae18-d186-46db-a2a7-87ba405cd79b,EFT,179287.71,ZAR,1.0,Prime Capital Bank,4219957041,PCB Customer,PAY531327058,Settled,2018-02-22,2,100.0,Fixed
75eca4d2-7eb6-41bf-8bb9-67bb99362851,2021-08-02,2021-08-03,f71fa2fb-2012-4d6c-985a-9c310b2f4505,34636d58-c70b-44c6-99b4-7382c4dfcc67,Debit Order,28686.91,ZAR,1.0,Prime Capital Bank,8848551745,PCB Customer,PAY321286140,Settled,2021-08-03,1,31.78,Percentage
05e3d3c1-22d5-4dd4-aa9d-e9e14941a8da,2024-03-07,2024-03-07,ca835f36-8814-405c-bb07-3420c94585a6,bd89197d-dcfe-408b-9b1f-77ab84abebef,Internal,386489.57,ZAR,1.0,Prime Capital Bank,6144198989,PCB Customer,PAY967033545,Settled,2024-03-07,0,25.0,Fixed
ec374d42-8d33-44a7-b24d-781857d08c07,2018-03-19,2018-03-19,374775ef-2580-4a26-b9a2-66731a35b15e,ccd79d3a-1fc3-4f49-b86c-a168b07a696d,Internal,497926.95,ZAR,1.0,Prime Capital Bank,7069064850,PCB Customer,PAY277705946,Settled,2018-03-19,0,0.0,None
41b9c35d-1714-4074-ad3d-d3b07b38f167,2016-10-08,2016-10-09,6a6b8624-1c6e-485c-a3d8-8c48adab1e97,EXTERNAL,EFT,155178.29,ZAR,1.0,FNB,5951873848,Christine Reid,PAY259101458,Settled,2016-10-09,1,730.89,Percentage
65a0d7e1-3b8c-48b9-8f6b-d9ad7a98a6bd,2022-06-06,2022-06-06,aeff89cd-3c53-4414-b22b-489c1649d441,a93da219-79bc-4f6d-b4fe-2f33ec7abb53,Internal,238731.45,ZAR,1.0,Prime Capital Bank,2814460577,PCB Customer,PAY300854118,Settled,2022-06-06,0,268.24,Percentage
17e0860c-36dc-4c0b-b3fd-f2d7d91b8e61,2016-10-23,2016-10-25,2d2c49ca-9e07-49c8-806d-d2e1541aaf65,EXTERNAL,EFT,193289.75,ZAR,1.0,Nedbank,3926984067,Londisizwe Nxele-Makhaza,PAY104755437,Settled,2016-10-25,2,0.0,None
a5fb1f0f-008f-44ed-bb41-d8cd45cfc64d,2016-02-25,2016-02-25,b72ee11d-e354-41c3-a7bd-06b853adbd21,EXTERNAL,EFT,147342.29,ZAR,1.0,Capitec,1128575500,Nothando Madonsela,PAY881902537,Settled,2016-02-25,0,229.95,Percentage
edff20d2-fb4a-4f65-ae06-362f76223d0a,2015-07-24,2015-07-26,a25ee715-6bde-4a53-95b6-49a88b6aebb8,588890e2-ad5d-4efd-a271-6cbae858019e,EFT,191039.1,ZAR,1.0,Prime Capital Bank,5288239645,PCB Customer,PAY527759375,Settled,2015-07-26,2,0.0,None
bd8f6548-13a4-4b50-945f-7449f94fafc6,2015-05-11,2015-05-13,59711b52-4b18-4407-95a8-40de9422b3f5,EXTERNAL,EFT,40089.46,ZAR,1.0,FNB,9998220220,Mr. Bandile Msomi,PAY756390661,Settled,2015-05-13,2,0.0,None
4e1e84a8-cc0d-4bf0-95aa-b7d73f0f2f64,2024-11-21,2024-11-21,b44e995e-8be9-446f-933a-505367f85c16,096e0e50-fb3b-4fa4-a64c-268b059881f5,Internal,385469.48,ZAR,1.0,Prime Capital Bank,9061257829,PCB Customer,PAY276139992,Settled,2024-11-21,0,1112.77,Percentage
d0ed0ccb-63a0-4acd-962b-b60e98dc3485,2018-03-31,2018-03-31,46ec0573-5e2d-4d26-a5a8-1b9e7c6f7f46,f25c3826-87bd-4454-9763-21d1ba62b5b4,EFT,138105.22,ZAR,1.0,Prime Capital Bank,6589430553,PCB Customer,PAY466717812,Settled,2018-03-31,0,25.0,Fixed
a8b605f9-b758-4650-a0d9-8289dd46f28a,2017-04-01,2017-04-02,37a9d97c-89ca-46b4-b2f8-52876e3aa206,EXTERNAL,EFT,156107.49,ZAR,1.0,Absa,7066013758,Lungile Nyawokhulu,PAY997968542,Settled,2017-04-02,1,748.18,Percentage
9971afff-e84e-45ac-b930-62173e7571ae,2022-10-08,2022-10-08,afe10e8e-e849-4a43-8880-0f7096c37c84,4fefb954-b2b4-4f2f-9e34-de2fb716e004,Internal,143100.6,ZAR,1.0,Prime Capital Bank,3365255336,PCB Customer,PAY743850508,Settled,2022-10-08,0,8.5,Fixed
ae958194-87b0-481d-91c8-ae8116fe119c,2018-12-22,2018-12-24,e30b871a-e722-48c2-b64a-1ba0dd8a6a50,180051f3-1c48-4db1-9fd9-fdd948a928b0,Debit Order,166439.9,ZAR,1.0,Prime Capital Bank,3254759331,PCB Customer,PAY361186192,Settled,2018-12-24,2,100.0,Fixed
6db2ee5c-8d3e-4ea0-a1bd-94f4266ac9ba,2018-07-16,2018-07-18,455e0b09-8028-4b87-ba72-7e983ea95547,66343552-e8c3-4f7f-ae54-6c5323b039a8,Debit Order,129037.47,ZAR,1.0,Prime Capital Bank,8356686869,PCB Customer,PAY185978143,Settled,2018-07-18,2,607.4,Percentage
3aa18b82-bf94-4150-91e9-b909bb021725,2018-10-17,2018-10-17,b55ce53c-323b-4392-a9a9-9dee32a39888,2ba3c951-ca38-4ffe-9e5b-e1d09cebd520,Internal,118500.49,ZAR,1.0,Prime Capital Bank,7942629083,PCB Customer,PAY362211628,Settled,2018-10-17,0,223.27,Percentage
454a2e80-5f41-4392-9aca-5f9daf51ea7c,2024-09-09,2024-09-11,3b95d2c0-d182-4c4a-84ce-5db89992fa79,EXTERNAL,EFT,165299.01,ZAR,1.0,Nedbank,6076634048,Shirley Robinson,PAY559429656,Settled,2024-09-11,2,15.0,Fixed
ca47afd7-7c28-4921-85a5-e7a56a24e40f,2024-01-06,2024-01-06,360899bc-1832-4b0e-92de-6c28b95b78aa,3127889b-2548-4e63-8e8c-193cfc6c6b98,Debit Order,130115.59,USD,17.7825,Prime Capital Bank,6689216022,PCB Customer,PAY686975102,Settled,2024-01-06,0,278.74,Percentage
157baa08-2583-473a-80f9-14f4b996df27,2016-09-24,2016-09-24,0e7bae9f-1606-465c-a897-50ffaf1d8d7c,f75c54cf-e16c-4fc0-b3ae-a93a591a7503,Internal,329367.88,ZAR,1.0,Prime Capital Bank,9549403502,PCB Customer,PAY333789757,Settled,2016-09-24,0,25.0,Fixed
d9c1dea1-6598-494b-adc6-8df6e039fd5d,2019-04-14,2019-04-16,24f0f41c-da50-4f98-aac7-d7517824a6d1,baa9f2d0-762b-466f-b4f7-a213f8f21749,Debit Order,115598.27,ZAR,1.0,Prime Capital Bank,8734572343,PCB Customer,PAY435890694,Settled,2019-04-16,2,0.0,None
8eac0bde-0dfd-4ecc-b5f0-c3abf9ba8636,2015-12-15,2015-12-15,fed110ae-96c8-4cf7-ba0c-990650b6d5df,e6940321-2a41-4d37-92da-48cb5b86bb93,Payroll,68671.5,GBP,23.8878,Prime Capital Bank,9222652994,PCB Customer,PAY301645329,Settled,2015-12-15,0,0.0,None
216f9225-8772-40bb-9946-fb6e6598a88e,2023-08-10,2023-08-12,8febcdd7-1594-4000-984a-f67ffccdf6f3,EXTERNAL,EFT,14294.24,ZAR,1.0,Absa,9055530261,Clive Burrows,PAY507945592,Settled,2023-08-12,2,22.75,Percentage
4028aaf7-dc22-4250-a0be-0536555662e5,2021-02-04,2021-02-04,049de5a5-8a79-4b90-819f-8cc1e0ccb60d,cd32dfb4-ec0e-4834-ac80-7e0c93f762b6,Debit Order,116607.04,ZAR,1.0,Prime Capital Bank,7252503368,PCB Customer,PAY657590250,Settled,2021-02-04,0,479.61,Percentage
8b760553-3631-412e-b54c-dc60dca57cc0,2023-02-06,2023-02-08,586fb80b-c9a6-4c7a-9cb3-93a45cef0412,EXTERNAL,EFT,115766.75,ZAR,1.0,TymeBank,4089129846,Gugulethu Bayeni,PAY179531879,Settled,2023-02-08,2,15.0,Fixed
649fcee4-550c-409d-ab99-2225d3257bfc,2018-02-04,2018-02-06,2d9ced99-c8f5-46f6-9f34-dc181c4b5eed,75e0ec52-904d-4985-bfd2-ac4f676653e4,Debit Order,79479.33,ZAR,1.0,Prime Capital Bank,8163309371,PCB Customer,PAY595288396,Settled,2018-02-06,2,0.0,None
7482d96a-0991-4e8c-8789-41e070d77a36,2024-08-23,2024-08-23,3cf01646-9180-4f8f-bf3c-dae3ee96c9af,3adc2ceb-1262-4974-9b43-2083a6dfb164,Internal,33434.65,ZAR,1.0,Prime Capital Bank,3565738076,PCB Customer,PAY391209991,Settled,2024-08-23,0,8.5,Fixed
69841652-ef5f-4140-bae6-973e72912e18,2022-04-06,2022-04-08,2bf8d2fa-f5b6-450f-8a17-636f3764609f,56c28595-2ad9-4711-b65a-60e209ba344f,Debit Order,101487.22,ZAR,1.0,Prime Capital Bank,7597132211,PCB Customer,PAY429243607,Settled,2022-04-08,2,320.27,Percentage
fe72eadc-fd55-4120-a62d-d00e47c5407b,2022-08-29,2022-08-30,9cb99a1a-7eb3-4b5a-adc9-65bdbd171512,EXTERNAL,EFT,50312.3,ZAR,1.0,Capitec,2505775169,Nonjabulo Boyabenyathi-Ngcemu,PAY438602711,Settled,2022-08-30,1,0.0,None
a76745e1-566f-4a60-8403-27a5f4f9e1ca,2021-03-09,2021-03-09,30235568-23e2-4acf-b74f-717c8a07419f,EXTERNAL,EFT,16093.04,ZAR,1.0,TymeBank,3191477919,Teresa Jones,PAY596452921,Settled,2021-03-09,0,100.0,Fixed
1de0527e-e83d-4843-be6f-56d3d505d4f3,2018-09-26,2018-09-28,6073c2e8-c74c-4def-87df-2df7289638d2,EXTERNAL,EFT,137704.48,ZAR,1.0,Absa,8719821104,Thabisa Siyeshe,PAY222766013,Settled,2018-09-28,2,15.0,Fixed
24b4bf29-a5fa-4070-b3ff-6170fe71222a,2019-07-12,2019-07-13,4330ca02-a9ae-413b-8eda-16e1316baf0e,EXTERNAL,EFT,76227.69,ZAR,1.0,FNB,6882362801,Silondile Sibindi,PAY900590839,Settled,2019-07-13,1,0.0,None
be26fa2a-2ae9-4e9c-90c5-5c9902fad0d8,2024-12-05,2024-12-07,25f97333-82c0-431c-9ab0-72f50092b65a,14981fa2-d564-4ae0-be49-3427f6d84ee2,Debit Order,39288.3,ZAR,1.0,Prime Capital Bank,5847023874,PCB Customer,PAY578773955,Settled,2024-12-07,2,160.9,Percentage
98705304-8d0f-40a4-b8ad-8fb839708ab1,2018-04-30,2018-05-01,379a5fdb-d5c0-4870-8a1e-5a6f8c29d1a7,EXTERNAL,EFT,71018.57,ZAR,1.0,Absa,5239177957,Mr Guy Byrne,PAY418883154,Settled,2018-05-01,1,150.32,Percentage
8d0c8af6-aed3-4983-8738-58c5fe721773,2021-12-25,2021-12-27,51c3d72e-845a-4bd4-976b-1c3857a20752,EXTERNAL,EFT,166177.9,ZAR,1.0,Standard Bank,5563794598,Sandile Sotobe,PAY678215012,Failed,2021-12-27,2,15.0,Fixed
5ff302db-9151-4f91-b2cc-6bf4c6b447db,2024-06-22,2024-06-23,003af1b3-b305-48db-a5f5-1d44e1ec08c2,EXTERNAL,EFT,65585.79,ZAR,1.0,Standard Bank,9877554983,Miss Joanne Richardson,PAY507434598,Settled,2024-06-23,1,8.5,Fixed
0526c21a-7b4d-4c19-a512-921d2ce17bc8,2016-02-22,2016-02-23,b3dbbf39-5550-42f3-b00d-7a5655610449,547c088b-d312-45c8-8c25-7d6b5e061824,EFT,78573.87,ZAR,1.0,Prime Capital Bank,3767093391,PCB Customer,PAY813676358,Settled,2016-02-23,1,15.0,Fixed
2ad17885-5ace-413c-8f13-3fa8b85d6237,2017-04-22,2017-04-22,8ecbc864-fae7-4886-ac0e-9c1596769e09,44142d46-4486-470b-877d-d1f299d9771e,Internal,152844.12,ZAR,1.0,Prime Capital Bank,1461461303,PCB Customer,PAY666749881,Settled,2017-04-22,0,100.0,Fixed
7f75aded-fa16-4717-8efe-46c9e769133c,2016-06-28,2016-06-29,ac0c53f4-ea07-4cf2-9cca-6d6509bc851d,41b2e8e0-5bed-4e0c-b858-063ee42704e0,EFT,27715.71,ZAR,1.0,Prime Capital Bank,6011018195,PCB Customer,PAY634635966,Pending,2016-06-29,1,0.0,None
88f9cc0b-d818-4c95-a605-1a46bd328ca1,2018-10-09,2018-10-10,4bd41679-78b8-4169-8174-8dc605a1deac,94152943-9ad0-42c4-98ac-24f6f0278c6a,Debit Order,17297.47,ZAR,1.0,Prime Capital Bank,1504284393,PCB Customer,PAY915283496,Settled,2018-10-10,1,56.29,Percentage
29e0f86b-49bb-44fc-8f13-ac7aeb40fd03,2016-02-09,2016-02-09,0283e6b1-4b38-4e48-8f28-164845c7db69,2b007104-faa0-488d-a1d1-cc7c3ceb8ad0,Payroll,47686.83,ZAR,1.0,Prime Capital Bank,7766207239,PCB Customer,PAY528131689,Settled,2016-02-09,0,116.41,Percentage
e664029f-f4e5-4703-9768-4caa09ec7382,2024-11-02,2024-11-03,24aa01ba-7ef5-41ed-a6c8-d2f6607f7334,EXTERNAL,SWIFT,2997267.24,ZAR,1.0,Standard Bank,5467868805,Minenhle Fanisa,PAY135651661,Settled,2024-11-03,1,12863.61,Percentage
75156d58-44f8-4ff9-88ee-9eaa8b812002,2017-10-31,2017-10-31,f101bd32-0b81-4594-83c7-f3358f8201b2,158c6c7f-a40f-4292-b851-fae10fd388cc,EFT,3905.59,EUR,19.0929,Prime Capital Bank,5877274935,PCB Customer,PAY942829174,Settled,2017-10-31,0,8.5,Fixed
924aaa59-5312-4aa3-9e11-cca3dc5bec26,2015-04-03,2015-04-04,eb488e77-92b6-4933-ba76-67a314f849d7,EXTERNAL,EFT,163371.79,ZAR,1.0,Capitec,8971319318,Gugu Ntsele,PAY656773612,Settled,2015-04-04,1,0.0,None
e53673de-2e51-475a-8496-835907e3160e,2016-05-15,2016-05-15,3debbc44-e561-493e-81ec-1d278ef2491b,EXTERNAL,EFT,152418.64,GBP,22.5012,Capitec,3743759754,Max Read-Ellis,PAY693942067,Pending,2016-05-15,0,348.54,Percentage
823c7523-c938-4221-9fe2-d9b36e2e16cf,2024-04-27,2024-04-29,e82bd9bc-f193-4d8a-b1d3-dc5d8cff2b5d,7f7e887e-9d2a-474e-8a15-668d5671f0e0,EFT,70862.73,ZAR,1.0,Prime Capital Bank,1628031141,PCB Customer,PAY316925469,Settled,2024-04-29,2,100.0,Fixed
f12b48bf-e664-4a88-8a16-5d6273c40a05,2023-09-13,2023-09-13,8c3df183-e48d-4079-ad3d-5e8ecb7fc3d0,7f12d0cd-3f47-4963-bb3f-c1bec1665993,Internal,103734.66,USD,19.1171,Prime Capital Bank,3944737340,PCB Customer,PAY614244440,Failed,2023-09-13,0,0.0,None
8de4011e-2611-4c04-8894-f84d3c612dc7,2021-12-25,2021-12-25,eb35dcbb-047f-44b4-b169-4b1f1d4e4d35,7f351576-8781-40de-9ae4-89fca0d91299,Debit Order,53251.96,ZAR,1.0,Prime Capital Bank,1725036551,PCB Customer,PAY776908932,Settled,2021-12-25,0,0.0,None
1a310b27-bdc5-4f51-a70d-176f0520f91f,2021-07-31,2021-07-31,bc428984-6bef-46c3-8258-2670cab0f4d4,bbc545cd-98f8-4d5d-b0fd-2b979ca9b0a5,Internal,3082.31,ZAR,1.0,Prime Capital Bank,3078963393,PCB Customer,PAY792918598,Settled,2021-07-31,0,0.0,None
539567f2-60b7-4d3c-838b-17521923198e,2023-10-15,2023-10-15,7d9f3c81-8791-4444-9cdc-6cfd84a24e37,507712cb-eb47-4d91-a51a-8e691e8b8bd4,RTGS,6755469.42,ZAR,1.0,Prime Capital Bank,6703151155,PCB Customer,PAY994976230,Settled,2023-10-15,0,50.0,Fixed
717a801d-ec66-4a7e-a991-42786923ab0a,2015-10-19,2015-10-20,8c3df183-e48d-4079-ad3d-5e8ecb7fc3d0,6c785e0e-4dd9-4058-8da7-d3ccf4975177,EFT,102996.99,ZAR,1.0,Prime Capital Bank,7110305796,PCB Customer,PAY770676109,Settled,2015-10-20,1,0.0,None
39a03f22-d48b-49d1-8faf-729962f3b18c,2015-09-01,2015-09-02,2834ee8e-df6f-4ee5-a24e-c905e2d78f8d,586118d3-d28d-4d82-88b3-68df1e584593,Debit Order,124119.13,ZAR,1.0,Prime Capital Bank,8115657734,PCB Customer,PAY180596114,Settled,2015-09-02,1,314.34,Percentage
cf0edc00-934f-469b-a9db-53d78f79dd38,2022-05-05,2022-05-07,d246f4d6-f098-4fe7-a8c5-358bc9cd2dcb,797461f3-8d51-487e-a78d-bf138e38d20a,EFT,61257.76,ZAR,1.0,Prime Capital Bank,5163742778,PCB Customer,PAY489964680,Settled,2022-05-07,2,100.0,Fixed
d6cb8bd3-0f9e-4ed6-8d15-10ee79664f4b,2022-09-22,2022-09-22,dbc2240f-f34b-4440-b5f9-f1948c8ad4cd,EXTERNAL,EFT,198972.74,ZAR,1.0,FNB,2140065583,Zibuyile Khuba,PAY620043063,Settled,2022-09-22,0,0.0,None
f3f9648b-e26d-43ac-813d-33887aa0e2e4,2019-12-01,2019-12-01,5645f1bd-c1bc-408a-82b9-6dd8df48a4ea,cd0e5197-ffee-4c5c-98a5-8e378e49a22c,EFT,154229.41,ZAR,1.0,Prime Capital Bank,2315010880,PCB Customer,PAY694867831,Settled,2019-12-01,0,0.0,None
9ff37728-2e4e-48a8-9215-7896d4d19496,2024-05-22,2024-05-24,a5446eb4-b063-4725-99cb-776a5e628c8f,EXTERNAL,EFT,124952.89,GBP,22.3675,Standard Bank,4500690684,Mrs. Amahle Mbutho,PAY195814180,Settled,2024-05-24,2,391.57,Percentage
7e40b127-f922-4050-bff6-ec39246a02c2,2019-02-04,2019-02-04,aaf1a4bc-9695-46b1-9820-63a2c49cfbff,EXTERNAL,EFT,137591.05,ZAR,1.0,TymeBank,9263083200,Kimberley Macdonald,PAY623588098,Settled,2019-02-04,0,0.0,None
be245488-d34f-40e9-a136-4c40f6a7a68b,2022-05-17,2022-05-17,c8810654-19e3-4911-bb28-56873376b99d,54e7453d-5075-4b60-bfd5-2259f604822e,EFT,14267.56,ZAR,1.0,Prime Capital Bank,8657614485,PCB Customer,PAY644533821,Settled,2022-05-17,0,50.0,Fixed
3161c187-a80a-42cf-9d11-3ebaebce43d3,2018-10-02,2018-10-02,7fa830a4-4bbf-4890-b724-7beb73038ac3,969c93c2-8d3f-4e50-b798-bba98a267f2c,Internal,324724.92,ZAR,1.0,Prime Capital Bank,7138909412,PCB Customer,PAY905325794,Settled,2018-10-02,0,1083.37,Percentage
851269e2-eb64-4be3-84d8-22929bac4404,2022-02-20,2022-02-20,2b31972f-83be-4b9b-a2be-b6ceb5b85ec7,ec4f5235-c485-47ab-9100-a624cb729e72,EFT,97445.2,ZAR,1.0,Prime Capital Bank,1336205289,PCB Customer,PAY373442978,Settled,2022-02-20,0,349.39,Percentage
7fb3b72a-d568-4d81-8f30-8c1845d7760b,2023-08-25,2023-08-26,8baaf256-b6be-4573-adf1-6b8b3ea49380,EXTERNAL,EFT,165059.35,ZAR,1.0,Standard Bank,5061010113,Bhekizizwe Jobe,PAY634192110,Settled,2023-08-26,1,8.5,Fixed
b4bce217-6051-4ae8-85fd-c40274641c7b,2024-02-25,2024-02-25,23954309-3a57-467d-a753-fdfafe6dfe53,2e9fadba-1c18-4053-b20a-30f32b47e2c1,Internal,131605.48,ZAR,1.0,Prime Capital Bank,7763892579,PCB Customer,PAY630894006,Returned,2024-02-25,0,15.0,Fixed
2231db4d-882b-4a82-a9b3-0f183b6f326b,2015-01-07,2015-01-09,de4433ae-76ff-4e75-98be-668b6c98b75b,24f0f41c-da50-4f98-aac7-d7517824a6d1,Debit Order,53590.64,ZAR,1.0,Prime Capital Bank,2744207811,PCB Customer,PAY254185064,Settled,2015-01-09,2,200.63,Percentage
f3914b21-15ce-4201-9f54-90fbcaaaf9dc,2020-08-16,2020-08-16,fd244ae1-ddb8-4e67-a44f-41bc715d0f10,6cc530ab-4fc6-4709-8b76-d3fe16e6254a,Debit Order,146035.46,ZAR,1.0,Prime Capital Bank,1678311205,PCB Customer,PAY437836266,Settled,2020-08-16,0,471.85,Percentage
2edfa499-db6b-4e0f-8715-2f5043eefb89,2018-05-21,2018-05-21,2da72a17-96ff-44bc-a3e0-bb5ff6d8ba48,EXTERNAL,EFT,73916.76,ZAR,1.0,Capitec,3912571454,SimphiweyiNkosi Langa,PAY168933285,Failed,2018-05-21,0,130.54,Percentage
429b85d1-f389-4a05-b6a0-b85e993055e0,2021-07-21,2021-07-22,ebb70c34-bbbb-4bfb-a023-65aad460605a,EXTERNAL,EFT,117400.28,ZAR,1.0,TymeBank,3512492622,Steven Shaw,PAY816352794,Settled,2021-07-22,1,100.0,Fixed
33d7f5e6-f433-4c20-b820-51f5b0247b43,2022-06-08,2022-06-10,db2a1018-04fc-4b89-bded-9d908c281204,EXTERNAL,EFT,138587.06,ZAR,1.0,Absa,9096174194,Carole Butcher,PAY593645427,Settled,2022-06-10,2,100.0,Fixed
e9642d0b-0705-436e-b1ce-98ee9902b35b,2023-08-21,2023-08-23,7d892f2f-a0ca-4968-a82c-b4bad3abea2a,EXTERNAL,EFT,66500.56,ZAR,1.0,Discovery Bank,2690181110,Gugu Mnyandu-Xulu,PAY216121175,Settled,2023-08-23,2,114.19,Percentage
c73a5c53-4c15-469a-b279-39a472f896a3,2018-03-07,2018-03-09,f1924e97-3999-447b-bf45-ca8d228ac1ff,7ec8a48a-6ea7-462e-b4d3-2d9a8410a8a8,EFT,16001.36,ZAR,1.0,Prime Capital Bank,4236149857,PCB Customer,PAY169127126,Settled,2018-03-09,2,25.0,Fixed
f2db6a5f-ca6b-4980-aa62-9dd07c79f792,2021-01-19,2021-01-21,4e1bb47c-33e0-4919-8fbe-e23eea0e3802,EXTERNAL,EFT,199244.02,ZAR,1.0,Discovery Bank,9450817411,Mrs. Zenzile Nontuli,PAY320343822,Settled,2021-01-21,2,50.0,Fixed
7d26199b-3139-4d79-91bf-d4d16ce1f022,2021-09-05,2021-09-05,26e4bb6a-a73e-4882-a306-e04b0ccecc60,8e932787-d8c9-4238-b131-0d5b82a7d6f9,Internal,495071.77,ZAR,1.0,Prime Capital Bank,1270439110,PCB Customer,PAY835031197,Settled,2021-09-05,0,0.0,None
07abea34-c29e-4391-9c1e-359689344f35,2018-05-10,2018-05-12,f75c54cf-e16c-4fc0-b3ae-a93a591a7503,37552e04-c575-427d-bcf2-def68ccb1382,EFT,108231.3,ZAR,1.0,Prime Capital Bank,2490242444,PCB Customer,PAY753349551,Recalled,2018-05-12,2,274.98,Percentage
a07bdde5-da01-4653-9540-608469559bec,2018-07-25,2018-07-25,e82178cd-a4b0-4b70-a302-64ff8846651f,EXTERNAL,EFT,132097.75,ZAR,1.0,Standard Bank,4690265996,Mama Thalente Mjadu,PAY569171748,Settled,2018-07-25,0,496.82,Percentage
538a1e96-9b73-4cfc-b7a0-4bee1d96ec52,2024-06-17,2024-06-17,2e4141f9-28de-404a-b2f7-f98991831d6f,7e112f1c-54db-4546-98d4-4cd7283f5fbd,Internal,83627.77,GBP,23.9501,Prime Capital Bank,6667101676,PCB Customer,PAY547563215,Settled,2024-06-17,0,100.0,Fixed
6a85c7f9-98a3-4476-aaf8-a0b3c9b22527,2016-04-10,2016-04-10,f9df52b7-a106-4bca-a3d3-12346701ec5a,0640f206-34fe-4899-8189-fdfe3d42128b,RTGS,6592914.35,ZAR,1.0,Prime Capital Bank,4458561683,PCB Customer,PAY890956326,Settled,2016-04-10,0,14708.0,Percentage
7ebce158-d1a3-46a1-a9bd-50f834d8c184,2022-12-14,2022-12-16,7a7e88c0-1682-4c21-9535-6336e203894a,d246f4d6-f098-4fe7-a8c5-358bc9cd2dcb,EFT,121284.11,ZAR,1.0,Prime Capital Bank,6959388322,PCB Customer,PAY840481595,Failed,2022-12-16,2,409.22,Percentage
ba76f4d1-b912-45bf-a87e-840eceb526a8,2018-05-28,2018-05-29,68c20143-35ad-4d40-a164-f960510cad5b,6c10029b-f59e-4a46-b6ee-bb19658e7fee,SWIFT,2366454.07,ZAR,1.0,Prime Capital Bank,4104292484,PCB Customer,PAY814179481,Settled,2018-05-29,1,100.0,Fixed
51220ee3-9034-4f22-b9ca-cd681b0f0bbc,2015-09-29,2015-09-29,27694b18-1d7b-484c-9e6b-3ffc544ddc4a,7a331419-a7d8-497b-9000-2514c1673322,RTGS,979828.98,ZAR,1.0,Prime Capital Bank,9109095656,PCB Customer,PAY490588636,Failed,2015-09-29,0,4595.06,Percentage
1c8e68ca-81cd-4d81-bdcd-ce925ea18cea,2018-02-06,2018-02-06,7543659d-ff20-499d-94ab-a1bab1a97865,221023b3-1fcd-405b-89ac-168e88f7e5c3,Internal,208475.13,ZAR,1.0,Prime Capital Bank,6565483577,PCB Customer,PAY489815315,Settled,2018-02-06,0,0.0,None
e260603b-00c7-4708-b3af-634f7c223ba5,2024-06-04,2024-06-04,d0e49c18-23de-4bf7-8451-690bc424bb8f,502acaed-89ca-45fa-845d-4c5e3b6db22f,EFT,750.69,ZAR,1.0,Prime Capital Bank,2472441814,PCB Customer,PAY813510780,Settled,2024-06-04,0,0.8,Percentage
7abcb18f-618e-4cc1-91d1-0c71ff9b56dc,2018-02-08,2018-02-09,632749a2-8633-4106-a999-17d87b55fe91,96704af9-a65d-4adc-8ecc-8c63123cd16a,EFT,107199.37,ZAR,1.0,Prime Capital Bank,4590487682,PCB Customer,PAY460382796,Settled,2018-02-09,1,100.0,Fixed
d9115f27-79db-4aff-ad4e-9d1e023850bd,2020-11-02,2020-11-04,2583e6da-120c-4f44-b207-cddcefd71985,cc469b13-8379-4d18-a895-5d30c4cdda15,EFT,107797.62,ZAR,1.0,Prime Capital Bank,7398322497,PCB Customer,PAY254421922,Settled,2020-11-04,2,15.0,Fixed
4d086292-9e7e-49ef-86a2-a468f64519c2,2023-08-13,2023-08-14,de3d94b3-d07a-41ad-bc0b-ad81608e4cd4,EXTERNAL,EFT,79489.33,ZAR,1.0,Discovery Bank,6971343148,Mthokozisi Mngomezulu,PAY134054392,Returned,2023-08-14,1,8.5,Fixed
a941b3e8-cc4e-4da3-9924-9fcdc6f157fc,2018-11-10,2018-11-10,2799279c-b182-4474-a958-6a4d2bf44032,ce49851a-4072-4c07-83f7-5e1c6716d9f2,Internal,338463.02,ZAR,1.0,Prime Capital Bank,3999022861,PCB Customer,PAY794860390,Settled,2018-11-10,0,100.0,Fixed
fdb52c11-346a-4dc5-9489-ca591c387db3,2019-01-12,2019-01-12,3334a619-e719-4cbe-8bf4-c8c04a7fb1bf,920f40d1-f7a7-466f-aa09-4666c67e8967,EFT,124693.12,ZAR,1.0,Prime Capital Bank,9446593289,PCB Customer,PAY484427652,Settled,2019-01-12,0,431.46,Percentage
36b9acf1-2098-4588-aa9d-d6405d83d6bb,2024-08-23,2024-08-23,0ef35e1e-c705-4ad2-8967-d421db2c0b0f,455e0b09-8028-4b87-ba72-7e983ea95547,RTGS,9902945.28,ZAR,1.0,Prime Capital Bank,1937098678,PCB Customer,PAY605008758,Settled,2024-08-23,0,45102.39,Percentage
0e153f08-71d2-4cbc-abef-9f3e1cf8a057,2024-11-13,2024-11-13,85887b65-022d-4709-b108-468fccf5ec4b,8ccd275f-1951-43c8-b233-d2aa43f2c9b6,RTGS,7656470.84,ZAR,1.0,Prime Capital Bank,1972208035,PCB Customer,PAY915171940,Settled,2024-11-13,0,33576.48,Percentage
d035bb12-1f0f-4638-a569-e044bf76255d,2019-03-19,2019-03-21,2cf97d3a-8a1b-4ea3-839a-ea3caac7e79f,d804a65d-0427-41ad-882b-3ff9a511629a,Debit Order,154895.53,ZAR,1.0,Prime Capital Bank,9678690201,PCB Customer,PAY529312617,Failed,2019-03-21,2,0.0,None
4209d9fa-bf61-42b6-8a46-4ccb2d2f7b2e,2024-07-29,2024-07-29,2d986405-85b9-4147-8f7e-6645e694e3a5,9cb99a1a-7eb3-4b5a-adc9-65bdbd171512,EFT,101183.43,EUR,19.5643,Prime Capital Bank,9603940861,PCB Customer,PAY141232053,Settled,2024-07-29,0,0.0,None
4b60ede9-45b5-4857-9a25-61bb580c5f43,2024-07-13,2024-07-15,2cdff475-022e-446d-bbe1-18ed4bbbd7c3,EXTERNAL,EFT,75218.49,ZAR,1.0,Capitec,1915625866,Dr Declan Rogers,PAY695153945,Settled,2024-07-15,2,0.0,None
9fa7238c-4fa2-4f7e-9d40-468558e221b9,2020-12-27,2020-12-27,34636d58-c70b-44c6-99b4-7382c4dfcc67,d90bfdcb-09fd-42c5-ba89-04f25751cdbc,Internal,204248.51,ZAR,1.0,Prime Capital Bank,3747834523,PCB Customer,PAY113748558,Settled,2020-12-27,0,25.0,Fixed
849c0ac4-06f9-4a7d-8082-11c0a4610e24,2021-12-15,2021-12-17,23daee00-7b68-4552-84d5-fde347167f98,EXTERNAL,EFT,33353.54,ZAR,1.0,Absa,4672758974,Thando Andile,PAY156716379,Settled,2021-12-17,2,0.0,None
1fc21ce6-dc61-4999-9dcb-a284bf599681,2021-01-23,2021-01-23,7c616c86-7831-4814-8e9f-75c2b595ab4c,957a774e-455a-4a1a-9559-b2a6483042ce,Payroll,44536.85,ZAR,1.0,Prime Capital Bank,8973327211,PCB Customer,PAY156529283,Settled,2021-01-23,0,100.0,Fixed
28320e19-3d0f-4ec5-8837-cd5513c3c8ee,2021-02-06,2021-02-07,5baa9667-1a85-4638-a83d-c1d29b7b700b,207bbcb1-ef7d-4f7c-a59d-22d3b54b2a81,Debit Order,99983.97,ZAR,1.0,Prime Capital Bank,9334437368,PCB Customer,PAY251918706,Settled,2021-02-07,1,276.81,Percentage
f88d0ce7-2d15-4e6f-9077-73b7b2dc1775,2024-06-03,2024-06-04,2b31972f-83be-4b9b-a2be-b6ceb5b85ec7,25c73836-cca0-4494-b417-b0606da94f03,Debit Order,143991.53,ZAR,1.0,Prime Capital Bank,4578515141,PCB Customer,PAY665335189,Settled,2024-06-04,1,0.0,None
9804cf55-12f3-499e-a9ee-84afd701d772,2015-01-16,2015-01-16,335c4310-49ba-49af-9d37-79e9b5358046,43df7783-cc8a-40ac-a068-1df4325a4289,EFT,6462.22,ZAR,1.0,Prime Capital Bank,2928325698,PCB Customer,PAY939735367,Pending,2015-01-16,0,0.0,None
5e4ae8c5-4f19-4cf1-bcd3-2cc1335b51ab,2015-07-03,2015-07-03,86af446f-6a2f-40d2-863b-0c9d540da22a,EXTERNAL,EFT,98598.94,ZAR,1.0,Standard Bank,3292333609,Miss Hayley Collins,PAY625688832,Settled,2015-07-03,0,15.0,Fixed
8353f9e8-5659-432e-ac4c-03db55f27071,2023-10-20,2023-10-20,86bd2850-49bb-4cbb-953c-335aef36ef5c,8ac6c33c-8fcc-4782-b3cd-76ce394372e9,Payroll,83831.25,ZAR,1.0,Prime Capital Bank,1888616429,PCB Customer,PAY338754719,Settled,2023-10-20,0,296.86,Percentage
1f921ba2-0330-454f-af94-96ac037c406a,2023-07-28,2023-07-28,21c82d2b-0e15-4d2b-a5fb-0decff95e559,3e1f00b0-580e-4765-9b00-8aa4a93425e3,RTGS,9993548.59,ZAR,1.0,Prime Capital Bank,4150649376,PCB Customer,PAY406072707,Failed,2023-07-28,0,0.0,None
7aacf3b2-a3d3-4aa5-b3c2-0bbd60edd046,2021-09-09,2021-09-10,e07ce578-e9e7-42a9-a66b-a181b0597c59,46b453d1-ac1b-4ad9-ac8c-c5b29f3d414e,EFT,92588.26,ZAR,1.0,Prime Capital Bank,1651768832,PCB Customer,PAY370093518,Settled,2021-09-10,1,0.0,None
7536a274-8265-4929-8bed-f2208d84c95e,2021-08-25,2021-08-25,2a6f29ca-3f12-4fb0-87b9-f7a45a129e2d,560d12ab-4df4-40b7-9d85-6dc838f019cf,Debit Order,155096.18,ZAR,1.0,Prime Capital Bank,7884394756,PCB Customer,PAY985512684,Settled,2021-08-25,0,15.0,Fixed
2428b460-bc21-4f6c-b77d-c9f74c8bcc8a,2023-04-11,2023-04-13,d68580d2-e8fd-4e67-b022-18ba09b806a5,fd6e98fd-f49b-4d2a-a573-7915f5cf9c3a,SWIFT,2730120.1,ZAR,1.0,Prime Capital Bank,9506273832,PCB Customer,PAY615432936,Settled,2023-04-13,2,15.0,Fixed
5f6b3559-3f12-440c-9b6a-c4a996bdef7e,2019-05-27,2019-05-27,54f775d9-ca8e-4d5d-b540-2a0d9426a7bc,eb042d8b-202c-4f4a-8cd5-9b69300eaaad,EFT,140748.7,ZAR,1.0,Prime Capital Bank,2750281774,PCB Customer,PAY661711273,Settled,2019-05-27,0,614.39,Percentage
104df7f7-9756-421a-b300-0aa32d163ffa,2015-06-30,2015-06-30,964bfc4b-1a99-4b2e-8fa6-a3993ae21d22,95bc4fe4-bda4-4a25-87b2-929733da5176,Internal,407189.0,ZAR,1.0,Prime Capital Bank,4399682817,PCB Customer,PAY312682229,Settled,2015-06-30,0,100.0,Fixed
efea1a75-9783-4605-88d5-1edfe913ad91,2017-07-15,2017-07-16,57f1672c-b75e-41f5-ab72-98489cdce630,EXTERNAL,EFT,29321.83,ZAR,1.0,TymeBank,1420560965,Dumisile Mnyoni,PAY249002534,Settled,2017-07-16,1,0.0,None
6cf770f7-8302-4ad2-9940-6e3afe4af045,2015-04-06,2015-04-07,9256097f-e79d-44ea-bb2a-3a9ca9521a1a,ea34d363-9e19-4716-b4ed-637fc112975f,EFT,184251.43,EUR,19.1381,Prime Capital Bank,2150111350,PCB Customer,PAY789320200,Pending,2015-04-07,1,0.0,None
98f40378-79cb-4f3f-8eaa-5fc77b6c3e1f,2019-09-29,2019-09-29,6f0f02ce-5e6e-4a2e-98a1-40f63e4d301d,4330ca02-a9ae-413b-8eda-16e1316baf0e,Internal,28395.64,ZAR,1.0,Prime Capital Bank,5646804897,PCB Customer,PAY706267569,Settled,2019-09-29,0,33.01,Percentage
536fc0fe-fad3-4b47-b030-7cc2c7eb260c,2015-06-17,2015-06-17,565958dc-8f13-437c-a130-b874a0b9f288,9e7503f2-fdfe-4782-8633-0a0c8bd927ac,Payroll,63460.58,ZAR,1.0,Prime Capital Bank,7372911048,PCB Customer,PAY192080757,Settled,2015-06-17,0,204.12,Percentage
e6dac18c-562b-4547-9a0e-4442f61c7a38,2023-11-14,2023-11-15,21bb019f-4276-4e37-aa53-e821fb9afb1b,868e4222-f8da-41bd-adf8-7993d06f9976,EFT,193227.34,ZAR,1.0,Prime Capital Bank,3822966125,PCB Customer,PAY726477658,Settled,2023-11-15,1,0.0,None
ac126560-958c-4a7c-876d-090b3e933362,2021-04-26,2021-04-28,f9df52b7-a106-4bca-a3d3-12346701ec5a,EXTERNAL,EFT,7293.93,ZAR,1.0,Standard Bank,2444920828,Leah Hall-Holland,PAY507866772,Settled,2021-04-28,2,25.0,Fixed
3c0a63f1-dab6-4e27-9708-f353d6c4938d,2017-05-01,2017-05-01,3e1f00b0-580e-4765-9b00-8aa4a93425e3,EXTERNAL,EFT,162105.17,ZAR,1.0,Nedbank,2934973222,Maria Fisher-Spencer,PAY308003780,Returned,2017-05-01,0,585.5,Percentage
c2c77246-f8aa-4476-ab50-1bc675b43e59,2019-11-15,2019-11-15,920f40d1-f7a7-466f-aa09-4666c67e8967,EXTERNAL,EFT,30421.46,ZAR,1.0,Capitec,5713410645,Nomvula Mathenjwa,PAY640682323,Settled,2019-11-15,0,0.0,None
4df32fb4-43eb-4a36-9830-a63df15fba37,2016-11-24,2016-11-26,95c6871b-b8c7-481f-ad06-430a682fc0f1,EXTERNAL,EFT,4323.92,ZAR,1.0,Investec,9352049934,Nomvula Sibisi-Khonjwayo,PAY229092063,Settled,2016-11-26,2,18.79,Percentage
e74fd136-cac3-4426-9e91-555b503b9727,2018-10-18,2018-10-18,7f7e887e-9d2a-474e-8a15-668d5671f0e0,14981fa2-d564-4ae0-be49-3427f6d84ee2,Debit Order,19420.74,USD,17.995,Prime Capital Bank,5847023874,PCB Customer,PAY453672611,Settled,2018-10-18,0,0.0,None
09f0cc52-4ce8-4832-94a7-70b760673b04,2023-06-29,2023-06-30,ccd79d3a-1fc3-4f49-b86c-a168b07a696d,eb488e77-92b6-4933-ba76-67a314f849d7,EFT,192816.99,ZAR,1.0,Prime Capital Bank,9366141694,PCB Customer,PAY306754728,Settled,2023-06-30,1,0.0,None
2e16d121-8bba-455c-88ad-90b7ab99d670,2015-08-18,2015-08-18,115e5aa2-f071-44c7-a7de-ae5fe011f45b,EXTERNAL,EFT,144394.88,ZAR,1.0,Nedbank,4989887401,Gugulethu Mathaba-Gatsheni,PAY496837417,Settled,2015-08-18,0,0.0,None
c44e7c71-f3e0-41ef-969f-7b95a453f1e4,2021-07-12,2021-07-12,135f4e0f-cb3f-4295-8974-d59248f94e56,c41b8e6a-b838-48cf-a508-b873bc276326,Internal,23459.76,ZAR,1.0,Prime Capital Bank,5800364300,PCB Customer,PAY191394573,Failed,2021-07-12,0,0.0,None
7449d0b9-6a85-4182-82e6-7ec511153024,2018-05-21,2018-05-24,49a4ef64-f1a6-4d64-8303-58bf337740b0,360899bc-1832-4b0e-92de-6c28b95b78aa,SWIFT,3302626.64,ZAR,1.0,Prime Capital Bank,5536156926,PCB Customer,PAY605815677,Settled,2018-05-24,3,50.0,Fixed
c33e4055-1fc6-47e8-820b-dd21c6003458,2017-08-07,2017-08-07,a08f3191-278d-4ef1-871b-ced454140f45,d3cc08a9-0c9d-4fb3-8533-2e30d1d28b8c,Internal,268965.0,ZAR,1.0,Prime Capital Bank,1976165691,PCB Customer,PAY457186380,Settled,2017-08-07,0,50.0,Fixed
6e934bda-d46a-4628-9319-76ce22923ea6,2019-10-22,2019-10-22,f1f96a19-a43f-4e51-93a9-806ab4b3ea30,f91111ca-b0ff-4902-90fd-4db174a8859f,EFT,186290.82,ZAR,1.0,Prime Capital Bank,9753963389,PCB Customer,PAY938601340,Settled,2019-10-22,0,8.5,Fixed
9fbf186b-692f-4601-a45f-4034045e0534,2017-03-26,2017-03-27,0af9a7ed-0b0f-4c2c-83dd-6463e5dc9a73,f3525888-c0d2-45cd-91bf-462a78abaf5c,EFT,50404.66,ZAR,1.0,Prime Capital Bank,8541623304,PCB Customer,PAY409273249,Returned,2017-03-27,1,167.89,Percentage
c505bf0d-50f3-456e-a92b-ad05df984661,2022-07-21,2022-07-23,565064af-88f7-4c4f-ba0f-87fd4c935fb7,dc86b1dd-d29f-41f1-96b8-f5a9ed48378d,EFT,57509.11,ZAR,1.0,Prime Capital Bank,5482774002,PCB Customer,PAY857475474,Settled,2022-07-23,2,110.29,Percentage
a01838e8-371e-4166-b174-9106efa6950b,2015-07-05,2015-07-05,5baa2a90-2b0c-4b2d-b7e9-892435fc95eb,94cd164d-83b3-4c64-8482-8b5bd1ad6a7b,Internal,162800.41,ZAR,1.0,Prime Capital Bank,9010007584,PCB Customer,PAY666586253,Settled,2015-07-05,0,286.89,Percentage
69aa87e2-5d0a-4597-b791-cb34c302e182,2016-11-07,2016-11-08,37ee2fc0-92b0-48d6-bc94-afa2c3d86d65,273123c1-a7b1-48b0-9770-6f81391139ec,Debit Order,191385.85,ZAR,1.0,Prime Capital Bank,8729545019,PCB Customer,PAY900625430,Settled,2016-11-08,1,357.43,Percentage
53b5112c-8890-45aa-a149-d2e30b3f7bb6,2019-10-09,2019-10-11,11a1f9a7-0d47-43ab-997f-085ed6f2262e,dc6bbf72-474b-45ab-bdc1-79ee8b835f2b,EFT,60961.33,ZAR,1.0,Prime Capital Bank,3267798565,PCB Customer,PAY472981930,Recalled,2019-10-11,2,0.0,None
a5d88403-2320-4a99-99e6-5bd62002c3da,2017-07-15,2017-07-16,88fcd419-afb8-498a-8393-2030dc1539b7,cdaec3c8-a553-4168-8956-d80c9a9098b4,Debit Order,168544.77,ZAR,1.0,Prime Capital Bank,7018648122,PCB Customer,PAY117041729,Settled,2017-07-16,1,0.0,None
ed37064d-5b5a-4876-b547-832181ee6543,2023-11-23,2023-11-25,0cd482d5-2ae8-4a56-8ef9-001db416f1b2,37ee2fc0-92b0-48d6-bc94-afa2c3d86d65,Debit Order,117741.85,ZAR,1.0,Prime Capital Bank,6874999188,PCB Customer,PAY798084629,Returned,2023-11-25,2,431.51,Percentage
0192a6aa-c18f-4c03-90c8-4c83c0492878,2016-12-07,2016-12-08,5d927ea6-081d-41ef-9bbb-a4551deedcb3,EXTERNAL,EFT,72893.53,ZAR,1.0,Absa,4064483832,Amahle Magoza,PAY391291654,Settled,2016-12-08,1,0.0,None
aae44f47-3aa0-4f10-8a8d-ed4612366847,2024-09-01,2024-09-02,d0f74bed-9d4b-4b9e-9c0b-e0f32e84d161,EXTERNAL,EFT,189064.37,ZAR,1.0,Nedbank,2545137989,Bhuti Thabani Mkhungo,PAY539775823,Settled,2024-09-02,1,431.15,Percentage
7ba9d739-79b9-40c2-9be6-6d83442cbcde,2024-04-05,2024-04-05,825860d2-adf1-4ec3-a029-00f119e5666b,23daee00-7b68-4552-84d5-fde347167f98,RTGS,9272417.77,ZAR,1.0,Prime Capital Bank,5389420705,PCB Customer,PAY444633292,Settled,2024-04-05,0,15.0,Fixed
129dac8d-4c1c-40f9-87d3-49f1a054e6d5,2020-08-06,2020-08-06,c436f75a-0eb3-4f68-b851-1f2bc26875d2,0ad088f4-6826-4835-bf78-d2efdc7cda99,Internal,198487.44,ZAR,1.0,Prime Capital Bank,8235784019,PCB Customer,PAY559503864,Settled,2020-08-06,0,347.69,Percentage
b1c87db1-4fe3-44af-9e8c-a6ad64139ba5,2020-03-16,2020-03-16,0b6199d7-8aaa-4929-9ffb-e40d858bca96,f80b639f-27c3-427b-8427-902265f93d19,Payroll,23186.82,ZAR,1.0,Prime Capital Bank,1965492476,PCB Customer,PAY672696359,Settled,2020-03-16,0,0.0,None
fc9dc6e4-d351-4b76-84f5-f280e32a8362,2019-05-01,2019-05-01,80491363-8aee-42ab-916f-73478966e7df,c0d98d75-ec08-4f3b-a495-51327dbee602,Payroll,71973.65,ZAR,1.0,Prime Capital Bank,9206469995,PCB Customer,PAY869351357,Settled,2019-05-01,0,102.4,Percentage
871f0055-24d5-453d-988e-17cc2cc5d7fa,2017-01-28,2017-01-28,115e5aa2-f071-44c7-a7de-ae5fe011f45b,b72ee11d-e354-41c3-a7bd-06b853adbd21,RTGS,7250074.01,ZAR,1.0,Prime Capital Bank,4047013205,PCB Customer,PAY801008706,Settled,2017-01-28,0,100.0,Fixed
b259f35d-048f-45bb-937d-ea3a455ccdc5,2016-12-12,2016-12-13,7a189eed-6081-4093-9156-70b155d701da,EXTERNAL,EFT,97734.12,ZAR,1.0,Standard Bank,8379552820,Alison Blake,PAY828426784,Failed,2016-12-13,1,50.0,Fixed
aef2f88e-9975-43b9-b7d3-6573c7142842,2017-05-28,2017-05-28,53dc8452-c661-4682-aef8-7805a07b1d49,199fc55c-040a-4422-82b2-ea48bcd49d87,Debit Order,29705.65,ZAR,1.0,Prime Capital Bank,8041146085,PCB Customer,PAY781806485,Pending,2017-05-28,0,100.0,Fixed
28cbeff7-3793-40b5-8898-1fc1c7f7d55c,2024-02-13,2024-02-15,2b856080-7195-4ecf-8ee8-a8dc8fa247f5,f101bd32-0b81-4594-83c7-f3358f8201b2,EFT,105848.65,USD,18.9665,Prime Capital Bank,6501555716,PCB Customer,PAY921086713,Settled,2024-02-15,2,0.0,None
bd1ba2ad-29f5-485c-b5d0-3122c77be36c,2018-03-01,2018-03-02,7e26de31-fe6a-469d-a98b-cae8447fd088,28557b72-bf6c-4a63-8a60-d0e3a9d17ce5,EFT,174452.21,ZAR,1.0,Prime Capital Bank,9835629399,PCB Customer,PAY848795529,Settled,2018-03-02,1,483.11,Percentage
c97e3884-967c-44af-b04d-85ef76c406ff,2016-02-27,2016-02-27,70e02ce0-572b-43d4-a07e-77f97947ec20,8da7433c-c033-440c-9992-830d55a809bc,Debit Order,148590.04,ZAR,1.0,Prime Capital Bank,4320477479,PCB Customer,PAY181771379,Settled,2016-02-27,0,510.08,Percentage
31c7982d-7dbf-4f1a-97c0-26173edb2378,2021-09-11,2021-09-11,184dd988-5dfd-4605-8d44-5ce0e4a3622c,de4433ae-76ff-4e75-98be-668b6c98b75b,EFT,188100.58,ZAR,1.0,Prime Capital Bank,9720711916,PCB Customer,PAY483072236,Settled,2021-09-11,0,25.0,Fixed
a120f1e9-7502-4bab-9bab-b861240fa9ff,2019-07-06,2019-07-06,d0ae8a4d-0de1-43bb-8147-cfe82c9e4a9a,f84582bd-160f-41e9-8e4c-01cea251f754,Payroll,34237.38,ZAR,1.0,Prime Capital Bank,5945877165,PCB Customer,PAY621271850,Pending,2019-07-06,0,0.0,None
444db4c2-f6aa-4076-b71b-a3b0d7d80188,2019-11-17,2019-11-17,6b5beec5-7655-45d5-9fc4-e94ed71d1c64,a13fc3fe-c8ab-4091-9873-20d59416ac63,Payroll,59503.92,ZAR,1.0,Prime Capital Bank,7584026064,PCB Customer,PAY206571480,Settled,2019-11-17,0,0.0,None
4a1229f1-0c95-4593-9581-90e85626731b,2015-08-08,2015-08-10,31bfa942-b97b-45e8-b0c6-f61c8408a718,8ecbc864-fae7-4886-ac0e-9c1596769e09,EFT,89801.08,ZAR,1.0,Prime Capital Bank,4232985402,PCB Customer,PAY533625230,Pending,2015-08-10,2,15.0,Fixed
044bacec-1cec-4ef1-8f23-81e1ebfdb849,2018-12-08,2018-12-08,bc428984-6bef-46c3-8258-2670cab0f4d4,961b532d-fc22-4f06-a940-72b2d82ff9c3,RTGS,4427106.24,ZAR,1.0,Prime Capital Bank,5420716110,PCB Customer,PAY337042455,Settled,2018-12-08,0,25.0,Fixed
f460c275-be0e-4d80-b677-d26e23636dff,2019-05-26,2019-05-27,7ec8a48a-6ea7-462e-b4d3-2d9a8410a8a8,5461ca2f-1892-4371-b2a2-7c455e990452,EFT,77905.68,ZAR,1.0,Prime Capital Bank,7217991282,PCB Customer,PAY971958053,Settled,2019-05-27,1,8.5,Fixed
438e1395-c104-4d1a-bf5c-3c9adb8cb5fb,2019-11-21,2019-11-21,46b453d1-ac1b-4ad9-ac8c-c5b29f3d414e,e592416c-5d08-4f6a-9df1-428896bafe47,Internal,58933.82,USD,19.1089,Prime Capital Bank,5838906966,PCB Customer,PAY292070222,Settled,2019-11-21,0,50.0,Fixed
245f7178-1880-4c56-bdf8-c8bbf7f8a886,2019-05-07,2019-05-07,fb96ea6f-09b4-47cd-9bb6-cb0b9ba39026,bf1b90a8-c752-4312-8b2c-867c97a781ba,Internal,437195.92,USD,18.8198,Prime Capital Bank,4704874863,PCB Customer,PAY345327576,Returned,2019-05-07,0,1335.42,Percentage
17333db0-ed90-4785-bcc7-18ffc0ca09d5,2022-05-04,2022-05-05,8c3df183-e48d-4079-ad3d-5e8ecb7fc3d0,76baf578-8ae0-4531-9bb3-35ac331c3912,Debit Order,185552.05,USD,19.2667,Prime Capital Bank,7725506600,PCB Customer,PAY892464243,Settled,2022-05-05,1,840.92,Percentage
07a9d826-d291-4984-9fb2-00ef2884b86c,2024-01-18,2024-01-18,24aa01ba-7ef5-41ed-a6c8-d2f6607f7334,5393aafc-2c05-4b53-b79b-623bf8c4ba85,RTGS,3806314.72,ZAR,1.0,Prime Capital Bank,8712746762,PCB Customer,PAY518511951,Settled,2024-01-18,0,14741.75,Percentage
43a2241b-fecd-46f1-8d91-a70b877e22c7,2021-01-10,2021-01-10,e359b684-d8d2-45f3-a239-ad1fb5e4b423,1f72bdb8-d0ca-4f36-a260-74b844a23389,Debit Order,96179.85,ZAR,1.0,Prime Capital Bank,8237685438,PCB Customer,PAY170062275,Settled,2021-01-10,0,272.43,Percentage
08b782db-7825-457f-8e27-50346dcd56ae,2023-05-20,2023-05-21,d0703f57-9562-4eed-97a0-69df597c2c77,EXTERNAL,EFT,62020.07,ZAR,1.0,Investec,1733084361,Nkosazana Nomcebo Khanyeza,PAY733110361,Settled,2023-05-21,1,0.0,None
0813ece5-99ed-4f7f-bd06-988374fcdf7c,2023-10-23,2023-10-23,49f99181-0036-4d7b-887d-e368addc6ca5,80b1eed0-4a7f-4627-8153-3e885365ffe7,Internal,454364.85,ZAR,1.0,Prime Capital Bank,1162117256,PCB Customer,PAY328119542,Settled,2023-10-23,0,25.0,Fixed
624a8587-4856-4cd6-bd02-52f75dded36f,2017-12-02,2017-12-03,c8e70fec-2e9c-4c42-9900-ec9771b1633f,41a78a7c-9cb7-4be1-8e57-fff2c096a4bd,EFT,53719.06,USD,17.613,Prime Capital Bank,9424695859,PCB Customer,PAY221957315,Settled,2017-12-03,1,100.0,Fixed
64f8dfda-2d03-4ba7-a89b-b21db1db9d34,2022-11-26,2022-11-27,a49c384e-da32-4969-af2d-5baec6e31ba4,EXTERNAL,SWIFT,2773784.92,ZAR,1.0,Nedbank,2475092775,Miss Gugulethu Phuthini,PAY133925594,Settled,2022-11-27,1,13075.19,Percentage
2ca86574-a7a2-4001-9a31-637483889ec5,2019-10-01,2019-10-01,40c56482-2285-47fa-8229-53334c50c1c0,0ad088f4-6826-4835-bf78-d2efdc7cda99,Internal,156877.42,ZAR,1.0,Prime Capital Bank,8235784019,PCB Customer,PAY645637467,Settled,2019-10-01,0,0.0,None
81253119-f20a-47b0-b056-9067e15ab1bf,2024-07-20,2024-07-20,7ec8a48a-6ea7-462e-b4d3-2d9a8410a8a8,1afc9451-6452-4115-9d68-b11913ccb6dd,Debit Order,177178.21,ZAR,1.0,Prime Capital Bank,5853540975,PCB Customer,PAY118300530,Settled,2024-07-20,0,604.89,Percentage
a99aabee-bdef-49e1-86ba-9271d9d54a3f,2020-05-07,2020-05-07,0ef35e1e-c705-4ad2-8967-d421db2c0b0f,76157559-a6f1-4e64-8b2d-039343127a12,Payroll,56095.64,ZAR,1.0,Prime Capital Bank,4694006517,PCB Customer,PAY770469508,Settled,2020-05-07,0,187.36,Percentage
dc3834f5-32dd-4fbb-b048-6f4d169b2645,2019-03-17,2019-03-17,199fc55c-040a-4422-82b2-ea48bcd49d87,95738339-4873-4489-85c5-aee2c56e64f5,Debit Order,119550.39,ZAR,1.0,Prime Capital Bank,5450139836,PCB Customer,PAY786010464,Failed,2019-03-17,0,234.04,Percentage
5ed977ee-4dce-4e7c-81fb-632063721dea,2023-12-27,2023-12-29,cd32dfb4-ec0e-4834-ac80-7e0c93f762b6,ce49851a-4072-4c07-83f7-5e1c6716d9f2,EFT,29965.1,ZAR,1.0,Prime Capital Bank,3999022861,PCB Customer,PAY233767637,Settled,2023-12-29,2,57.79,Percentage
b98859f8-62d9-433a-b444-fcfbf5f8c7b1,2021-01-24,2021-01-24,7b524cd7-2432-4c59-a2e2-9cc6b83cb7fb,333c3d0c-886f-4060-94d2-b538a4ddc37c,RTGS,8894559.6,ZAR,1.0,Prime Capital Bank,6714376755,PCB Customer,PAY904057268,Settled,2021-01-24,0,0.0,None
9a8e1f93-25cd-4df4-ad90-e870dfc0267d,2016-06-26,2016-06-27,bf8cac5f-dc55-4b58-9a74-a337e8826ca8,0d64ba32-6289-489d-a8d4-5506c928b2db,Debit Order,88499.5,ZAR,1.0,Prime Capital Bank,3861765594,PCB Customer,PAY313832928,Settled,2016-06-27,1,229.46,Percentage
ba989c94-997c-4d5e-aa94-27459c5e6c87,2016-01-23,2016-01-25,ffcd892e-92d2-4ea7-8f34-ebd9e0b85f23,EXTERNAL,EFT,198501.19,ZAR,1.0,Capitec,6967252313,Nozizwe Ngazitha,PAY436690391,Pending,2016-01-25,2,819.75,Percentage
b5b20593-f4d3-4383-a493-d2d4a69c1641,2018-11-16,2018-11-17,3debbc44-e561-493e-81ec-1d278ef2491b,6967fec3-4614-47b6-8a5b-c5f3ba59d6d7,EFT,131161.96,ZAR,1.0,Prime Capital Bank,3194476063,PCB Customer,PAY743025295,Settled,2018-11-17,1,0.0,None
0bec2105-eb5f-4a06-bb08-8fcd11cb7187,2020-07-25,2020-07-28,46c2a66e-1fbc-4515-8b68-46d80b2873eb,EXTERNAL,SWIFT,4257758.11,ZAR,1.0,Investec,2017825047,Siphesihle Mpangazitha,PAY614414500,Settled,2020-07-28,3,9752.37,Percentage
c7e9dbd9-4c49-4a58-bee4-3244bdddb559,2017-12-16,2017-12-16,ca249104-4b9d-4bd5-9090-d1efb99e24e6,2d2c49ca-9e07-49c8-806d-d2e1541aaf65,EFT,5732.07,ZAR,1.0,Prime Capital Bank,7561341196,PCB Customer,PAY649436060,Settled,2017-12-16,0,25.0,Fixed
639022f3-af7a-46cc-bf99-942e0725ab85,2017-02-20,2017-02-20,aa25707a-bd2b-4b3d-83f0-a5592a62597a,78b8f910-834a-45f3-9cde-a9af5b39c3c7,RTGS,2177461.99,ZAR,1.0,Prime Capital Bank,2348986811,PCB Customer,PAY456007026,Settled,2017-02-20,0,5676.28,Percentage
be3b11c1-98eb-452d-ae10-351c5f387d02,2024-01-29,2024-01-29,f79373e0-e98c-4790-ab57-b1db483cb2cc,e82178cd-a4b0-4b70-a302-64ff8846651f,Internal,256029.89,USD,18.382,Prime Capital Bank,4726205255,PCB Customer,PAY209148807,Settled,2024-01-29,0,0.0,None
4b6a442c-14ce-44ac-8ec0-7de36cf237ee,2016-02-17,2016-02-19,f19a11f8-7ad7-46ba-8832-d59a8ee71980,4d81ed0c-eb07-4b75-82da-a7d853f1266e,EFT,171627.65,ZAR,1.0,Prime Capital Bank,1812627108,PCB Customer,PAY640871831,Settled,2016-02-19,2,257.7,Percentage
a7f128e6-a6af-491a-9fa9-541310d6dfdd,2021-05-29,2021-05-29,60c3e059-cf98-494a-9166-875b8ad8ccfb,6a6b8624-1c6e-485c-a3d8-8c48adab1e97,Debit Order,97391.05,ZAR,1.0,Prime Capital Bank,4862608104,PCB Customer,PAY611914132,Settled,2021-05-29,0,25.0,Fixed
a12afd4f-4775-482f-87a4-bda1c6cd5851,2023-03-13,2023-03-15,cf90987a-b020-4699-bba1-7fed6d270a69,0652b4bd-9069-4a36-a4aa-427475522de4,EFT,103282.03,ZAR,1.0,Prime Capital Bank,6140937846,PCB Customer,PAY914149414,Settled,2023-03-15,2,167.0,Percentage
f48364f1-4dcd-455f-84d1-80b1cb49ad37,2016-10-23,2016-10-24,b2fe7934-999d-4ae6-9944-c705934eed6c,73433310-3036-4cf0-ad05-cfdd99acb98b,EFT,82637.77,ZAR,1.0,Prime Capital Bank,8031612664,PCB Customer,PAY195742009,Settled,2016-10-24,1,276.31,Percentage
df1e00f0-d4f9-4595-bea4-43b87e06c104,2015-02-25,2015-02-27,8da7433c-c033-440c-9992-830d55a809bc,7876fa4f-a139-4683-83a6-87ddd3a32f3e,Debit Order,38764.98,ZAR,1.0,Prime Capital Bank,9626479694,PCB Customer,PAY934447767,Settled,2015-02-27,2,45.85,Percentage
9e69ac74-ecee-46ba-9bbd-c8691c377352,2016-11-12,2016-11-13,f75c54cf-e16c-4fc0-b3ae-a93a591a7503,81bd6e9e-0c70-4386-9ee4-8c004f503e53,Debit Order,62912.65,ZAR,1.0,Prime Capital Bank,7426901412,PCB Customer,PAY834189519,Settled,2016-11-13,1,194.69,Percentage
b070ccad-7bef-4ae0-a46b-e28222e47404,2015-08-26,2015-08-28,5a4e04d8-3bd0-4d18-a696-b10e307bc1fa,EXTERNAL,EFT,24289.85,USD,19.4661,TymeBank,3165833902,Melanie Woodward,PAY318195982,Settled,2015-08-28,2,0.0,None
3c824690-7c9b-4749-b4b4-102facf3a125,2023-12-24,2023-12-24,7e112f1c-54db-4546-98d4-4cd7283f5fbd,42a9b322-5b52-4704-9768-4af95a845da8,Payroll,23588.39,ZAR,1.0,Prime Capital Bank,4947261191,PCB Customer,PAY488994330,Settled,2023-12-24,0,0.0,None
f6a58069-9c14-4c88-b14f-0e83c1960618,2017-09-11,2017-09-12,7a7e88c0-1682-4c21-9535-6336e203894a,EXTERNAL,EFT,107960.11,ZAR,1.0,Investec,9370940228,Nkosikazi Nozibusiso Mkhokeleleki,PAY194221456,Settled,2017-09-12,1,0.0,None
732eb292-fb12-4a7b-b3d3-07c0baff63c4,2021-12-14,2021-12-14,6b3f3db1-c525-4453-bcf6-109c7cdcbd44,EXTERNAL,EFT,147856.73,ZAR,1.0,TymeBank,8108170641,Thandeka Shange,PAY941476557,Settled,2021-12-14,0,50.0,Fixed
e1f5e9fd-717b-4c39-a5d1-6df6d5625180,2019-07-02,2019-07-02,407d09d3-c2ed-4660-9392-cf5688eb6347,b44f570d-ae9d-416f-9d38-762111c1a61a,RTGS,1871533.58,ZAR,1.0,Prime Capital Bank,6783560662,PCB Customer,PAY174980950,Pending,2019-07-02,0,0.0,None
e6eb8286-97cd-4090-b0e1-54a99c70a92c,2017-10-21,2017-10-21,3d3295df-703b-4c16-8b24-64d86621aece,3f380cf4-9aec-40dd-8d6d-0fff7cceba1f,EFT,62384.8,ZAR,1.0,Prime Capital Bank,6259640788,PCB Customer,PAY762091732,Settled,2017-10-21,0,25.0,Fixed
236d2c10-ef15-40e6-8dd0-7f3d1db901ac,2020-11-29,2020-11-30,5c81b1bd-9dfe-4a26-903c-066c5f50e929,f80b639f-27c3-427b-8427-902265f93d19,Debit Order,171851.55,ZAR,1.0,Prime Capital Bank,1965492476,PCB Customer,PAY808844380,Pending,2020-11-30,1,796.32,Percentage
0f1c29e8-1a13-484c-b7a1-b4c1e94ed8e4,2024-11-10,2024-11-10,859e3cbc-9726-48e0-9be0-f893fdc0e59f,864bd1d1-9fa5-4272-8cae-7054d9c67dfc,Debit Order,122105.85,ZAR,1.0,Prime Capital Bank,6078339268,PCB Customer,PAY822410774,Settled,2024-11-10,0,50.0,Fixed
00a89243-9ff9-4fd5-a2b2-be127220ae7c,2021-07-06,2021-07-08,0e3b8097-ce34-4e25-8620-48a7c6ce0cb3,f941003f-6ee8-444d-a05b-1e24523a0b8a,SWIFT,929325.98,ZAR,1.0,Prime Capital Bank,7678067371,PCB Customer,PAY760100796,Settled,2021-07-08,2,0.0,None
67c9c6a4-2f2c-4086-a495-79aec5956391,2023-08-16,2023-08-16,fd244ae1-ddb8-4e67-a44f-41bc715d0f10,55d669b4-6028-42c7-90d2-7b279f55ae4c,Internal,346293.63,ZAR,1.0,Prime Capital Bank,8389326831,PCB Customer,PAY431186964,Settled,2023-08-16,0,0.0,None
c037b876-8c9d-4ced-a836-57691d8973cb,2018-08-11,2018-08-11,1de678cb-bb72-45f3-947b-efdd683998dd,d7952e5b-22e9-4289-8b87-5a5b800bceb8,Debit Order,139459.02,ZAR,1.0,Prime Capital Bank,3882767769,PCB Customer,PAY286077251,Failed,2018-08-11,0,100.0,Fixed
4db7de74-336a-43e1-a158-d00517e598ed,2017-07-08,2017-07-09,6bb85a37-04eb-4af9-948a-7ec707461187,EXTERNAL,EFT,145054.14,ZAR,1.0,Capitec,8500715676,Nomcebo Dinwa-Gengeshe,PAY100612885,Settled,2017-07-09,1,0.0,None
4efd8469-4b05-4920-a8ca-087502fefbea,2019-12-30,2019-12-31,cb8541a4-2e55-4b9c-a758-280b726b8c92,EXTERNAL,EFT,5414.04,ZAR,1.0,Capitec,8192492580,Zenzele Mbhele,PAY877202338,Settled,2019-12-31,1,0.0,None
374978fa-bf09-4bf4-a1a0-ecb6383ff234,2016-11-23,2016-11-23,0db3f0ba-2a3d-4e3c-8b5e-82b64d763969,a19121e0-0846-4840-adae-886fa76c9238,RTGS,983920.65,ZAR,1.0,Prime Capital Bank,1688774116,PCB Customer,PAY435671845,Settled,2016-11-23,0,0.0,None
98fddbd9-7d3b-42e8-81ae-2a7d81be0e85,2019-01-10,2019-01-10,232a900f-e0f5-46b1-b3b6-0c6117dea625,90db1007-4f26-4124-8166-96a38ebce81f,EFT,103350.39,ZAR,1.0,Prime Capital Bank,7258178834,PCB Customer,PAY290407211,Settled,2019-01-10,0,8.5,Fixed
c21241f6-7663-432a-96b7-08a9a9e0f64e,2018-05-31,2018-05-31,52a4cc24-f574-4f97-8a7f-81182feb1bca,3a159030-051f-4e9c-b8f5-ecff7e5cddbc,Debit Order,198215.83,USD,18.4628,Prime Capital Bank,4463822274,PCB Customer,PAY892403958,Settled,2018-05-31,0,523.42,Percentage
45535d38-e95c-4d7b-b7da-e182ad4ee798,2018-02-26,2018-02-28,c0315380-6373-44a9-ae37-daca97164eaa,EXTERNAL,EFT,41814.99,ZAR,1.0,Absa,9954913177,Nkosazana Nomasonto Mzoneli,PAY400808464,Settled,2018-02-28,2,0.0,None
2906de72-48c6-41c3-b579-c524a5fa7b4b,2021-12-28,2021-12-28,63762b8a-fa67-4a15-8c27-e38c6bf1cc7b,36452da0-f702-47d0-981a-1888d12b4e58,Internal,344942.45,ZAR,1.0,Prime Capital Bank,9500625563,PCB Customer,PAY154602539,Settled,2021-12-28,0,8.5,Fixed
dd59545d-eafd-4455-90c3-9b01f499323b,2023-05-24,2023-05-24,af340c6c-77e6-48ce-b260-cb5f1a73ef23,EXTERNAL,EFT,66778.77,ZAR,1.0,Standard Bank,9414529587,Mr Dale Williams,PAY664501832,Settled,2023-05-24,0,84.75,Percentage
27cf76d8-8234-4bdd-a68a-437af5868f70,2015-07-18,2015-07-20,b9649289-5a10-4ab9-89f8-543ca04229b3,EXTERNAL,EFT,130797.19,ZAR,1.0,Standard Bank,8012124732,Bhekizizwe Madlanduna,PAY541197446,Settled,2015-07-20,2,15.0,Fixed
24cc91b9-8181-40a0-8126-e5dd9b0ed49c,2016-06-19,2016-06-19,d5821ce1-99a9-4532-99f2-9bc7c1995164,EXTERNAL,EFT,83613.03,ZAR,1.0,Standard Bank,5721741241,Nokulunga Ndimande,PAY661990033,Settled,2016-06-19,0,356.94,Percentage
07fda730-f811-4f5a-9674-7002b920ec0a,2017-02-27,2017-03-01,6cc530ab-4fc6-4709-8b76-d3fe16e6254a,EXTERNAL,EFT,114879.21,ZAR,1.0,Standard Bank,8101666130,Andile Makhoba,PAY263256488,Failed,2017-03-01,2,0.0,None
bf6f43a2-1f35-4264-96f0-3ac94537a301,2020-02-09,2020-02-10,fa84202b-30bd-4279-84ef-ef22b2e01501,26216b4d-2cce-4328-8185-e5bbe0ea58d2,Debit Order,31983.69,ZAR,1.0,Prime Capital Bank,4197895987,PCB Customer,PAY412840593,Settled,2020-02-10,1,0.0,None
111cb934-7acd-438a-a824-7721fcff4bed,2019-02-28,2019-02-28,547c088b-d312-45c8-8c25-7d6b5e061824,fce6c593-c13e-4a92-bea7-d82654dbd4a8,EFT,83744.13,ZAR,1.0,Prime Capital Bank,6138726130,PCB Customer,PAY343120612,Settled,2019-02-28,0,0.0,None
de8b7b4c-f002-419a-bd11-a4c60e4ed862,2022-12-19,2022-12-19,ff638ebf-bcaf-4a04-8876-a1a9e236c918,7529c958-adf1-4e17-aac8-60524bc7c4c1,Internal,38966.99,ZAR,1.0,Prime Capital Bank,3392652436,PCB Customer,PAY888306702,Settled,2022-12-19,0,15.0,Fixed
ab2420a2-97d4-4095-8fc3-8285ced133e4,2024-06-05,2024-06-05,bbc574ec-60fb-48db-9473-2dfa5ffab40c,cd1ac69c-5c84-4321-aad0-c00841c7a8f0,Internal,276632.26,ZAR,1.0,Prime Capital Bank,5783183968,PCB Customer,PAY743946929,Settled,2024-06-05,0,1218.99,Percentage
14ecc5c0-1e9d-44db-a581-f9222f95f9de,2015-01-09,2015-01-09,1bc18e29-1337-4fe4-a9a7-1df09fea87cb,221023b3-1fcd-405b-89ac-168e88f7e5c3,Debit Order,23536.88,ZAR,1.0,Prime Capital Bank,6565483577,PCB Customer,PAY404757361,Settled,2015-01-09,0,25.0,Fixed
598f62bd-4b91-4721-a9cd-08d4eff758ab,2024-11-09,2024-11-11,25be136d-ef89-44e9-8e8e-f2c5327c5142,6a6b8624-1c6e-485c-a3d8-8c48adab1e97,EFT,9721.97,ZAR,1.0,Prime Capital Bank,4862608104,PCB Customer,PAY547675262,Failed,2024-11-11,2,0.0,None
cb517cf9-0932-47e8-8278-680fe464f144,2024-06-25,2024-06-26,0456c68a-ad43-49b8-9935-81429a356927,c6a19e57-fdf4-4409-bc45-021eb6ccf5a9,Debit Order,85284.12,ZAR,1.0,Prime Capital Bank,9435963050,PCB Customer,PAY883667120,Settled,2024-06-26,1,220.25,Percentage
67e19f78-65df-41e2-a2c2-bd4e47291523,2024-08-29,2024-08-31,59711b52-4b18-4407-95a8-40de9422b3f5,60e9647e-a04d-46a1-8b8f-e76819c57606,Debit Order,188671.18,ZAR,1.0,Prime Capital Bank,5525899856,PCB Customer,PAY737046128,Settled,2024-08-31,2,0.0,None
dd19f354-6d0f-4a88-a5e1-d6d66edd8a6c,2017-07-28,2017-07-28,3beaad72-957c-4804-aeb0-c2b5af985a9a,cd257c71-5604-44f5-9ec4-751c45ab6b58,Internal,158137.01,ZAR,1.0,Prime Capital Bank,3213244110,PCB Customer,PAY342663652,Settled,2017-07-28,0,736.62,Percentage
102892dc-189c-4e21-940c-b28568f276f7,2023-12-09,2023-12-09,d74c8c65-75dd-49a9-b0a2-026d520ecaf2,0a4f83c3-8f28-484c-977a-852a540dd0f9,Internal,106418.0,ZAR,1.0,Prime Capital Bank,3649055939,PCB Customer,PAY828984786,Settled,2023-12-09,0,0.0,None
be2047b0-9e9e-4884-9b97-bb54e5aad9b2,2023-10-09,2023-10-09,92a046f8-4777-4db8-933a-d53d00eddcb4,b86c0ade-442c-4880-a0f1-e63637de3278,RTGS,3405005.41,ZAR,1.0,Prime Capital Bank,8019758555,PCB Customer,PAY920234620,Settled,2023-10-09,0,4881.49,Percentage
90684ec1-e532-4995-ac06-b6893e98e99a,2022-12-14,2022-12-14,bf1b90a8-c752-4312-8b2c-867c97a781ba,1ffe4c87-5a03-4619-bf6b-62b2756685b2,Debit Order,45065.38,ZAR,1.0,Prime Capital Bank,5577720363,PCB Customer,PAY941507633,Settled,2022-12-14,0,0.0,None
79cdf2d7-d7fc-4635-9a4d-e1c99f28d543,2020-10-27,2020-10-28,6c71d603-fdb6-4b84-9d34-f33740b75f11,EXTERNAL,EFT,176294.02,GBP,24.9773,Discovery Bank,6507256255,Mr Jay Carter,PAY994086052,Settled,2020-10-28,1,691.63,Percentage
ce6f00b5-dbec-4ff6-b63a-8677bffce780,2020-06-11,2020-06-12,c436f75a-0eb3-4f68-b851-1f2bc26875d2,EXTERNAL,EFT,85992.2,ZAR,1.0,Capitec,9682203877,Teresa Williams,PAY265511949,Settled,2020-06-12,1,15.0,Fixed
6156a071-08de-4ea7-8775-6014db110687,2015-02-24,2015-02-24,5141a537-c78b-49c1-bb68-03a6c7a29c6e,EXTERNAL,EFT,155641.71,ZAR,1.0,Standard Bank,7250180323,Mr Craig John,PAY476568247,Settled,2015-02-24,0,0.0,None
2ff66c80-0a86-4870-9eff-7f62f6482647,2015-06-03,2015-06-05,6549e4f6-efb0-46e0-b429-0cd36ab43363,4ca556f2-84e5-4755-8985-6968bb73dbac,EFT,108389.91,ZAR,1.0,Prime Capital Bank,7277870861,PCB Customer,PAY812698672,Settled,2015-06-05,2,25.0,Fixed
183fda66-0eee-4af1-a3ce-8a32fbe3fab5,2022-10-15,2022-10-17,ca249104-4b9d-4bd5-9090-d1efb99e24e6,EXTERNAL,EFT,33971.21,ZAR,1.0,Nedbank,4987415360,Thabisile Mbeje,PAY154143547,Settled,2022-10-17,2,25.0,Fixed
c5004975-4263-43cc-a38c-14fecaa6dc5a,2020-06-10,2020-06-12,336f8b76-410a-4137-bf38-e53cb171eb88,1e548bf2-0c94-444d-918c-8ddfbad08b16,Debit Order,94784.46,ZAR,1.0,Prime Capital Bank,5439218338,PCB Customer,PAY998252696,Settled,2020-06-12,2,346.61,Percentage
89c65d24-8068-4383-b1db-07a0854ab0f2,2018-05-02,2018-05-02,5ceebf6f-5056-4cc5-a135-1ecc103c1853,6f29cf29-b65b-47e6-b3ae-5300ab3cf264,Internal,441729.39,ZAR,1.0,Prime Capital Bank,8708304387,PCB Customer,PAY354658270,Settled,2018-05-02,0,1278.1,Percentage
bddc6281-cbc2-4e85-a8bc-d4e282d80a34,2015-02-03,2015-02-03,9146f74f-a481-4916-a72d-4db06ede7ba1,939ac78a-a23c-4d30-8083-fc36f4c741d1,Internal,362006.08,ZAR,1.0,Prime Capital Bank,7660424221,PCB Customer,PAY935332221,Settled,2015-02-03,0,15.0,Fixed
e02aa655-ab83-4230-85a2-aedbe64841c8,2024-01-26,2024-01-26,932e3613-1a96-4df1-9d2d-127ae7042de3,d0f74bed-9d4b-4b9e-9c0b-e0f32e84d161,EFT,178922.46,ZAR,1.0,Prime Capital Bank,8213174875,PCB Customer,PAY966791380,Settled,2024-01-26,0,0.0,None
276be7c0-f7a6-4549-a613-30fabd2a590a,2022-09-15,2022-09-15,aa0b8111-3783-4a67-a079-ec1db0acc824,4bf7900a-4397-4025-8c18-81de568cbdf1,Payroll,91913.98,ZAR,1.0,Prime Capital Bank,7561581113,PCB Customer,PAY939782186,Settled,2022-09-15,0,15.0,Fixed
fa89a106-4acf-46ea-b031-199610535ee6,2024-06-15,2024-06-16,cfe2387c-1abf-43c5-a533-828ad2a37f67,b1db6708-83c6-4011-9b8c-452726076f11,EFT,56888.3,ZAR,1.0,Prime Capital Bank,1991999034,PCB Customer,PAY552738010,Settled,2024-06-16,1,50.0,Fixed
fee22dd1-dd5c-4f2f-8eaf-5d8b8e6f995e,2024-05-12,2024-05-14,55e0075a-a469-496e-be56-a1e83e8fdeb5,46ab01d3-629a-4f3a-a03a-0b70ed3a3555,EFT,166453.65,ZAR,1.0,Prime Capital Bank,9639562370,PCB Customer,PAY939623976,Failed,2024-05-14,2,0.0,None
69b5bd6e-c19c-4d8c-8fc2-e27f01eb98a3,2018-03-16,2018-03-16,920f40d1-f7a7-466f-aa09-4666c67e8967,5461ca2f-1892-4371-b2a2-7c455e990452,RTGS,2005914.57,ZAR,1.0,Prime Capital Bank,7217991282,PCB Customer,PAY526838339,Settled,2018-03-16,0,5926.79,Percentage
49da1a73-f02e-4578-9892-bf9c2b775f55,2017-01-07,2017-01-09,d969d6a9-844c-41eb-8b69-f96cbcb2879c,52a7f25c-2aa9-459e-bc9f-5ddc18722407,Debit Order,59180.45,ZAR,1.0,Prime Capital Bank,1807017913,PCB Customer,PAY253153809,Settled,2017-01-09,2,0.0,None
6591824c-02c6-4b88-a8fa-fe1ac84858df,2024-11-30,2024-11-30,957a774e-455a-4a1a-9559-b2a6483042ce,EXTERNAL,EFT,127705.02,ZAR,1.0,Nedbank,7549464819,Justin Anderson,PAY532175303,Settled,2024-11-30,0,15.0,Fixed
45e8c726-75fe-4a14-b785-8e2f3e132284,2021-09-03,2021-09-03,7a189eed-6081-4093-9156-70b155d701da,EXTERNAL,EFT,4036.3,ZAR,1.0,Absa,4412162437,Mcebisi Thabekhulu,PAY320659603,Settled,2021-09-03,0,100.0,Fixed
4d079f87-1669-4cb6-86bb-8b98e7053eed,2020-03-17,2020-03-18,94b4e936-c3d5-42b0-b01a-24c62ac3a698,EXTERNAL,EFT,125620.55,ZAR,1.0,TymeBank,3793378492,Dennis Williams,PAY295992768,Settled,2020-03-18,1,15.0,Fixed
2a8016d4-013a-4c1e-a461-cb4974734513,2023-04-30,2023-04-30,932e3613-1a96-4df1-9d2d-127ae7042de3,8baa1183-1e19-4534-918f-57e4a24a6aaa,Internal,334652.04,ZAR,1.0,Prime Capital Bank,1006423822,PCB Customer,PAY314713286,Failed,2023-04-30,0,0.0,None
ebed8a42-849f-40e2-a69d-cf8895a61628,2023-05-16,2023-05-18,24c74360-9832-4d08-89dd-a00aaef9e898,EXTERNAL,EFT,1451.85,ZAR,1.0,Nedbank,2206177152,Clifford Jenkins,PAY482417059,Settled,2023-05-18,2,5.63,Percentage
321e1627-66eb-44c2-8ab6-f4447c8161e8,2017-12-14,2017-12-14,0fe356f8-f46a-4f49-ae78-2a7ccbdd02f4,d13d880e-9fbc-4837-b485-46f1a7010e0e,RTGS,652281.84,ZAR,1.0,Prime Capital Bank,2414191333,PCB Customer,PAY826980245,Settled,2017-12-14,0,1185.66,Percentage
42791095-7150-40bc-a397-532b835e2b5f,2015-05-02,2015-05-02,a0a3fde0-d222-49d2-9d4f-228ea35a4deb,e7b9adf7-554a-4f96-bea7-a5c4c484bb5c,Debit Order,196384.59,ZAR,1.0,Prime Capital Bank,6895274942,PCB Customer,PAY999301843,Settled,2015-05-02,0,15.0,Fixed
e89ed082-f121-40b1-8463-8b999f4a57da,2017-09-20,2017-09-21,6bc1ea0e-480b-468a-8821-8d680beb68b0,a39ebdeb-c66b-4f39-84e0-246f8e2b4f08,Debit Order,134332.07,ZAR,1.0,Prime Capital Bank,5250625050,PCB Customer,PAY956704041,Settled,2017-09-21,1,488.71,Percentage
36ed1b46-0754-43b1-84cc-1c052f5184d8,2024-12-13,2024-12-14,cbb0b5b8-4767-4e6c-9616-a09c3be594a3,a25ee715-6bde-4a53-95b6-49a88b6aebb8,EFT,7230.18,ZAR,1.0,Prime Capital Bank,2301078649,PCB Customer,PAY966680040,Settled,2024-12-14,1,28.38,Percentage
c437ba28-2a27-460e-a819-94e06104b011,2017-03-02,2017-03-04,1608861f-c5e7-4e3c-b152-52a2cd5a2a08,b726855b-bb78-43c1-bff4-01e65dd570f6,EFT,164248.68,ZAR,1.0,Prime Capital Bank,5089189426,PCB Customer,PAY735367039,Settled,2017-03-04,2,559.92,Percentage
402b0813-905b-4bd3-aef4-2273f6d01ed6,2016-03-02,2016-03-04,e17ff91d-c54d-454f-9cfd-cc4a6932212c,EXTERNAL,EFT,121690.39,ZAR,1.0,Nedbank,3753305479,Sibusiso Lakaza,PAY946139421,Pending,2016-03-04,2,0.0,None
5b5e4914-641e-48de-b526-c5b3b34f934a,2015-10-19,2015-10-19,b84038fb-ab05-45ae-bf42-0b064b9a7fb2,2e72bfad-8c73-4837-ab65-169bbeebbb9f,EFT,171755.31,ZAR,1.0,Prime Capital Bank,1000571208,PCB Customer,PAY834978178,Settled,2015-10-19,0,15.0,Fixed
b48ebc7f-07dc-4f2e-b9a4-01f598c169b8,2021-12-06,2021-12-08,7b524cd7-2432-4c59-a2e2-9cc6b83cb7fb,EXTERNAL,EFT,83463.39,EUR,19.9838,FNB,4116136836,Henry Wilson,PAY714612781,Settled,2021-12-08,2,50.0,Fixed
43d35f39-6a9b-4650-8fa2-ebdc407ff137,2015-05-09,2015-05-10,273123c1-a7b1-48b0-9770-6f81391139ec,EXTERNAL,EFT,188159.79,ZAR,1.0,FNB,8205519046,Dr Donald Ali,PAY928069090,Settled,2015-05-10,1,605.72,Percentage
080eb46a-2b36-4cc9-a82d-57770cc751d0,2022-12-01,2022-12-03,eb97036f-6a6f-4120-a2eb-224c81d759fa,EXTERNAL,EFT,106055.61,ZAR,1.0,Nedbank,3916912593,Zenzile Makhaye,PAY896736731,Settled,2022-12-03,2,0.0,None
3bcd6fc3-27a5-4461-bf95-03a97f24d2e0,2016-11-28,2016-11-30,ccd6f62b-80b1-42d7-9f8b-e7b0ac4dc55d,EXTERNAL,EFT,186388.04,ZAR,1.0,FNB,7214867260,Mr Samuel Turner,PAY765408131,Failed,2016-11-30,2,100.0,Fixed
60000071-2ce5-40b7-a89d-76a269c50e4b,2015-01-08,2015-01-10,f7c6fcb1-0138-44c5-8d82-3b0dc493d2cb,95bc4fe4-bda4-4a25-87b2-929733da5176,EFT,150478.69,ZAR,1.0,Prime Capital Bank,4399682817,PCB Customer,PAY887237465,Settled,2015-01-10,2,0.0,None
f1070d1b-d86c-449f-b253-ba64f400561d,2019-10-20,2019-10-22,1e53b0a6-0291-4e94-a0a2-29e0e92309fe,EXTERNAL,EFT,146076.93,GBP,22.593,Standard Bank,6535074604,Sibongile Mcwaye,PAY504866735,Settled,2019-10-22,2,400.8,Percentage
79022ad3-d52f-4732-b233-636eaa02de10,2023-07-30,2023-07-30,59263236-8607-4019-98d1-0d7a3251c467,4e1bb47c-33e0-4919-8fbe-e23eea0e3802,Internal,423975.79,ZAR,1.0,Prime Capital Bank,9707672633,PCB Customer,PAY384038044,Returned,2023-07-30,0,611.37,Percentage
4ea49db9-42b0-415e-91d3-a5154407fc95,2019-01-04,2019-01-04,ca835f36-8814-405c-bb07-3420c94585a6,7a189eed-6081-4093-9156-70b155d701da,Internal,474662.39,ZAR,1.0,Prime Capital Bank,4486755506,PCB Customer,PAY712736481,Settled,2019-01-04,0,1587.17,Percentage
b47d3988-bca7-41eb-b908-dc06f67dd031,2016-06-17,2016-06-17,d5e9ca09-e623-4748-9b0e-b04221536573,EXTERNAL,EFT,145004.21,ZAR,1.0,Standard Bank,5688323651,Michelle Shaw,PAY897854883,Settled,2016-06-17,0,0.0,None
6e6d8a77-7710-4779-858b-1153d4637168,2023-12-03,2023-12-03,48d4512c-daa4-4cdc-942a-5c59b6bb463c,cd0e5197-ffee-4c5c-98a5-8e378e49a22c,Payroll,7945.99,ZAR,1.0,Prime Capital Bank,2315010880,PCB Customer,PAY592155855,Settled,2023-12-03,0,0.0,None
e93f1754-94d4-4791-ae76-3a5ce07b2009,2024-05-10,2024-05-12,4beec51d-b1b6-43b8-9476-6cc885b51c37,502acaed-89ca-45fa-845d-4c5e3b6db22f,EFT,180410.2,ZAR,1.0,Prime Capital Bank,2472441814,PCB Customer,PAY712249615,Settled,2024-05-12,2,406.33,Percentage
4a78944f-a266-4635-a6c4-9e5bed9b731d,2019-04-16,2019-04-18,b16a6c88-8554-4c46-b8a3-73ca2f381c22,ea0a8fdf-9c34-4cf9-a946-ba796d693257,Debit Order,26764.95,ZAR,1.0,Prime Capital Bank,1345099769,PCB Customer,PAY955474189,Settled,2019-04-18,2,85.81,Percentage
62cc9ded-6b08-43b6-b567-c3d32bc27822,2023-07-09,2023-07-09,53dc8452-c661-4682-aef8-7805a07b1d49,d721e945-8018-469c-99f0-05bec49da3fb,Internal,190507.5,ZAR,1.0,Prime Capital Bank,5366514022,PCB Customer,PAY536667970,Settled,2023-07-09,0,15.0,Fixed
4a86baf7-8444-4e0b-9b0a-195a184c95e1,2022-12-21,2022-12-23,106632ba-a015-467a-abf6-07cc736faf5e,52e29695-d8da-4dd1-ad43-f44c9480490d,EFT,153349.46,ZAR,1.0,Prime Capital Bank,1930747963,PCB Customer,PAY159224438,Failed,2022-12-23,2,360.1,Percentage
c9a5dfb6-bfd0-4a4a-a6e1-e51576575714,2015-11-14,2015-11-16,76157559-a6f1-4e64-8b2d-039343127a12,EXTERNAL,EFT,143375.91,ZAR,1.0,Discovery Bank,8519169646,Jabulani Mabhoko,PAY867453114,Settled,2015-11-16,2,100.0,Fixed
f5663a25-2ff7-47a7-90c7-d0a1e87cc6bf,2015-05-15,2015-05-15,76157559-a6f1-4e64-8b2d-039343127a12,e02b4cf0-c002-43de-9198-69dde51b94a9,EFT,135943.62,EUR,19.2157,Prime Capital Bank,8342913134,PCB Customer,PAY928898389,Settled,2015-05-15,0,15.0,Fixed
190261e0-21db-4235-bfac-f626e331d237,2020-04-23,2020-04-24,531367a1-b7d5-477e-8316-93037999b09d,a19121e0-0846-4840-adae-886fa76c9238,SWIFT,224770.21,ZAR,1.0,Prime Capital Bank,1688774116,PCB Customer,PAY937257348,Failed,2020-04-24,1,0.0,None
3d810d34-3475-4ea6-8fdb-7b5e06543736,2024-04-06,2024-04-06,ecdfd368-772e-4794-b717-817bcffd90b0,9a7276cb-35b8-40d3-9be4-87f809d4152d,RTGS,1467959.7,ZAR,1.0,Prime Capital Bank,3415175992,PCB Customer,PAY561025976,Settled,2024-04-06,0,0.0,None
a9401b54-5836-4ca7-baba-d7444f19e8d2,2020-05-13,2020-05-13,f7a5dcd7-4630-4a18-93a5-779329619bcd,ca6f0837-cff2-4643-bc06-57c3d0361a09,Payroll,12264.87,ZAR,1.0,Prime Capital Bank,9801787009,PCB Customer,PAY394323033,Settled,2020-05-13,0,19.72,Percentage
0dee18fa-4e26-4055-9238-33772d0071d1,2019-04-04,2019-04-04,176f28ed-50e4-4601-9094-9ae3c477c160,56ac8507-2f9a-49c6-b0c3-b644229ba08e,Internal,419526.96,ZAR,1.0,Prime Capital Bank,7359706904,PCB Customer,PAY914556997,Settled,2019-04-04,0,1488.74,Percentage
57995f39-590c-448d-aa02-9fd3ed99701d,2021-02-17,2021-02-18,d0ae8a4d-0de1-43bb-8147-cfe82c9e4a9a,0b6199d7-8aaa-4929-9ffb-e40d858bca96,Debit Order,103873.15,ZAR,1.0,Prime Capital Bank,9212028558,PCB Customer,PAY979663005,Settled,2021-02-18,1,50.0,Fixed
d8518a09-c0e9-4a50-b9e6-521aa119a3ba,2018-05-12,2018-05-12,78b8f910-834a-45f3-9cde-a9af5b39c3c7,aeff89cd-3c53-4414-b22b-489c1649d441,Payroll,27456.05,ZAR,1.0,Prime Capital Bank,2471493866,PCB Customer,PAY730698117,Pending,2018-05-12,0,0.0,None
56a9417d-3619-4c8b-a26b-286a9b5a6585,2015-10-10,2015-10-11,9d8796cd-dbf4-4891-843b-d18e65b33b9a,EXTERNAL,EFT,164877.95,ZAR,1.0,Standard Bank,2033060909,Thalente Ndaba,PAY568816982,Failed,2015-10-11,1,25.0,Fixed
1d6264b1-97e8-44c4-94c7-a9416113b590,2015-01-04,2015-01-04,932e3613-1a96-4df1-9d2d-127ae7042de3,957a774e-455a-4a1a-9559-b2a6483042ce,RTGS,8325196.35,EUR,20.1863,Prime Capital Bank,8973327211,PCB Customer,PAY823514578,Settled,2015-01-04,0,0.0,None
28cf358e-2e49-49f9-9d25-c4b340f69fbe,2021-02-15,2021-02-16,9a600c4d-776f-4c52-90b3-f6d118669431,EXTERNAL,SWIFT,4888019.13,ZAR,1.0,Capitec,6141142861,Sarah Austin,PAY524143226,Settled,2021-02-16,1,8.5,Fixed
0b322a72-ff9f-41f6-bfb2-516ebdb21b7d,2021-03-19,2021-03-19,c41b8e6a-b838-48cf-a508-b873bc276326,868b22d7-6db1-457a-bb9a-0a4876dfb7cc,Internal,43238.06,ZAR,1.0,Prime Capital Bank,1805968667,PCB Customer,PAY396319584,Settled,2021-03-19,0,50.0,Fixed
e69d1d98-f7b6-49d7-8c3f-fd93c2a98692,2022-10-16,2022-10-16,d7e33352-6312-4bc3-8d4a-d15bdeba381e,206fe11d-e13a-416b-8317-3e4b219116e6,Internal,92047.05,ZAR,1.0,Prime Capital Bank,3637582799,PCB Customer,PAY847898781,Settled,2022-10-16,0,100.0,Fixed
4edeae29-7c78-47d6-aeb1-ff05661f7685,2016-08-07,2016-08-07,b055b991-0dc7-4d54-a6a9-4458a8219ed2,EXTERNAL,EFT,114959.48,USD,19.4297,Investec,8571947112,Musa Mnqayi-Shezi,PAY453046540,Settled,2016-08-07,0,0.0,None
3345ba68-c2df-4c57-aef2-de6cb93b5dd1,2021-09-04,2021-09-06,86af446f-6a2f-40d2-863b-0c9d540da22a,eb97036f-6a6f-4120-a2eb-224c81d759fa,EFT,46868.86,ZAR,1.0,Prime Capital Bank,4870531044,PCB Customer,PAY973950976,Settled,2021-09-06,2,0.0,None
18501d5e-1905-48d9-8ca1-6e53bbb15314,2016-06-30,2016-07-01,fed69861-8ec4-4b55-b235-e1a07492e0c5,16ba55ca-e80c-4b37-90bc-e750491e50c7,EFT,33172.51,ZAR,1.0,Prime Capital Bank,8336093893,PCB Customer,PAY609732208,Returned,2016-07-01,1,129.11,Percentage
ab117304-6a2b-497a-9c5c-f9c279e48f9f,2024-12-09,2024-12-09,7faf07d7-47e1-4410-b6a9-5a6c4ec4caa4,ce3ed42b-e963-4fe0-8d3d-0286058d5db6,Debit Order,122409.45,ZAR,1.0,Prime Capital Bank,6518448096,PCB Customer,PAY187737897,Settled,2024-12-09,0,0.0,None
b929e095-727a-4517-be60-89c834b5dbce,2019-11-12,2019-11-14,31d8166a-505e-43c8-ac1a-bda6eb48f622,85f77032-c13f-4b2b-a843-252a3ae2b02b,Debit Order,158988.61,ZAR,1.0,Prime Capital Bank,2944852529,PCB Customer,PAY193695516,Settled,2019-11-14,2,100.0,Fixed
8316a0db-b463-4b15-857a-db3584b8c998,2018-09-09,2018-09-09,b45ec370-5394-422e-b494-6ef0e37643c1,2df3a385-8d87-49fe-adb1-302cd43ca5a4,Internal,263374.62,ZAR,1.0,Prime Capital Bank,5650537358,PCB Customer,PAY242145119,Settled,2018-09-09,0,0.0,None
a4e1b0cc-a1cc-40da-9545-06246800d265,2016-12-11,2016-12-11,d1c60b8b-8b23-448a-a853-e84ceb19ead5,f941003f-6ee8-444d-a05b-1e24523a0b8a,EFT,82415.82,ZAR,1.0,Prime Capital Bank,7678067371,PCB Customer,PAY110512071,Settled,2016-12-11,0,119.29,Percentage
01ac0cfb-9d2a-4f4b-84f5-4bab8b95a7ea,2017-04-02,2017-04-02,592ddc21-5b51-4b2e-a1db-97c7388750a6,6f29cf29-b65b-47e6-b3ae-5300ab3cf264,Internal,425560.72,ZAR,1.0,Prime Capital Bank,8708304387,PCB Customer,PAY910437935,Settled,2017-04-02,0,25.0,Fixed
8c491dcf-efd9-4922-951c-17793fac6812,2023-04-16,2023-04-16,de3d94b3-d07a-41ad-bc0b-ad81608e4cd4,84d475f3-0e9d-40ac-bdfe-37e0e17bf1d7,EFT,141308.29,ZAR,1.0,Prime Capital Bank,6605256729,PCB Customer,PAY147609395,Settled,2023-04-16,0,8.5,Fixed
11f58e73-2d10-42c1-820e-899644d8211e,2022-01-06,2022-01-06,91ca2a02-96fd-4f3e-aa22-ef0e7e0d3ff9,97b2bf7b-0706-4b97-9b55-941b9fbbfc0d,Debit Order,174796.84,ZAR,1.0,Prime Capital Bank,1765410735,PCB Customer,PAY808769706,Settled,2022-01-06,0,208.79,Percentage
42de2621-120c-4f60-bc2a-10b3759fb9b0,2022-07-29,2022-07-29,dc6bbf72-474b-45ab-bdc1-79ee8b835f2b,d68580d2-e8fd-4e67-b022-18ba09b806a5,RTGS,6714874.15,ZAR,1.0,Prime Capital Bank,1716915573,PCB Customer,PAY228756148,Settled,2022-07-29,0,0.0,None
5cd6c329-cb71-43cf-982b-4a0a37ccbb01,2021-06-30,2021-07-02,576429f1-fa6c-4ea8-9c2e-7bbb6b2e5968,EXTERNAL,EFT,27624.78,ZAR,1.0,Standard Bank,3214802460,Sibusiso Mzukase,PAY368166846,Settled,2021-07-02,2,0.0,None
761ef5df-41a0-4467-8b15-54f08686015e,2016-11-25,2016-11-25,a78bad25-59dc-412e-8366-08faba6ac208,8a06c1d8-ccdc-4b6a-a96e-bb894e08d42e,Debit Order,84081.69,ZAR,1.0,Prime Capital Bank,3874662102,PCB Customer,PAY157364676,Returned,2016-11-25,0,50.0,Fixed
30190b06-c30c-4ce2-9c35-a8fa041fc5ff,2020-05-12,2020-05-12,ffcd892e-92d2-4ea7-8f34-ebd9e0b85f23,e1e9afb4-3d68-46c1-9378-53abdce08de0,EFT,124514.24,ZAR,1.0,Prime Capital Bank,1035462419,PCB Customer,PAY526111199,Settled,2020-05-12,0,475.7,Percentage
a1545501-45aa-48d4-84e6-53490b9b318f,2021-10-10,2021-10-10,7fa830a4-4bbf-4890-b724-7beb73038ac3,76baf578-8ae0-4531-9bb3-35ac331c3912,Internal,107953.67,ZAR,1.0,Prime Capital Bank,7725506600,PCB Customer,PAY509458024,Settled,2021-10-10,0,321.74,Percentage
98259cfb-e1a8-4f71-a031-a2e134646dd6,2017-11-05,2017-11-06,82cb8f29-5f5a-45e8-918e-5bb84de6c4aa,EXTERNAL,EFT,156196.41,ZAR,1.0,TymeBank,2937094575,Sibusiso Mwandla,PAY890024521,Settled,2017-11-06,1,244.59,Percentage
12277cc3-8dff-427f-a49b-10d5117fb409,2021-12-28,2021-12-29,3101a052-2ef4-4387-a617-40195570d551,ef3ca94b-d20a-4472-bf74-bf40d613f2e7,EFT,119840.72,ZAR,1.0,Prime Capital Bank,8936326783,PCB Customer,PAY763802050,Settled,2021-12-29,1,0.0,None
73ae1439-12d9-4535-8f56-6ff468a6e70a,2019-08-30,2019-08-30,0bb6e15a-198f-4130-ab4c-9b983c576dc5,c0289eef-258a-4d7e-953a-2f26de856b9b,RTGS,6895262.77,USD,19.409,Prime Capital Bank,6464483966,PCB Customer,PAY904304848,Settled,2019-08-30,0,0.0,None
849b9715-5676-423b-b3ff-b052b54be9bb,2018-09-12,2018-09-12,f1f96a19-a43f-4e51-93a9-806ab4b3ea30,859e3cbc-9726-48e0-9be0-f893fdc0e59f,Debit Order,76335.18,ZAR,1.0,Prime Capital Bank,9439882247,PCB Customer,PAY307541546,Settled,2018-09-12,0,189.12,Percentage
ad74edd8-efd2-429e-8376-6e1feb5119d5,2018-08-18,2018-08-18,b4f424ec-da44-4333-ab22-df17e8d94b6b,33e8f73e-0a0a-4b1c-a17e-4383868fa8c1,Debit Order,149639.56,ZAR,1.0,Prime Capital Bank,7979693581,PCB Customer,PAY883938190,Settled,2018-08-18,0,0.0,None
64b5f8ae-defa-4dd7-95cb-b981ac3ca493,2015-09-02,2015-09-02,9acc82b7-4871-43d0-8b57-55fbe0e43b91,63599407-408b-40c2-b5bd-c76835de0935,Internal,437194.74,ZAR,1.0,Prime Capital Bank,8552409831,PCB Customer,PAY623045674,Settled,2015-09-02,0,1130.28,Percentage
63a304d0-2337-4462-b6b9-4208f0c5ee12,2021-08-20,2021-08-20,180051f3-1c48-4db1-9fd9-fdd948a928b0,d9be2a7f-c700-4db1-aa9c-28d4f4940f07,Internal,312192.23,ZAR,1.0,Prime Capital Bank,1938121407,PCB Customer,PAY242690142,Settled,2021-08-20,0,946.56,Percentage
b5bbf9c3-3301-47ef-ae4e-ec145942e55c,2021-04-05,2021-04-05,17a29012-d016-42a5-b17f-5682dce61946,3debbc44-e561-493e-81ec-1d278ef2491b,RTGS,7508981.81,ZAR,1.0,Prime Capital Bank,4743010526,PCB Customer,PAY516766036,Settled,2021-04-05,0,27799.97,Percentage
f46709ae-f1ce-409b-bd47-cfab4d853fcb,2017-12-27,2017-12-27,0b6199d7-8aaa-4929-9ffb-e40d858bca96,91230637-2dea-4098-a96c-597f55dba09d,RTGS,2051464.31,ZAR,1.0,Prime Capital Bank,1209541014,PCB Customer,PAY523828490,Settled,2017-12-27,0,0.0,None
d20265f9-8d78-44d7-8e82-f0d44d2f72fb,2019-05-07,2019-05-08,2583e6da-120c-4f44-b207-cddcefd71985,a3875360-baab-4ef9-bd90-c7cc3080df8e,Debit Order,92063.7,ZAR,1.0,Prime Capital Bank,1893428333,PCB Customer,PAY849923692,Settled,2019-05-08,1,100.0,Fixed
59da08af-5af4-4527-9f57-4e840b2f8c40,2016-05-06,2016-05-06,7acadf7d-8e13-4267-9a30-a6479b28ed2d,5d4df3a3-420b-4f1f-8676-c915f882f32d,Internal,15176.58,GBP,23.0526,Prime Capital Bank,2732065338,PCB Customer,PAY180700064,Settled,2016-05-06,0,100.0,Fixed
c1ec58ce-dbc2-4926-8df1-4a60ca70eb25,2024-01-23,2024-01-23,336f8b76-410a-4137-bf38-e53cb171eb88,1ffe4c87-5a03-4619-bf6b-62b2756685b2,RTGS,7914278.85,ZAR,1.0,Prime Capital Bank,5577720363,PCB Customer,PAY549470617,Settled,2024-01-23,0,12444.98,Percentage
aeb7aca5-8586-4f8f-b2db-68c2e61ae389,2022-03-05,2022-03-07,bd89197d-dcfe-408b-9b1f-77ab84abebef,4a648652-49a7-4279-9069-e5ac6e1c9768,EFT,30721.49,ZAR,1.0,Prime Capital Bank,9303909734,PCB Customer,PAY447740405,Settled,2022-03-07,2,0.0,None
ee6818f2-6ffa-4147-beed-103553f06e6c,2017-12-19,2017-12-20,cbb36d63-a6c4-474c-819b-203a5199ba81,f22f270a-6581-4dfc-99bf-ccafa6313f55,EFT,148202.54,ZAR,1.0,Prime Capital Bank,9441296783,PCB Customer,PAY987581071,Failed,2017-12-20,1,8.5,Fixed
18904493-0864-44e1-89e0-53709545e642,2021-08-05,2021-08-05,e1fd2535-42c6-463e-84ac-3d2fa55c1357,6b5beec5-7655-45d5-9fc4-e94ed71d1c64,Debit Order,120981.28,ZAR,1.0,Prime Capital Bank,2535349454,PCB Customer,PAY578860347,Pending,2021-08-05,0,0.0,None
2da3f326-6e0e-4ad9-845d-b64bf1c72eb7,2016-10-10,2016-10-11,fb96ea6f-09b4-47cd-9bb6-cb0b9ba39026,d7952e5b-22e9-4289-8b87-5a5b800bceb8,Debit Order,159216.34,ZAR,1.0,Prime Capital Bank,3882767769,PCB Customer,PAY958926122,Settled,2016-10-11,1,0.0,None
35f9455e-5f7d-44fa-8b90-fb8c10bcf979,2020-12-03,2020-12-03,f84582bd-160f-41e9-8e4c-01cea251f754,003af1b3-b305-48db-a5f5-1d44e1ec08c2,Internal,225688.52,ZAR,1.0,Prime Capital Bank,4249197072,PCB Customer,PAY221859139,Settled,2020-12-03,0,0.0,None
3b24f5d7-782a-4d99-a034-05cb447273e7,2017-08-30,2017-08-30,f8a4dc98-7a81-47c8-aaf2-082ae5b61c61,0bb6e15a-198f-4130-ab4c-9b983c576dc5,RTGS,8752028.78,ZAR,1.0,Prime Capital Bank,4892915994,PCB Customer,PAY166766736,Settled,2017-08-30,0,17439.51,Percentage
bad64be5-4f90-4930-9964-58f5e600e048,2024-02-20,2024-02-21,0b8261fe-7e53-4268-91e6-a0bc2ca93b36,d3eaa91c-1214-441d-a281-0f3c971d81bb,EFT,81953.12,ZAR,1.0,Prime Capital Bank,8382101512,PCB Customer,PAY303892354,Settled,2024-02-21,1,0.0,None
7c76ca88-11b2-48e3-ada1-3253e99c282c,2021-11-25,2021-11-27,61097e07-f0be-4f4c-955c-a08d7dbfaed8,EXTERNAL,EFT,124098.94,ZAR,1.0,TymeBank,6548289615,Mrs Amy Morris,PAY629078488,Settled,2021-11-27,2,100.0,Fixed
633de411-250c-4c0f-a3da-74c75716e867,2021-12-31,2022-01-02,7441a3e4-9a95-4105-a69e-4a6cf3ce06ac,EXTERNAL,EFT,24050.1,EUR,19.414,Standard Bank,2551188334,Joel Clarke,PAY300486071,Settled,2022-01-02,2,8.5,Fixed
3533e26f-d4d8-4c03-828f-d56365fcfd89,2018-05-02,2018-05-02,33d77070-0a5a-4a6e-9799-b1e9904fc3fc,e9abe7d2-8526-4438-a0b1-7cbfc8f7739f,EFT,162861.66,ZAR,1.0,Prime Capital Bank,5933645448,PCB Customer,PAY560059951,Settled,2018-05-02,0,0.0,None
bef1fc7a-186a-4e22-b62a-047e7b462ce6,2023-11-26,2023-11-29,f6f0cc9d-b5ab-4fc7-ae4d-3cd189c84d60,EXTERNAL,SWIFT,116815.61,ZAR,1.0,FNB,5472850848,Mnumzane SimphiweyiNkosi Mgwaba,PAY488816065,Settled,2023-11-29,3,189.7,Percentage
3667f56e-6b89-4cf2-bb0b-0366417c401d,2015-05-18,2015-05-18,8cf91523-cc24-4fa9-a1dc-159a385b5f9c,ca6f0837-cff2-4643-bc06-57c3d0361a09,Internal,378304.14,ZAR,1.0,Prime Capital Bank,9801787009,PCB Customer,PAY951422054,Settled,2015-05-18,0,1161.92,Percentage
86fec1a0-d4e3-4244-b6c4-fd2c87b41fe1,2021-06-05,2021-06-05,52285b09-d17e-485f-9900-f7c63a08ff38,74030f55-1393-4735-907e-5847ae9fd180,RTGS,3846409.53,ZAR,1.0,Prime Capital Bank,1660131919,PCB Customer,PAY804401904,Settled,2021-06-05,0,100.0,Fixed
1099946e-2811-4987-832a-c9b8ea9626ce,2017-11-17,2017-11-17,c248f431-cc97-47a5-a7f1-a519c58e22b7,6c10029b-f59e-4a46-b6ee-bb19658e7fee,Debit Order,21461.04,ZAR,1.0,Prime Capital Bank,4104292484,PCB Customer,PAY776982965,Settled,2017-11-17,0,0.0,None
2b4b02e0-2de5-4640-bbad-754c802dcd62,2021-01-15,2021-01-17,0ecc67af-1b40-40ac-a95b-c2a6337a3166,EXTERNAL,EFT,85739.58,ZAR,1.0,Standard Bank,3631253779,Dr. Luyanda Ncusi,PAY293699509,Settled,2021-01-17,2,100.0,Fixed
a987956e-b63f-4803-9f67-0078391a3421,2020-06-27,2020-06-28,ce3ed42b-e963-4fe0-8d3d-0286058d5db6,EXTERNAL,EFT,38800.99,ZAR,1.0,Investec,2710968098,Mathew Wallace-Davies,PAY918627094,Settled,2020-06-28,1,25.0,Fixed
840708f9-6a41-439b-8f8d-bf41a651dcf9,2016-11-29,2016-11-29,269882de-edc5-44f8-946b-bb4c37f46f1e,bc8b522c-e440-4d82-a4c9-19e485061fb7,RTGS,6988676.94,ZAR,1.0,Prime Capital Bank,8778658148,PCB Customer,PAY939440241,Settled,2016-11-29,0,0.0,None
c882b65a-12b9-44e1-8e3f-ba329971f774,2015-02-07,2015-02-08,9ba100f8-e900-4121-ac8c-1538548f2e45,2c9783b0-6e35-477f-b739-ea30011bdf7f,EFT,110108.71,ZAR,1.0,Prime Capital Bank,2135831237,PCB Customer,PAY729254873,Settled,2015-02-08,1,50.0,Fixed
e147d77d-4fe3-4f40-a866-1edce31612ca,2024-01-04,2024-01-04,ff5f57bf-03f1-4204-9141-62cc07037762,b3dbbf39-5550-42f3-b00d-7a5655610449,Internal,101218.55,ZAR,1.0,Prime Capital Bank,7719044409,PCB Customer,PAY562818037,Settled,2024-01-04,0,0.0,None
3990b0ae-722e-4787-8739-7a1534db8552,2017-01-09,2017-01-10,92a046f8-4777-4db8-933a-d53d00eddcb4,74030f55-1393-4735-907e-5847ae9fd180,Debit Order,113104.18,ZAR,1.0,Prime Capital Bank,1660131919,PCB Customer,PAY793139314,Returned,2017-01-10,1,559.16,Percentage
3c6e18ee-8ab1-41bc-b13a-20f4acfc5e50,2022-07-10,2022-07-10,6ac5e55c-dbd1-4a67-988d-1f6ac6160dca,5535c015-162e-4d7c-a9ae-4db5bfe0112f,RTGS,4178599.16,ZAR,1.0,Prime Capital Bank,1226747793,PCB Customer,PAY505739931,Settled,2022-07-10,0,10633.74,Percentage
3e91bdcd-3108-4e8b-b34d-690156fec828,2023-12-11,2023-12-12,cbb0b5b8-4767-4e6c-9616-a09c3be594a3,EXTERNAL,EFT,92095.02,ZAR,1.0,FNB,6953562855,Nomcebo Thabethe,PAY650325227,Settled,2023-12-12,1,386.72,Percentage
c2534fd7-1386-4e39-9823-d4ade70fa622,2016-07-15,2016-07-17,2e72bfad-8c73-4837-ab65-169bbeebbb9f,EXTERNAL,EFT,9273.33,ZAR,1.0,Standard Bank,8859645279,Victor Webb,PAY886323001,Settled,2016-07-17,2,0.0,None
ce48d8c6-bc4a-4504-a902-17fe7bead3a4,2016-12-19,2016-12-21,92a046f8-4777-4db8-933a-d53d00eddcb4,f204a453-cbb5-46ea-83bd-0d60fa26cc40,EFT,118455.23,ZAR,1.0,Prime Capital Bank,5170693360,PCB Customer,PAY151073618,Settled,2016-12-21,2,50.0,Fixed
346e2518-273c-4bcc-86d6-870d1d6854cd,2022-07-23,2022-07-25,7f5dab67-b585-4ec0-b9ab-df67bb40df69,dc58b5df-8dd9-45f3-a3fa-293fcda39da2,Debit Order,190764.57,ZAR,1.0,Prime Capital Bank,8588977843,PCB Customer,PAY983693062,Settled,2022-07-25,2,100.0,Fixed
4e1cb6e5-14e4-4379-a0cf-e4848901fa49,2019-05-19,2019-05-19,586fb80b-c9a6-4c7a-9cb3-93a45cef0412,e359b684-d8d2-45f3-a239-ad1fb5e4b423,RTGS,4919057.79,ZAR,1.0,Prime Capital Bank,7206838509,PCB Customer,PAY812930440,Returned,2019-05-19,0,8036.86,Percentage
c55a824d-cc8f-45c5-b73d-e4b98c27f10f,2017-04-19,2017-04-20,d4e2b804-4352-4b16-809b-e6476f4e4431,EXTERNAL,EFT,198134.98,USD,17.9175,Standard Bank,8454600013,Mr Gerard Jones,PAY792399452,Settled,2017-04-20,1,536.99,Percentage
18bd8e55-340e-405d-928c-86ecdf87848b,2017-10-22,2017-10-24,1d4f3525-bb8c-4d17-a6b3-61bc302120f7,EXTERNAL,EFT,15341.07,ZAR,1.0,Absa,7609932548,SimphiweyiNkosi Nhlabathi,PAY701041371,Settled,2017-10-24,2,25.0,Fixed
7bac036f-15d8-4334-887b-0169c14f81b0,2023-12-07,2023-12-08,bd6dafa4-1ee7-41b1-a438-bfd1f057a829,EXTERNAL,EFT,58893.74,ZAR,1.0,FNB,3727879661,Mr. Mzamo Mageba,PAY856659530,Settled,2023-12-08,1,0.0,None
42d1f932-3591-46cc-841b-449844303fe4,2022-07-20,2022-07-20,d7196166-a0cf-44ed-8497-cfac246d10f3,df09270a-820a-466a-bf70-721bb00f6850,Internal,345180.99,ZAR,1.0,Prime Capital Bank,9423722534,PCB Customer,PAY137439817,Settled,2022-07-20,0,0.0,None
f81d402f-424f-4103-8ec6-7a31c0a2d761,2020-06-22,2020-06-22,55e0075a-a469-496e-be56-a1e83e8fdeb5,856c1dc5-a037-485d-88c6-a65ea96f1acb,Debit Order,82489.46,ZAR,1.0,Prime Capital Bank,1115301818,PCB Customer,PAY266527063,Settled,2020-06-22,0,110.82,Percentage
350cb029-a87f-4106-af0d-c759ed833214,2020-06-25,2020-06-25,8cb656d7-af53-4513-a412-e985488dcbdb,a6235eb3-fb7d-4905-a0ac-f67bc3265630,RTGS,582308.74,USD,17.8311,Prime Capital Bank,9966732169,PCB Customer,PAY235846629,Settled,2020-06-25,0,1152.28,Percentage
438d13d7-ca4c-4dbc-a12c-c9b3e82cd813,2021-11-17,2021-11-17,52a4cc24-f574-4f97-8a7f-81182feb1bca,6337e401-ee1e-46e7-a310-5122c77e818b,Internal,170979.9,ZAR,1.0,Prime Capital Bank,4938469976,PCB Customer,PAY133761617,Settled,2021-11-17,0,0.0,None
0fb896bb-df4b-4b61-b30e-d944204593ca,2018-01-19,2018-01-20,dc5b2b0b-85f1-4cae-b95e-78cf23cb9332,f054277b-abd0-4325-b924-9dd3814c1fe4,EFT,174797.49,ZAR,1.0,Prime Capital Bank,8262907193,PCB Customer,PAY862795262,Settled,2018-01-20,1,257.47,Percentage
9d283f62-543a-439e-814d-6384196cc58a,2023-08-21,2023-08-23,1b839f8d-3b1e-44c9-8ad9-8c0d50ba111a,c0827e85-09a5-445b-ae55-0b490d49eeb5,Debit Order,42989.76,GBP,22.2121,Prime Capital Bank,7012978720,PCB Customer,PAY792881532,Settled,2023-08-23,2,0.0,None
6f620b4a-aac9-49fe-a0c8-71fa62e4d36b,2019-03-15,2019-03-15,e3a56fa6-1a41-40b0-94ec-2890340e6697,afe10e8e-e849-4a43-8880-0f7096c37c84,RTGS,6488412.44,ZAR,1.0,Prime Capital Bank,4239911168,PCB Customer,PAY959333136,Recalled,2019-03-15,0,15.0,Fixed
ac922286-08bd-40d6-aedb-71259cd57442,2018-10-30,2018-11-01,7d1f5647-09de-436e-ade7-93be89c4e43f,EXTERNAL,EFT,24278.11,ZAR,1.0,Nedbank,3856074224,Patrick Richards,PAY492083900,Settled,2018-11-01,2,15.0,Fixed
a9b2acce-dec8-4bd9-a425-1793afee60ae,2016-11-28,2016-11-28,f941003f-6ee8-444d-a05b-1e24523a0b8a,ca835f36-8814-405c-bb07-3420c94585a6,RTGS,1791564.13,ZAR,1.0,Prime Capital Bank,6940246930,PCB Customer,PAY160185602,Settled,2016-11-28,0,100.0,Fixed
eac2de52-7b8d-485d-8d96-10bbbc105fa0,2023-07-07,2023-07-09,20345fae-2119-46cf-939e-36d1bbbc3fe4,EXTERNAL,EFT,90459.27,ZAR,1.0,Absa,4168842103,Dr Charles Hall,PAY215501163,Settled,2023-07-09,2,0.0,None
90b41d68-2ecc-4535-8cc5-4001f20eca59,2020-01-23,2020-01-23,ac891fac-ea58-426b-b445-2551f5661fd5,d9e00ed1-bace-43da-85fa-1b4cc5bee7f2,Payroll,54254.89,ZAR,1.0,Prime Capital Bank,7628087488,PCB Customer,PAY903949413,Settled,2020-01-23,0,0.0,None
5cf2283b-72bc-457f-8848-8eb7f13d5056,2018-08-22,2018-08-23,e59511b1-91f2-4ffa-bdaf-5af4e080d606,EXTERNAL,EFT,4402.23,ZAR,1.0,Discovery Bank,1004483143,Dr Ashley Griffiths,PAY848852277,Settled,2018-08-23,1,12.39,Percentage
99177c62-7755-4c75-a944-57087d6024cd,2024-09-20,2024-09-22,7f0e17af-0739-4098-a228-88ef6bbcdbde,4eb75a7d-5200-41b3-8db6-264cb911ee70,Debit Order,175030.66,ZAR,1.0,Prime Capital Bank,4100296751,PCB Customer,PAY919050085,Settled,2024-09-22,2,25.0,Fixed
5bffc025-5f8a-4a16-a94f-58bf8e42657a,2019-10-10,2019-10-10,b3dbbf39-5550-42f3-b00d-7a5655610449,ff5f57bf-03f1-4204-9141-62cc07037762,Internal,56645.65,ZAR,1.0,Prime Capital Bank,5632271702,PCB Customer,PAY255856743,Settled,2019-10-10,0,0.0,None
9ba6ade7-2958-42a6-9cce-1b0932a490cd,2019-02-18,2019-02-18,1548c47b-bc81-4e5f-b221-ff7b6c016b8b,52e29695-d8da-4dd1-ad43-f44c9480490d,Internal,220316.92,ZAR,1.0,Prime Capital Bank,1930747963,PCB Customer,PAY456732470,Settled,2019-02-18,0,50.0,Fixed
be25bad0-efcc-4b3d-8a38-9835e5413eca,2024-06-02,2024-06-03,7efafa89-7245-41bf-a005-94ade825a2e3,EXTERNAL,EFT,165162.31,ZAR,1.0,TymeBank,3759458441,Nomusa Nkosi,PAY276318135,Settled,2024-06-03,1,100.0,Fixed
df5c0a7b-411c-43d5-9687-73c64c8c8f02,2017-11-28,2017-11-30,316bf90c-9610-4a00-a145-35be50706245,dc2c0e67-900f-4508-ae75-ebcb44ab3e5c,EFT,113282.84,ZAR,1.0,Prime Capital Bank,7044182517,PCB Customer,PAY226559696,Settled,2017-11-30,2,127.87,Percentage
1ecae187-2292-4b27-8570-105c6e2f87c9,2020-04-24,2020-04-26,bc8b522c-e440-4d82-a4c9-19e485061fb7,9786f744-a540-44dc-b5dd-896b308c61d7,EFT,18123.16,ZAR,1.0,Prime Capital Bank,2179647263,PCB Customer,PAY696630702,Settled,2020-04-26,2,62.59,Percentage
