portfolio_id,customer_id,mandate,risk_profile,account_type,benchmark,currency,inception_date,adviser_id,province,reg28_regulated,fee_bps,market_value_zar
PF00001,CUST486253,Aggressive Equity,Aggressive,Retirement Annuity,SWIX,ZAR,2015-03-16,ADV006,Western Cape,1,120,34827952.29
PF00002,CUST094089,Conservative Income,Conservative,Pension Fund,ALBI,ZAR,2016-08-17,ADV008,Gauteng,1,70,40961003.55
PF00003,CUST140694,Money Market,Conservative,Retirement Annuity,STeFI,ZAR,2021-07-09,ADV014,KwaZulu-Natal,1,35,7960090.18
PF00004,CUST405975,Conservative Income,Conservative,Living Annuity,ALBI,ZAR,2016-01-24,ADV022,Gauteng,1,70,4499040.01
PF00005,CUST405962,Money Market,Conservative,Retirement Annuity,STeFI,ZAR,2023-12-20,ADV026,Gauteng,1,35,3044467.11
PF00006,CUST404492,Conservative Income,Conservative,Pension Fund,ALBI,ZAR,2024-02-11,ADV019,Gauteng,1,70,115101000.39
PF00007,CUST413830,Property Focus,Moderate,Living Annuity,SAPY,ZAR,2022-06-17,ADV005,Gauteng,0,100,14531435.48
PF00008,CUST494483,Conservative Income,Conservative,Living Annuity,ALBI,ZAR,2018-01-12,ADV015,Western Cape,1,70,2026788.21
PF00009,CUST312630,Balanced Growth,Moderate,Retirement Annuity,ALSI,ZAR,2023-03-22,ADV027,North West,1,95,19728676.27
PF00010,CUST386938,Offshore Feeder,Aggressive,Retirement Annuity,MSCI World,ZAR,2023-04-17,ADV014,KwaZulu-Natal,1,105,24415048.72
PF00011,CUST405548,Offshore Feeder,Aggressive,Pension Fund,MSCI World,ZAR,2020-06-13,ADV007,Gauteng,1,105,55118846.83
PF00012,CUST062272,Conservative Income,Conservative,Living Annuity,ALBI,ZAR,2019-04-27,ADV028,Western Cape,1,70,4044542.66
PF00013,CUST054081,Property Focus,Moderate,Pension Fund,SAPY,ZAR,2021-03-28,ADV018,Mpumalanga,1,100,61632901.82
PF00014,CUST431466,Aggressive Equity,Aggressive,Pension Fund,SWIX,ZAR,2021-05-01,ADV024,Gauteng,1,120,1383865.04
PF00015,CUST404488,Absolute Return,Moderate,Pension Fund,STeFI + 4%,ZAR,2015-06-30,ADV011,Gauteng,1,110,11887399.27
PF00016,CUST134918,Conservative Income,Conservative,Discretionary,ALBI,ZAR,2017-04-27,ADV022,Western Cape,1,70,49412783.88
PF00017,CUST135517,Offshore Feeder,Aggressive,Living Annuity,MSCI World,ZAR,2018-10-09,ADV025,Gauteng,0,105,6533413.18
PF00018,CUST192956,Conservative Income,Conservative,Discretionary,ALBI,ZAR,2022-12-07,ADV028,Western Cape,1,70,3945985.34
PF00019,CUST357139,Money Market,Conservative,Tax-Free Savings,STeFI,ZAR,2016-07-07,ADV008,Gauteng,0,35,4880610.54
PF00020,CUST258239,Aggressive Equity,Aggressive,Living Annuity,SWIX,ZAR,2021-11-28,ADV026,Gauteng,1,120,25295451.43
PF00021,CUST279762,Balanced Growth,Moderate,Discretionary,ALSI,ZAR,2018-10-25,ADV011,Western Cape,1,95,804069.1
PF00022,CUST336287,Balanced Growth,Moderate,Discretionary,ALSI,ZAR,2017-10-06,ADV025,Free State,1,95,9206421.23
PF00023,CUST295007,Money Market,Conservative,Living Annuity,STeFI,ZAR,2022-05-29,ADV028,KwaZulu-Natal,0,35,5187631.49
PF00024,CUST297941,Property Focus,Moderate,Discretionary,SAPY,ZAR,2016-12-25,ADV028,Mpumalanga,0,100,29098112.62
PF00025,CUST211642,Offshore Feeder,Aggressive,Discretionary,MSCI World,ZAR,2017-10-17,ADV025,Gauteng,0,105,19223054.85
PF00026,CUST057476,Money Market,Conservative,Tax-Free Savings,STeFI,ZAR,2016-03-12,ADV025,Gauteng,0,35,29040582.35
PF00027,CUST268596,Conservative Income,Conservative,Retirement Annuity,ALBI,ZAR,2017-12-23,ADV026,North West,1,70,24429743.8
PF00028,CUST146058,Absolute Return,Moderate,Endowment,STeFI + 4%,ZAR,2022-02-10,ADV017,Western Cape,1,110,613799.34
PF00029,CUST319767,Money Market,Conservative,Discretionary,STeFI,ZAR,2023-07-07,ADV016,Western Cape,0,35,4168492.7
PF00030,CUST119889,Property Focus,Moderate,Tax-Free Savings,SAPY,ZAR,2016-11-26,ADV015,Mpumalanga,0,100,14480138.96
PF00031,CUST452317,Property Focus,Moderate,Discretionary,SAPY,ZAR,2016-11-20,ADV010,Gauteng,0,100,114876272.42
PF00032,CUST179773,Conservative Income,Conservative,Living Annuity,ALBI,ZAR,2018-09-30,ADV022,Mpumalanga,1,70,5660963.13
PF00033,CUST107553,Property Focus,Moderate,Discretionary,SAPY,ZAR,2024-11-28,ADV023,Gauteng,0,100,6073862.0
PF00034,CUST041663,Money Market,Conservative,Discretionary,STeFI,ZAR,2018-06-22,ADV027,Gauteng,0,35,2611239.26
PF00035,CUST376110,Property Focus,Moderate,Discretionary,SAPY,ZAR,2015-08-24,ADV006,Limpopo,0,100,2630975.96
PF00036,CUST476551,Balanced Growth,Moderate,Tax-Free Savings,ALSI,ZAR,2017-07-28,ADV015,Gauteng,1,95,16001481.0
PF00037,CUST440475,Offshore Feeder,Aggressive,Discretionary,MSCI World,ZAR,2022-03-20,ADV012,KwaZulu-Natal,0,105,6952092.01
PF00038,CUST415716,Absolute Return,Moderate,Retirement Annuity,STeFI + 4%,ZAR,2022-12-02,ADV018,KwaZulu-Natal,1,110,117316122.24
PF00039,CUST088517,Balanced Growth,Moderate,Retirement Annuity,ALSI,ZAR,2020-04-23,ADV027,Western Cape,1,95,1628766.23
PF00040,CUST326161,Absolute Return,Moderate,Pension Fund,STeFI + 4%,ZAR,2024-07-10,ADV002,Gauteng,1,110,17622030.44
PF00041,CUST017738,Conservative Income,Conservative,Tax-Free Savings,ALBI,ZAR,2015-09-13,ADV012,Gauteng,1,70,18521910.45
PF00042,CUST267156,Offshore Feeder,Aggressive,Discretionary,MSCI World,ZAR,2024-08-07,ADV016,Gauteng,0,105,32139629.14
PF00043,CUST075127,Absolute Return,Moderate,Retirement Annuity,STeFI + 4%,ZAR,2022-01-01,ADV027,Gauteng,1,110,3297563.55
PF00044,CUST151990,Money Market,Conservative,Living Annuity,STeFI,ZAR,2018-09-08,ADV022,Mpumalanga,0,35,7962015.1
PF00045,CUST004673,Absolute Return,Moderate,Retirement Annuity,STeFI + 4%,ZAR,2015-02-10,ADV011,Gauteng,1,110,13141763.46
PF00046,CUST444892,Aggressive Equity,Aggressive,Retirement Annuity,SWIX,ZAR,2024-10-02,ADV002,Eastern Cape,1,120,2923924.04
PF00047,CUST300886,Offshore Feeder,Aggressive,Pension Fund,MSCI World,ZAR,2015-06-10,ADV019,Western Cape,1,105,22449888.88
PF00048,CUST078587,Property Focus,Moderate,Discretionary,SAPY,ZAR,2023-07-11,ADV014,Eastern Cape,0,100,35163730.81
PF00049,CUST261133,Property Focus,Moderate,Retirement Annuity,SAPY,ZAR,2019-06-23,ADV022,Mpumalanga,1,100,45599332.01
PF00050,CUST431829,Property Focus,Moderate,Pension Fund,SAPY,ZAR,2018-11-14,ADV022,Mpumalanga,1,100,5586211.58
PF00051,CUST460862,Aggressive Equity,Aggressive,Pension Fund,SWIX,ZAR,2023-05-15,ADV007,KwaZulu-Natal,1,120,18539640.91
PF00052,CUST317644,Conservative Income,Conservative,Retirement Annuity,ALBI,ZAR,2018-09-07,ADV026,Limpopo,1,70,22322386.73
PF00053,CUST493165,Aggressive Equity,Aggressive,Tax-Free Savings,SWIX,ZAR,2019-09-22,ADV007,Western Cape,1,120,2684970.03
PF00054,CUST242045,Absolute Return,Moderate,Retirement Annuity,STeFI + 4%,ZAR,2020-12-02,ADV006,Western Cape,1,110,2953565.65
PF00055,CUST301226,Conservative Income,Conservative,Pension Fund,ALBI,ZAR,2023-11-19,ADV016,Free State,1,70,4795284.18
PF00056,CUST341819,Balanced Growth,Moderate,Discretionary,ALSI,ZAR,2023-06-19,ADV006,Eastern Cape,1,95,2164121.5
PF00057,CUST386772,Aggressive Equity,Aggressive,Discretionary,SWIX,ZAR,2018-11-18,ADV022,Free State,1,120,4887010.06
PF00058,CUST292441,Property Focus,Moderate,Discretionary,SAPY,ZAR,2017-09-04,ADV012,North West,0,100,44903241.15
PF00059,CUST211486,Absolute Return,Moderate,Endowment,STeFI + 4%,ZAR,2017-09-04,ADV006,Gauteng,1,110,859350.07
PF00060,CUST230551,Money Market,Conservative,Discretionary,STeFI,ZAR,2016-08-03,ADV015,KwaZulu-Natal,0,35,10448959.11
PF00061,CUST019285,Property Focus,Moderate,Discretionary,SAPY,ZAR,2025-12-12,ADV017,Gauteng,0,100,13502168.06
PF00062,CUST211747,Absolute Return,Moderate,Retirement Annuity,STeFI + 4%,ZAR,2024-03-31,ADV002,Western Cape,1,110,1031173.55
PF00063,CUST422852,Aggressive Equity,Aggressive,Tax-Free Savings,SWIX,ZAR,2017-08-15,ADV028,Gauteng,1,120,2282235.32
PF00064,CUST291205,Aggressive Equity,Aggressive,Living Annuity,SWIX,ZAR,2015-02-01,ADV006,Gauteng,1,120,21839397.85
PF00065,CUST068892,Absolute Return,Moderate,Tax-Free Savings,STeFI + 4%,ZAR,2022-08-08,ADV028,Western Cape,1,110,1061301.79
PF00066,CUST001192,Aggressive Equity,Aggressive,Pension Fund,SWIX,ZAR,2015-06-10,ADV002,North West,1,120,27334864.11
PF00067,CUST454483,Offshore Feeder,Aggressive,Discretionary,MSCI World,ZAR,2015-03-14,ADV005,North West,0,105,6964313.02
PF00068,CUST341891,Conservative Income,Conservative,Retirement Annuity,ALBI,ZAR,2015-04-16,ADV017,Gauteng,1,70,13948187.7
PF00069,CUST497669,Aggressive Equity,Aggressive,Retirement Annuity,SWIX,ZAR,2025-06-24,ADV012,North West,1,120,2195784.19
PF00070,CUST050821,Aggressive Equity,Aggressive,Retirement Annuity,SWIX,ZAR,2017-08-13,ADV022,Gauteng,1,120,143892881.25
PF00071,CUST054026,Offshore Feeder,Aggressive,Pension Fund,MSCI World,ZAR,2017-06-24,ADV022,KwaZulu-Natal,1,105,6135739.02
PF00072,CUST469316,Balanced Growth,Moderate,Discretionary,ALSI,ZAR,2015-06-21,ADV015,Free State,1,95,2022596.8
PF00073,CUST398784,Balanced Growth,Moderate,Discretionary,ALSI,ZAR,2017-12-01,ADV028,Gauteng,1,95,6385844.53
PF00074,CUST034239,Aggressive Equity,Aggressive,Discretionary,SWIX,ZAR,2022-05-22,ADV001,Gauteng,1,120,18768105.66
PF00075,CUST146594,Balanced Growth,Moderate,Living Annuity,ALSI,ZAR,2020-06-07,ADV014,Western Cape,1,95,8610119.94
PF00076,CUST375873,Conservative Income,Conservative,Discretionary,ALBI,ZAR,2016-02-16,ADV001,Gauteng,1,70,7338793.51
PF00077,CUST475711,Money Market,Conservative,Living Annuity,STeFI,ZAR,2016-08-24,ADV014,KwaZulu-Natal,0,35,5610357.96
PF00078,CUST296328,Absolute Return,Moderate,Discretionary,STeFI + 4%,ZAR,2022-02-12,ADV018,Gauteng,1,110,24090414.16
PF00079,CUST041895,Property Focus,Moderate,Discretionary,SAPY,ZAR,2025-05-26,ADV013,Northern Cape,0,100,13835921.58
PF00080,CUST076083,Aggressive Equity,Aggressive,Endowment,SWIX,ZAR,2022-02-02,ADV028,Western Cape,1,120,11183015.01
PF00081,CUST404617,Property Focus,Moderate,Retirement Annuity,SAPY,ZAR,2019-04-17,ADV023,Western Cape,1,100,13537489.46
PF00082,CUST255779,Property Focus,Moderate,Living Annuity,SAPY,ZAR,2015-05-06,ADV019,Gauteng,0,100,14759597.99
PF00083,CUST477002,Property Focus,Moderate,Discretionary,SAPY,ZAR,2022-07-08,ADV020,Mpumalanga,0,100,6448947.19
PF00084,CUST254197,Offshore Feeder,Aggressive,Retirement Annuity,MSCI World,ZAR,2017-01-18,ADV017,Gauteng,1,105,5319421.09
PF00085,CUST055726,Offshore Feeder,Aggressive,Discretionary,MSCI World,ZAR,2021-05-20,ADV015,Western Cape,0,105,10777880.2
PF00086,CUST411426,Aggressive Equity,Aggressive,Discretionary,SWIX,ZAR,2018-12-18,ADV020,Gauteng,1,120,71432625.83
PF00087,CUST142398,Aggressive Equity,Aggressive,Discretionary,SWIX,ZAR,2022-07-15,ADV015,KwaZulu-Natal,1,120,3039230.32
PF00088,CUST215705,Offshore Feeder,Aggressive,Discretionary,MSCI World,ZAR,2025-08-01,ADV009,Gauteng,0,105,23348792.83
PF00089,CUST223857,Balanced Growth,Moderate,Pension Fund,ALSI,ZAR,2016-12-30,ADV007,Gauteng,1,95,864507.75
PF00090,CUST482400,Balanced Growth,Moderate,Endowment,ALSI,ZAR,2023-02-03,ADV004,Western Cape,1,95,30465853.32
PF00091,CUST041065,Money Market,Conservative,Retirement Annuity,STeFI,ZAR,2024-12-15,ADV026,Gauteng,1,35,27058324.59
PF00092,CUST175911,Conservative Income,Conservative,Retirement Annuity,ALBI,ZAR,2018-12-27,ADV001,Eastern Cape,1,70,34227928.44
PF00093,CUST171156,Conservative Income,Conservative,Living Annuity,ALBI,ZAR,2016-09-09,ADV019,Gauteng,1,70,434040.6
PF00094,CUST064862,Property Focus,Moderate,Tax-Free Savings,SAPY,ZAR,2022-08-17,ADV011,Limpopo,0,100,8794253.13
PF00095,CUST239648,Balanced Growth,Moderate,Endowment,ALSI,ZAR,2015-07-23,ADV006,Gauteng,1,95,16674311.49
PF00096,CUST101720,Money Market,Conservative,Living Annuity,STeFI,ZAR,2021-12-18,ADV022,Western Cape,0,35,10458046.56
PF00097,CUST456862,Absolute Return,Moderate,Retirement Annuity,STeFI + 4%,ZAR,2021-08-13,ADV013,Western Cape,1,110,6377583.64
PF00098,CUST330338,Absolute Return,Moderate,Discretionary,STeFI + 4%,ZAR,2015-03-20,ADV023,Western Cape,1,110,9130404.1
PF00099,CUST178078,Balanced Growth,Moderate,Retirement Annuity,ALSI,ZAR,2017-07-13,ADV004,Eastern Cape,1,95,3324551.03
PF00100,CUST083952,Conservative Income,Conservative,Living Annuity,ALBI,ZAR,2020-12-19,ADV004,Western Cape,1,70,27359116.71
PF00101,CUST120690,Absolute Return,Moderate,Discretionary,STeFI + 4%,ZAR,2022-11-11,ADV020,Gauteng,1,110,802354.95
PF00102,CUST137736,Absolute Return,Moderate,Retirement Annuity,STeFI + 4%,ZAR,2016-02-23,ADV002,Western Cape,1,110,6794021.13
PF00103,CUST201066,Property Focus,Moderate,Endowment,SAPY,ZAR,2016-01-06,ADV004,Gauteng,0,100,3474544.77
PF00104,CUST492577,Property Focus,Moderate,Tax-Free Savings,SAPY,ZAR,2017-05-19,ADV026,KwaZulu-Natal,0,100,9294324.52
PF00105,CUST476090,Conservative Income,Conservative,Retirement Annuity,ALBI,ZAR,2025-05-04,ADV022,Gauteng,1,70,2814948.78
PF00106,CUST002022,Aggressive Equity,Aggressive,Discretionary,SWIX,ZAR,2016-04-23,ADV015,Gauteng,1,120,12119714.26
PF00107,CUST380737,Money Market,Conservative,Retirement Annuity,STeFI,ZAR,2023-04-19,ADV020,Western Cape,1,35,30997813.13
PF00108,CUST239784,Balanced Growth,Moderate,Discretionary,ALSI,ZAR,2021-11-13,ADV020,Gauteng,1,95,2353477.38
PF00109,CUST483847,Balanced Growth,Moderate,Pension Fund,ALSI,ZAR,2024-09-06,ADV005,Mpumalanga,1,95,2682979.32
PF00110,CUST465467,Absolute Return,Moderate,Retirement Annuity,STeFI + 4%,ZAR,2021-04-24,ADV021,Gauteng,1,110,12706417.47
PF00111,CUST203264,Property Focus,Moderate,Pension Fund,SAPY,ZAR,2018-04-04,ADV015,Gauteng,1,100,9870258.14
PF00112,CUST459945,Absolute Return,Moderate,Tax-Free Savings,STeFI + 4%,ZAR,2019-09-26,ADV014,Limpopo,1,110,3293675.67
PF00113,CUST372647,Aggressive Equity,Aggressive,Living Annuity,SWIX,ZAR,2024-03-06,ADV005,Mpumalanga,1,120,19670273.21
PF00114,CUST438078,Absolute Return,Moderate,Retirement Annuity,STeFI + 4%,ZAR,2015-12-09,ADV019,Free State,1,110,66935206.29
PF00115,CUST246712,Money Market,Conservative,Tax-Free Savings,STeFI,ZAR,2020-05-18,ADV006,Western Cape,0,35,3094667.53
PF00116,CUST441456,Conservative Income,Conservative,Pension Fund,ALBI,ZAR,2024-10-14,ADV026,Gauteng,1,70,2494211.47
PF00117,CUST265002,Absolute Return,Moderate,Retirement Annuity,STeFI + 4%,ZAR,2019-02-17,ADV010,Western Cape,1,110,10167537.0
PF00118,CUST192663,Absolute Return,Moderate,Retirement Annuity,STeFI + 4%,ZAR,2019-11-21,ADV023,KwaZulu-Natal,1,110,3232731.62
PF00119,CUST224308,Conservative Income,Conservative,Discretionary,ALBI,ZAR,2019-08-20,ADV003,KwaZulu-Natal,1,70,6391201.4
PF00120,CUST081441,Property Focus,Moderate,Retirement Annuity,SAPY,ZAR,2016-11-14,ADV001,Northern Cape,1,100,5904146.09
PF00121,CUST325249,Aggressive Equity,Aggressive,Tax-Free Savings,SWIX,ZAR,2023-11-22,ADV022,Eastern Cape,1,120,4267722.98
PF00122,CUST487529,Offshore Feeder,Aggressive,Discretionary,MSCI World,ZAR,2022-03-01,ADV013,Western Cape,0,105,12758871.79
PF00123,CUST175765,Offshore Feeder,Aggressive,Discretionary,MSCI World,ZAR,2015-03-09,ADV017,Gauteng,0,105,7385537.65
PF00124,CUST204800,Absolute Return,Moderate,Discretionary,STeFI + 4%,ZAR,2022-08-23,ADV012,KwaZulu-Natal,1,110,2722892.79
PF00125,CUST193902,Absolute Return,Moderate,Living Annuity,STeFI + 4%,ZAR,2019-08-07,ADV016,KwaZulu-Natal,1,110,10355384.96
PF00126,CUST123164,Money Market,Conservative,Discretionary,STeFI,ZAR,2023-09-23,ADV023,Gauteng,0,35,6093433.94
PF00127,CUST232640,Aggressive Equity,Aggressive,Retirement Annuity,SWIX,ZAR,2024-06-23,ADV007,Gauteng,1,120,10772573.79
PF00128,CUST043302,Conservative Income,Conservative,Retirement Annuity,ALBI,ZAR,2015-02-25,ADV001,Limpopo,1,70,7279799.73
PF00129,CUST343983,Property Focus,Moderate,Retirement Annuity,SAPY,ZAR,2019-09-11,ADV005,Limpopo,1,100,10614962.79
PF00130,CUST014962,Money Market,Conservative,Living Annuity,STeFI,ZAR,2016-04-12,ADV015,Gauteng,0,35,32805962.74
PF00131,CUST204021,Property Focus,Moderate,Pension Fund,SAPY,ZAR,2020-01-14,ADV026,Western Cape,1,100,3314885.81
PF00132,CUST258548,Absolute Return,Moderate,Discretionary,STeFI + 4%,ZAR,2022-07-07,ADV016,Western Cape,1,110,6617157.33
PF00133,CUST160022,Balanced Growth,Moderate,Tax-Free Savings,ALSI,ZAR,2025-06-22,ADV011,Northern Cape,1,95,1172377.1
PF00134,CUST229783,Money Market,Conservative,Endowment,STeFI,ZAR,2017-11-28,ADV003,Gauteng,0,35,18877629.41
PF00135,CUST280649,Offshore Feeder,Aggressive,Retirement Annuity,MSCI World,ZAR,2025-12-06,ADV003,Gauteng,1,105,22007926.68
PF00136,CUST239747,Money Market,Conservative,Living Annuity,STeFI,ZAR,2017-11-05,ADV022,Free State,0,35,15298080.71
PF00137,CUST459605,Property Focus,Moderate,Discretionary,SAPY,ZAR,2021-02-03,ADV023,North West,0,100,8487796.94
PF00138,CUST387701,Property Focus,Moderate,Retirement Annuity,SAPY,ZAR,2018-01-30,ADV025,Western Cape,1,100,3126718.83
PF00139,CUST202524,Offshore Feeder,Aggressive,Discretionary,MSCI World,ZAR,2017-05-01,ADV026,Gauteng,0,105,489458.58
PF00140,CUST058476,Aggressive Equity,Aggressive,Living Annuity,SWIX,ZAR,2017-10-28,ADV008,Western Cape,1,120,15312495.58
PF00141,CUST003389,Absolute Return,Moderate,Discretionary,STeFI + 4%,ZAR,2023-04-26,ADV023,Gauteng,1,110,11356231.27
PF00142,CUST047562,Offshore Feeder,Aggressive,Retirement Annuity,MSCI World,ZAR,2016-03-15,ADV002,Gauteng,1,105,18404695.33
PF00143,CUST177185,Aggressive Equity,Aggressive,Living Annuity,SWIX,ZAR,2024-05-20,ADV003,Gauteng,1,120,889514.12
PF00144,CUST047885,Balanced Growth,Moderate,Discretionary,ALSI,ZAR,2022-09-03,ADV007,Gauteng,1,95,3593357.37
PF00145,CUST011003,Balanced Growth,Moderate,Retirement Annuity,ALSI,ZAR,2024-02-06,ADV012,Gauteng,1,95,1051636.87
PF00146,CUST443496,Property Focus,Moderate,Discretionary,SAPY,ZAR,2015-06-06,ADV014,Western Cape,0,100,5686348.47
PF00147,CUST345388,Absolute Return,Moderate,Retirement Annuity,STeFI + 4%,ZAR,2020-08-17,ADV026,KwaZulu-Natal,1,110,5523532.92
PF00148,CUST066693,Offshore Feeder,Aggressive,Living Annuity,MSCI World,ZAR,2021-12-05,ADV015,Gauteng,0,105,2111991.03
PF00149,CUST387641,Aggressive Equity,Aggressive,Endowment,SWIX,ZAR,2025-02-06,ADV006,Gauteng,1,120,10386138.12
PF00150,CUST168341,Money Market,Conservative,Discretionary,STeFI,ZAR,2019-05-04,ADV001,Western Cape,0,35,15172071.88
PF00151,CUST498864,Absolute Return,Moderate,Discretionary,STeFI + 4%,ZAR,2017-10-17,ADV011,Gauteng,1,110,17754670.34
PF00152,CUST119183,Conservative Income,Conservative,Pension Fund,ALBI,ZAR,2021-05-05,ADV022,Gauteng,1,70,5525987.37
PF00153,CUST223901,Aggressive Equity,Aggressive,Retirement Annuity,SWIX,ZAR,2021-02-02,ADV025,Gauteng,1,120,17151079.48
PF00154,CUST305371,Aggressive Equity,Aggressive,Pension Fund,SWIX,ZAR,2019-08-30,ADV022,Western Cape,1,120,7113991.89
PF00155,CUST451505,Money Market,Conservative,Retirement Annuity,STeFI,ZAR,2020-07-18,ADV014,Mpumalanga,1,35,1161618.78
PF00156,CUST337847,Offshore Feeder,Aggressive,Discretionary,MSCI World,ZAR,2018-02-27,ADV025,Western Cape,0,105,2922411.33
PF00157,CUST056211,Absolute Return,Moderate,Living Annuity,STeFI + 4%,ZAR,2021-10-26,ADV022,Western Cape,1,110,3884810.28
PF00158,CUST021204,Offshore Feeder,Aggressive,Discretionary,MSCI World,ZAR,2016-10-29,ADV028,Western Cape,0,105,6204914.39
PF00159,CUST350572,Offshore Feeder,Aggressive,Pension Fund,MSCI World,ZAR,2022-04-26,ADV026,Western Cape,1,105,25317893.45
PF00160,CUST224072,Offshore Feeder,Aggressive,Retirement Annuity,MSCI World,ZAR,2022-10-29,ADV020,Free State,1,105,4807636.67
PF00161,CUST423951,Aggressive Equity,Aggressive,Living Annuity,SWIX,ZAR,2016-05-14,ADV013,Free State,1,120,15021362.26
PF00162,CUST491104,Offshore Feeder,Aggressive,Pension Fund,MSCI World,ZAR,2017-12-23,ADV003,Gauteng,1,105,3654983.85
PF00163,CUST195774,Aggressive Equity,Aggressive,Living Annuity,SWIX,ZAR,2019-09-28,ADV023,KwaZulu-Natal,1,120,1652062.09
PF00164,CUST085106,Money Market,Conservative,Discretionary,STeFI,ZAR,2018-11-21,ADV020,Gauteng,0,35,10606036.8
PF00165,CUST430624,Balanced Growth,Moderate,Pension Fund,ALSI,ZAR,2022-01-05,ADV006,Gauteng,1,95,3722570.22
PF00166,CUST250656,Balanced Growth,Moderate,Tax-Free Savings,ALSI,ZAR,2017-01-16,ADV015,KwaZulu-Natal,1,95,61968201.86
PF00167,CUST252396,Conservative Income,Conservative,Living Annuity,ALBI,ZAR,2018-08-06,ADV014,Mpumalanga,1,70,2718002.44
PF00168,CUST476184,Aggressive Equity,Aggressive,Tax-Free Savings,SWIX,ZAR,2021-04-17,ADV019,Western Cape,1,120,60831615.16
PF00169,CUST021393,Money Market,Conservative,Retirement Annuity,STeFI,ZAR,2022-11-29,ADV010,Free State,1,35,15204294.15
PF00170,CUST473986,Conservative Income,Conservative,Endowment,ALBI,ZAR,2020-06-19,ADV005,Gauteng,1,70,67137526.13
PF00171,CUST459161,Conservative Income,Conservative,Endowment,ALBI,ZAR,2022-10-23,ADV024,Western Cape,1,70,9409471.74
PF00172,CUST006763,Money Market,Conservative,Retirement Annuity,STeFI,ZAR,2016-10-22,ADV016,Gauteng,1,35,9683991.79
PF00173,CUST384732,Conservative Income,Conservative,Tax-Free Savings,ALBI,ZAR,2023-11-28,ADV014,Western Cape,1,70,32081117.12
PF00174,CUST091547,Property Focus,Moderate,Discretionary,SAPY,ZAR,2019-02-09,ADV024,Western Cape,0,100,24452305.16
PF00175,CUST435185,Aggressive Equity,Aggressive,Discretionary,SWIX,ZAR,2019-03-18,ADV016,Gauteng,1,120,6692784.08
PF00176,CUST392456,Absolute Return,Moderate,Living Annuity,STeFI + 4%,ZAR,2016-10-17,ADV025,Gauteng,1,110,261194350.18
PF00177,CUST191180,Balanced Growth,Moderate,Retirement Annuity,ALSI,ZAR,2018-07-24,ADV027,Gauteng,1,95,30083761.56
PF00178,CUST385276,Offshore Feeder,Aggressive,Pension Fund,MSCI World,ZAR,2024-02-05,ADV009,KwaZulu-Natal,1,105,340958342.38
PF00179,CUST128182,Property Focus,Moderate,Retirement Annuity,SAPY,ZAR,2021-03-03,ADV020,Gauteng,1,100,15906646.24
PF00180,CUST279665,Money Market,Conservative,Living Annuity,STeFI,ZAR,2015-02-23,ADV023,Gauteng,0,35,7650139.06
PF00181,CUST455113,Money Market,Conservative,Endowment,STeFI,ZAR,2019-10-09,ADV010,Gauteng,0,35,67474903.24
PF00182,CUST177199,Balanced Growth,Moderate,Tax-Free Savings,ALSI,ZAR,2019-06-20,ADV012,Eastern Cape,1,95,86374706.64
PF00183,CUST287081,Offshore Feeder,Aggressive,Retirement Annuity,MSCI World,ZAR,2017-01-22,ADV014,Mpumalanga,1,105,10980429.05
PF00184,CUST317839,Balanced Growth,Moderate,Discretionary,ALSI,ZAR,2020-10-29,ADV011,Gauteng,1,95,9252702.22
PF00185,CUST043767,Offshore Feeder,Aggressive,Pension Fund,MSCI World,ZAR,2016-05-06,ADV011,Eastern Cape,1,105,2122955.27
PF00186,CUST349133,Property Focus,Moderate,Retirement Annuity,SAPY,ZAR,2017-11-10,ADV004,Gauteng,1,100,7022120.37
PF00187,CUST193904,Conservative Income,Conservative,Discretionary,ALBI,ZAR,2024-04-20,ADV009,Eastern Cape,1,70,12993002.03
PF00188,CUST346114,Property Focus,Moderate,Living Annuity,SAPY,ZAR,2024-05-09,ADV027,Gauteng,0,100,2706249.69
PF00189,CUST452040,Balanced Growth,Moderate,Discretionary,ALSI,ZAR,2020-04-29,ADV006,Gauteng,1,95,14550068.73
PF00190,CUST391665,Conservative Income,Conservative,Tax-Free Savings,ALBI,ZAR,2023-11-17,ADV004,Gauteng,1,70,26039493.26
PF00191,CUST151422,Conservative Income,Conservative,Retirement Annuity,ALBI,ZAR,2024-08-26,ADV010,Gauteng,1,70,2165933.01
PF00192,CUST210808,Property Focus,Moderate,Pension Fund,SAPY,ZAR,2018-12-01,ADV023,Eastern Cape,1,100,172493.96
PF00193,CUST142341,Aggressive Equity,Aggressive,Retirement Annuity,SWIX,ZAR,2015-06-21,ADV027,Western Cape,1,120,15875125.95
PF00194,CUST279993,Offshore Feeder,Aggressive,Discretionary,MSCI World,ZAR,2021-04-13,ADV001,Western Cape,0,105,69709432.29
PF00195,CUST442460,Conservative Income,Conservative,Discretionary,ALBI,ZAR,2018-09-15,ADV028,KwaZulu-Natal,1,70,3799049.01
PF00196,CUST228698,Property Focus,Moderate,Discretionary,SAPY,ZAR,2025-07-07,ADV026,Western Cape,0,100,4848188.02
PF00197,CUST357764,Balanced Growth,Moderate,Pension Fund,ALSI,ZAR,2025-02-09,ADV002,Free State,1,95,23963591.15
PF00198,CUST128496,Conservative Income,Conservative,Retirement Annuity,ALBI,ZAR,2019-12-11,ADV003,Gauteng,1,70,19599283.29
PF00199,CUST043115,Offshore Feeder,Aggressive,Pension Fund,MSCI World,ZAR,2017-05-23,ADV013,Mpumalanga,1,105,5750465.02
PF00200,CUST407898,Conservative Income,Conservative,Discretionary,ALBI,ZAR,2025-04-09,ADV006,Limpopo,1,70,38713056.09
PF00201,CUST329848,Absolute Return,Moderate,Discretionary,STeFI + 4%,ZAR,2019-04-06,ADV025,Gauteng,1,110,22563128.94
PF00202,CUST359848,Conservative Income,Conservative,Tax-Free Savings,ALBI,ZAR,2024-12-20,ADV006,KwaZulu-Natal,1,70,39014415.39
PF00203,CUST273323,Conservative Income,Conservative,Discretionary,ALBI,ZAR,2017-07-06,ADV019,Western Cape,1,70,44662462.05
PF00204,CUST030763,Aggressive Equity,Aggressive,Retirement Annuity,SWIX,ZAR,2024-07-27,ADV004,Western Cape,1,120,4068551.53
PF00205,CUST282330,Conservative Income,Conservative,Endowment,ALBI,ZAR,2023-08-23,ADV008,Western Cape,1,70,3466284.62
PF00206,CUST120502,Absolute Return,Moderate,Endowment,STeFI + 4%,ZAR,2017-03-12,ADV024,North West,1,110,2444051.96
PF00207,CUST040552,Balanced Growth,Moderate,Retirement Annuity,ALSI,ZAR,2024-01-02,ADV008,KwaZulu-Natal,1,95,37356500.81
PF00208,CUST494858,Absolute Return,Moderate,Tax-Free Savings,STeFI + 4%,ZAR,2018-04-26,ADV023,Eastern Cape,1,110,16358243.53
PF00209,CUST311720,Offshore Feeder,Aggressive,Retirement Annuity,MSCI World,ZAR,2021-03-07,ADV028,KwaZulu-Natal,1,105,862323.74
PF00210,CUST302172,Balanced Growth,Moderate,Retirement Annuity,ALSI,ZAR,2018-08-06,ADV018,Western Cape,1,95,2716700.16
PF00211,CUST346048,Offshore Feeder,Aggressive,Retirement Annuity,MSCI World,ZAR,2016-12-10,ADV007,Mpumalanga,1,105,9470694.46
PF00212,CUST470064,Absolute Return,Moderate,Pension Fund,STeFI + 4%,ZAR,2021-05-26,ADV018,North West,1,110,6200484.65
PF00213,CUST092951,Balanced Growth,Moderate,Tax-Free Savings,ALSI,ZAR,2021-09-12,ADV015,Eastern Cape,1,95,31552919.51
PF00214,CUST078118,Conservative Income,Conservative,Pension Fund,ALBI,ZAR,2017-06-13,ADV009,Gauteng,1,70,24157965.63
PF00215,CUST489594,Absolute Return,Moderate,Discretionary,STeFI + 4%,ZAR,2016-05-14,ADV015,Gauteng,1,110,20774803.28
PF00216,CUST162012,Offshore Feeder,Aggressive,Pension Fund,MSCI World,ZAR,2018-06-25,ADV027,Mpumalanga,1,105,1901245.84
PF00217,CUST402408,Aggressive Equity,Aggressive,Pension Fund,SWIX,ZAR,2018-08-12,ADV015,Western Cape,1,120,11406960.36
PF00218,CUST113769,Balanced Growth,Moderate,Pension Fund,ALSI,ZAR,2016-03-21,ADV016,Western Cape,1,95,19466040.19
PF00219,CUST219804,Offshore Feeder,Aggressive,Pension Fund,MSCI World,ZAR,2015-05-18,ADV006,Gauteng,1,105,11394333.0
PF00220,CUST312957,Money Market,Conservative,Living Annuity,STeFI,ZAR,2023-08-24,ADV014,Free State,0,35,5955620.88
PF00221,CUST005647,Conservative Income,Conservative,Retirement Annuity,ALBI,ZAR,2020-12-20,ADV003,Gauteng,1,70,6548499.42
PF00222,CUST353078,Absolute Return,Moderate,Retirement Annuity,STeFI + 4%,ZAR,2017-04-01,ADV008,Gauteng,1,110,9733663.31
PF00223,CUST235230,Conservative Income,Conservative,Discretionary,ALBI,ZAR,2025-11-14,ADV025,Gauteng,1,70,1626524.47
PF00224,CUST286080,Balanced Growth,Moderate,Endowment,ALSI,ZAR,2015-04-17,ADV011,Western Cape,1,95,14385119.09
PF00225,CUST029602,Absolute Return,Moderate,Retirement Annuity,STeFI + 4%,ZAR,2025-10-12,ADV011,Gauteng,1,110,20728004.8
PF00226,CUST012872,Conservative Income,Conservative,Pension Fund,ALBI,ZAR,2018-10-23,ADV023,Free State,1,70,970301.65
PF00227,CUST219553,Property Focus,Moderate,Living Annuity,SAPY,ZAR,2024-07-29,ADV008,Western Cape,0,100,7608144.51
PF00228,CUST376133,Balanced Growth,Moderate,Endowment,ALSI,ZAR,2025-11-10,ADV010,KwaZulu-Natal,1,95,7456823.68
PF00229,CUST107062,Offshore Feeder,Aggressive,Retirement Annuity,MSCI World,ZAR,2016-03-03,ADV002,Gauteng,1,105,7184788.89
PF00230,CUST360639,Property Focus,Moderate,Endowment,SAPY,ZAR,2022-09-28,ADV018,Gauteng,0,100,6774039.06
PF00231,CUST442871,Balanced Growth,Moderate,Pension Fund,ALSI,ZAR,2025-12-02,ADV002,Western Cape,1,95,6839078.53
PF00232,CUST412480,Offshore Feeder,Aggressive,Living Annuity,MSCI World,ZAR,2025-12-08,ADV005,Gauteng,0,105,3208920.43
PF00233,CUST473434,Balanced Growth,Moderate,Discretionary,ALSI,ZAR,2018-10-24,ADV026,Gauteng,1,95,3955495.93
PF00234,CUST277442,Property Focus,Moderate,Discretionary,SAPY,ZAR,2018-11-20,ADV026,Western Cape,0,100,5154261.93
PF00235,CUST278401,Property Focus,Moderate,Retirement Annuity,SAPY,ZAR,2015-03-06,ADV019,Western Cape,1,100,8121288.18
PF00236,CUST204839,Conservative Income,Conservative,Discretionary,ALBI,ZAR,2022-07-26,ADV016,Free State,1,70,5096388.16
PF00237,CUST356255,Offshore Feeder,Aggressive,Tax-Free Savings,MSCI World,ZAR,2017-03-21,ADV007,Western Cape,0,105,18081945.67
PF00238,CUST214949,Absolute Return,Moderate,Retirement Annuity,STeFI + 4%,ZAR,2019-07-29,ADV020,KwaZulu-Natal,1,110,20430514.55
PF00239,CUST190500,Property Focus,Moderate,Living Annuity,SAPY,ZAR,2021-10-10,ADV023,Eastern Cape,0,100,29133877.24
PF00240,CUST461882,Offshore Feeder,Aggressive,Retirement Annuity,MSCI World,ZAR,2025-08-08,ADV021,Gauteng,1,105,11896496.83
PF00241,CUST240932,Aggressive Equity,Aggressive,Discretionary,SWIX,ZAR,2022-03-14,ADV021,North West,1,120,954768.38
PF00242,CUST000298,Offshore Feeder,Aggressive,Retirement Annuity,MSCI World,ZAR,2017-02-12,ADV024,Gauteng,1,105,70868419.86
PF00243,CUST193001,Conservative Income,Conservative,Discretionary,ALBI,ZAR,2024-08-03,ADV011,Eastern Cape,1,70,4872567.57
PF00244,CUST027209,Aggressive Equity,Aggressive,Retirement Annuity,SWIX,ZAR,2017-08-09,ADV024,Free State,1,120,10518971.7
PF00245,CUST211274,Balanced Growth,Moderate,Retirement Annuity,ALSI,ZAR,2025-06-12,ADV019,Gauteng,1,95,36499752.56
PF00246,CUST275382,Property Focus,Moderate,Tax-Free Savings,SAPY,ZAR,2022-08-20,ADV011,Gauteng,0,100,7745507.83
PF00247,CUST201514,Aggressive Equity,Aggressive,Retirement Annuity,SWIX,ZAR,2019-12-16,ADV022,Gauteng,1,120,3815193.61
PF00248,CUST227460,Balanced Growth,Moderate,Retirement Annuity,ALSI,ZAR,2024-10-22,ADV019,Gauteng,1,95,35150158.55
PF00249,CUST425576,Aggressive Equity,Aggressive,Retirement Annuity,SWIX,ZAR,2018-11-14,ADV004,Gauteng,1,120,6351843.78
PF00250,CUST092063,Money Market,Conservative,Living Annuity,STeFI,ZAR,2018-02-12,ADV025,KwaZulu-Natal,0,35,2216443.83
PF00251,CUST457954,Offshore Feeder,Aggressive,Endowment,MSCI World,ZAR,2016-01-24,ADV028,Gauteng,0,105,938917.73
PF00252,CUST018695,Aggressive Equity,Aggressive,Living Annuity,SWIX,ZAR,2024-04-18,ADV016,Gauteng,1,120,213066887.0
PF00253,CUST082554,Conservative Income,Conservative,Tax-Free Savings,ALBI,ZAR,2022-10-19,ADV004,KwaZulu-Natal,1,70,5558879.55
PF00254,CUST043027,Conservative Income,Conservative,Discretionary,ALBI,ZAR,2023-02-11,ADV006,Western Cape,1,70,6764238.37
PF00255,CUST136785,Money Market,Conservative,Retirement Annuity,STeFI,ZAR,2023-12-23,ADV027,Eastern Cape,1,35,16726408.87
PF00256,CUST367906,Property Focus,Moderate,Pension Fund,SAPY,ZAR,2017-04-03,ADV008,KwaZulu-Natal,1,100,4400385.81
PF00257,CUST437063,Absolute Return,Moderate,Pension Fund,STeFI + 4%,ZAR,2024-01-02,ADV002,KwaZulu-Natal,1,110,3752211.97
PF00258,CUST405006,Conservative Income,Conservative,Living Annuity,ALBI,ZAR,2025-03-03,ADV007,Western Cape,1,70,7358417.84
PF00259,CUST412365,Conservative Income,Conservative,Tax-Free Savings,ALBI,ZAR,2024-08-04,ADV027,Gauteng,1,70,5785451.87
PF00260,CUST090662,Absolute Return,Moderate,Discretionary,STeFI + 4%,ZAR,2025-04-24,ADV020,KwaZulu-Natal,1,110,2729845.63
PF00261,CUST145720,Property Focus,Moderate,Retirement Annuity,SAPY,ZAR,2021-09-13,ADV026,Limpopo,1,100,1368660.43
PF00262,CUST438607,Aggressive Equity,Aggressive,Discretionary,SWIX,ZAR,2018-02-26,ADV028,Gauteng,1,120,65044261.68
PF00263,CUST430335,Offshore Feeder,Aggressive,Discretionary,MSCI World,ZAR,2025-03-12,ADV004,Gauteng,0,105,16262158.69
PF00264,CUST246072,Balanced Growth,Moderate,Living Annuity,ALSI,ZAR,2017-07-01,ADV010,Western Cape,1,95,12190509.22
PF00265,CUST169839,Property Focus,Moderate,Living Annuity,SAPY,ZAR,2022-09-22,ADV019,Limpopo,0,100,4114036.17
PF00266,CUST349580,Conservative Income,Conservative,Endowment,ALBI,ZAR,2022-09-15,ADV004,Gauteng,1,70,2361855.73
PF00267,CUST117126,Balanced Growth,Moderate,Living Annuity,ALSI,ZAR,2016-04-08,ADV008,Gauteng,1,95,932708.06
PF00268,CUST442842,Offshore Feeder,Aggressive,Tax-Free Savings,MSCI World,ZAR,2025-05-17,ADV007,Western Cape,0,105,4363862.96
PF00269,CUST282853,Property Focus,Moderate,Retirement Annuity,SAPY,ZAR,2022-08-29,ADV020,Gauteng,1,100,9590159.67
PF00270,CUST161259,Balanced Growth,Moderate,Retirement Annuity,ALSI,ZAR,2021-02-03,ADV025,Eastern Cape,1,95,1678956.04
PF00271,CUST174488,Money Market,Conservative,Discretionary,STeFI,ZAR,2021-07-07,ADV019,Gauteng,0,35,12191100.94
PF00272,CUST332737,Balanced Growth,Moderate,Discretionary,ALSI,ZAR,2015-04-02,ADV011,Gauteng,1,95,1241006.25
PF00273,CUST352680,Money Market,Conservative,Discretionary,STeFI,ZAR,2021-07-03,ADV010,Western Cape,0,35,20074921.49
PF00274,CUST464624,Money Market,Conservative,Living Annuity,STeFI,ZAR,2023-06-11,ADV001,Gauteng,0,35,26738400.55
PF00275,CUST457480,Absolute Return,Moderate,Pension Fund,STeFI + 4%,ZAR,2020-08-29,ADV002,Gauteng,1,110,113416357.6
PF00276,CUST210869,Property Focus,Moderate,Living Annuity,SAPY,ZAR,2016-01-16,ADV019,Gauteng,0,100,26777557.73
PF00277,CUST360264,Absolute Return,Moderate,Endowment,STeFI + 4%,ZAR,2024-06-16,ADV005,Western Cape,1,110,1376932.82
PF00278,CUST235948,Aggressive Equity,Aggressive,Discretionary,SWIX,ZAR,2022-10-10,ADV011,Gauteng,1,120,35462901.13
PF00279,CUST390581,Aggressive Equity,Aggressive,Living Annuity,SWIX,ZAR,2024-11-24,ADV008,Western Cape,1,120,15815256.89
PF00280,CUST123738,Money Market,Conservative,Retirement Annuity,STeFI,ZAR,2015-11-18,ADV012,Gauteng,1,35,13199148.59
PF00281,CUST346501,Property Focus,Moderate,Living Annuity,SAPY,ZAR,2018-12-31,ADV013,Free State,0,100,20724243.77
PF00282,CUST095544,Absolute Return,Moderate,Discretionary,STeFI + 4%,ZAR,2023-04-17,ADV013,Western Cape,1,110,11093252.9
PF00283,CUST056162,Balanced Growth,Moderate,Discretionary,ALSI,ZAR,2015-07-04,ADV012,Gauteng,1,95,2397357.72
PF00284,CUST179705,Absolute Return,Moderate,Retirement Annuity,STeFI + 4%,ZAR,2025-06-21,ADV022,KwaZulu-Natal,1,110,17327733.27
PF00285,CUST341792,Property Focus,Moderate,Living Annuity,SAPY,ZAR,2019-06-19,ADV009,KwaZulu-Natal,0,100,1969262.87
PF00286,CUST447728,Offshore Feeder,Aggressive,Discretionary,MSCI World,ZAR,2022-09-13,ADV018,Gauteng,0,105,20900524.03
PF00287,CUST168017,Money Market,Conservative,Discretionary,STeFI,ZAR,2023-01-19,ADV002,Western Cape,0,35,51400505.23
PF00288,CUST080789,Aggressive Equity,Aggressive,Retirement Annuity,SWIX,ZAR,2018-03-24,ADV014,Western Cape,1,120,13734582.38
PF00289,CUST037244,Property Focus,Moderate,Living Annuity,SAPY,ZAR,2021-03-03,ADV014,KwaZulu-Natal,0,100,6906579.68
PF00290,CUST178113,Conservative Income,Conservative,Retirement Annuity,ALBI,ZAR,2021-11-11,ADV024,KwaZulu-Natal,1,70,10641157.07
PF00291,CUST210940,Balanced Growth,Moderate,Discretionary,ALSI,ZAR,2020-01-04,ADV024,Western Cape,1,95,14754968.3
PF00292,CUST151202,Offshore Feeder,Aggressive,Retirement Annuity,MSCI World,ZAR,2022-09-30,ADV004,Free State,1,105,546586.73
PF00293,CUST409686,Aggressive Equity,Aggressive,Endowment,SWIX,ZAR,2025-04-24,ADV008,KwaZulu-Natal,1,120,2568226.57
PF00294,CUST433645,Balanced Growth,Moderate,Discretionary,ALSI,ZAR,2018-12-05,ADV027,Gauteng,1,95,9260563.24
PF00295,CUST406318,Conservative Income,Conservative,Discretionary,ALBI,ZAR,2015-12-27,ADV006,Gauteng,1,70,3301538.91
PF00296,CUST014387,Aggressive Equity,Aggressive,Retirement Annuity,SWIX,ZAR,2017-12-03,ADV007,Gauteng,1,120,11628058.75
PF00297,CUST154820,Absolute Return,Moderate,Retirement Annuity,STeFI + 4%,ZAR,2022-05-26,ADV017,Mpumalanga,1,110,55937609.65
PF00298,CUST037248,Property Focus,Moderate,Pension Fund,SAPY,ZAR,2022-04-06,ADV013,Free State,1,100,2467888.69
PF00299,CUST179354,Money Market,Conservative,Discretionary,STeFI,ZAR,2021-05-27,ADV020,Gauteng,0,35,12611729.96
PF00300,CUST221157,Conservative Income,Conservative,Discretionary,ALBI,ZAR,2017-01-09,ADV008,Gauteng,1,70,48817707.38
PF00301,CUST019171,Aggressive Equity,Aggressive,Discretionary,SWIX,ZAR,2024-07-30,ADV026,Gauteng,1,120,7043448.47
PF00302,CUST247755,Absolute Return,Moderate,Discretionary,STeFI + 4%,ZAR,2021-09-22,ADV004,Western Cape,1,110,24281363.05
PF00303,CUST237734,Property Focus,Moderate,Tax-Free Savings,SAPY,ZAR,2020-05-05,ADV019,KwaZulu-Natal,0,100,17337122.41
PF00304,CUST150297,Absolute Return,Moderate,Tax-Free Savings,STeFI + 4%,ZAR,2015-04-14,ADV025,Western Cape,1,110,25808348.77
PF00305,CUST188979,Absolute Return,Moderate,Discretionary,STeFI + 4%,ZAR,2015-04-02,ADV004,Gauteng,1,110,1670392.49
PF00306,CUST454754,Balanced Growth,Moderate,Retirement Annuity,ALSI,ZAR,2024-09-09,ADV025,Western Cape,1,95,15144950.45
PF00307,CUST264900,Money Market,Conservative,Discretionary,STeFI,ZAR,2019-01-11,ADV003,Northern Cape,0,35,10334255.66
PF00308,CUST452776,Money Market,Conservative,Endowment,STeFI,ZAR,2018-10-17,ADV009,KwaZulu-Natal,0,35,38616231.9
PF00309,CUST322846,Balanced Growth,Moderate,Discretionary,ALSI,ZAR,2022-02-20,ADV019,Western Cape,1,95,8780640.48
PF00310,CUST248237,Money Market,Conservative,Retirement Annuity,STeFI,ZAR,2024-05-02,ADV021,Western Cape,1,35,14809957.43
PF00311,CUST080356,Conservative Income,Conservative,Discretionary,ALBI,ZAR,2020-05-07,ADV008,Eastern Cape,1,70,45475665.49
PF00312,CUST187036,Aggressive Equity,Aggressive,Retirement Annuity,SWIX,ZAR,2020-08-06,ADV002,Western Cape,1,120,1088795.56
PF00313,CUST128556,Absolute Return,Moderate,Retirement Annuity,STeFI + 4%,ZAR,2024-11-21,ADV014,Western Cape,1,110,1725129.76
PF00314,CUST050308,Balanced Growth,Moderate,Tax-Free Savings,ALSI,ZAR,2025-10-22,ADV016,Gauteng,1,95,2286517.87
PF00315,CUST172926,Aggressive Equity,Aggressive,Pension Fund,SWIX,ZAR,2019-04-07,ADV024,Gauteng,1,120,28187473.97
PF00316,CUST425767,Conservative Income,Conservative,Discretionary,ALBI,ZAR,2018-07-06,ADV026,Gauteng,1,70,118133791.26
PF00317,CUST247977,Balanced Growth,Moderate,Retirement Annuity,ALSI,ZAR,2023-07-23,ADV019,Free State,1,95,21863224.55
PF00318,CUST327782,Money Market,Conservative,Discretionary,STeFI,ZAR,2023-07-26,ADV028,KwaZulu-Natal,0,35,8559884.41
PF00319,CUST314741,Offshore Feeder,Aggressive,Pension Fund,MSCI World,ZAR,2022-02-25,ADV018,Western Cape,1,105,2106605.86
PF00320,CUST141936,Property Focus,Moderate,Discretionary,SAPY,ZAR,2018-02-01,ADV006,Western Cape,0,100,58717039.32
PF00321,CUST032465,Balanced Growth,Moderate,Retirement Annuity,ALSI,ZAR,2018-12-19,ADV025,Gauteng,1,95,21092468.63
PF00322,CUST431726,Aggressive Equity,Aggressive,Endowment,SWIX,ZAR,2019-10-31,ADV018,Gauteng,1,120,47371845.67
PF00323,CUST215922,Offshore Feeder,Aggressive,Retirement Annuity,MSCI World,ZAR,2018-11-25,ADV013,Western Cape,1,105,11553117.46
PF00324,CUST187056,Money Market,Conservative,Retirement Annuity,STeFI,ZAR,2019-03-31,ADV003,Limpopo,1,35,125009878.66
PF00325,CUST135459,Balanced Growth,Moderate,Discretionary,ALSI,ZAR,2022-08-30,ADV015,Gauteng,1,95,30986265.89
PF00326,CUST363712,Aggressive Equity,Aggressive,Pension Fund,SWIX,ZAR,2016-07-27,ADV019,Western Cape,1,120,10085166.77
PF00327,CUST139616,Conservative Income,Conservative,Endowment,ALBI,ZAR,2025-03-13,ADV018,Gauteng,1,70,1741910.39
PF00328,CUST182305,Absolute Return,Moderate,Retirement Annuity,STeFI + 4%,ZAR,2024-12-29,ADV001,Gauteng,1,110,40631953.54
PF00329,CUST153023,Offshore Feeder,Aggressive,Discretionary,MSCI World,ZAR,2021-06-27,ADV015,Gauteng,0,105,4610849.24
PF00330,CUST053401,Aggressive Equity,Aggressive,Living Annuity,SWIX,ZAR,2017-12-08,ADV008,Mpumalanga,1,120,3045180.93
PF00331,CUST170315,Money Market,Conservative,Retirement Annuity,STeFI,ZAR,2021-09-14,ADV026,Gauteng,1,35,20407372.18
PF00332,CUST341211,Balanced Growth,Moderate,Pension Fund,ALSI,ZAR,2020-05-23,ADV005,Gauteng,1,95,929620.62
PF00333,CUST287058,Conservative Income,Conservative,Pension Fund,ALBI,ZAR,2016-06-19,ADV021,Free State,1,70,19205119.72
PF00334,CUST386123,Absolute Return,Moderate,Discretionary,STeFI + 4%,ZAR,2018-02-13,ADV006,Western Cape,1,110,5466777.95
PF00335,CUST420184,Property Focus,Moderate,Retirement Annuity,SAPY,ZAR,2016-11-06,ADV016,Gauteng,1,100,5190012.17
PF00336,CUST280570,Offshore Feeder,Aggressive,Retirement Annuity,MSCI World,ZAR,2023-11-24,ADV020,KwaZulu-Natal,1,105,20519649.8
PF00337,CUST179151,Aggressive Equity,Aggressive,Retirement Annuity,SWIX,ZAR,2025-03-06,ADV011,Western Cape,1,120,2984414.6
PF00338,CUST459665,Absolute Return,Moderate,Retirement Annuity,STeFI + 4%,ZAR,2024-03-21,ADV002,Gauteng,1,110,1577987.34
PF00339,CUST363802,Money Market,Conservative,Discretionary,STeFI,ZAR,2019-03-27,ADV003,Eastern Cape,0,35,2945459.08
PF00340,CUST211802,Offshore Feeder,Aggressive,Retirement Annuity,MSCI World,ZAR,2021-06-08,ADV001,Western Cape,1,105,4956986.69
PF00341,CUST397073,Money Market,Conservative,Retirement Annuity,STeFI,ZAR,2022-08-08,ADV001,Gauteng,1,35,41518016.13
PF00342,CUST126575,Balanced Growth,Moderate,Retirement Annuity,ALSI,ZAR,2016-05-15,ADV025,Mpumalanga,1,95,34985598.45
PF00343,CUST378655,Aggressive Equity,Aggressive,Retirement Annuity,SWIX,ZAR,2024-04-18,ADV014,North West,1,120,28712298.32
PF00344,CUST389473,Balanced Growth,Moderate,Retirement Annuity,ALSI,ZAR,2015-12-17,ADV005,KwaZulu-Natal,1,95,2290804.87
PF00345,CUST255385,Balanced Growth,Moderate,Tax-Free Savings,ALSI,ZAR,2017-07-19,ADV012,Eastern Cape,1,95,24847786.84
PF00346,CUST196668,Aggressive Equity,Aggressive,Living Annuity,SWIX,ZAR,2021-02-26,ADV014,Western Cape,1,120,2553788.46
PF00347,CUST354177,Offshore Feeder,Aggressive,Tax-Free Savings,MSCI World,ZAR,2018-10-09,ADV015,Gauteng,0,105,10785035.64
PF00348,CUST081975,Offshore Feeder,Aggressive,Tax-Free Savings,MSCI World,ZAR,2020-08-08,ADV020,North West,0,105,60742497.48
PF00349,CUST361389,Offshore Feeder,Aggressive,Discretionary,MSCI World,ZAR,2021-08-24,ADV020,Gauteng,0,105,17719466.1
PF00350,CUST390402,Property Focus,Moderate,Endowment,SAPY,ZAR,2023-12-07,ADV019,Gauteng,0,100,7585619.84
PF00351,CUST380994,Absolute Return,Moderate,Discretionary,STeFI + 4%,ZAR,2015-09-08,ADV015,Free State,1,110,3575436.38
PF00352,CUST364415,Money Market,Conservative,Living Annuity,STeFI,ZAR,2023-06-12,ADV023,Western Cape,0,35,2507707.46
PF00353,CUST285007,Offshore Feeder,Aggressive,Retirement Annuity,MSCI World,ZAR,2020-04-18,ADV026,Western Cape,1,105,7506070.54
PF00354,CUST442144,Property Focus,Moderate,Discretionary,SAPY,ZAR,2016-09-26,ADV019,Western Cape,0,100,493755.81
PF00355,CUST320454,Conservative Income,Conservative,Pension Fund,ALBI,ZAR,2015-11-19,ADV017,Gauteng,1,70,10490409.68
PF00356,CUST487559,Offshore Feeder,Aggressive,Living Annuity,MSCI World,ZAR,2016-06-27,ADV001,Western Cape,0,105,68397762.52
PF00357,CUST282830,Absolute Return,Moderate,Retirement Annuity,STeFI + 4%,ZAR,2022-07-06,ADV002,KwaZulu-Natal,1,110,22399406.28
PF00358,CUST004620,Money Market,Conservative,Pension Fund,STeFI,ZAR,2021-06-10,ADV020,Limpopo,1,35,41846318.3
PF00359,CUST492008,Property Focus,Moderate,Retirement Annuity,SAPY,ZAR,2016-05-13,ADV004,Western Cape,1,100,7635670.64
PF00360,CUST043919,Conservative Income,Conservative,Pension Fund,ALBI,ZAR,2017-07-04,ADV025,KwaZulu-Natal,1,70,27882882.87
PF00361,CUST327945,Absolute Return,Moderate,Retirement Annuity,STeFI + 4%,ZAR,2015-07-16,ADV004,Western Cape,1,110,4217020.51
PF00362,CUST184920,Offshore Feeder,Aggressive,Retirement Annuity,MSCI World,ZAR,2023-06-16,ADV006,Eastern Cape,1,105,12384796.23
PF00363,CUST216624,Aggressive Equity,Aggressive,Discretionary,SWIX,ZAR,2019-12-15,ADV015,Free State,1,120,6642522.52
PF00364,CUST110957,Balanced Growth,Moderate,Discretionary,ALSI,ZAR,2025-09-02,ADV017,North West,1,95,5346177.28
PF00365,CUST448241,Property Focus,Moderate,Retirement Annuity,SAPY,ZAR,2021-08-17,ADV005,KwaZulu-Natal,1,100,6286780.46
PF00366,CUST184849,Absolute Return,Moderate,Retirement Annuity,STeFI + 4%,ZAR,2024-03-26,ADV003,Gauteng,1,110,11456980.6
PF00367,CUST023608,Absolute Return,Moderate,Discretionary,STeFI + 4%,ZAR,2021-10-09,ADV007,Gauteng,1,110,17031005.76
PF00368,CUST112434,Absolute Return,Moderate,Retirement Annuity,STeFI + 4%,ZAR,2021-07-14,ADV024,Free State,1,110,603718.1
PF00369,CUST216112,Aggressive Equity,Aggressive,Discretionary,SWIX,ZAR,2020-12-21,ADV008,KwaZulu-Natal,1,120,13375412.91
PF00370,CUST181150,Aggressive Equity,Aggressive,Endowment,SWIX,ZAR,2016-08-26,ADV026,Gauteng,1,120,15428990.55
PF00371,CUST351348,Property Focus,Moderate,Endowment,SAPY,ZAR,2024-03-16,ADV003,KwaZulu-Natal,0,100,29240468.12
PF00372,CUST493748,Conservative Income,Conservative,Discretionary,ALBI,ZAR,2021-10-10,ADV016,Gauteng,1,70,9076757.79
PF00373,CUST077722,Conservative Income,Conservative,Pension Fund,ALBI,ZAR,2019-12-21,ADV026,North West,1,70,11887457.18
PF00374,CUST200712,Offshore Feeder,Aggressive,Discretionary,MSCI World,ZAR,2021-01-25,ADV028,Gauteng,0,105,1433406.57
PF00375,CUST047074,Conservative Income,Conservative,Discretionary,ALBI,ZAR,2021-04-26,ADV022,Western Cape,1,70,22669720.46
PF00376,CUST301402,Aggressive Equity,Aggressive,Retirement Annuity,SWIX,ZAR,2020-04-24,ADV024,Western Cape,1,120,3527554.79
PF00377,CUST122332,Absolute Return,Moderate,Tax-Free Savings,STeFI + 4%,ZAR,2021-12-30,ADV008,Gauteng,1,110,43934592.92
PF00378,CUST403418,Conservative Income,Conservative,Tax-Free Savings,ALBI,ZAR,2020-06-10,ADV017,Free State,1,70,3727647.92
PF00379,CUST202630,Money Market,Conservative,Tax-Free Savings,STeFI,ZAR,2017-05-13,ADV007,Western Cape,0,35,3931446.14
PF00380,CUST081225,Conservative Income,Conservative,Discretionary,ALBI,ZAR,2022-10-02,ADV012,Eastern Cape,1,70,7309086.68
PF00381,CUST411469,Property Focus,Moderate,Tax-Free Savings,SAPY,ZAR,2019-01-04,ADV002,Gauteng,0,100,5571018.6
PF00382,CUST003593,Property Focus,Moderate,Discretionary,SAPY,ZAR,2024-06-16,ADV006,Gauteng,0,100,53829695.71
PF00383,CUST121148,Absolute Return,Moderate,Discretionary,STeFI + 4%,ZAR,2022-11-13,ADV017,Western Cape,1,110,28318245.73
PF00384,CUST028479,Balanced Growth,Moderate,Discretionary,ALSI,ZAR,2016-03-12,ADV020,Mpumalanga,1,95,28729117.45
PF00385,CUST050710,Aggressive Equity,Aggressive,Retirement Annuity,SWIX,ZAR,2016-10-03,ADV019,Western Cape,1,120,34674368.72
PF00386,CUST472711,Money Market,Conservative,Tax-Free Savings,STeFI,ZAR,2025-01-31,ADV026,Eastern Cape,0,35,33112848.52
PF00387,CUST158411,Balanced Growth,Moderate,Discretionary,ALSI,ZAR,2016-07-11,ADV009,Western Cape,1,95,52161002.15
PF00388,CUST323655,Aggressive Equity,Aggressive,Discretionary,SWIX,ZAR,2017-11-17,ADV011,KwaZulu-Natal,1,120,1590449.24
PF00389,CUST170162,Aggressive Equity,Aggressive,Retirement Annuity,SWIX,ZAR,2019-12-21,ADV014,Mpumalanga,1,120,10599200.53
PF00390,CUST025489,Aggressive Equity,Aggressive,Living Annuity,SWIX,ZAR,2025-07-07,ADV005,Mpumalanga,1,120,29233870.57
PF00391,CUST117390,Conservative Income,Conservative,Pension Fund,ALBI,ZAR,2025-11-02,ADV006,KwaZulu-Natal,1,70,168330896.85
PF00392,CUST152282,Balanced Growth,Moderate,Pension Fund,ALSI,ZAR,2021-11-09,ADV008,Gauteng,1,95,69455420.72
PF00393,CUST248525,Conservative Income,Conservative,Discretionary,ALBI,ZAR,2024-03-05,ADV022,Limpopo,1,70,1336542.06
PF00394,CUST037906,Money Market,Conservative,Discretionary,STeFI,ZAR,2025-12-03,ADV022,Gauteng,0,35,7839599.04
PF00395,CUST116095,Conservative Income,Conservative,Retirement Annuity,ALBI,ZAR,2024-04-07,ADV004,Western Cape,1,70,23594005.43
PF00396,CUST463307,Aggressive Equity,Aggressive,Pension Fund,SWIX,ZAR,2023-03-04,ADV017,KwaZulu-Natal,1,120,39945576.36
PF00397,CUST264686,Aggressive Equity,Aggressive,Tax-Free Savings,SWIX,ZAR,2018-04-23,ADV028,Gauteng,1,120,46038345.77
PF00398,CUST499291,Conservative Income,Conservative,Discretionary,ALBI,ZAR,2023-12-06,ADV024,KwaZulu-Natal,1,70,3163781.82
PF00399,CUST193902,Absolute Return,Moderate,Retirement Annuity,STeFI + 4%,ZAR,2024-02-11,ADV003,Western Cape,1,110,12524589.36
PF00400,CUST210124,Offshore Feeder,Aggressive,Discretionary,MSCI World,ZAR,2015-10-15,ADV009,Gauteng,0,105,19109372.36
PF00401,CUST139531,Offshore Feeder,Aggressive,Endowment,MSCI World,ZAR,2021-10-29,ADV006,Eastern Cape,0,105,12236694.19
PF00402,CUST468914,Money Market,Conservative,Discretionary,STeFI,ZAR,2019-04-23,ADV026,Eastern Cape,0,35,4451988.17
PF00403,CUST393041,Money Market,Conservative,Discretionary,STeFI,ZAR,2021-03-08,ADV007,Gauteng,0,35,7560293.37
PF00404,CUST332694,Aggressive Equity,Aggressive,Retirement Annuity,SWIX,ZAR,2023-11-04,ADV006,Gauteng,1,120,21218227.01
PF00405,CUST113347,Conservative Income,Conservative,Living Annuity,ALBI,ZAR,2018-06-30,ADV008,Gauteng,1,70,8820736.7
PF00406,CUST086732,Money Market,Conservative,Retirement Annuity,STeFI,ZAR,2019-02-11,ADV004,Western Cape,1,35,23147653.72
PF00407,CUST274548,Absolute Return,Moderate,Retirement Annuity,STeFI + 4%,ZAR,2020-11-22,ADV009,Western Cape,1,110,1317158.63
PF00408,CUST490427,Balanced Growth,Moderate,Discretionary,ALSI,ZAR,2022-01-17,ADV016,Western Cape,1,95,4899245.02
PF00409,CUST495082,Offshore Feeder,Aggressive,Tax-Free Savings,MSCI World,ZAR,2020-02-14,ADV001,KwaZulu-Natal,0,105,4992151.72
PF00410,CUST077314,Money Market,Conservative,Endowment,STeFI,ZAR,2024-06-30,ADV021,Gauteng,0,35,36878208.86
PF00411,CUST217889,Absolute Return,Moderate,Living Annuity,STeFI + 4%,ZAR,2022-06-25,ADV008,Gauteng,1,110,17609058.38
PF00412,CUST155455,Money Market,Conservative,Retirement Annuity,STeFI,ZAR,2021-02-19,ADV002,Western Cape,1,35,5478013.72
PF00413,CUST346296,Offshore Feeder,Aggressive,Living Annuity,MSCI World,ZAR,2017-08-11,ADV004,Gauteng,0,105,4074037.57
PF00414,CUST321248,Absolute Return,Moderate,Pension Fund,STeFI + 4%,ZAR,2023-07-05,ADV026,Gauteng,1,110,10069329.37
PF00415,CUST308199,Conservative Income,Conservative,Discretionary,ALBI,ZAR,2018-02-23,ADV024,Gauteng,1,70,22991660.85
PF00416,CUST096943,Aggressive Equity,Aggressive,Living Annuity,SWIX,ZAR,2019-06-10,ADV026,Gauteng,1,120,3629259.54
PF00417,CUST114834,Conservative Income,Conservative,Tax-Free Savings,ALBI,ZAR,2022-06-02,ADV015,Free State,1,70,41723726.4
PF00418,CUST074267,Balanced Growth,Moderate,Discretionary,ALSI,ZAR,2018-03-18,ADV010,Gauteng,1,95,6934666.64
PF00419,CUST439388,Absolute Return,Moderate,Living Annuity,STeFI + 4%,ZAR,2019-01-08,ADV005,Gauteng,1,110,9691391.67
PF00420,CUST393180,Absolute Return,Moderate,Endowment,STeFI + 4%,ZAR,2025-11-15,ADV015,KwaZulu-Natal,1,110,12080139.47
PF00421,CUST482047,Aggressive Equity,Aggressive,Living Annuity,SWIX,ZAR,2016-08-19,ADV026,Western Cape,1,120,10467969.89
PF00422,CUST118552,Property Focus,Moderate,Tax-Free Savings,SAPY,ZAR,2023-12-04,ADV025,Free State,0,100,37350870.25
PF00423,CUST006448,Absolute Return,Moderate,Discretionary,STeFI + 4%,ZAR,2022-11-26,ADV010,Gauteng,1,110,31537447.5
PF00424,CUST263228,Conservative Income,Conservative,Tax-Free Savings,ALBI,ZAR,2024-08-25,ADV022,Gauteng,1,70,2413427.15
PF00425,CUST456742,Offshore Feeder,Aggressive,Living Annuity,MSCI World,ZAR,2022-06-23,ADV004,Eastern Cape,0,105,2687790.89
PF00426,CUST057426,Absolute Return,Moderate,Living Annuity,STeFI + 4%,ZAR,2025-03-16,ADV011,Western Cape,1,110,9257655.08
PF00427,CUST418102,Property Focus,Moderate,Pension Fund,SAPY,ZAR,2024-12-31,ADV025,KwaZulu-Natal,1,100,31947896.05
PF00428,CUST041002,Money Market,Conservative,Retirement Annuity,STeFI,ZAR,2019-01-02,ADV016,Gauteng,1,35,35402858.02
PF00429,CUST226239,Offshore Feeder,Aggressive,Discretionary,MSCI World,ZAR,2019-02-14,ADV006,Western Cape,0,105,9914731.26
PF00430,CUST096519,Offshore Feeder,Aggressive,Discretionary,MSCI World,ZAR,2021-09-01,ADV027,Gauteng,0,105,15861581.03
PF00431,CUST074367,Balanced Growth,Moderate,Retirement Annuity,ALSI,ZAR,2018-11-25,ADV011,Western Cape,1,95,1997970.64
PF00432,CUST316162,Absolute Return,Moderate,Retirement Annuity,STeFI + 4%,ZAR,2022-08-31,ADV003,Gauteng,1,110,732939.3
PF00433,CUST308442,Absolute Return,Moderate,Tax-Free Savings,STeFI + 4%,ZAR,2023-06-27,ADV022,Gauteng,1,110,1211835.11
PF00434,CUST343253,Property Focus,Moderate,Discretionary,SAPY,ZAR,2017-03-22,ADV007,Western Cape,0,100,1672433.29
PF00435,CUST439020,Balanced Growth,Moderate,Discretionary,ALSI,ZAR,2019-03-30,ADV009,Gauteng,1,95,13191333.99
PF00436,CUST113273,Absolute Return,Moderate,Living Annuity,STeFI + 4%,ZAR,2016-10-08,ADV026,Western Cape,1,110,10337021.37
PF00437,CUST195151,Conservative Income,Conservative,Retirement Annuity,ALBI,ZAR,2020-12-21,ADV008,Gauteng,1,70,31949529.44
PF00438,CUST113076,Absolute Return,Moderate,Retirement Annuity,STeFI + 4%,ZAR,2022-01-22,ADV018,Mpumalanga,1,110,2029795.7
PF00439,CUST314180,Money Market,Conservative,Endowment,STeFI,ZAR,2015-09-10,ADV023,Free State,0,35,10630843.43
PF00440,CUST294441,Aggressive Equity,Aggressive,Discretionary,SWIX,ZAR,2021-01-24,ADV015,Gauteng,1,120,11587594.98
PF00441,CUST158698,Balanced Growth,Moderate,Retirement Annuity,ALSI,ZAR,2025-02-23,ADV018,Gauteng,1,95,13176629.55
PF00442,CUST100259,Conservative Income,Conservative,Tax-Free Savings,ALBI,ZAR,2015-06-04,ADV020,Gauteng,1,70,5442029.94
PF00443,CUST243764,Conservative Income,Conservative,Pension Fund,ALBI,ZAR,2015-09-03,ADV023,Western Cape,1,70,1585031.79
PF00444,CUST065478,Money Market,Conservative,Discretionary,STeFI,ZAR,2018-09-07,ADV025,Western Cape,0,35,1277508.1
PF00445,CUST342089,Balanced Growth,Moderate,Tax-Free Savings,ALSI,ZAR,2018-05-06,ADV006,Limpopo,1,95,28127514.23
PF00446,CUST099615,Conservative Income,Conservative,Discretionary,ALBI,ZAR,2015-06-01,ADV025,Western Cape,1,70,3698381.45
PF00447,CUST188357,Aggressive Equity,Aggressive,Retirement Annuity,SWIX,ZAR,2017-10-29,ADV024,Gauteng,1,120,8154017.21
PF00448,CUST044618,Money Market,Conservative,Discretionary,STeFI,ZAR,2023-03-24,ADV024,Gauteng,0,35,2646612.76
PF00449,CUST237720,Offshore Feeder,Aggressive,Discretionary,MSCI World,ZAR,2019-04-26,ADV028,Western Cape,0,105,651382.32
PF00450,CUST075025,Property Focus,Moderate,Living Annuity,SAPY,ZAR,2025-08-26,ADV018,Northern Cape,0,100,4630106.38
PF00451,CUST194195,Money Market,Conservative,Discretionary,STeFI,ZAR,2017-05-05,ADV003,Western Cape,0,35,31645508.45
PF00452,CUST386954,Balanced Growth,Moderate,Retirement Annuity,ALSI,ZAR,2017-08-10,ADV027,Mpumalanga,1,95,14162528.27
PF00453,CUST165870,Offshore Feeder,Aggressive,Tax-Free Savings,MSCI World,ZAR,2024-11-10,ADV014,KwaZulu-Natal,0,105,34130224.53
PF00454,CUST212480,Balanced Growth,Moderate,Living Annuity,ALSI,ZAR,2015-02-05,ADV021,Western Cape,1,95,4377807.96
PF00455,CUST236616,Aggressive Equity,Aggressive,Retirement Annuity,SWIX,ZAR,2019-03-22,ADV017,Western Cape,1,120,60599621.76
PF00456,CUST452182,Absolute Return,Moderate,Retirement Annuity,STeFI + 4%,ZAR,2021-12-18,ADV020,Western Cape,1,110,1665980.71
PF00457,CUST168562,Money Market,Conservative,Living Annuity,STeFI,ZAR,2023-12-29,ADV013,Mpumalanga,0,35,4047853.63
PF00458,CUST136526,Offshore Feeder,Aggressive,Living Annuity,MSCI World,ZAR,2015-10-10,ADV006,Western Cape,0,105,3379506.63
PF00459,CUST376970,Offshore Feeder,Aggressive,Retirement Annuity,MSCI World,ZAR,2019-11-22,ADV001,KwaZulu-Natal,1,105,7535158.99
PF00460,CUST073919,Absolute Return,Moderate,Retirement Annuity,STeFI + 4%,ZAR,2015-08-23,ADV008,Gauteng,1,110,9646180.33
PF00461,CUST496291,Property Focus,Moderate,Pension Fund,SAPY,ZAR,2020-07-11,ADV025,Gauteng,1,100,3639290.7
PF00462,CUST207153,Offshore Feeder,Aggressive,Discretionary,MSCI World,ZAR,2021-01-09,ADV027,Gauteng,0,105,6618931.69
PF00463,CUST273223,Balanced Growth,Moderate,Retirement Annuity,ALSI,ZAR,2025-05-07,ADV014,Gauteng,1,95,26438440.3
PF00464,CUST137962,Offshore Feeder,Aggressive,Retirement Annuity,MSCI World,ZAR,2019-06-30,ADV017,Western Cape,1,105,4982667.59
PF00465,CUST321978,Money Market,Conservative,Living Annuity,STeFI,ZAR,2019-06-26,ADV008,KwaZulu-Natal,0,35,8496558.56
PF00466,CUST421897,Aggressive Equity,Aggressive,Tax-Free Savings,SWIX,ZAR,2018-02-01,ADV021,Gauteng,1,120,11247822.57
PF00467,CUST303829,Absolute Return,Moderate,Discretionary,STeFI + 4%,ZAR,2025-01-23,ADV012,Gauteng,1,110,12724027.81
PF00468,CUST314959,Offshore Feeder,Aggressive,Discretionary,MSCI World,ZAR,2015-05-27,ADV016,Western Cape,0,105,103505591.8
PF00469,CUST043363,Aggressive Equity,Aggressive,Retirement Annuity,SWIX,ZAR,2021-04-30,ADV025,Western Cape,1,120,43453726.51
PF00470,CUST315299,Conservative Income,Conservative,Discretionary,ALBI,ZAR,2018-03-26,ADV028,Gauteng,1,70,164377946.36
PF00471,CUST168079,Property Focus,Moderate,Pension Fund,SAPY,ZAR,2020-01-03,ADV013,Western Cape,1,100,5830063.92
PF00472,CUST132638,Property Focus,Moderate,Retirement Annuity,SAPY,ZAR,2023-07-29,ADV016,Gauteng,1,100,12253406.34
PF00473,CUST293344,Absolute Return,Moderate,Retirement Annuity,STeFI + 4%,ZAR,2022-08-01,ADV004,Western Cape,1,110,8808004.69
PF00474,CUST377094,Balanced Growth,Moderate,Retirement Annuity,ALSI,ZAR,2017-12-08,ADV007,Western Cape,1,95,8456888.67
PF00475,CUST079551,Money Market,Conservative,Living Annuity,STeFI,ZAR,2022-05-07,ADV017,Gauteng,0,35,8947394.81
PF00476,CUST004754,Property Focus,Moderate,Tax-Free Savings,SAPY,ZAR,2023-08-14,ADV019,Gauteng,0,100,6091258.54
PF00477,CUST241520,Balanced Growth,Moderate,Pension Fund,ALSI,ZAR,2016-11-24,ADV027,Gauteng,1,95,4051167.31
PF00478,CUST321606,Aggressive Equity,Aggressive,Discretionary,SWIX,ZAR,2017-01-14,ADV019,Mpumalanga,1,120,7031128.63
PF00479,CUST001988,Offshore Feeder,Aggressive,Tax-Free Savings,MSCI World,ZAR,2020-11-02,ADV017,Gauteng,0,105,26437052.4
PF00480,CUST206757,Aggressive Equity,Aggressive,Retirement Annuity,SWIX,ZAR,2018-02-04,ADV005,Gauteng,1,120,6498192.14
PF00481,CUST259803,Absolute Return,Moderate,Retirement Annuity,STeFI + 4%,ZAR,2018-08-14,ADV027,Gauteng,1,110,4211925.02
PF00482,CUST100994,Conservative Income,Conservative,Discretionary,ALBI,ZAR,2020-11-17,ADV022,North West,1,70,10451847.6
PF00483,CUST478370,Conservative Income,Conservative,Retirement Annuity,ALBI,ZAR,2018-05-13,ADV006,Gauteng,1,70,1651649.79
PF00484,CUST354190,Money Market,Conservative,Pension Fund,STeFI,ZAR,2016-10-23,ADV017,Gauteng,1,35,28615280.82
PF00485,CUST043259,Absolute Return,Moderate,Discretionary,STeFI + 4%,ZAR,2019-04-17,ADV020,Gauteng,1,110,57956852.89
PF00486,CUST259348,Conservative Income,Conservative,Retirement Annuity,ALBI,ZAR,2018-02-06,ADV028,KwaZulu-Natal,1,70,31676828.3
PF00487,CUST032028,Offshore Feeder,Aggressive,Retirement Annuity,MSCI World,ZAR,2022-06-11,ADV012,Gauteng,1,105,4077704.01
PF00488,CUST107593,Property Focus,Moderate,Tax-Free Savings,SAPY,ZAR,2022-08-06,ADV019,Gauteng,0,100,15915744.25
PF00489,CUST356758,Absolute Return,Moderate,Discretionary,STeFI + 4%,ZAR,2022-04-04,ADV021,Western Cape,1,110,6768011.56
PF00490,CUST008632,Conservative Income,Conservative,Discretionary,ALBI,ZAR,2019-07-05,ADV014,Gauteng,1,70,13630107.98
PF00491,CUST171043,Conservative Income,Conservative,Discretionary,ALBI,ZAR,2020-06-17,ADV012,KwaZulu-Natal,1,70,21915557.97
PF00492,CUST256727,Aggressive Equity,Aggressive,Discretionary,SWIX,ZAR,2015-03-30,ADV020,Mpumalanga,1,120,1846839.41
PF00493,CUST363001,Offshore Feeder,Aggressive,Retirement Annuity,MSCI World,ZAR,2015-08-30,ADV009,Eastern Cape,1,105,47260521.77
PF00494,CUST448546,Balanced Growth,Moderate,Living Annuity,ALSI,ZAR,2025-06-24,ADV009,Western Cape,1,95,3566035.51
PF00495,CUST058343,Aggressive Equity,Aggressive,Living Annuity,SWIX,ZAR,2018-10-14,ADV017,Mpumalanga,1,120,7276527.2
PF00496,CUST306294,Money Market,Conservative,Discretionary,STeFI,ZAR,2024-01-18,ADV016,KwaZulu-Natal,0,35,42104459.47
PF00497,CUST206480,Money Market,Conservative,Discretionary,STeFI,ZAR,2015-02-18,ADV015,Gauteng,0,35,3448328.13
PF00498,CUST386013,Money Market,Conservative,Retirement Annuity,STeFI,ZAR,2021-01-20,ADV028,Western Cape,1,35,913460.65
PF00499,CUST389883,Property Focus,Moderate,Pension Fund,SAPY,ZAR,2016-09-28,ADV012,Eastern Cape,1,100,6657881.52
PF00500,CUST431873,Offshore Feeder,Aggressive,Tax-Free Savings,MSCI World,ZAR,2021-06-15,ADV019,Gauteng,0,105,47341253.22
PF00501,CUST453999,Offshore Feeder,Aggressive,Tax-Free Savings,MSCI World,ZAR,2023-08-06,ADV028,Western Cape,0,105,18620782.77
PF00502,CUST445309,Property Focus,Moderate,Pension Fund,SAPY,ZAR,2016-06-05,ADV023,Gauteng,1,100,32844877.36
PF00503,CUST080070,Balanced Growth,Moderate,Discretionary,ALSI,ZAR,2025-12-06,ADV026,Northern Cape,1,95,21835542.82
PF00504,CUST169011,Balanced Growth,Moderate,Living Annuity,ALSI,ZAR,2018-09-13,ADV020,Western Cape,1,95,3969857.66
PF00505,CUST332113,Absolute Return,Moderate,Discretionary,STeFI + 4%,ZAR,2021-10-01,ADV018,Western Cape,1,110,2794152.83
PF00506,CUST271396,Offshore Feeder,Aggressive,Retirement Annuity,MSCI World,ZAR,2015-03-28,ADV025,Gauteng,1,105,1070078.15
PF00507,CUST376052,Money Market,Conservative,Tax-Free Savings,STeFI,ZAR,2017-10-28,ADV002,Western Cape,0,35,3807797.86
PF00508,CUST082058,Offshore Feeder,Aggressive,Discretionary,MSCI World,ZAR,2024-05-07,ADV022,Western Cape,0,105,5517752.6
PF00509,CUST418898,Absolute Return,Moderate,Retirement Annuity,STeFI + 4%,ZAR,2016-06-28,ADV027,Gauteng,1,110,9925590.74
PF00510,CUST130972,Property Focus,Moderate,Pension Fund,SAPY,ZAR,2018-09-22,ADV004,KwaZulu-Natal,1,100,51919424.08
PF00511,CUST120871,Balanced Growth,Moderate,Pension Fund,ALSI,ZAR,2017-06-04,ADV016,Gauteng,1,95,8194821.16
PF00512,CUST065447,Conservative Income,Conservative,Pension Fund,ALBI,ZAR,2015-07-11,ADV018,Western Cape,1,70,4597402.06
PF00513,CUST150222,Property Focus,Moderate,Pension Fund,SAPY,ZAR,2021-10-20,ADV023,Gauteng,1,100,10348105.79
PF00514,CUST017908,Absolute Return,Moderate,Tax-Free Savings,STeFI + 4%,ZAR,2018-11-15,ADV017,Gauteng,1,110,5808555.23
PF00515,CUST274279,Balanced Growth,Moderate,Discretionary,ALSI,ZAR,2019-09-25,ADV023,Gauteng,1,95,42033731.12
PF00516,CUST481132,Money Market,Conservative,Retirement Annuity,STeFI,ZAR,2021-05-26,ADV002,Western Cape,1,35,64251510.98
PF00517,CUST114827,Offshore Feeder,Aggressive,Tax-Free Savings,MSCI World,ZAR,2016-02-23,ADV001,Western Cape,0,105,7578203.92
PF00518,CUST013124,Money Market,Conservative,Discretionary,STeFI,ZAR,2025-11-12,ADV018,KwaZulu-Natal,0,35,6950816.72
PF00519,CUST380538,Money Market,Conservative,Discretionary,STeFI,ZAR,2022-03-09,ADV006,Western Cape,0,35,1442510.24
PF00520,CUST446869,Balanced Growth,Moderate,Living Annuity,ALSI,ZAR,2022-08-23,ADV020,Gauteng,1,95,4750176.64
PF00521,CUST441469,Conservative Income,Conservative,Pension Fund,ALBI,ZAR,2021-01-14,ADV016,Western Cape,1,70,16237679.12
PF00522,CUST125302,Absolute Return,Moderate,Tax-Free Savings,STeFI + 4%,ZAR,2016-04-05,ADV021,Western Cape,1,110,7954768.68
PF00523,CUST012908,Balanced Growth,Moderate,Retirement Annuity,ALSI,ZAR,2017-01-05,ADV003,Gauteng,1,95,1186251.75
PF00524,CUST341528,Balanced Growth,Moderate,Discretionary,ALSI,ZAR,2022-04-30,ADV006,Mpumalanga,1,95,33279757.65
PF00525,CUST349688,Property Focus,Moderate,Living Annuity,SAPY,ZAR,2024-02-11,ADV014,North West,0,100,70926804.06
PF00526,CUST454914,Absolute Return,Moderate,Pension Fund,STeFI + 4%,ZAR,2018-03-08,ADV020,North West,1,110,32709768.51
PF00527,CUST375941,Money Market,Conservative,Discretionary,STeFI,ZAR,2017-10-11,ADV008,Gauteng,0,35,628778.12
PF00528,CUST350988,Money Market,Conservative,Discretionary,STeFI,ZAR,2017-05-03,ADV026,Gauteng,0,35,74161067.17
PF00529,CUST016020,Absolute Return,Moderate,Pension Fund,STeFI + 4%,ZAR,2021-11-16,ADV005,KwaZulu-Natal,1,110,5584657.02
PF00530,CUST263603,Money Market,Conservative,Pension Fund,STeFI,ZAR,2015-04-01,ADV012,Gauteng,1,35,7287876.51
PF00531,CUST436042,Aggressive Equity,Aggressive,Living Annuity,SWIX,ZAR,2023-07-09,ADV009,Gauteng,1,120,4822381.86
PF00532,CUST441617,Aggressive Equity,Aggressive,Living Annuity,SWIX,ZAR,2019-12-09,ADV005,Gauteng,1,120,6042977.09
PF00533,CUST214856,Aggressive Equity,Aggressive,Living Annuity,SWIX,ZAR,2021-05-12,ADV005,Mpumalanga,1,120,49912930.07
PF00534,CUST059672,Offshore Feeder,Aggressive,Retirement Annuity,MSCI World,ZAR,2024-10-08,ADV001,Gauteng,1,105,30911606.52
PF00535,CUST093377,Aggressive Equity,Aggressive,Discretionary,SWIX,ZAR,2021-04-20,ADV015,Western Cape,1,120,90254167.33
PF00536,CUST174750,Aggressive Equity,Aggressive,Discretionary,SWIX,ZAR,2025-07-28,ADV010,Free State,1,120,13374098.51
PF00537,CUST442936,Absolute Return,Moderate,Living Annuity,STeFI + 4%,ZAR,2022-09-06,ADV014,Western Cape,1,110,31035134.78
PF00538,CUST398881,Aggressive Equity,Aggressive,Retirement Annuity,SWIX,ZAR,2025-05-19,ADV022,Western Cape,1,120,41329732.33
PF00539,CUST254826,Aggressive Equity,Aggressive,Discretionary,SWIX,ZAR,2016-11-20,ADV017,Free State,1,120,3906936.75
PF00540,CUST375931,Money Market,Conservative,Discretionary,STeFI,ZAR,2017-12-30,ADV008,Mpumalanga,0,35,50387518.55
PF00541,CUST078785,Aggressive Equity,Aggressive,Pension Fund,SWIX,ZAR,2024-08-22,ADV012,Eastern Cape,1,120,5084983.55
PF00542,CUST242957,Conservative Income,Conservative,Retirement Annuity,ALBI,ZAR,2017-07-11,ADV013,Western Cape,1,70,2905820.7
PF00543,CUST338290,Absolute Return,Moderate,Endowment,STeFI + 4%,ZAR,2015-11-13,ADV006,Gauteng,1,110,3000716.06
PF00544,CUST111699,Aggressive Equity,Aggressive,Living Annuity,SWIX,ZAR,2022-10-19,ADV024,Western Cape,1,120,4404790.07
PF00545,CUST200405,Aggressive Equity,Aggressive,Retirement Annuity,SWIX,ZAR,2017-12-20,ADV005,Gauteng,1,120,10276020.34
PF00546,CUST273775,Balanced Growth,Moderate,Tax-Free Savings,ALSI,ZAR,2021-10-09,ADV024,Eastern Cape,1,95,547359.33
PF00547,CUST280531,Aggressive Equity,Aggressive,Discretionary,SWIX,ZAR,2018-04-17,ADV001,Mpumalanga,1,120,49272754.07
PF00548,CUST428940,Aggressive Equity,Aggressive,Discretionary,SWIX,ZAR,2016-06-05,ADV005,KwaZulu-Natal,1,120,1901355.48
PF00549,CUST436761,Offshore Feeder,Aggressive,Retirement Annuity,MSCI World,ZAR,2019-05-06,ADV012,Free State,1,105,15395135.47
PF00550,CUST484169,Offshore Feeder,Aggressive,Discretionary,MSCI World,ZAR,2021-10-18,ADV012,Gauteng,0,105,14950909.37
PF00551,CUST444468,Conservative Income,Conservative,Discretionary,ALBI,ZAR,2015-08-15,ADV006,Eastern Cape,1,70,31196146.29
PF00552,CUST465026,Aggressive Equity,Aggressive,Endowment,SWIX,ZAR,2025-05-12,ADV016,Mpumalanga,1,120,1724551.48
PF00553,CUST041850,Property Focus,Moderate,Retirement Annuity,SAPY,ZAR,2021-07-31,ADV022,Western Cape,1,100,3528996.28
PF00554,CUST167104,Absolute Return,Moderate,Discretionary,STeFI + 4%,ZAR,2016-06-14,ADV024,Free State,1,110,4747469.22
PF00555,CUST049486,Balanced Growth,Moderate,Retirement Annuity,ALSI,ZAR,2015-11-15,ADV008,Gauteng,1,95,4508995.51
PF00556,CUST023516,Absolute Return,Moderate,Tax-Free Savings,STeFI + 4%,ZAR,2024-04-16,ADV012,Gauteng,1,110,9531221.75
PF00557,CUST465750,Balanced Growth,Moderate,Tax-Free Savings,ALSI,ZAR,2020-02-26,ADV025,Gauteng,1,95,7337964.52
PF00558,CUST121970,Conservative Income,Conservative,Endowment,ALBI,ZAR,2023-08-30,ADV025,Gauteng,1,70,5330712.61
PF00559,CUST418349,Balanced Growth,Moderate,Endowment,ALSI,ZAR,2025-01-01,ADV027,Western Cape,1,95,923964.24
PF00560,CUST037764,Balanced Growth,Moderate,Tax-Free Savings,ALSI,ZAR,2019-11-16,ADV025,Gauteng,1,95,990515.09
PF00561,CUST239646,Absolute Return,Moderate,Discretionary,STeFI + 4%,ZAR,2018-09-26,ADV003,Gauteng,1,110,3087684.68
PF00562,CUST400437,Aggressive Equity,Aggressive,Discretionary,SWIX,ZAR,2025-05-06,ADV010,Gauteng,1,120,5460339.6
PF00563,CUST125545,Balanced Growth,Moderate,Retirement Annuity,ALSI,ZAR,2019-04-25,ADV015,Gauteng,1,95,10701575.14
PF00564,CUST077412,Absolute Return,Moderate,Living Annuity,STeFI + 4%,ZAR,2017-09-02,ADV009,Western Cape,1,110,1584739.92
PF00565,CUST038198,Aggressive Equity,Aggressive,Discretionary,SWIX,ZAR,2020-10-08,ADV022,Gauteng,1,120,600236.01
PF00566,CUST003258,Balanced Growth,Moderate,Tax-Free Savings,ALSI,ZAR,2015-04-09,ADV028,Northern Cape,1,95,75639546.28
PF00567,CUST176718,Money Market,Conservative,Living Annuity,STeFI,ZAR,2023-08-08,ADV001,North West,0,35,34711553.08
PF00568,CUST232083,Aggressive Equity,Aggressive,Endowment,SWIX,ZAR,2024-04-25,ADV001,Limpopo,1,120,1022591.55
PF00569,CUST082873,Aggressive Equity,Aggressive,Retirement Annuity,SWIX,ZAR,2015-12-06,ADV013,KwaZulu-Natal,1,120,3397136.33
PF00570,CUST494197,Money Market,Conservative,Living Annuity,STeFI,ZAR,2025-04-19,ADV007,Western Cape,0,35,5659973.18
PF00571,CUST301543,Balanced Growth,Moderate,Retirement Annuity,ALSI,ZAR,2024-04-01,ADV013,Gauteng,1,95,4819617.51
PF00572,CUST368803,Absolute Return,Moderate,Retirement Annuity,STeFI + 4%,ZAR,2019-11-05,ADV014,Eastern Cape,1,110,3503934.24
PF00573,CUST070174,Absolute Return,Moderate,Pension Fund,STeFI + 4%,ZAR,2023-08-14,ADV024,Mpumalanga,1,110,5630603.61
PF00574,CUST171467,Aggressive Equity,Aggressive,Discretionary,SWIX,ZAR,2017-03-07,ADV025,Mpumalanga,1,120,11095529.46
PF00575,CUST208799,Absolute Return,Moderate,Discretionary,STeFI + 4%,ZAR,2016-02-06,ADV016,Gauteng,1,110,36006003.74
PF00576,CUST346284,Property Focus,Moderate,Discretionary,SAPY,ZAR,2016-03-28,ADV003,Gauteng,0,100,11097459.57
PF00577,CUST348662,Aggressive Equity,Aggressive,Retirement Annuity,SWIX,ZAR,2017-01-07,ADV007,Free State,1,120,16423872.11
PF00578,CUST227853,Offshore Feeder,Aggressive,Pension Fund,MSCI World,ZAR,2023-10-15,ADV002,KwaZulu-Natal,1,105,2323774.77
PF00579,CUST063212,Aggressive Equity,Aggressive,Discretionary,SWIX,ZAR,2024-10-26,ADV023,KwaZulu-Natal,1,120,3807993.51
PF00580,CUST020683,Property Focus,Moderate,Discretionary,SAPY,ZAR,2016-02-05,ADV021,Gauteng,0,100,8570513.34
PF00581,CUST223038,Offshore Feeder,Aggressive,Retirement Annuity,MSCI World,ZAR,2016-04-26,ADV013,Eastern Cape,1,105,10036550.86
PF00582,CUST403544,Offshore Feeder,Aggressive,Retirement Annuity,MSCI World,ZAR,2023-02-16,ADV007,Gauteng,1,105,21759371.13
PF00583,CUST478370,Offshore Feeder,Aggressive,Endowment,MSCI World,ZAR,2022-08-29,ADV010,Gauteng,0,105,17732524.25
PF00584,CUST049727,Balanced Growth,Moderate,Discretionary,ALSI,ZAR,2025-09-17,ADV004,Gauteng,1,95,22701610.59
PF00585,CUST470261,Property Focus,Moderate,Living Annuity,SAPY,ZAR,2024-08-17,ADV003,Eastern Cape,0,100,22582593.09
PF00586,CUST418978,Property Focus,Moderate,Tax-Free Savings,SAPY,ZAR,2017-09-11,ADV023,Gauteng,0,100,3324403.44
PF00587,CUST228819,Balanced Growth,Moderate,Discretionary,ALSI,ZAR,2024-04-08,ADV021,Western Cape,1,95,4133514.59
PF00588,CUST365789,Money Market,Conservative,Living Annuity,STeFI,ZAR,2023-02-15,ADV009,Free State,0,35,21096106.72
PF00589,CUST006973,Offshore Feeder,Aggressive,Retirement Annuity,MSCI World,ZAR,2021-06-24,ADV017,Western Cape,1,105,26880083.27
PF00590,CUST079942,Balanced Growth,Moderate,Retirement Annuity,ALSI,ZAR,2018-03-03,ADV014,KwaZulu-Natal,1,95,8251781.6
PF00591,CUST002798,Offshore Feeder,Aggressive,Endowment,MSCI World,ZAR,2015-06-12,ADV011,Limpopo,0,105,18778279.97
PF00592,CUST122458,Conservative Income,Conservative,Discretionary,ALBI,ZAR,2021-04-18,ADV012,Gauteng,1,70,1801113.85
PF00593,CUST212842,Balanced Growth,Moderate,Endowment,ALSI,ZAR,2017-01-24,ADV028,Gauteng,1,95,1730941.27
PF00594,CUST453939,Money Market,Conservative,Living Annuity,STeFI,ZAR,2022-06-12,ADV003,KwaZulu-Natal,0,35,28786798.48
PF00595,CUST463289,Money Market,Conservative,Pension Fund,STeFI,ZAR,2020-06-13,ADV004,Western Cape,1,35,11236057.78
PF00596,CUST169283,Offshore Feeder,Aggressive,Retirement Annuity,MSCI World,ZAR,2022-01-16,ADV028,Eastern Cape,1,105,7416438.37
PF00597,CUST308528,Money Market,Conservative,Retirement Annuity,STeFI,ZAR,2024-05-24,ADV015,Gauteng,1,35,1795360.48
PF00598,CUST439837,Money Market,Conservative,Tax-Free Savings,STeFI,ZAR,2016-10-26,ADV017,Free State,0,35,65116747.29
PF00599,CUST078022,Balanced Growth,Moderate,Endowment,ALSI,ZAR,2024-06-01,ADV018,Gauteng,1,95,17354694.92
PF00600,CUST154825,Property Focus,Moderate,Retirement Annuity,SAPY,ZAR,2016-08-17,ADV010,Eastern Cape,1,100,5811750.11
PF00601,CUST232229,Property Focus,Moderate,Tax-Free Savings,SAPY,ZAR,2025-02-17,ADV005,Western Cape,0,100,9427475.7
PF00602,CUST419248,Balanced Growth,Moderate,Pension Fund,ALSI,ZAR,2024-04-25,ADV016,Western Cape,1,95,35732430.92
PF00603,CUST167877,Conservative Income,Conservative,Endowment,ALBI,ZAR,2022-11-10,ADV023,Western Cape,1,70,1692534.26
PF00604,CUST142535,Balanced Growth,Moderate,Endowment,ALSI,ZAR,2020-07-15,ADV022,KwaZulu-Natal,1,95,44140033.51
PF00605,CUST175356,Aggressive Equity,Aggressive,Tax-Free Savings,SWIX,ZAR,2024-05-29,ADV008,North West,1,120,2127823.9
PF00606,CUST174595,Aggressive Equity,Aggressive,Retirement Annuity,SWIX,ZAR,2017-03-11,ADV009,Gauteng,1,120,5992269.43
PF00607,CUST295921,Absolute Return,Moderate,Discretionary,STeFI + 4%,ZAR,2017-10-10,ADV002,Eastern Cape,1,110,31529816.11
PF00608,CUST198766,Offshore Feeder,Aggressive,Retirement Annuity,MSCI World,ZAR,2022-10-19,ADV014,KwaZulu-Natal,1,105,21459111.77
PF00609,CUST239276,Conservative Income,Conservative,Tax-Free Savings,ALBI,ZAR,2019-06-14,ADV001,Western Cape,1,70,11233154.53
PF00610,CUST315846,Absolute Return,Moderate,Pension Fund,STeFI + 4%,ZAR,2019-02-10,ADV027,Gauteng,1,110,13176181.68
PF00611,CUST122506,Balanced Growth,Moderate,Retirement Annuity,ALSI,ZAR,2019-05-16,ADV007,Eastern Cape,1,95,5420603.57
PF00612,CUST085400,Balanced Growth,Moderate,Retirement Annuity,ALSI,ZAR,2019-12-08,ADV002,Western Cape,1,95,2357829.08
PF00613,CUST141586,Offshore Feeder,Aggressive,Retirement Annuity,MSCI World,ZAR,2022-07-02,ADV024,Western Cape,1,105,6796479.03
PF00614,CUST362195,Aggressive Equity,Aggressive,Discretionary,SWIX,ZAR,2021-02-09,ADV010,Gauteng,1,120,3625388.14
PF00615,CUST377769,Absolute Return,Moderate,Pension Fund,STeFI + 4%,ZAR,2015-06-01,ADV026,Western Cape,1,110,2175134.15
PF00616,CUST082870,Property Focus,Moderate,Tax-Free Savings,SAPY,ZAR,2025-03-19,ADV012,Free State,0,100,5763552.2
PF00617,CUST206490,Property Focus,Moderate,Living Annuity,SAPY,ZAR,2016-05-09,ADV001,Gauteng,0,100,5511474.75
PF00618,CUST397087,Aggressive Equity,Aggressive,Discretionary,SWIX,ZAR,2022-06-13,ADV019,Gauteng,1,120,2276715.3
PF00619,CUST414082,Aggressive Equity,Aggressive,Retirement Annuity,SWIX,ZAR,2022-03-01,ADV009,Gauteng,1,120,11327733.51
PF00620,CUST277847,Balanced Growth,Moderate,Retirement Annuity,ALSI,ZAR,2021-05-26,ADV025,KwaZulu-Natal,1,95,13688241.78
PF00621,CUST258950,Offshore Feeder,Aggressive,Retirement Annuity,MSCI World,ZAR,2019-10-23,ADV010,KwaZulu-Natal,1,105,9572421.46
PF00622,CUST455593,Money Market,Conservative,Retirement Annuity,STeFI,ZAR,2020-12-07,ADV008,Limpopo,1,35,3824849.71
PF00623,CUST025273,Money Market,Conservative,Retirement Annuity,STeFI,ZAR,2023-10-22,ADV006,Gauteng,1,35,2136250.29
PF00624,CUST386254,Conservative Income,Conservative,Tax-Free Savings,ALBI,ZAR,2017-03-23,ADV019,Western Cape,1,70,8763157.03
PF00625,CUST343781,Absolute Return,Moderate,Pension Fund,STeFI + 4%,ZAR,2017-01-10,ADV003,Gauteng,1,110,32501341.54
PF00626,CUST175279,Money Market,Conservative,Pension Fund,STeFI,ZAR,2024-10-06,ADV024,Eastern Cape,1,35,2188191.01
PF00627,CUST439523,Aggressive Equity,Aggressive,Living Annuity,SWIX,ZAR,2017-02-11,ADV006,KwaZulu-Natal,1,120,4997409.88
PF00628,CUST168413,Money Market,Conservative,Discretionary,STeFI,ZAR,2018-08-12,ADV020,Western Cape,0,35,11701933.39
PF00629,CUST216933,Conservative Income,Conservative,Living Annuity,ALBI,ZAR,2024-12-23,ADV023,Western Cape,1,70,2082157.95
PF00630,CUST111228,Money Market,Conservative,Discretionary,STeFI,ZAR,2022-07-04,ADV004,Eastern Cape,0,35,3974477.2
PF00631,CUST351776,Offshore Feeder,Aggressive,Retirement Annuity,MSCI World,ZAR,2024-06-25,ADV023,Gauteng,1,105,3766030.16
PF00632,CUST084772,Absolute Return,Moderate,Living Annuity,STeFI + 4%,ZAR,2017-03-23,ADV006,Limpopo,1,110,71410835.03
PF00633,CUST233855,Balanced Growth,Moderate,Discretionary,ALSI,ZAR,2015-05-18,ADV017,Eastern Cape,1,95,6289854.72
PF00634,CUST352148,Conservative Income,Conservative,Retirement Annuity,ALBI,ZAR,2025-04-22,ADV021,Western Cape,1,70,13448361.81
PF00635,CUST279866,Absolute Return,Moderate,Pension Fund,STeFI + 4%,ZAR,2022-12-24,ADV007,Gauteng,1,110,10210712.41
PF00636,CUST383245,Offshore Feeder,Aggressive,Living Annuity,MSCI World,ZAR,2017-09-22,ADV026,North West,0,105,38157242.27
PF00637,CUST167406,Offshore Feeder,Aggressive,Pension Fund,MSCI World,ZAR,2021-05-13,ADV015,Gauteng,1,105,1232212.66
PF00638,CUST452164,Property Focus,Moderate,Retirement Annuity,SAPY,ZAR,2017-08-08,ADV003,Gauteng,1,100,7051004.97
PF00639,CUST197421,Aggressive Equity,Aggressive,Living Annuity,SWIX,ZAR,2023-01-28,ADV016,Limpopo,1,120,1458996.16
PF00640,CUST137109,Property Focus,Moderate,Discretionary,SAPY,ZAR,2025-08-02,ADV026,Free State,0,100,11878331.17
PF00641,CUST034768,Conservative Income,Conservative,Retirement Annuity,ALBI,ZAR,2023-10-11,ADV009,Gauteng,1,70,337741770.06
PF00642,CUST348122,Offshore Feeder,Aggressive,Pension Fund,MSCI World,ZAR,2016-11-10,ADV003,Western Cape,1,105,31653560.73
PF00643,CUST073582,Aggressive Equity,Aggressive,Tax-Free Savings,SWIX,ZAR,2016-12-28,ADV007,Gauteng,1,120,1179348.76
PF00644,CUST045934,Absolute Return,Moderate,Pension Fund,STeFI + 4%,ZAR,2021-09-15,ADV011,Gauteng,1,110,3968659.22
PF00645,CUST191137,Offshore Feeder,Aggressive,Discretionary,MSCI World,ZAR,2016-07-12,ADV001,Gauteng,0,105,3562910.64
PF00646,CUST184271,Offshore Feeder,Aggressive,Retirement Annuity,MSCI World,ZAR,2022-07-25,ADV010,Gauteng,1,105,839735.75
PF00647,CUST130936,Offshore Feeder,Aggressive,Pension Fund,MSCI World,ZAR,2019-12-29,ADV023,Free State,1,105,1697407.48
PF00648,CUST108116,Balanced Growth,Moderate,Discretionary,ALSI,ZAR,2015-06-23,ADV011,Western Cape,1,95,5603930.23
PF00649,CUST029988,Aggressive Equity,Aggressive,Endowment,SWIX,ZAR,2015-05-01,ADV002,KwaZulu-Natal,1,120,39724812.81
PF00650,CUST270788,Property Focus,Moderate,Living Annuity,SAPY,ZAR,2016-07-01,ADV014,Western Cape,0,100,48089811.66
PF00651,CUST278437,Absolute Return,Moderate,Discretionary,STeFI + 4%,ZAR,2025-07-22,ADV009,Gauteng,1,110,8260037.85
PF00652,CUST351702,Aggressive Equity,Aggressive,Retirement Annuity,SWIX,ZAR,2017-03-08,ADV002,Mpumalanga,1,120,17803472.5
PF00653,CUST173870,Property Focus,Moderate,Endowment,SAPY,ZAR,2025-07-07,ADV024,Gauteng,0,100,7322615.3
PF00654,CUST327723,Money Market,Conservative,Pension Fund,STeFI,ZAR,2017-05-05,ADV002,Western Cape,1,35,13970543.92
PF00655,CUST178881,Conservative Income,Conservative,Living Annuity,ALBI,ZAR,2020-04-08,ADV022,KwaZulu-Natal,1,70,2364385.63
PF00656,CUST319521,Conservative Income,Conservative,Pension Fund,ALBI,ZAR,2022-12-08,ADV020,Gauteng,1,70,22048844.34
PF00657,CUST459505,Offshore Feeder,Aggressive,Tax-Free Savings,MSCI World,ZAR,2018-07-29,ADV014,Western Cape,0,105,10101103.1
PF00658,CUST156681,Conservative Income,Conservative,Endowment,ALBI,ZAR,2015-06-09,ADV001,Gauteng,1,70,3628764.71
PF00659,CUST130568,Conservative Income,Conservative,Retirement Annuity,ALBI,ZAR,2023-04-12,ADV009,Mpumalanga,1,70,36774685.14
PF00660,CUST300757,Absolute Return,Moderate,Endowment,STeFI + 4%,ZAR,2024-08-14,ADV005,Gauteng,1,110,5618468.96
PF00661,CUST103484,Property Focus,Moderate,Discretionary,SAPY,ZAR,2018-08-05,ADV011,KwaZulu-Natal,0,100,9939590.37
PF00662,CUST261580,Aggressive Equity,Aggressive,Pension Fund,SWIX,ZAR,2018-12-14,ADV016,Western Cape,1,120,19186176.5
PF00663,CUST387451,Offshore Feeder,Aggressive,Retirement Annuity,MSCI World,ZAR,2021-11-18,ADV023,Western Cape,1,105,17100126.84
PF00664,CUST057319,Offshore Feeder,Aggressive,Endowment,MSCI World,ZAR,2023-09-01,ADV007,Mpumalanga,0,105,12321776.83
PF00665,CUST141568,Absolute Return,Moderate,Retirement Annuity,STeFI + 4%,ZAR,2023-07-10,ADV018,Gauteng,1,110,21160123.57
PF00666,CUST405222,Balanced Growth,Moderate,Retirement Annuity,ALSI,ZAR,2022-01-20,ADV009,Gauteng,1,95,6976138.7
PF00667,CUST414430,Property Focus,Moderate,Pension Fund,SAPY,ZAR,2019-04-02,ADV026,Western Cape,1,100,23497704.67
PF00668,CUST423301,Money Market,Conservative,Endowment,STeFI,ZAR,2020-07-27,ADV028,North West,0,35,88781102.74
PF00669,CUST392452,Conservative Income,Conservative,Tax-Free Savings,ALBI,ZAR,2022-12-24,ADV009,Western Cape,1,70,1098090.33
PF00670,CUST485131,Conservative Income,Conservative,Endowment,ALBI,ZAR,2016-04-12,ADV009,KwaZulu-Natal,1,70,80155436.63
PF00671,CUST173159,Money Market,Conservative,Retirement Annuity,STeFI,ZAR,2025-04-10,ADV028,Gauteng,1,35,5189368.03
PF00672,CUST276891,Conservative Income,Conservative,Retirement Annuity,ALBI,ZAR,2019-01-15,ADV023,Western Cape,1,70,15638508.38
PF00673,CUST407379,Offshore Feeder,Aggressive,Living Annuity,MSCI World,ZAR,2021-03-16,ADV005,Western Cape,0,105,80925922.4
PF00674,CUST241462,Absolute Return,Moderate,Pension Fund,STeFI + 4%,ZAR,2017-04-21,ADV023,Gauteng,1,110,27283758.33
PF00675,CUST443059,Balanced Growth,Moderate,Discretionary,ALSI,ZAR,2020-05-25,ADV020,Gauteng,1,95,6558985.17
PF00676,CUST235885,Conservative Income,Conservative,Pension Fund,ALBI,ZAR,2023-03-18,ADV028,Gauteng,1,70,9560142.0
PF00677,CUST266247,Conservative Income,Conservative,Endowment,ALBI,ZAR,2015-03-14,ADV002,Eastern Cape,1,70,13281462.68
PF00678,CUST263197,Absolute Return,Moderate,Living Annuity,STeFI + 4%,ZAR,2022-02-10,ADV009,KwaZulu-Natal,1,110,45083445.39
PF00679,CUST438592,Balanced Growth,Moderate,Discretionary,ALSI,ZAR,2025-05-24,ADV007,Gauteng,1,95,20892133.29
PF00680,CUST458301,Property Focus,Moderate,Retirement Annuity,SAPY,ZAR,2016-05-11,ADV027,Gauteng,1,100,1051658.05
PF00681,CUST322180,Property Focus,Moderate,Retirement Annuity,SAPY,ZAR,2024-08-20,ADV013,Western Cape,1,100,136766097.41
PF00682,CUST200251,Balanced Growth,Moderate,Retirement Annuity,ALSI,ZAR,2018-06-25,ADV028,Gauteng,1,95,1679352.01
PF00683,CUST101027,Absolute Return,Moderate,Living Annuity,STeFI + 4%,ZAR,2015-07-26,ADV019,Western Cape,1,110,4132793.9
PF00684,CUST393566,Aggressive Equity,Aggressive,Tax-Free Savings,SWIX,ZAR,2021-12-05,ADV007,Western Cape,1,120,10219505.92
PF00685,CUST085404,Property Focus,Moderate,Retirement Annuity,SAPY,ZAR,2018-04-10,ADV004,KwaZulu-Natal,1,100,4233389.58
PF00686,CUST475744,Property Focus,Moderate,Discretionary,SAPY,ZAR,2015-04-23,ADV013,Northern Cape,0,100,866083.99
PF00687,CUST184874,Absolute Return,Moderate,Pension Fund,STeFI + 4%,ZAR,2017-07-14,ADV022,Gauteng,1,110,16636966.46
PF00688,CUST357765,Absolute Return,Moderate,Discretionary,STeFI + 4%,ZAR,2021-04-14,ADV004,KwaZulu-Natal,1,110,14929283.55
PF00689,CUST008822,Offshore Feeder,Aggressive,Discretionary,MSCI World,ZAR,2021-03-08,ADV023,Mpumalanga,0,105,1570843.31
PF00690,CUST105905,Offshore Feeder,Aggressive,Retirement Annuity,MSCI World,ZAR,2023-03-04,ADV012,KwaZulu-Natal,1,105,6262415.78
PF00691,CUST190974,Money Market,Conservative,Pension Fund,STeFI,ZAR,2019-08-24,ADV004,KwaZulu-Natal,1,35,40346622.98
PF00692,CUST408594,Property Focus,Moderate,Discretionary,SAPY,ZAR,2015-02-19,ADV014,Gauteng,0,100,6511469.64
PF00693,CUST364236,Aggressive Equity,Aggressive,Retirement Annuity,SWIX,ZAR,2024-09-05,ADV007,Gauteng,1,120,3977785.05
PF00694,CUST380235,Offshore Feeder,Aggressive,Discretionary,MSCI World,ZAR,2019-06-23,ADV014,Gauteng,0,105,8657582.02
PF00695,CUST479894,Balanced Growth,Moderate,Living Annuity,ALSI,ZAR,2018-08-14,ADV025,Eastern Cape,1,95,5055897.25
PF00696,CUST341297,Aggressive Equity,Aggressive,Discretionary,SWIX,ZAR,2020-08-19,ADV024,Eastern Cape,1,120,11966585.21
PF00697,CUST233712,Aggressive Equity,Aggressive,Pension Fund,SWIX,ZAR,2019-01-13,ADV019,KwaZulu-Natal,1,120,4932047.04
PF00698,CUST426874,Money Market,Conservative,Retirement Annuity,STeFI,ZAR,2019-02-12,ADV002,Western Cape,1,35,36281027.87
PF00699,CUST234167,Offshore Feeder,Aggressive,Retirement Annuity,MSCI World,ZAR,2018-09-05,ADV003,Free State,1,105,613229.06
PF00700,CUST357093,Conservative Income,Conservative,Retirement Annuity,ALBI,ZAR,2025-11-07,ADV009,Mpumalanga,1,70,6732992.64
PF00701,CUST161336,Conservative Income,Conservative,Retirement Annuity,ALBI,ZAR,2020-08-02,ADV007,Western Cape,1,70,8440101.58
PF00702,CUST442602,Offshore Feeder,Aggressive,Endowment,MSCI World,ZAR,2021-08-12,ADV008,Free State,0,105,3540199.34
PF00703,CUST286477,Balanced Growth,Moderate,Retirement Annuity,ALSI,ZAR,2022-09-05,ADV008,Gauteng,1,95,1471570.29
PF00704,CUST271399,Balanced Growth,Moderate,Tax-Free Savings,ALSI,ZAR,2025-06-10,ADV007,Eastern Cape,1,95,8835442.01
PF00705,CUST066483,Property Focus,Moderate,Retirement Annuity,SAPY,ZAR,2024-08-02,ADV021,KwaZulu-Natal,1,100,15288962.25
PF00706,CUST208059,Absolute Return,Moderate,Discretionary,STeFI + 4%,ZAR,2023-03-25,ADV028,Eastern Cape,1,110,8717433.93
PF00707,CUST344055,Conservative Income,Conservative,Discretionary,ALBI,ZAR,2015-02-04,ADV026,KwaZulu-Natal,1,70,41203742.91
PF00708,CUST354321,Aggressive Equity,Aggressive,Living Annuity,SWIX,ZAR,2025-08-08,ADV007,Free State,1,120,4896512.63
PF00709,CUST192771,Absolute Return,Moderate,Living Annuity,STeFI + 4%,ZAR,2024-10-28,ADV010,Gauteng,1,110,86581342.94
PF00710,CUST348899,Absolute Return,Moderate,Discretionary,STeFI + 4%,ZAR,2023-01-22,ADV023,KwaZulu-Natal,1,110,9514881.58
PF00711,CUST018611,Money Market,Conservative,Living Annuity,STeFI,ZAR,2022-02-27,ADV002,Northern Cape,0,35,1225880.88
PF00712,CUST032815,Absolute Return,Moderate,Discretionary,STeFI + 4%,ZAR,2019-05-12,ADV013,Eastern Cape,1,110,5987611.04
PF00713,CUST345854,Aggressive Equity,Aggressive,Retirement Annuity,SWIX,ZAR,2017-04-04,ADV009,Limpopo,1,120,7436117.82
PF00714,CUST192216,Conservative Income,Conservative,Retirement Annuity,ALBI,ZAR,2021-05-11,ADV024,Western Cape,1,70,9664546.65
PF00715,CUST068377,Money Market,Conservative,Discretionary,STeFI,ZAR,2018-04-07,ADV017,North West,0,35,10824673.57
PF00716,CUST447318,Offshore Feeder,Aggressive,Retirement Annuity,MSCI World,ZAR,2017-10-14,ADV004,Gauteng,1,105,3749652.48
PF00717,CUST381151,Absolute Return,Moderate,Retirement Annuity,STeFI + 4%,ZAR,2015-09-03,ADV004,Gauteng,1,110,13526108.56
PF00718,CUST041378,Balanced Growth,Moderate,Tax-Free Savings,ALSI,ZAR,2024-01-01,ADV003,Western Cape,1,95,31797323.93
PF00719,CUST102275,Conservative Income,Conservative,Retirement Annuity,ALBI,ZAR,2021-07-18,ADV006,Free State,1,70,8259353.23
PF00720,CUST250491,Conservative Income,Conservative,Endowment,ALBI,ZAR,2018-09-28,ADV005,Gauteng,1,70,51397840.79
PF00721,CUST068996,Offshore Feeder,Aggressive,Pension Fund,MSCI World,ZAR,2020-01-08,ADV020,Western Cape,1,105,13796323.02
PF00722,CUST193076,Money Market,Conservative,Discretionary,STeFI,ZAR,2023-10-26,ADV021,Gauteng,0,35,4958891.51
PF00723,CUST159282,Offshore Feeder,Aggressive,Retirement Annuity,MSCI World,ZAR,2017-03-27,ADV024,Western Cape,1,105,7204680.35
PF00724,CUST137142,Absolute Return,Moderate,Living Annuity,STeFI + 4%,ZAR,2023-12-27,ADV004,KwaZulu-Natal,1,110,7332541.9
PF00725,CUST083730,Money Market,Conservative,Tax-Free Savings,STeFI,ZAR,2023-06-02,ADV012,Eastern Cape,0,35,4860883.26
PF00726,CUST388968,Balanced Growth,Moderate,Endowment,ALSI,ZAR,2024-05-08,ADV028,Gauteng,1,95,2202735.54
PF00727,CUST219014,Aggressive Equity,Aggressive,Discretionary,SWIX,ZAR,2016-05-28,ADV006,Gauteng,1,120,41193006.18
PF00728,CUST325940,Conservative Income,Conservative,Pension Fund,ALBI,ZAR,2022-05-29,ADV010,KwaZulu-Natal,1,70,8185824.95
PF00729,CUST483165,Offshore Feeder,Aggressive,Living Annuity,MSCI World,ZAR,2018-05-18,ADV013,Mpumalanga,0,105,4633322.34
PF00730,CUST323916,Money Market,Conservative,Pension Fund,STeFI,ZAR,2019-04-28,ADV017,Mpumalanga,1,35,7320974.06
PF00731,CUST428805,Aggressive Equity,Aggressive,Discretionary,SWIX,ZAR,2015-05-02,ADV027,Western Cape,1,120,26131908.8
PF00732,CUST097221,Conservative Income,Conservative,Retirement Annuity,ALBI,ZAR,2024-12-11,ADV014,Mpumalanga,1,70,1695996.43
PF00733,CUST442580,Money Market,Conservative,Retirement Annuity,STeFI,ZAR,2015-03-21,ADV017,Eastern Cape,1,35,4503199.51
PF00734,CUST143255,Absolute Return,Moderate,Tax-Free Savings,STeFI + 4%,ZAR,2023-08-25,ADV015,KwaZulu-Natal,1,110,7234998.29
PF00735,CUST448996,Conservative Income,Conservative,Discretionary,ALBI,ZAR,2021-10-12,ADV019,Free State,1,70,2525856.02
PF00736,CUST467446,Money Market,Conservative,Living Annuity,STeFI,ZAR,2021-12-20,ADV009,Western Cape,0,35,21020431.98
PF00737,CUST364020,Property Focus,Moderate,Pension Fund,SAPY,ZAR,2025-04-01,ADV015,North West,1,100,15122997.62
PF00738,CUST481756,Property Focus,Moderate,Tax-Free Savings,SAPY,ZAR,2022-02-25,ADV005,Free State,0,100,12836745.92
PF00739,CUST175898,Conservative Income,Conservative,Discretionary,ALBI,ZAR,2018-06-02,ADV025,Western Cape,1,70,4336572.92
PF00740,CUST112652,Offshore Feeder,Aggressive,Endowment,MSCI World,ZAR,2016-12-18,ADV019,Western Cape,0,105,69634640.4
PF00741,CUST157185,Conservative Income,Conservative,Discretionary,ALBI,ZAR,2022-09-15,ADV026,Gauteng,1,70,20339362.28
PF00742,CUST098708,Offshore Feeder,Aggressive,Living Annuity,MSCI World,ZAR,2019-10-06,ADV018,KwaZulu-Natal,0,105,16448127.7
PF00743,CUST104992,Conservative Income,Conservative,Tax-Free Savings,ALBI,ZAR,2017-02-10,ADV015,Western Cape,1,70,234472701.46
PF00744,CUST407693,Balanced Growth,Moderate,Retirement Annuity,ALSI,ZAR,2025-06-08,ADV028,Gauteng,1,95,2042814.84
PF00745,CUST208674,Conservative Income,Conservative,Living Annuity,ALBI,ZAR,2019-06-18,ADV028,Gauteng,1,70,2635667.41
PF00746,CUST171300,Absolute Return,Moderate,Retirement Annuity,STeFI + 4%,ZAR,2020-02-22,ADV001,Western Cape,1,110,16766176.09
PF00747,CUST368849,Money Market,Conservative,Discretionary,STeFI,ZAR,2015-03-11,ADV014,Free State,0,35,4060917.77
PF00748,CUST462080,Aggressive Equity,Aggressive,Endowment,SWIX,ZAR,2015-06-18,ADV017,Free State,1,120,814221.99
PF00749,CUST487098,Money Market,Conservative,Living Annuity,STeFI,ZAR,2017-10-13,ADV009,Gauteng,0,35,44564342.84
PF00750,CUST402902,Money Market,Conservative,Tax-Free Savings,STeFI,ZAR,2021-08-17,ADV008,Gauteng,0,35,65954148.99
PF00751,CUST020600,Conservative Income,Conservative,Discretionary,ALBI,ZAR,2025-05-13,ADV023,Gauteng,1,70,12066781.61
PF00752,CUST405266,Aggressive Equity,Aggressive,Tax-Free Savings,SWIX,ZAR,2021-01-03,ADV023,Gauteng,1,120,4624558.72
PF00753,CUST164904,Absolute Return,Moderate,Retirement Annuity,STeFI + 4%,ZAR,2024-12-08,ADV003,Western Cape,1,110,164576631.7
PF00754,CUST219322,Aggressive Equity,Aggressive,Retirement Annuity,SWIX,ZAR,2016-10-08,ADV021,KwaZulu-Natal,1,120,1353975.33
PF00755,CUST298513,Offshore Feeder,Aggressive,Retirement Annuity,MSCI World,ZAR,2016-08-23,ADV008,Gauteng,1,105,188737.4
PF00756,CUST112846,Balanced Growth,Moderate,Living Annuity,ALSI,ZAR,2016-04-20,ADV028,KwaZulu-Natal,1,95,6212926.05
PF00757,CUST218842,Offshore Feeder,Aggressive,Living Annuity,MSCI World,ZAR,2022-11-23,ADV008,Gauteng,0,105,6784753.07
PF00758,CUST051995,Property Focus,Moderate,Tax-Free Savings,SAPY,ZAR,2025-11-29,ADV023,Gauteng,0,100,5369952.5
PF00759,CUST312373,Absolute Return,Moderate,Living Annuity,STeFI + 4%,ZAR,2023-10-07,ADV018,Western Cape,1,110,10953287.8
PF00760,CUST088956,Absolute Return,Moderate,Living Annuity,STeFI + 4%,ZAR,2025-03-02,ADV012,Gauteng,1,110,39611409.34
PF00761,CUST461043,Conservative Income,Conservative,Tax-Free Savings,ALBI,ZAR,2024-07-05,ADV006,Western Cape,1,70,26677780.38
PF00762,CUST027053,Aggressive Equity,Aggressive,Living Annuity,SWIX,ZAR,2019-08-07,ADV011,KwaZulu-Natal,1,120,2272247.89
PF00763,CUST218902,Money Market,Conservative,Pension Fund,STeFI,ZAR,2025-12-13,ADV011,Gauteng,1,35,6786659.98
PF00764,CUST288573,Conservative Income,Conservative,Discretionary,ALBI,ZAR,2017-11-28,ADV025,Gauteng,1,70,11523833.92
PF00765,CUST427164,Money Market,Conservative,Living Annuity,STeFI,ZAR,2016-04-09,ADV026,Gauteng,0,35,5877276.61
PF00766,CUST409807,Absolute Return,Moderate,Tax-Free Savings,STeFI + 4%,ZAR,2022-08-27,ADV016,Gauteng,1,110,13295943.55
PF00767,CUST068692,Absolute Return,Moderate,Retirement Annuity,STeFI + 4%,ZAR,2016-06-21,ADV019,Western Cape,1,110,6074630.17
PF00768,CUST094883,Absolute Return,Moderate,Pension Fund,STeFI + 4%,ZAR,2022-11-23,ADV010,Gauteng,1,110,226520.35
PF00769,CUST420315,Conservative Income,Conservative,Retirement Annuity,ALBI,ZAR,2020-05-17,ADV025,Gauteng,1,70,714702.25
PF00770,CUST404917,Aggressive Equity,Aggressive,Discretionary,SWIX,ZAR,2019-12-05,ADV026,Western Cape,1,120,17253354.6
PF00771,CUST193843,Money Market,Conservative,Living Annuity,STeFI,ZAR,2024-06-11,ADV014,Gauteng,0,35,9052742.11
PF00772,CUST387959,Balanced Growth,Moderate,Pension Fund,ALSI,ZAR,2023-11-11,ADV025,Gauteng,1,95,6067804.06
PF00773,CUST075555,Property Focus,Moderate,Retirement Annuity,SAPY,ZAR,2019-03-19,ADV020,KwaZulu-Natal,1,100,16887257.77
PF00774,CUST266022,Property Focus,Moderate,Living Annuity,SAPY,ZAR,2016-08-12,ADV004,Gauteng,0,100,3661236.06
PF00775,CUST192404,Money Market,Conservative,Retirement Annuity,STeFI,ZAR,2022-09-27,ADV017,Gauteng,1,35,11526068.46
PF00776,CUST075574,Balanced Growth,Moderate,Retirement Annuity,ALSI,ZAR,2024-10-13,ADV026,Gauteng,1,95,6640395.39
PF00777,CUST242991,Money Market,Conservative,Discretionary,STeFI,ZAR,2020-07-11,ADV018,KwaZulu-Natal,0,35,13335631.03
PF00778,CUST463201,Money Market,Conservative,Pension Fund,STeFI,ZAR,2016-03-09,ADV014,KwaZulu-Natal,1,35,8373582.13
PF00779,CUST038944,Balanced Growth,Moderate,Retirement Annuity,ALSI,ZAR,2021-07-17,ADV011,Gauteng,1,95,5955496.57
PF00780,CUST226875,Balanced Growth,Moderate,Discretionary,ALSI,ZAR,2025-04-29,ADV026,North West,1,95,52570417.79
PF00781,CUST273233,Balanced Growth,Moderate,Pension Fund,ALSI,ZAR,2022-11-12,ADV014,Gauteng,1,95,16940185.7
PF00782,CUST390028,Conservative Income,Conservative,Discretionary,ALBI,ZAR,2017-07-18,ADV005,Western Cape,1,70,12031925.68
PF00783,CUST416457,Offshore Feeder,Aggressive,Living Annuity,MSCI World,ZAR,2026-01-10,ADV020,Western Cape,0,105,30384350.72
PF00784,CUST210027,Property Focus,Moderate,Retirement Annuity,SAPY,ZAR,2023-01-03,ADV005,Western Cape,1,100,1299407.67
PF00785,CUST167348,Offshore Feeder,Aggressive,Endowment,MSCI World,ZAR,2021-08-23,ADV001,Gauteng,0,105,72026069.23
PF00786,CUST425679,Absolute Return,Moderate,Endowment,STeFI + 4%,ZAR,2019-03-31,ADV009,KwaZulu-Natal,1,110,10113628.71
PF00787,CUST485502,Absolute Return,Moderate,Discretionary,STeFI + 4%,ZAR,2025-10-22,ADV007,Gauteng,1,110,12112984.25
PF00788,CUST162582,Absolute Return,Moderate,Discretionary,STeFI + 4%,ZAR,2023-12-28,ADV014,Gauteng,1,110,796017.68
PF00789,CUST099739,Conservative Income,Conservative,Retirement Annuity,ALBI,ZAR,2019-01-12,ADV006,Gauteng,1,70,17637101.45
PF00790,CUST266729,Property Focus,Moderate,Endowment,SAPY,ZAR,2023-06-18,ADV008,North West,0,100,2339122.82
PF00791,CUST423931,Property Focus,Moderate,Discretionary,SAPY,ZAR,2015-09-15,ADV016,Gauteng,0,100,34949788.91
PF00792,CUST404006,Absolute Return,Moderate,Tax-Free Savings,STeFI + 4%,ZAR,2019-07-17,ADV009,Western Cape,1,110,10389020.99
PF00793,CUST302558,Absolute Return,Moderate,Living Annuity,STeFI + 4%,ZAR,2025-06-20,ADV005,Mpumalanga,1,110,43266393.35
PF00794,CUST321210,Property Focus,Moderate,Tax-Free Savings,SAPY,ZAR,2018-07-20,ADV023,KwaZulu-Natal,0,100,8973428.47
PF00795,CUST300907,Offshore Feeder,Aggressive,Living Annuity,MSCI World,ZAR,2020-07-18,ADV017,Western Cape,0,105,9508376.32
PF00796,CUST496232,Conservative Income,Conservative,Pension Fund,ALBI,ZAR,2022-06-02,ADV003,Gauteng,1,70,2434420.28
PF00797,CUST443999,Property Focus,Moderate,Discretionary,SAPY,ZAR,2021-06-27,ADV004,Western Cape,0,100,7950184.61
PF00798,CUST404433,Property Focus,Moderate,Retirement Annuity,SAPY,ZAR,2020-04-03,ADV014,Gauteng,1,100,2769452.35
PF00799,CUST270301,Aggressive Equity,Aggressive,Discretionary,SWIX,ZAR,2019-02-02,ADV003,Gauteng,1,120,4117577.38
PF00800,CUST439747,Conservative Income,Conservative,Discretionary,ALBI,ZAR,2018-08-17,ADV015,Western Cape,1,70,18797193.39
PF00801,CUST382670,Property Focus,Moderate,Living Annuity,SAPY,ZAR,2015-04-04,ADV028,Limpopo,0,100,854912.61
PF00802,CUST187607,Property Focus,Moderate,Tax-Free Savings,SAPY,ZAR,2025-08-05,ADV013,Gauteng,0,100,16727864.34
PF00803,CUST400384,Absolute Return,Moderate,Retirement Annuity,STeFI + 4%,ZAR,2023-10-12,ADV007,Western Cape,1,110,5434656.08
PF00804,CUST052198,Balanced Growth,Moderate,Pension Fund,ALSI,ZAR,2021-04-10,ADV007,Western Cape,1,95,6027261.83
PF00805,CUST169478,Money Market,Conservative,Pension Fund,STeFI,ZAR,2018-01-11,ADV005,Western Cape,1,35,82416365.89
PF00806,CUST003097,Aggressive Equity,Aggressive,Tax-Free Savings,SWIX,ZAR,2015-10-20,ADV024,Gauteng,1,120,1451389.98
PF00807,CUST241035,Property Focus,Moderate,Discretionary,SAPY,ZAR,2022-11-28,ADV019,Western Cape,0,100,35221690.58
PF00808,CUST402791,Conservative Income,Conservative,Tax-Free Savings,ALBI,ZAR,2017-02-26,ADV018,Gauteng,1,70,12312354.43
PF00809,CUST023064,Money Market,Conservative,Living Annuity,STeFI,ZAR,2017-03-10,ADV002,Gauteng,0,35,41817089.22
PF00810,CUST308049,Aggressive Equity,Aggressive,Discretionary,SWIX,ZAR,2016-08-12,ADV022,Mpumalanga,1,120,33427141.69
PF00811,CUST323201,Money Market,Conservative,Living Annuity,STeFI,ZAR,2024-10-03,ADV011,Gauteng,0,35,2774078.69
PF00812,CUST483403,Conservative Income,Conservative,Retirement Annuity,ALBI,ZAR,2019-02-01,ADV013,Western Cape,1,70,52219387.88
PF00813,CUST219947,Aggressive Equity,Aggressive,Tax-Free Savings,SWIX,ZAR,2015-11-21,ADV010,Gauteng,1,120,1951852.91
PF00814,CUST183259,Balanced Growth,Moderate,Retirement Annuity,ALSI,ZAR,2018-02-21,ADV001,Western Cape,1,95,2007459.73
PF00815,CUST430201,Conservative Income,Conservative,Retirement Annuity,ALBI,ZAR,2019-08-17,ADV028,Eastern Cape,1,70,47814203.05
PF00816,CUST360342,Balanced Growth,Moderate,Discretionary,ALSI,ZAR,2019-03-18,ADV014,Eastern Cape,1,95,20650007.5
PF00817,CUST223031,Offshore Feeder,Aggressive,Discretionary,MSCI World,ZAR,2024-01-08,ADV008,Gauteng,0,105,16180741.22
PF00818,CUST345869,Absolute Return,Moderate,Discretionary,STeFI + 4%,ZAR,2016-12-16,ADV011,Western Cape,1,110,3620400.31
PF00819,CUST202928,Absolute Return,Moderate,Discretionary,STeFI + 4%,ZAR,2015-12-17,ADV006,Mpumalanga,1,110,2481596.53
PF00820,CUST109364,Money Market,Conservative,Living Annuity,STeFI,ZAR,2021-08-09,ADV020,Free State,0,35,27528109.17
PF00821,CUST084662,Offshore Feeder,Aggressive,Pension Fund,MSCI World,ZAR,2025-12-26,ADV007,Gauteng,1,105,15221532.51
PF00822,CUST475244,Offshore Feeder,Aggressive,Retirement Annuity,MSCI World,ZAR,2023-01-22,ADV014,Gauteng,1,105,56021678.44
PF00823,CUST053324,Balanced Growth,Moderate,Living Annuity,ALSI,ZAR,2024-05-27,ADV020,Gauteng,1,95,3035747.28
PF00824,CUST084207,Aggressive Equity,Aggressive,Living Annuity,SWIX,ZAR,2017-03-29,ADV020,Free State,1,120,3953066.61
PF00825,CUST030756,Balanced Growth,Moderate,Retirement Annuity,ALSI,ZAR,2024-04-10,ADV028,KwaZulu-Natal,1,95,12501793.95
PF00826,CUST329494,Offshore Feeder,Aggressive,Discretionary,MSCI World,ZAR,2022-10-15,ADV015,KwaZulu-Natal,0,105,13753737.03
PF00827,CUST438975,Aggressive Equity,Aggressive,Discretionary,SWIX,ZAR,2025-06-01,ADV022,Gauteng,1,120,6715955.36
PF00828,CUST346991,Offshore Feeder,Aggressive,Retirement Annuity,MSCI World,ZAR,2022-11-07,ADV001,KwaZulu-Natal,1,105,16417014.54
PF00829,CUST292078,Balanced Growth,Moderate,Pension Fund,ALSI,ZAR,2017-05-01,ADV024,Gauteng,1,95,123685282.6
PF00830,CUST057583,Absolute Return,Moderate,Discretionary,STeFI + 4%,ZAR,2019-01-23,ADV001,Western Cape,1,110,19354915.87
PF00831,CUST326569,Conservative Income,Conservative,Discretionary,ALBI,ZAR,2018-03-20,ADV023,KwaZulu-Natal,1,70,78133833.19
PF00832,CUST409639,Absolute Return,Moderate,Retirement Annuity,STeFI + 4%,ZAR,2024-04-23,ADV007,Western Cape,1,110,13604055.95
PF00833,CUST107744,Conservative Income,Conservative,Discretionary,ALBI,ZAR,2025-05-20,ADV008,Mpumalanga,1,70,3564422.48
PF00834,CUST208325,Absolute Return,Moderate,Discretionary,STeFI + 4%,ZAR,2022-12-10,ADV006,KwaZulu-Natal,1,110,14196403.52
PF00835,CUST378696,Offshore Feeder,Aggressive,Living Annuity,MSCI World,ZAR,2018-12-13,ADV026,Western Cape,0,105,4495415.75
PF00836,CUST179784,Offshore Feeder,Aggressive,Discretionary,MSCI World,ZAR,2020-05-08,ADV020,Western Cape,0,105,18016545.16
PF00837,CUST342332,Balanced Growth,Moderate,Living Annuity,ALSI,ZAR,2016-01-04,ADV014,KwaZulu-Natal,1,95,3759280.14
PF00838,CUST252649,Money Market,Conservative,Pension Fund,STeFI,ZAR,2015-03-29,ADV005,Western Cape,1,35,10488553.79
PF00839,CUST152546,Money Market,Conservative,Retirement Annuity,STeFI,ZAR,2024-02-02,ADV020,Eastern Cape,1,35,5088894.0
PF00840,CUST377985,Offshore Feeder,Aggressive,Discretionary,MSCI World,ZAR,2017-05-19,ADV028,KwaZulu-Natal,0,105,22076327.04
PF00841,CUST085603,Offshore Feeder,Aggressive,Discretionary,MSCI World,ZAR,2023-10-11,ADV023,Eastern Cape,0,105,9889780.25
PF00842,CUST297968,Aggressive Equity,Aggressive,Discretionary,SWIX,ZAR,2024-03-23,ADV025,Gauteng,1,120,7174967.91
PF00843,CUST427543,Aggressive Equity,Aggressive,Discretionary,SWIX,ZAR,2019-04-22,ADV014,Western Cape,1,120,11263282.57
PF00844,CUST414419,Conservative Income,Conservative,Retirement Annuity,ALBI,ZAR,2024-12-16,ADV014,Limpopo,1,70,9151127.95
PF00845,CUST157614,Absolute Return,Moderate,Living Annuity,STeFI + 4%,ZAR,2021-04-21,ADV010,Gauteng,1,110,34950036.04
PF00846,CUST275011,Aggressive Equity,Aggressive,Tax-Free Savings,SWIX,ZAR,2016-06-22,ADV003,Western Cape,1,120,23279468.0
PF00847,CUST238386,Conservative Income,Conservative,Discretionary,ALBI,ZAR,2017-07-25,ADV006,KwaZulu-Natal,1,70,1793094.04
PF00848,CUST047014,Balanced Growth,Moderate,Pension Fund,ALSI,ZAR,2016-08-28,ADV010,Gauteng,1,95,19859749.96
PF00849,CUST165672,Money Market,Conservative,Living Annuity,STeFI,ZAR,2017-02-03,ADV021,KwaZulu-Natal,0,35,55349911.86
PF00850,CUST449058,Absolute Return,Moderate,Pension Fund,STeFI + 4%,ZAR,2020-07-13,ADV009,Eastern Cape,1,110,76848674.25
PF00851,CUST216404,Conservative Income,Conservative,Pension Fund,ALBI,ZAR,2016-05-23,ADV013,Gauteng,1,70,9598792.8
PF00852,CUST444168,Aggressive Equity,Aggressive,Tax-Free Savings,SWIX,ZAR,2018-11-29,ADV005,Gauteng,1,120,7457673.37
PF00853,CUST058577,Aggressive Equity,Aggressive,Retirement Annuity,SWIX,ZAR,2016-08-17,ADV027,Gauteng,1,120,75443262.74
PF00854,CUST457621,Offshore Feeder,Aggressive,Endowment,MSCI World,ZAR,2021-03-18,ADV014,Gauteng,0,105,35598835.34
PF00855,CUST068650,Offshore Feeder,Aggressive,Discretionary,MSCI World,ZAR,2021-12-11,ADV010,Eastern Cape,0,105,3723248.76
PF00856,CUST261387,Money Market,Conservative,Discretionary,STeFI,ZAR,2019-10-08,ADV024,Gauteng,0,35,14299808.95
PF00857,CUST360961,Absolute Return,Moderate,Tax-Free Savings,STeFI + 4%,ZAR,2015-11-04,ADV027,Gauteng,1,110,34715680.0
PF00858,CUST330197,Offshore Feeder,Aggressive,Tax-Free Savings,MSCI World,ZAR,2024-04-23,ADV017,Gauteng,0,105,29661714.42
PF00859,CUST436368,Conservative Income,Conservative,Retirement Annuity,ALBI,ZAR,2024-06-30,ADV008,Gauteng,1,70,676757.92
PF00860,CUST393492,Property Focus,Moderate,Discretionary,SAPY,ZAR,2015-06-13,ADV027,Gauteng,0,100,3874862.35
PF00861,CUST011667,Money Market,Conservative,Living Annuity,STeFI,ZAR,2019-08-25,ADV027,Western Cape,0,35,6565993.1
PF00862,CUST329678,Offshore Feeder,Aggressive,Living Annuity,MSCI World,ZAR,2020-02-14,ADV015,Gauteng,0,105,11936107.26
PF00863,CUST105403,Money Market,Conservative,Retirement Annuity,STeFI,ZAR,2019-11-30,ADV018,Western Cape,1,35,13506525.96
PF00864,CUST157070,Conservative Income,Conservative,Discretionary,ALBI,ZAR,2016-03-06,ADV012,Gauteng,1,70,12262669.9
PF00865,CUST066171,Money Market,Conservative,Discretionary,STeFI,ZAR,2022-02-03,ADV006,KwaZulu-Natal,0,35,6434364.32
PF00866,CUST159669,Aggressive Equity,Aggressive,Retirement Annuity,SWIX,ZAR,2022-05-09,ADV026,Free State,1,120,13698295.27
PF00867,CUST197827,Money Market,Conservative,Discretionary,STeFI,ZAR,2016-10-06,ADV004,Free State,0,35,23799709.67
PF00868,CUST315096,Property Focus,Moderate,Tax-Free Savings,SAPY,ZAR,2017-05-10,ADV001,Western Cape,0,100,1075236.29
PF00869,CUST172683,Conservative Income,Conservative,Retirement Annuity,ALBI,ZAR,2021-03-11,ADV002,KwaZulu-Natal,1,70,95103428.82
PF00870,CUST159516,Aggressive Equity,Aggressive,Retirement Annuity,SWIX,ZAR,2023-12-09,ADV019,North West,1,120,2921065.47
PF00871,CUST429341,Conservative Income,Conservative,Retirement Annuity,ALBI,ZAR,2024-10-19,ADV026,Gauteng,1,70,759435181.53
PF00872,CUST472774,Balanced Growth,Moderate,Discretionary,ALSI,ZAR,2017-06-10,ADV016,Gauteng,1,95,6539114.36
PF00873,CUST234154,Offshore Feeder,Aggressive,Retirement Annuity,MSCI World,ZAR,2021-06-02,ADV003,Gauteng,1,105,3178412.18
PF00874,CUST127812,Conservative Income,Conservative,Discretionary,ALBI,ZAR,2023-11-03,ADV012,Gauteng,1,70,11137150.42
PF00875,CUST170393,Conservative Income,Conservative,Retirement Annuity,ALBI,ZAR,2023-04-01,ADV019,Western Cape,1,70,1265074.46
PF00876,CUST155108,Absolute Return,Moderate,Retirement Annuity,STeFI + 4%,ZAR,2015-08-09,ADV006,Gauteng,1,110,3487976.65
PF00877,CUST110407,Money Market,Conservative,Retirement Annuity,STeFI,ZAR,2020-05-09,ADV021,Free State,1,35,4739967.46
PF00878,CUST333092,Balanced Growth,Moderate,Retirement Annuity,ALSI,ZAR,2016-08-18,ADV020,Gauteng,1,95,17586273.1
PF00879,CUST015416,Money Market,Conservative,Retirement Annuity,STeFI,ZAR,2019-06-25,ADV003,Western Cape,1,35,7867194.87
PF00880,CUST282074,Offshore Feeder,Aggressive,Pension Fund,MSCI World,ZAR,2017-03-03,ADV007,Gauteng,1,105,14515566.83
PF00881,CUST063891,Property Focus,Moderate,Endowment,SAPY,ZAR,2018-06-14,ADV006,KwaZulu-Natal,0,100,11583475.69
PF00882,CUST429395,Balanced Growth,Moderate,Retirement Annuity,ALSI,ZAR,2022-07-22,ADV025,Gauteng,1,95,54569743.13
PF00883,CUST356176,Balanced Growth,Moderate,Retirement Annuity,ALSI,ZAR,2018-06-09,ADV018,Limpopo,1,95,1423961.77
PF00884,CUST312326,Balanced Growth,Moderate,Living Annuity,ALSI,ZAR,2020-06-25,ADV018,Eastern Cape,1,95,10905381.95
PF00885,CUST086885,Conservative Income,Conservative,Living Annuity,ALBI,ZAR,2016-12-11,ADV010,KwaZulu-Natal,1,70,8730989.02
PF00886,CUST394219,Conservative Income,Conservative,Pension Fund,ALBI,ZAR,2019-03-06,ADV006,Western Cape,1,70,10724981.16
PF00887,CUST160853,Property Focus,Moderate,Pension Fund,SAPY,ZAR,2017-02-02,ADV018,Gauteng,1,100,3999772.81
PF00888,CUST019223,Absolute Return,Moderate,Pension Fund,STeFI + 4%,ZAR,2020-09-15,ADV022,Gauteng,1,110,4932522.92
PF00889,CUST145838,Absolute Return,Moderate,Retirement Annuity,STeFI + 4%,ZAR,2016-09-24,ADV027,KwaZulu-Natal,1,110,283525560.18
PF00890,CUST457358,Conservative Income,Conservative,Living Annuity,ALBI,ZAR,2016-11-23,ADV012,Eastern Cape,1,70,1397212.56
PF00891,CUST489821,Money Market,Conservative,Discretionary,STeFI,ZAR,2017-01-31,ADV004,Western Cape,0,35,11861990.76
PF00892,CUST065148,Property Focus,Moderate,Retirement Annuity,SAPY,ZAR,2023-03-18,ADV011,Western Cape,1,100,18863304.11
PF00893,CUST244134,Offshore Feeder,Aggressive,Retirement Annuity,MSCI World,ZAR,2024-08-23,ADV026,Western Cape,1,105,12890593.33
PF00894,CUST092760,Conservative Income,Conservative,Living Annuity,ALBI,ZAR,2025-01-11,ADV016,Western Cape,1,70,7639086.04
PF00895,CUST039886,Absolute Return,Moderate,Retirement Annuity,STeFI + 4%,ZAR,2019-08-05,ADV005,Gauteng,1,110,3719323.94
PF00896,CUST480517,Balanced Growth,Moderate,Discretionary,ALSI,ZAR,2017-05-11,ADV001,Western Cape,1,95,31817801.5
PF00897,CUST061660,Property Focus,Moderate,Pension Fund,SAPY,ZAR,2025-05-11,ADV021,Gauteng,1,100,3369148.65
PF00898,CUST143840,Aggressive Equity,Aggressive,Discretionary,SWIX,ZAR,2021-11-12,ADV008,Gauteng,1,120,35089347.77
PF00899,CUST228068,Offshore Feeder,Aggressive,Discretionary,MSCI World,ZAR,2022-01-21,ADV025,Free State,0,105,7991942.92
PF00900,CUST147254,Balanced Growth,Moderate,Tax-Free Savings,ALSI,ZAR,2017-05-08,ADV016,Eastern Cape,1,95,3276453.27
PF00901,CUST093568,Absolute Return,Moderate,Pension Fund,STeFI + 4%,ZAR,2015-10-24,ADV003,Gauteng,1,110,7137710.47
PF00902,CUST270033,Property Focus,Moderate,Retirement Annuity,SAPY,ZAR,2018-04-21,ADV028,North West,1,100,5925344.79
PF00903,CUST051253,Aggressive Equity,Aggressive,Endowment,SWIX,ZAR,2022-02-19,ADV004,KwaZulu-Natal,1,120,4166407.41
PF00904,CUST107090,Offshore Feeder,Aggressive,Retirement Annuity,MSCI World,ZAR,2020-02-01,ADV008,Eastern Cape,1,105,1597835.09
PF00905,CUST469171,Conservative Income,Conservative,Retirement Annuity,ALBI,ZAR,2023-03-15,ADV023,Gauteng,1,70,66361665.99
PF00906,CUST268737,Absolute Return,Moderate,Discretionary,STeFI + 4%,ZAR,2020-07-15,ADV019,Gauteng,1,110,14551524.96
PF00907,CUST151764,Offshore Feeder,Aggressive,Pension Fund,MSCI World,ZAR,2017-07-07,ADV013,Free State,1,105,282341.7
PF00908,CUST438336,Balanced Growth,Moderate,Discretionary,ALSI,ZAR,2018-08-05,ADV005,Western Cape,1,95,3575228.6
PF00909,CUST135254,Aggressive Equity,Aggressive,Living Annuity,SWIX,ZAR,2023-05-22,ADV005,KwaZulu-Natal,1,120,1420341.08
PF00910,CUST026490,Absolute Return,Moderate,Tax-Free Savings,STeFI + 4%,ZAR,2022-08-26,ADV013,Eastern Cape,1,110,49937893.94
PF00911,CUST469088,Aggressive Equity,Aggressive,Living Annuity,SWIX,ZAR,2025-04-12,ADV018,Gauteng,1,120,93972365.46
PF00912,CUST358659,Property Focus,Moderate,Discretionary,SAPY,ZAR,2024-03-06,ADV007,Free State,0,100,1984175.93
PF00913,CUST241859,Absolute Return,Moderate,Endowment,STeFI + 4%,ZAR,2018-08-21,ADV004,Gauteng,1,110,519595.02
PF00914,CUST255554,Offshore Feeder,Aggressive,Living Annuity,MSCI World,ZAR,2018-11-21,ADV027,Free State,0,105,8882539.13
PF00915,CUST354616,Conservative Income,Conservative,Living Annuity,ALBI,ZAR,2020-07-01,ADV011,Eastern Cape,1,70,82459337.77
PF00916,CUST497130,Absolute Return,Moderate,Tax-Free Savings,STeFI + 4%,ZAR,2024-07-02,ADV027,KwaZulu-Natal,1,110,2340146.56
PF00917,CUST119901,Aggressive Equity,Aggressive,Discretionary,SWIX,ZAR,2021-06-27,ADV008,Gauteng,1,120,3039884.3
PF00918,CUST478598,Offshore Feeder,Aggressive,Retirement Annuity,MSCI World,ZAR,2018-07-13,ADV017,North West,1,105,114926883.98
PF00919,CUST046994,Conservative Income,Conservative,Pension Fund,ALBI,ZAR,2022-07-13,ADV010,Gauteng,1,70,3834053.44
PF00920,CUST338707,Balanced Growth,Moderate,Pension Fund,ALSI,ZAR,2020-11-27,ADV012,Gauteng,1,95,6154394.25
PF00921,CUST498422,Offshore Feeder,Aggressive,Discretionary,MSCI World,ZAR,2022-11-15,ADV014,Gauteng,0,105,11017113.84
PF00922,CUST124892,Conservative Income,Conservative,Pension Fund,ALBI,ZAR,2023-09-10,ADV018,Gauteng,1,70,35888342.13
PF00923,CUST214688,Balanced Growth,Moderate,Discretionary,ALSI,ZAR,2016-01-27,ADV021,Western Cape,1,95,207877001.36
PF00924,CUST207740,Aggressive Equity,Aggressive,Retirement Annuity,SWIX,ZAR,2024-09-20,ADV006,Gauteng,1,120,883187.23
PF00925,CUST448291,Balanced Growth,Moderate,Tax-Free Savings,ALSI,ZAR,2019-07-30,ADV010,KwaZulu-Natal,1,95,3579887.75
PF00926,CUST439203,Balanced Growth,Moderate,Discretionary,ALSI,ZAR,2023-01-03,ADV002,Mpumalanga,1,95,11516877.95
PF00927,CUST481075,Offshore Feeder,Aggressive,Discretionary,MSCI World,ZAR,2023-06-21,ADV010,Western Cape,0,105,29399761.68
PF00928,CUST423977,Offshore Feeder,Aggressive,Discretionary,MSCI World,ZAR,2018-08-10,ADV020,KwaZulu-Natal,0,105,4568539.8
PF00929,CUST202098,Balanced Growth,Moderate,Discretionary,ALSI,ZAR,2020-11-13,ADV015,Western Cape,1,95,28094871.57
PF00930,CUST158697,Money Market,Conservative,Discretionary,STeFI,ZAR,2022-05-10,ADV022,Limpopo,0,35,40779748.17
PF00931,CUST172025,Conservative Income,Conservative,Living Annuity,ALBI,ZAR,2019-01-22,ADV011,Gauteng,1,70,21272449.12
PF00932,CUST045513,Money Market,Conservative,Tax-Free Savings,STeFI,ZAR,2019-04-14,ADV005,Gauteng,0,35,820165.62
PF00933,CUST062152,Conservative Income,Conservative,Discretionary,ALBI,ZAR,2021-08-26,ADV011,Western Cape,1,70,1420555.69
PF00934,CUST284987,Property Focus,Moderate,Discretionary,SAPY,ZAR,2022-07-31,ADV016,Gauteng,0,100,6731811.07
PF00935,CUST089877,Conservative Income,Conservative,Tax-Free Savings,ALBI,ZAR,2022-10-23,ADV023,Eastern Cape,1,70,9958953.03
PF00936,CUST034382,Balanced Growth,Moderate,Retirement Annuity,ALSI,ZAR,2025-05-06,ADV010,Gauteng,1,95,40897259.09
PF00937,CUST382902,Aggressive Equity,Aggressive,Living Annuity,SWIX,ZAR,2021-08-07,ADV016,Gauteng,1,120,60165336.86
PF00938,CUST035095,Property Focus,Moderate,Tax-Free Savings,SAPY,ZAR,2023-07-31,ADV007,Gauteng,0,100,12726981.53
PF00939,CUST096467,Balanced Growth,Moderate,Retirement Annuity,ALSI,ZAR,2016-10-19,ADV020,Gauteng,1,95,9350503.02
PF00940,CUST007092,Absolute Return,Moderate,Retirement Annuity,STeFI + 4%,ZAR,2023-02-26,ADV013,Gauteng,1,110,4324906.93
PF00941,CUST479739,Balanced Growth,Moderate,Discretionary,ALSI,ZAR,2019-07-07,ADV016,Free State,1,95,5419701.13
PF00942,CUST100351,Absolute Return,Moderate,Retirement Annuity,STeFI + 4%,ZAR,2015-06-29,ADV019,Eastern Cape,1,110,42234186.31
PF00943,CUST358312,Money Market,Conservative,Living Annuity,STeFI,ZAR,2024-05-25,ADV002,Eastern Cape,0,35,316405.49
PF00944,CUST263467,Money Market,Conservative,Living Annuity,STeFI,ZAR,2020-11-04,ADV015,Gauteng,0,35,16935893.32
PF00945,CUST452990,Absolute Return,Moderate,Tax-Free Savings,STeFI + 4%,ZAR,2016-03-12,ADV011,KwaZulu-Natal,1,110,15286179.42
PF00946,CUST466263,Conservative Income,Conservative,Living Annuity,ALBI,ZAR,2019-07-30,ADV019,Western Cape,1,70,15834050.78
PF00947,CUST014516,Offshore Feeder,Aggressive,Living Annuity,MSCI World,ZAR,2024-04-03,ADV028,Gauteng,0,105,2106443.92
PF00948,CUST085685,Money Market,Conservative,Endowment,STeFI,ZAR,2021-08-20,ADV017,Gauteng,0,35,11824047.29
PF00949,CUST302735,Aggressive Equity,Aggressive,Discretionary,SWIX,ZAR,2024-11-26,ADV004,Mpumalanga,1,120,2426321.18
PF00950,CUST366000,Offshore Feeder,Aggressive,Retirement Annuity,MSCI World,ZAR,2023-10-22,ADV028,Gauteng,1,105,26268332.76
PF00951,CUST046514,Absolute Return,Moderate,Retirement Annuity,STeFI + 4%,ZAR,2016-06-25,ADV027,Gauteng,1,110,1185779.45
PF00952,CUST355705,Property Focus,Moderate,Living Annuity,SAPY,ZAR,2024-12-09,ADV020,Gauteng,0,100,37318822.97
PF00953,CUST097175,Balanced Growth,Moderate,Living Annuity,ALSI,ZAR,2022-01-16,ADV004,Gauteng,1,95,14701583.96
PF00954,CUST129220,Balanced Growth,Moderate,Discretionary,ALSI,ZAR,2018-12-04,ADV017,Gauteng,1,95,51761559.21
PF00955,CUST016870,Balanced Growth,Moderate,Retirement Annuity,ALSI,ZAR,2024-05-01,ADV017,Mpumalanga,1,95,3811315.15
PF00956,CUST048668,Conservative Income,Conservative,Pension Fund,ALBI,ZAR,2024-07-02,ADV010,Free State,1,70,8142855.61
PF00957,CUST356601,Conservative Income,Conservative,Tax-Free Savings,ALBI,ZAR,2017-01-24,ADV007,Gauteng,1,70,107863036.57
PF00958,CUST097151,Balanced Growth,Moderate,Tax-Free Savings,ALSI,ZAR,2019-03-20,ADV002,Gauteng,1,95,48566366.22
PF00959,CUST176682,Money Market,Conservative,Discretionary,STeFI,ZAR,2019-02-05,ADV025,Gauteng,0,35,1805410.09
PF00960,CUST200030,Money Market,Conservative,Discretionary,STeFI,ZAR,2016-09-24,ADV016,Northern Cape,0,35,400744.62
PF00961,CUST116279,Offshore Feeder,Aggressive,Pension Fund,MSCI World,ZAR,2020-06-02,ADV014,Gauteng,1,105,10754122.3
PF00962,CUST490629,Balanced Growth,Moderate,Living Annuity,ALSI,ZAR,2025-03-28,ADV011,Gauteng,1,95,6582674.17
PF00963,CUST075741,Conservative Income,Conservative,Discretionary,ALBI,ZAR,2015-07-02,ADV006,Gauteng,1,70,25887052.77
PF00964,CUST267481,Conservative Income,Conservative,Living Annuity,ALBI,ZAR,2018-06-02,ADV005,Western Cape,1,70,19195680.88
PF00965,CUST004317,Conservative Income,Conservative,Discretionary,ALBI,ZAR,2024-04-08,ADV022,Gauteng,1,70,5950454.29
PF00966,CUST024990,Conservative Income,Conservative,Discretionary,ALBI,ZAR,2023-04-23,ADV022,Mpumalanga,1,70,7111090.77
PF00967,CUST088370,Money Market,Conservative,Tax-Free Savings,STeFI,ZAR,2023-03-09,ADV004,Western Cape,0,35,175544642.59
PF00968,CUST454784,Balanced Growth,Moderate,Discretionary,ALSI,ZAR,2016-11-11,ADV020,Mpumalanga,1,95,7097770.84
PF00969,CUST466239,Offshore Feeder,Aggressive,Living Annuity,MSCI World,ZAR,2015-12-06,ADV010,Gauteng,0,105,7472744.94
PF00970,CUST276263,Money Market,Conservative,Retirement Annuity,STeFI,ZAR,2020-06-17,ADV022,KwaZulu-Natal,1,35,24069340.07
PF00971,CUST223523,Property Focus,Moderate,Retirement Annuity,SAPY,ZAR,2018-12-29,ADV001,Northern Cape,1,100,15688197.84
PF00972,CUST047324,Offshore Feeder,Aggressive,Pension Fund,MSCI World,ZAR,2015-12-02,ADV003,KwaZulu-Natal,1,105,1900162.68
PF00973,CUST109549,Aggressive Equity,Aggressive,Retirement Annuity,SWIX,ZAR,2015-11-28,ADV002,KwaZulu-Natal,1,120,6066025.66
PF00974,CUST319365,Balanced Growth,Moderate,Retirement Annuity,ALSI,ZAR,2024-01-27,ADV001,KwaZulu-Natal,1,95,23460688.05
PF00975,CUST486684,Money Market,Conservative,Living Annuity,STeFI,ZAR,2018-06-02,ADV006,Gauteng,0,35,7035509.42
PF00976,CUST245943,Offshore Feeder,Aggressive,Discretionary,MSCI World,ZAR,2015-11-22,ADV016,Eastern Cape,0,105,14547797.31
PF00977,CUST348465,Money Market,Conservative,Discretionary,STeFI,ZAR,2025-05-15,ADV002,KwaZulu-Natal,0,35,27260457.79
PF00978,CUST051118,Balanced Growth,Moderate,Discretionary,ALSI,ZAR,2019-12-09,ADV019,Gauteng,1,95,5738537.63
PF00979,CUST096422,Balanced Growth,Moderate,Living Annuity,ALSI,ZAR,2024-11-19,ADV016,Eastern Cape,1,95,5407080.34
PF00980,CUST355088,Absolute Return,Moderate,Discretionary,STeFI + 4%,ZAR,2023-05-15,ADV027,Western Cape,1,110,33447108.69
PF00981,CUST097966,Property Focus,Moderate,Living Annuity,SAPY,ZAR,2015-12-23,ADV022,Western Cape,0,100,6430957.69
PF00982,CUST196808,Balanced Growth,Moderate,Retirement Annuity,ALSI,ZAR,2023-07-16,ADV018,Western Cape,1,95,2799701.03
PF00983,CUST101971,Balanced Growth,Moderate,Living Annuity,ALSI,ZAR,2021-02-18,ADV017,Western Cape,1,95,16481376.18
PF00984,CUST385913,Offshore Feeder,Aggressive,Living Annuity,MSCI World,ZAR,2022-07-29,ADV022,Free State,0,105,2320691.29
PF00985,CUST392428,Conservative Income,Conservative,Endowment,ALBI,ZAR,2019-12-05,ADV010,Western Cape,1,70,8710151.94
PF00986,CUST048276,Money Market,Conservative,Living Annuity,STeFI,ZAR,2024-07-26,ADV024,Gauteng,0,35,15040617.09
PF00987,CUST313772,Absolute Return,Moderate,Discretionary,STeFI + 4%,ZAR,2020-01-02,ADV008,Western Cape,1,110,969288.36
PF00988,CUST031327,Absolute Return,Moderate,Pension Fund,STeFI + 4%,ZAR,2016-04-22,ADV023,Mpumalanga,1,110,9508362.72
PF00989,CUST328830,Offshore Feeder,Aggressive,Discretionary,MSCI World,ZAR,2024-10-11,ADV019,Gauteng,0,105,45011288.11
PF00990,CUST371103,Balanced Growth,Moderate,Living Annuity,ALSI,ZAR,2022-07-14,ADV013,Limpopo,1,95,2109390.39
PF00991,CUST472248,Absolute Return,Moderate,Discretionary,STeFI + 4%,ZAR,2017-12-02,ADV013,Gauteng,1,110,3948658.18
PF00992,CUST421610,Offshore Feeder,Aggressive,Retirement Annuity,MSCI World,ZAR,2021-06-11,ADV005,Mpumalanga,1,105,8666103.4
PF00993,CUST269532,Money Market,Conservative,Retirement Annuity,STeFI,ZAR,2019-02-21,ADV001,Gauteng,1,35,3855126.23
PF00994,CUST144315,Absolute Return,Moderate,Discretionary,STeFI + 4%,ZAR,2020-07-07,ADV026,KwaZulu-Natal,1,110,38254284.01
PF00995,CUST180560,Balanced Growth,Moderate,Living Annuity,ALSI,ZAR,2016-09-03,ADV017,Western Cape,1,95,1970183.44
PF00996,CUST216154,Property Focus,Moderate,Discretionary,SAPY,ZAR,2021-10-11,ADV027,Gauteng,0,100,1204069.39
PF00997,CUST152247,Money Market,Conservative,Retirement Annuity,STeFI,ZAR,2023-10-06,ADV013,Gauteng,1,35,37371697.98
PF00998,CUST000169,Property Focus,Moderate,Pension Fund,SAPY,ZAR,2022-08-07,ADV005,KwaZulu-Natal,1,100,679794.18
PF00999,CUST342274,Balanced Growth,Moderate,Discretionary,ALSI,ZAR,2025-09-22,ADV024,KwaZulu-Natal,1,95,51592439.69
PF01000,CUST233507,Property Focus,Moderate,Living Annuity,SAPY,ZAR,2021-10-08,ADV004,KwaZulu-Natal,0,100,32671750.4
PF01001,CUST052969,Balanced Growth,Moderate,Tax-Free Savings,ALSI,ZAR,2023-01-27,ADV018,Mpumalanga,1,95,13721396.76
PF01002,CUST007811,Property Focus,Moderate,Discretionary,SAPY,ZAR,2024-08-08,ADV016,KwaZulu-Natal,0,100,29189415.19
PF01003,CUST348244,Conservative Income,Conservative,Discretionary,ALBI,ZAR,2023-02-25,ADV011,Eastern Cape,1,70,1095357.32
PF01004,CUST280658,Money Market,Conservative,Pension Fund,STeFI,ZAR,2024-09-12,ADV028,Mpumalanga,1,35,3369028.33
PF01005,CUST076988,Offshore Feeder,Aggressive,Discretionary,MSCI World,ZAR,2022-09-04,ADV015,North West,0,105,593132.32
PF01006,CUST414449,Absolute Return,Moderate,Living Annuity,STeFI + 4%,ZAR,2018-01-31,ADV015,Mpumalanga,1,110,15754661.17
PF01007,CUST191549,Money Market,Conservative,Retirement Annuity,STeFI,ZAR,2019-07-27,ADV028,KwaZulu-Natal,1,35,46348714.15
PF01008,CUST241604,Conservative Income,Conservative,Discretionary,ALBI,ZAR,2016-02-29,ADV023,Western Cape,1,70,9157399.06
PF01009,CUST270582,Property Focus,Moderate,Retirement Annuity,SAPY,ZAR,2025-08-08,ADV026,Gauteng,1,100,9358286.95
PF01010,CUST173485,Aggressive Equity,Aggressive,Retirement Annuity,SWIX,ZAR,2018-08-08,ADV010,North West,1,120,4933578.25
PF01011,CUST294531,Absolute Return,Moderate,Tax-Free Savings,STeFI + 4%,ZAR,2015-10-27,ADV005,Western Cape,1,110,16837899.08
PF01012,CUST455939,Absolute Return,Moderate,Discretionary,STeFI + 4%,ZAR,2020-01-10,ADV026,KwaZulu-Natal,1,110,11432830.42
PF01013,CUST102927,Property Focus,Moderate,Living Annuity,SAPY,ZAR,2024-07-16,ADV024,KwaZulu-Natal,0,100,83513908.27
PF01014,CUST477708,Balanced Growth,Moderate,Living Annuity,ALSI,ZAR,2015-05-16,ADV021,Gauteng,1,95,11951480.83
PF01015,CUST432802,Offshore Feeder,Aggressive,Retirement Annuity,MSCI World,ZAR,2017-01-09,ADV020,Mpumalanga,1,105,7492484.77
PF01016,CUST189705,Aggressive Equity,Aggressive,Retirement Annuity,SWIX,ZAR,2017-08-08,ADV001,Western Cape,1,120,78138525.87
PF01017,CUST291935,Absolute Return,Moderate,Tax-Free Savings,STeFI + 4%,ZAR,2019-08-26,ADV012,Gauteng,1,110,19299532.44
PF01018,CUST419561,Conservative Income,Conservative,Discretionary,ALBI,ZAR,2020-12-17,ADV004,Western Cape,1,70,21808683.88
PF01019,CUST370463,Offshore Feeder,Aggressive,Tax-Free Savings,MSCI World,ZAR,2016-03-05,ADV023,Eastern Cape,0,105,1951898.35
PF01020,CUST238291,Absolute Return,Moderate,Discretionary,STeFI + 4%,ZAR,2015-10-09,ADV007,Gauteng,1,110,35432462.78
PF01021,CUST431246,Property Focus,Moderate,Pension Fund,SAPY,ZAR,2022-08-22,ADV015,Gauteng,1,100,8360630.3
PF01022,CUST374870,Aggressive Equity,Aggressive,Tax-Free Savings,SWIX,ZAR,2015-05-16,ADV003,North West,1,120,7256880.96
PF01023,CUST186334,Aggressive Equity,Aggressive,Discretionary,SWIX,ZAR,2018-04-15,ADV021,Western Cape,1,120,8884905.49
PF01024,CUST066274,Money Market,Conservative,Discretionary,STeFI,ZAR,2016-07-28,ADV003,Gauteng,0,35,29021946.42
PF01025,CUST224590,Offshore Feeder,Aggressive,Living Annuity,MSCI World,ZAR,2018-03-12,ADV013,Gauteng,0,105,40395325.82
PF01026,CUST146184,Absolute Return,Moderate,Living Annuity,STeFI + 4%,ZAR,2025-10-05,ADV024,Western Cape,1,110,16404355.92
PF01027,CUST058232,Money Market,Conservative,Discretionary,STeFI,ZAR,2019-05-18,ADV001,Eastern Cape,0,35,25161234.79
PF01028,CUST156513,Property Focus,Moderate,Retirement Annuity,SAPY,ZAR,2022-04-22,ADV003,Gauteng,1,100,16635038.24
PF01029,CUST258959,Aggressive Equity,Aggressive,Discretionary,SWIX,ZAR,2017-11-23,ADV025,Eastern Cape,1,120,83967467.66
PF01030,CUST260678,Balanced Growth,Moderate,Discretionary,ALSI,ZAR,2015-07-19,ADV021,Gauteng,1,95,16344305.66
PF01031,CUST009666,Balanced Growth,Moderate,Pension Fund,ALSI,ZAR,2025-01-28,ADV018,Gauteng,1,95,1369348.43
PF01032,CUST420082,Money Market,Conservative,Retirement Annuity,STeFI,ZAR,2016-05-29,ADV025,Gauteng,1,35,4381553.62
PF01033,CUST460647,Absolute Return,Moderate,Discretionary,STeFI + 4%,ZAR,2017-07-16,ADV008,Western Cape,1,110,4357773.36
PF01034,CUST239008,Offshore Feeder,Aggressive,Retirement Annuity,MSCI World,ZAR,2020-01-13,ADV022,Limpopo,1,105,2607129.68
PF01035,CUST302654,Balanced Growth,Moderate,Retirement Annuity,ALSI,ZAR,2016-04-15,ADV024,KwaZulu-Natal,1,95,9021592.41
PF01036,CUST121439,Money Market,Conservative,Living Annuity,STeFI,ZAR,2024-03-25,ADV017,Gauteng,0,35,11174217.66
PF01037,CUST493877,Aggressive Equity,Aggressive,Retirement Annuity,SWIX,ZAR,2019-07-19,ADV011,Western Cape,1,120,5363244.15
PF01038,CUST382554,Aggressive Equity,Aggressive,Retirement Annuity,SWIX,ZAR,2015-09-11,ADV021,Gauteng,1,120,68584894.01
PF01039,CUST117445,Money Market,Conservative,Living Annuity,STeFI,ZAR,2017-10-17,ADV019,Limpopo,0,35,360110995.22
PF01040,CUST103512,Offshore Feeder,Aggressive,Pension Fund,MSCI World,ZAR,2019-10-27,ADV007,Gauteng,1,105,15672910.01
PF01041,CUST270661,Offshore Feeder,Aggressive,Pension Fund,MSCI World,ZAR,2015-09-04,ADV027,Eastern Cape,1,105,2183678.77
PF01042,CUST132166,Money Market,Conservative,Tax-Free Savings,STeFI,ZAR,2016-03-25,ADV019,Gauteng,0,35,18431577.52
PF01043,CUST284614,Money Market,Conservative,Retirement Annuity,STeFI,ZAR,2020-06-11,ADV013,Gauteng,1,35,9296545.72
PF01044,CUST262393,Aggressive Equity,Aggressive,Discretionary,SWIX,ZAR,2022-07-03,ADV020,Western Cape,1,120,9884963.52
PF01045,CUST155798,Property Focus,Moderate,Living Annuity,SAPY,ZAR,2021-02-16,ADV010,Western Cape,0,100,1472503.2
PF01046,CUST201699,Conservative Income,Conservative,Retirement Annuity,ALBI,ZAR,2018-02-20,ADV022,Gauteng,1,70,3677810.99
PF01047,CUST311273,Aggressive Equity,Aggressive,Retirement Annuity,SWIX,ZAR,2020-03-02,ADV017,Gauteng,1,120,3575378.81
PF01048,CUST118759,Offshore Feeder,Aggressive,Tax-Free Savings,MSCI World,ZAR,2016-12-01,ADV004,Gauteng,0,105,9028411.72
PF01049,CUST149656,Money Market,Conservative,Tax-Free Savings,STeFI,ZAR,2018-09-09,ADV024,Western Cape,0,35,1764326.2
PF01050,CUST117955,Absolute Return,Moderate,Retirement Annuity,STeFI + 4%,ZAR,2020-03-12,ADV013,Western Cape,1,110,5927909.79
PF01051,CUST051856,Conservative Income,Conservative,Tax-Free Savings,ALBI,ZAR,2020-01-16,ADV024,Gauteng,1,70,18717214.36
PF01052,CUST341544,Property Focus,Moderate,Discretionary,SAPY,ZAR,2019-02-01,ADV021,Mpumalanga,0,100,1418262.56
PF01053,CUST193942,Property Focus,Moderate,Retirement Annuity,SAPY,ZAR,2015-04-11,ADV024,Western Cape,1,100,4414869.08
PF01054,CUST222592,Conservative Income,Conservative,Retirement Annuity,ALBI,ZAR,2018-08-23,ADV010,Gauteng,1,70,77741130.92
PF01055,CUST122214,Money Market,Conservative,Living Annuity,STeFI,ZAR,2017-08-09,ADV020,Gauteng,0,35,21208452.72
PF01056,CUST415069,Absolute Return,Moderate,Retirement Annuity,STeFI + 4%,ZAR,2015-02-11,ADV022,Free State,1,110,14748055.13
PF01057,CUST402633,Absolute Return,Moderate,Discretionary,STeFI + 4%,ZAR,2024-03-16,ADV016,Limpopo,1,110,199951094.05
PF01058,CUST197413,Property Focus,Moderate,Retirement Annuity,SAPY,ZAR,2015-09-13,ADV026,Eastern Cape,1,100,1145562.06
PF01059,CUST051142,Offshore Feeder,Aggressive,Living Annuity,MSCI World,ZAR,2021-06-02,ADV013,Eastern Cape,0,105,21058568.07
PF01060,CUST241196,Aggressive Equity,Aggressive,Endowment,SWIX,ZAR,2018-06-30,ADV008,Free State,1,120,1699278.61
PF01061,CUST445233,Balanced Growth,Moderate,Pension Fund,ALSI,ZAR,2019-10-10,ADV016,Mpumalanga,1,95,51222450.49
PF01062,CUST019179,Balanced Growth,Moderate,Living Annuity,ALSI,ZAR,2017-01-15,ADV009,Gauteng,1,95,10369905.59
PF01063,CUST082259,Money Market,Conservative,Retirement Annuity,STeFI,ZAR,2017-08-10,ADV022,Eastern Cape,1,35,13380214.83
PF01064,CUST139145,Absolute Return,Moderate,Retirement Annuity,STeFI + 4%,ZAR,2015-09-14,ADV016,Mpumalanga,1,110,69938468.53
PF01065,CUST019808,Conservative Income,Conservative,Discretionary,ALBI,ZAR,2024-01-31,ADV005,Limpopo,1,70,60316834.36
PF01066,CUST080198,Absolute Return,Moderate,Pension Fund,STeFI + 4%,ZAR,2021-08-29,ADV015,Eastern Cape,1,110,14243703.54
PF01067,CUST391696,Offshore Feeder,Aggressive,Living Annuity,MSCI World,ZAR,2019-11-17,ADV020,KwaZulu-Natal,0,105,7635156.92
PF01068,CUST390405,Offshore Feeder,Aggressive,Pension Fund,MSCI World,ZAR,2016-08-18,ADV007,Western Cape,1,105,9206518.39
PF01069,CUST183217,Balanced Growth,Moderate,Retirement Annuity,ALSI,ZAR,2017-03-05,ADV005,Free State,1,95,5480221.11
PF01070,CUST442819,Aggressive Equity,Aggressive,Discretionary,SWIX,ZAR,2023-11-22,ADV004,Western Cape,1,120,838996.93
PF01071,CUST013493,Absolute Return,Moderate,Retirement Annuity,STeFI + 4%,ZAR,2021-02-14,ADV010,Gauteng,1,110,4641737.85
PF01072,CUST126032,Offshore Feeder,Aggressive,Pension Fund,MSCI World,ZAR,2021-06-06,ADV023,Gauteng,1,105,10741870.79
PF01073,CUST114588,Aggressive Equity,Aggressive,Living Annuity,SWIX,ZAR,2016-09-24,ADV006,KwaZulu-Natal,1,120,4656109.76
PF01074,CUST106700,Offshore Feeder,Aggressive,Retirement Annuity,MSCI World,ZAR,2022-05-01,ADV025,Free State,1,105,1082605.49
PF01075,CUST112728,Aggressive Equity,Aggressive,Living Annuity,SWIX,ZAR,2021-05-02,ADV004,Eastern Cape,1,120,3251537.85
PF01076,CUST340710,Conservative Income,Conservative,Tax-Free Savings,ALBI,ZAR,2017-08-16,ADV006,Free State,1,70,1590522.63
PF01077,CUST249304,Property Focus,Moderate,Pension Fund,SAPY,ZAR,2022-08-19,ADV008,Gauteng,1,100,5355412.85
PF01078,CUST243899,Conservative Income,Conservative,Tax-Free Savings,ALBI,ZAR,2020-06-11,ADV020,Gauteng,1,70,2393394.37
PF01079,CUST425221,Absolute Return,Moderate,Living Annuity,STeFI + 4%,ZAR,2016-11-01,ADV025,Gauteng,1,110,6687580.63
PF01080,CUST127156,Conservative Income,Conservative,Endowment,ALBI,ZAR,2017-03-22,ADV015,Gauteng,1,70,964918.38
PF01081,CUST359432,Balanced Growth,Moderate,Pension Fund,ALSI,ZAR,2020-05-14,ADV028,Gauteng,1,95,4767763.62
PF01082,CUST060302,Balanced Growth,Moderate,Living Annuity,ALSI,ZAR,2025-03-02,ADV021,Western Cape,1,95,29699525.28
PF01083,CUST137985,Conservative Income,Conservative,Retirement Annuity,ALBI,ZAR,2015-12-19,ADV016,Western Cape,1,70,41475659.96
PF01084,CUST405756,Offshore Feeder,Aggressive,Discretionary,MSCI World,ZAR,2022-07-14,ADV024,Gauteng,0,105,3298366.18
PF01085,CUST207744,Money Market,Conservative,Discretionary,STeFI,ZAR,2025-10-16,ADV016,North West,0,35,7853609.75
PF01086,CUST290706,Aggressive Equity,Aggressive,Discretionary,SWIX,ZAR,2021-06-01,ADV011,Gauteng,1,120,28059454.05
PF01087,CUST086614,Conservative Income,Conservative,Retirement Annuity,ALBI,ZAR,2018-04-21,ADV005,Free State,1,70,43005004.43
PF01088,CUST295261,Aggressive Equity,Aggressive,Discretionary,SWIX,ZAR,2020-05-02,ADV021,Gauteng,1,120,6384944.85
PF01089,CUST001536,Conservative Income,Conservative,Tax-Free Savings,ALBI,ZAR,2018-08-11,ADV004,Western Cape,1,70,7365050.16
PF01090,CUST095282,Property Focus,Moderate,Retirement Annuity,SAPY,ZAR,2018-06-24,ADV003,Gauteng,1,100,6801018.8
PF01091,CUST411777,Property Focus,Moderate,Discretionary,SAPY,ZAR,2025-11-07,ADV005,North West,0,100,6156745.5
PF01092,CUST051587,Money Market,Conservative,Pension Fund,STeFI,ZAR,2024-09-15,ADV006,Gauteng,1,35,15442692.19
PF01093,CUST206492,Money Market,Conservative,Discretionary,STeFI,ZAR,2023-12-07,ADV018,Free State,0,35,45745899.78
PF01094,CUST356701,Balanced Growth,Moderate,Retirement Annuity,ALSI,ZAR,2015-05-04,ADV021,KwaZulu-Natal,1,95,43082086.56
PF01095,CUST309529,Offshore Feeder,Aggressive,Retirement Annuity,MSCI World,ZAR,2016-11-19,ADV023,Gauteng,1,105,312658.58
PF01096,CUST088707,Balanced Growth,Moderate,Living Annuity,ALSI,ZAR,2025-02-18,ADV017,Gauteng,1,95,13360561.97
PF01097,CUST389032,Aggressive Equity,Aggressive,Living Annuity,SWIX,ZAR,2023-10-10,ADV026,Limpopo,1,120,58932260.14
PF01098,CUST161493,Balanced Growth,Moderate,Tax-Free Savings,ALSI,ZAR,2018-07-05,ADV007,Gauteng,1,95,17042580.67
PF01099,CUST199467,Offshore Feeder,Aggressive,Retirement Annuity,MSCI World,ZAR,2024-10-04,ADV001,Gauteng,1,105,13839114.4
PF01100,CUST352302,Property Focus,Moderate,Tax-Free Savings,SAPY,ZAR,2022-01-13,ADV025,Free State,0,100,3602877.99
PF01101,CUST369541,Money Market,Conservative,Retirement Annuity,STeFI,ZAR,2016-03-20,ADV025,Gauteng,1,35,6015636.16
PF01102,CUST322636,Aggressive Equity,Aggressive,Tax-Free Savings,SWIX,ZAR,2021-01-26,ADV020,Gauteng,1,120,19748301.66
PF01103,CUST137542,Money Market,Conservative,Retirement Annuity,STeFI,ZAR,2025-01-30,ADV028,Northern Cape,1,35,2996508.39
PF01104,CUST356459,Offshore Feeder,Aggressive,Discretionary,MSCI World,ZAR,2016-03-03,ADV009,Gauteng,0,105,4972873.85
PF01105,CUST261064,Property Focus,Moderate,Discretionary,SAPY,ZAR,2016-02-23,ADV010,Eastern Cape,0,100,6994457.53
PF01106,CUST363347,Offshore Feeder,Aggressive,Living Annuity,MSCI World,ZAR,2018-09-25,ADV025,Gauteng,0,105,12290582.79
PF01107,CUST263642,Absolute Return,Moderate,Retirement Annuity,STeFI + 4%,ZAR,2015-12-27,ADV020,North West,1,110,2340351.18
PF01108,CUST416389,Balanced Growth,Moderate,Discretionary,ALSI,ZAR,2018-01-14,ADV019,Gauteng,1,95,3953005.97
PF01109,CUST415246,Conservative Income,Conservative,Living Annuity,ALBI,ZAR,2025-01-24,ADV006,Gauteng,1,70,49033755.5
PF01110,CUST193716,Property Focus,Moderate,Discretionary,SAPY,ZAR,2020-04-27,ADV015,Mpumalanga,0,100,3707977.55
PF01111,CUST224058,Money Market,Conservative,Retirement Annuity,STeFI,ZAR,2016-01-22,ADV012,Gauteng,1,35,7802464.25
PF01112,CUST433645,Offshore Feeder,Aggressive,Pension Fund,MSCI World,ZAR,2019-07-23,ADV016,Limpopo,1,105,9724186.66
PF01113,CUST428287,Absolute Return,Moderate,Retirement Annuity,STeFI + 4%,ZAR,2019-10-03,ADV004,KwaZulu-Natal,1,110,2753036.12
PF01114,CUST464805,Money Market,Conservative,Pension Fund,STeFI,ZAR,2018-09-23,ADV028,KwaZulu-Natal,1,35,10740054.76
PF01115,CUST292563,Property Focus,Moderate,Retirement Annuity,SAPY,ZAR,2017-04-22,ADV028,Western Cape,1,100,27006544.2
PF01116,CUST187078,Balanced Growth,Moderate,Discretionary,ALSI,ZAR,2022-05-17,ADV001,Eastern Cape,1,95,4632721.79
PF01117,CUST309552,Offshore Feeder,Aggressive,Discretionary,MSCI World,ZAR,2024-03-31,ADV010,Western Cape,0,105,120891265.41
PF01118,CUST269896,Balanced Growth,Moderate,Pension Fund,ALSI,ZAR,2025-03-22,ADV021,Gauteng,1,95,19201822.35
PF01119,CUST415667,Absolute Return,Moderate,Retirement Annuity,STeFI + 4%,ZAR,2018-08-11,ADV009,Gauteng,1,110,2797358.76
PF01120,CUST351101,Conservative Income,Conservative,Pension Fund,ALBI,ZAR,2020-03-06,ADV016,Gauteng,1,70,1750917.57
PF01121,CUST333467,Property Focus,Moderate,Pension Fund,SAPY,ZAR,2024-12-13,ADV018,Western Cape,1,100,11566517.1
PF01122,CUST296526,Conservative Income,Conservative,Discretionary,ALBI,ZAR,2015-05-13,ADV020,Eastern Cape,1,70,26691921.47
PF01123,CUST397659,Property Focus,Moderate,Pension Fund,SAPY,ZAR,2017-02-25,ADV001,Western Cape,1,100,14586246.63
PF01124,CUST432484,Money Market,Conservative,Discretionary,STeFI,ZAR,2025-07-27,ADV014,Eastern Cape,0,35,19047656.04
PF01125,CUST309218,Balanced Growth,Moderate,Retirement Annuity,ALSI,ZAR,2022-10-25,ADV014,Eastern Cape,1,95,540752.0
PF01126,CUST154103,Balanced Growth,Moderate,Retirement Annuity,ALSI,ZAR,2017-11-13,ADV023,KwaZulu-Natal,1,95,5243628.51
PF01127,CUST127798,Aggressive Equity,Aggressive,Living Annuity,SWIX,ZAR,2017-02-10,ADV017,Eastern Cape,1,120,47912920.78
PF01128,CUST149357,Balanced Growth,Moderate,Discretionary,ALSI,ZAR,2021-06-15,ADV019,Free State,1,95,17042027.87
PF01129,CUST237646,Property Focus,Moderate,Living Annuity,SAPY,ZAR,2025-05-22,ADV015,KwaZulu-Natal,0,100,3235789.62
PF01130,CUST429501,Money Market,Conservative,Discretionary,STeFI,ZAR,2022-01-25,ADV026,Western Cape,0,35,11693478.17
PF01131,CUST012883,Absolute Return,Moderate,Retirement Annuity,STeFI + 4%,ZAR,2016-02-07,ADV017,Gauteng,1,110,30546387.09
PF01132,CUST248696,Conservative Income,Conservative,Living Annuity,ALBI,ZAR,2024-06-29,ADV004,Gauteng,1,70,109760927.1
PF01133,CUST478668,Property Focus,Moderate,Tax-Free Savings,SAPY,ZAR,2025-11-21,ADV015,North West,0,100,27537048.7
PF01134,CUST037225,Balanced Growth,Moderate,Retirement Annuity,ALSI,ZAR,2020-08-15,ADV020,Western Cape,1,95,8985504.42
PF01135,CUST345857,Property Focus,Moderate,Discretionary,SAPY,ZAR,2019-12-19,ADV010,Western Cape,0,100,11383417.08
PF01136,CUST252778,Money Market,Conservative,Retirement Annuity,STeFI,ZAR,2015-04-10,ADV019,Eastern Cape,1,35,11093348.44
PF01137,CUST323444,Absolute Return,Moderate,Retirement Annuity,STeFI + 4%,ZAR,2019-11-03,ADV018,Free State,1,110,3073688.92
PF01138,CUST290434,Offshore Feeder,Aggressive,Tax-Free Savings,MSCI World,ZAR,2015-04-04,ADV015,Western Cape,0,105,29301973.02
PF01139,CUST054808,Absolute Return,Moderate,Tax-Free Savings,STeFI + 4%,ZAR,2020-05-06,ADV023,Eastern Cape,1,110,10504299.5
PF01140,CUST261341,Absolute Return,Moderate,Retirement Annuity,STeFI + 4%,ZAR,2021-07-30,ADV001,Limpopo,1,110,18621036.45
PF01141,CUST142112,Absolute Return,Moderate,Living Annuity,STeFI + 4%,ZAR,2017-12-07,ADV028,Gauteng,1,110,6581625.17
PF01142,CUST100665,Money Market,Conservative,Discretionary,STeFI,ZAR,2019-09-05,ADV028,Western Cape,0,35,84936413.88
PF01143,CUST129392,Balanced Growth,Moderate,Discretionary,ALSI,ZAR,2023-05-18,ADV017,Gauteng,1,95,24124650.13
PF01144,CUST035584,Property Focus,Moderate,Retirement Annuity,SAPY,ZAR,2024-09-07,ADV023,KwaZulu-Natal,1,100,99563294.68
PF01145,CUST260886,Absolute Return,Moderate,Discretionary,STeFI + 4%,ZAR,2025-01-20,ADV010,Gauteng,1,110,71433559.24
PF01146,CUST116881,Conservative Income,Conservative,Discretionary,ALBI,ZAR,2020-07-29,ADV017,Free State,1,70,15074421.07
PF01147,CUST211802,Offshore Feeder,Aggressive,Pension Fund,MSCI World,ZAR,2015-09-23,ADV024,Gauteng,1,105,1544653.14
PF01148,CUST256503,Absolute Return,Moderate,Living Annuity,STeFI + 4%,ZAR,2025-05-24,ADV015,Western Cape,1,110,64343376.56
PF01149,CUST159872,Aggressive Equity,Aggressive,Discretionary,SWIX,ZAR,2020-06-02,ADV011,Gauteng,1,120,13714090.9
PF01150,CUST143207,Absolute Return,Moderate,Retirement Annuity,STeFI + 4%,ZAR,2022-05-18,ADV003,Gauteng,1,110,9309550.62
PF01151,CUST175625,Conservative Income,Conservative,Discretionary,ALBI,ZAR,2016-09-23,ADV016,KwaZulu-Natal,1,70,3045837.63
PF01152,CUST427944,Conservative Income,Conservative,Tax-Free Savings,ALBI,ZAR,2025-02-07,ADV007,Mpumalanga,1,70,14930178.01
PF01153,CUST275788,Aggressive Equity,Aggressive,Discretionary,SWIX,ZAR,2021-11-08,ADV001,Gauteng,1,120,28859267.82
PF01154,CUST106528,Aggressive Equity,Aggressive,Discretionary,SWIX,ZAR,2017-05-30,ADV020,KwaZulu-Natal,1,120,70150767.9
PF01155,CUST192640,Money Market,Conservative,Discretionary,STeFI,ZAR,2022-01-28,ADV021,Eastern Cape,0,35,46997605.22
PF01156,CUST463780,Money Market,Conservative,Pension Fund,STeFI,ZAR,2019-03-05,ADV001,Gauteng,1,35,27001780.69
PF01157,CUST484880,Aggressive Equity,Aggressive,Discretionary,SWIX,ZAR,2020-10-28,ADV018,Western Cape,1,120,27503724.74
PF01158,CUST204856,Aggressive Equity,Aggressive,Tax-Free Savings,SWIX,ZAR,2018-11-17,ADV011,Gauteng,1,120,972717.31
PF01159,CUST346648,Money Market,Conservative,Tax-Free Savings,STeFI,ZAR,2018-05-05,ADV008,Gauteng,0,35,4244099.65
PF01160,CUST032757,Property Focus,Moderate,Retirement Annuity,SAPY,ZAR,2019-01-23,ADV026,KwaZulu-Natal,1,100,6645910.33
PF01161,CUST140859,Conservative Income,Conservative,Pension Fund,ALBI,ZAR,2024-07-04,ADV004,Gauteng,1,70,899476.67
PF01162,CUST427378,Absolute Return,Moderate,Retirement Annuity,STeFI + 4%,ZAR,2023-04-13,ADV010,Gauteng,1,110,15472604.39
PF01163,CUST098929,Money Market,Conservative,Retirement Annuity,STeFI,ZAR,2017-11-02,ADV010,North West,1,35,15903865.68
PF01164,CUST267524,Offshore Feeder,Aggressive,Retirement Annuity,MSCI World,ZAR,2016-04-14,ADV015,Gauteng,1,105,13282191.54
PF01165,CUST256826,Aggressive Equity,Aggressive,Discretionary,SWIX,ZAR,2018-05-03,ADV004,Gauteng,1,120,7744932.49
PF01166,CUST391707,Absolute Return,Moderate,Living Annuity,STeFI + 4%,ZAR,2017-05-27,ADV025,Western Cape,1,110,60118172.69
PF01167,CUST299255,Money Market,Conservative,Discretionary,STeFI,ZAR,2016-11-22,ADV003,Western Cape,0,35,9605487.39
PF01168,CUST290521,Absolute Return,Moderate,Retirement Annuity,STeFI + 4%,ZAR,2016-10-09,ADV026,Western Cape,1,110,91914685.0
PF01169,CUST032449,Balanced Growth,Moderate,Retirement Annuity,ALSI,ZAR,2015-05-21,ADV015,Eastern Cape,1,95,3864742.09
PF01170,CUST322514,Offshore Feeder,Aggressive,Pension Fund,MSCI World,ZAR,2021-07-10,ADV021,Limpopo,1,105,17332619.54
PF01171,CUST125736,Offshore Feeder,Aggressive,Discretionary,MSCI World,ZAR,2023-01-07,ADV023,Western Cape,0,105,16162534.06
PF01172,CUST108150,Conservative Income,Conservative,Tax-Free Savings,ALBI,ZAR,2018-08-23,ADV004,Free State,1,70,36791737.46
PF01173,CUST378074,Offshore Feeder,Aggressive,Discretionary,MSCI World,ZAR,2018-04-03,ADV024,Western Cape,0,105,2926210.82
PF01174,CUST402251,Conservative Income,Conservative,Living Annuity,ALBI,ZAR,2024-12-12,ADV015,North West,1,70,39631906.79
PF01175,CUST281932,Offshore Feeder,Aggressive,Retirement Annuity,MSCI World,ZAR,2020-01-20,ADV020,Gauteng,1,105,42247006.05
PF01176,CUST308530,Aggressive Equity,Aggressive,Living Annuity,SWIX,ZAR,2024-10-08,ADV025,Eastern Cape,1,120,3468756.75
PF01177,CUST040215,Aggressive Equity,Aggressive,Discretionary,SWIX,ZAR,2016-10-29,ADV011,Gauteng,1,120,3245553.94
PF01178,CUST499045,Money Market,Conservative,Living Annuity,STeFI,ZAR,2021-09-23,ADV009,Gauteng,0,35,14824644.36
PF01179,CUST139179,Aggressive Equity,Aggressive,Retirement Annuity,SWIX,ZAR,2023-06-07,ADV021,Gauteng,1,120,5084042.12
PF01180,CUST320865,Conservative Income,Conservative,Pension Fund,ALBI,ZAR,2024-11-09,ADV001,KwaZulu-Natal,1,70,11961846.91
PF01181,CUST444684,Property Focus,Moderate,Discretionary,SAPY,ZAR,2021-06-30,ADV012,KwaZulu-Natal,0,100,8421270.75
PF01182,CUST058309,Money Market,Conservative,Tax-Free Savings,STeFI,ZAR,2020-05-17,ADV017,Free State,0,35,1599246.82
PF01183,CUST026115,Money Market,Conservative,Retirement Annuity,STeFI,ZAR,2025-03-17,ADV021,Eastern Cape,1,35,2363025.1
PF01184,CUST443999,Absolute Return,Moderate,Discretionary,STeFI + 4%,ZAR,2022-02-13,ADV017,Western Cape,1,110,6174836.32
PF01185,CUST254964,Aggressive Equity,Aggressive,Retirement Annuity,SWIX,ZAR,2020-02-27,ADV006,Western Cape,1,120,244043.4
PF01186,CUST067451,Offshore Feeder,Aggressive,Discretionary,MSCI World,ZAR,2016-04-23,ADV003,Western Cape,0,105,12624807.95
PF01187,CUST095636,Offshore Feeder,Aggressive,Endowment,MSCI World,ZAR,2024-12-17,ADV027,Eastern Cape,0,105,30044619.82
PF01188,CUST402955,Offshore Feeder,Aggressive,Discretionary,MSCI World,ZAR,2021-01-07,ADV016,Gauteng,0,105,28909411.48
PF01189,CUST268203,Balanced Growth,Moderate,Living Annuity,ALSI,ZAR,2019-03-05,ADV005,Gauteng,1,95,3036410.69
PF01190,CUST142143,Conservative Income,Conservative,Retirement Annuity,ALBI,ZAR,2025-04-03,ADV015,Western Cape,1,70,5261102.08
PF01191,CUST176739,Offshore Feeder,Aggressive,Retirement Annuity,MSCI World,ZAR,2019-01-12,ADV020,Limpopo,1,105,34161427.27
PF01192,CUST074478,Property Focus,Moderate,Living Annuity,SAPY,ZAR,2017-07-09,ADV003,Gauteng,0,100,4862971.34
PF01193,CUST036380,Conservative Income,Conservative,Retirement Annuity,ALBI,ZAR,2022-10-12,ADV020,Western Cape,1,70,341551.56
PF01194,CUST278993,Property Focus,Moderate,Endowment,SAPY,ZAR,2017-12-07,ADV023,Gauteng,0,100,6949953.08
PF01195,CUST039844,Conservative Income,Conservative,Living Annuity,ALBI,ZAR,2025-05-06,ADV028,Gauteng,1,70,52745037.86
PF01196,CUST477552,Conservative Income,Conservative,Pension Fund,ALBI,ZAR,2019-08-01,ADV024,Western Cape,1,70,2209564.56
PF01197,CUST317544,Balanced Growth,Moderate,Living Annuity,ALSI,ZAR,2017-04-08,ADV007,North West,1,95,2014433.24
PF01198,CUST269965,Absolute Return,Moderate,Discretionary,STeFI + 4%,ZAR,2023-10-07,ADV015,Gauteng,1,110,20064428.5
PF01199,CUST172065,Balanced Growth,Moderate,Living Annuity,ALSI,ZAR,2025-04-11,ADV014,North West,1,95,42743063.01
PF01200,CUST195167,Conservative Income,Conservative,Discretionary,ALBI,ZAR,2015-11-07,ADV007,Free State,1,70,34149523.1
PF01201,CUST404983,Conservative Income,Conservative,Discretionary,ALBI,ZAR,2025-04-24,ADV019,KwaZulu-Natal,1,70,6812884.63
PF01202,CUST444917,Money Market,Conservative,Discretionary,STeFI,ZAR,2018-10-10,ADV013,Gauteng,0,35,8311295.3
PF01203,CUST335130,Absolute Return,Moderate,Discretionary,STeFI + 4%,ZAR,2019-02-27,ADV026,Gauteng,1,110,27937062.92
PF01204,CUST075999,Offshore Feeder,Aggressive,Living Annuity,MSCI World,ZAR,2024-05-31,ADV023,Mpumalanga,0,105,23739354.15
PF01205,CUST338453,Offshore Feeder,Aggressive,Retirement Annuity,MSCI World,ZAR,2023-09-22,ADV019,Eastern Cape,1,105,81947521.92
PF01206,CUST303289,Absolute Return,Moderate,Endowment,STeFI + 4%,ZAR,2016-06-25,ADV027,Gauteng,1,110,10263475.25
PF01207,CUST115721,Absolute Return,Moderate,Retirement Annuity,STeFI + 4%,ZAR,2023-10-23,ADV013,Gauteng,1,110,5129839.4
PF01208,CUST217096,Property Focus,Moderate,Discretionary,SAPY,ZAR,2022-08-19,ADV003,KwaZulu-Natal,0,100,11245909.49
PF01209,CUST409234,Balanced Growth,Moderate,Tax-Free Savings,ALSI,ZAR,2018-04-14,ADV027,KwaZulu-Natal,1,95,10087630.58
PF01210,CUST397579,Balanced Growth,Moderate,Discretionary,ALSI,ZAR,2025-02-12,ADV018,Free State,1,95,90202336.8
PF01211,CUST038845,Money Market,Conservative,Discretionary,STeFI,ZAR,2020-05-27,ADV014,Western Cape,0,35,100321169.21
PF01212,CUST185935,Money Market,Conservative,Pension Fund,STeFI,ZAR,2017-06-24,ADV024,Gauteng,1,35,12627008.31
PF01213,CUST455966,Absolute Return,Moderate,Living Annuity,STeFI + 4%,ZAR,2016-08-17,ADV026,KwaZulu-Natal,1,110,1427545.07
PF01214,CUST217718,Conservative Income,Conservative,Pension Fund,ALBI,ZAR,2025-12-23,ADV019,Western Cape,1,70,19233348.92
PF01215,CUST152405,Property Focus,Moderate,Discretionary,SAPY,ZAR,2017-05-25,ADV016,Western Cape,0,100,6166335.85
PF01216,CUST306834,Conservative Income,Conservative,Pension Fund,ALBI,ZAR,2025-07-03,ADV020,KwaZulu-Natal,1,70,9757435.01
PF01217,CUST048267,Money Market,Conservative,Retirement Annuity,STeFI,ZAR,2024-03-10,ADV019,KwaZulu-Natal,1,35,4758071.47
PF01218,CUST321300,Offshore Feeder,Aggressive,Pension Fund,MSCI World,ZAR,2026-01-12,ADV014,Free State,1,105,11238593.76
PF01219,CUST254341,Balanced Growth,Moderate,Living Annuity,ALSI,ZAR,2018-08-15,ADV014,Western Cape,1,95,12773283.96
PF01220,CUST429797,Property Focus,Moderate,Pension Fund,SAPY,ZAR,2019-04-28,ADV016,Limpopo,1,100,5486920.74
PF01221,CUST391731,Balanced Growth,Moderate,Retirement Annuity,ALSI,ZAR,2019-09-11,ADV014,Free State,1,95,37722167.01
PF01222,CUST254820,Aggressive Equity,Aggressive,Retirement Annuity,SWIX,ZAR,2023-11-06,ADV001,Limpopo,1,120,1469260.46
PF01223,CUST386537,Property Focus,Moderate,Discretionary,SAPY,ZAR,2015-03-20,ADV025,KwaZulu-Natal,0,100,763862.78
PF01224,CUST323895,Aggressive Equity,Aggressive,Discretionary,SWIX,ZAR,2019-04-10,ADV018,Limpopo,1,120,11696989.19
PF01225,CUST145432,Money Market,Conservative,Discretionary,STeFI,ZAR,2015-04-26,ADV003,Western Cape,0,35,4905997.34
PF01226,CUST473495,Offshore Feeder,Aggressive,Discretionary,MSCI World,ZAR,2017-02-20,ADV004,KwaZulu-Natal,0,105,1997765.09
PF01227,CUST206128,Money Market,Conservative,Discretionary,STeFI,ZAR,2018-08-30,ADV003,Western Cape,0,35,323785.36
PF01228,CUST059100,Offshore Feeder,Aggressive,Endowment,MSCI World,ZAR,2024-03-14,ADV001,KwaZulu-Natal,0,105,22509092.97
PF01229,CUST485874,Conservative Income,Conservative,Retirement Annuity,ALBI,ZAR,2021-12-31,ADV023,Gauteng,1,70,57639630.0
PF01230,CUST310049,Conservative Income,Conservative,Pension Fund,ALBI,ZAR,2018-05-18,ADV013,Eastern Cape,1,70,4751060.79
PF01231,CUST226932,Money Market,Conservative,Discretionary,STeFI,ZAR,2021-11-16,ADV006,Gauteng,0,35,2284713.97
PF01232,CUST063408,Offshore Feeder,Aggressive,Pension Fund,MSCI World,ZAR,2022-08-09,ADV021,Western Cape,1,105,7444305.28
PF01233,CUST067670,Aggressive Equity,Aggressive,Discretionary,SWIX,ZAR,2016-02-15,ADV018,Gauteng,1,120,15801578.79
PF01234,CUST145017,Offshore Feeder,Aggressive,Discretionary,MSCI World,ZAR,2024-12-13,ADV022,Gauteng,0,105,2681243.26
PF01235,CUST148873,Offshore Feeder,Aggressive,Retirement Annuity,MSCI World,ZAR,2016-09-22,ADV008,Western Cape,1,105,2656516.47
PF01236,CUST269721,Balanced Growth,Moderate,Endowment,ALSI,ZAR,2018-11-29,ADV003,Gauteng,1,95,59052323.05
PF01237,CUST329171,Offshore Feeder,Aggressive,Living Annuity,MSCI World,ZAR,2018-03-28,ADV013,Mpumalanga,0,105,6110188.85
PF01238,CUST194086,Money Market,Conservative,Discretionary,STeFI,ZAR,2025-04-03,ADV018,North West,0,35,2726427.11
PF01239,CUST184447,Absolute Return,Moderate,Discretionary,STeFI + 4%,ZAR,2016-05-18,ADV020,Gauteng,1,110,24229008.7
PF01240,CUST095769,Conservative Income,Conservative,Living Annuity,ALBI,ZAR,2021-03-05,ADV006,KwaZulu-Natal,1,70,32954826.03
PF01241,CUST185630,Money Market,Conservative,Discretionary,STeFI,ZAR,2025-07-18,ADV022,Western Cape,0,35,9116818.56
PF01242,CUST318443,Offshore Feeder,Aggressive,Endowment,MSCI World,ZAR,2016-09-11,ADV012,Gauteng,0,105,11869118.9
PF01243,CUST492657,Money Market,Conservative,Discretionary,STeFI,ZAR,2016-09-12,ADV007,Western Cape,0,35,5254675.25
PF01244,CUST114270,Absolute Return,Moderate,Discretionary,STeFI + 4%,ZAR,2019-05-15,ADV021,KwaZulu-Natal,1,110,2339682.97
PF01245,CUST046677,Money Market,Conservative,Discretionary,STeFI,ZAR,2016-07-05,ADV012,North West,0,35,3721271.35
PF01246,CUST131594,Money Market,Conservative,Discretionary,STeFI,ZAR,2021-08-27,ADV007,Limpopo,0,35,12780389.04
PF01247,CUST380582,Absolute Return,Moderate,Discretionary,STeFI + 4%,ZAR,2025-04-12,ADV028,KwaZulu-Natal,1,110,81935882.27
PF01248,CUST459862,Absolute Return,Moderate,Living Annuity,STeFI + 4%,ZAR,2023-01-10,ADV010,Gauteng,1,110,30289245.19
PF01249,CUST054966,Property Focus,Moderate,Pension Fund,SAPY,ZAR,2023-05-13,ADV006,KwaZulu-Natal,1,100,4756953.09
PF01250,CUST336561,Aggressive Equity,Aggressive,Discretionary,SWIX,ZAR,2022-11-26,ADV017,Western Cape,1,120,32257491.85
PF01251,CUST489601,Money Market,Conservative,Retirement Annuity,STeFI,ZAR,2019-09-04,ADV018,Gauteng,1,35,11818756.57
PF01252,CUST089114,Absolute Return,Moderate,Living Annuity,STeFI + 4%,ZAR,2019-03-03,ADV002,KwaZulu-Natal,1,110,651325.42
PF01253,CUST323222,Absolute Return,Moderate,Retirement Annuity,STeFI + 4%,ZAR,2023-05-15,ADV022,Mpumalanga,1,110,5173567.79
PF01254,CUST070941,Conservative Income,Conservative,Retirement Annuity,ALBI,ZAR,2025-02-10,ADV007,Gauteng,1,70,1446700.98
PF01255,CUST115173,Balanced Growth,Moderate,Endowment,ALSI,ZAR,2015-05-18,ADV011,Gauteng,1,95,16619507.24
PF01256,CUST273806,Property Focus,Moderate,Retirement Annuity,SAPY,ZAR,2019-06-30,ADV001,KwaZulu-Natal,1,100,5926949.85
PF01257,CUST394752,Aggressive Equity,Aggressive,Tax-Free Savings,SWIX,ZAR,2018-10-21,ADV017,Western Cape,1,120,24218906.72
PF01258,CUST304605,Offshore Feeder,Aggressive,Living Annuity,MSCI World,ZAR,2021-09-29,ADV001,Gauteng,0,105,2512571.32
PF01259,CUST353844,Property Focus,Moderate,Discretionary,SAPY,ZAR,2023-04-14,ADV003,Gauteng,0,100,7312438.33
PF01260,CUST370956,Balanced Growth,Moderate,Tax-Free Savings,ALSI,ZAR,2019-07-31,ADV017,Western Cape,1,95,32285192.73
PF01261,CUST202850,Balanced Growth,Moderate,Pension Fund,ALSI,ZAR,2015-09-29,ADV006,Northern Cape,1,95,5024949.73
PF01262,CUST423745,Offshore Feeder,Aggressive,Living Annuity,MSCI World,ZAR,2019-05-08,ADV002,Gauteng,0,105,33144185.61
PF01263,CUST351465,Conservative Income,Conservative,Discretionary,ALBI,ZAR,2022-12-25,ADV003,Limpopo,1,70,894834.32
PF01264,CUST002026,Offshore Feeder,Aggressive,Discretionary,MSCI World,ZAR,2025-09-15,ADV007,Western Cape,0,105,3542531.76
PF01265,CUST234630,Aggressive Equity,Aggressive,Living Annuity,SWIX,ZAR,2025-10-29,ADV014,KwaZulu-Natal,1,120,9758108.06
PF01266,CUST020830,Offshore Feeder,Aggressive,Discretionary,MSCI World,ZAR,2017-12-16,ADV023,Eastern Cape,0,105,11991029.38
PF01267,CUST380752,Balanced Growth,Moderate,Living Annuity,ALSI,ZAR,2016-05-14,ADV006,Gauteng,1,95,2458857.62
PF01268,CUST292926,Balanced Growth,Moderate,Tax-Free Savings,ALSI,ZAR,2019-01-07,ADV003,Eastern Cape,1,95,18030915.53
PF01269,CUST354354,Property Focus,Moderate,Endowment,SAPY,ZAR,2022-05-25,ADV023,Western Cape,0,100,33749109.12
PF01270,CUST296274,Property Focus,Moderate,Tax-Free Savings,SAPY,ZAR,2018-05-01,ADV026,KwaZulu-Natal,0,100,2338515.4
PF01271,CUST346795,Balanced Growth,Moderate,Tax-Free Savings,ALSI,ZAR,2025-08-23,ADV013,Gauteng,1,95,93688862.72
PF01272,CUST436779,Aggressive Equity,Aggressive,Discretionary,SWIX,ZAR,2020-12-16,ADV015,Gauteng,1,120,136003778.11
PF01273,CUST342191,Aggressive Equity,Aggressive,Endowment,SWIX,ZAR,2025-08-29,ADV019,Gauteng,1,120,1580776.91
PF01274,CUST207627,Absolute Return,Moderate,Discretionary,STeFI + 4%,ZAR,2017-11-07,ADV024,KwaZulu-Natal,1,110,5282594.38
PF01275,CUST116606,Absolute Return,Moderate,Retirement Annuity,STeFI + 4%,ZAR,2023-05-24,ADV003,Western Cape,1,110,1445943.76
PF01276,CUST018697,Absolute Return,Moderate,Pension Fund,STeFI + 4%,ZAR,2023-11-01,ADV019,Gauteng,1,110,64734253.73
PF01277,CUST228312,Aggressive Equity,Aggressive,Retirement Annuity,SWIX,ZAR,2016-12-23,ADV016,Free State,1,120,8345464.16
PF01278,CUST068774,Balanced Growth,Moderate,Discretionary,ALSI,ZAR,2017-08-08,ADV001,Gauteng,1,95,124880985.57
PF01279,CUST391170,Absolute Return,Moderate,Retirement Annuity,STeFI + 4%,ZAR,2022-07-27,ADV020,Gauteng,1,110,19982628.24
PF01280,CUST429009,Property Focus,Moderate,Retirement Annuity,SAPY,ZAR,2017-04-15,ADV021,Free State,1,100,57891429.78
PF01281,CUST477032,Offshore Feeder,Aggressive,Retirement Annuity,MSCI World,ZAR,2023-11-25,ADV017,Gauteng,1,105,10281851.75
PF01282,CUST279208,Conservative Income,Conservative,Discretionary,ALBI,ZAR,2021-07-04,ADV018,KwaZulu-Natal,1,70,1127227.35
PF01283,CUST194713,Conservative Income,Conservative,Retirement Annuity,ALBI,ZAR,2018-11-24,ADV006,Gauteng,1,70,176013259.43
PF01284,CUST403045,Conservative Income,Conservative,Living Annuity,ALBI,ZAR,2023-09-21,ADV012,Western Cape,1,70,5416533.95
PF01285,CUST073283,Aggressive Equity,Aggressive,Discretionary,SWIX,ZAR,2025-07-14,ADV013,Gauteng,1,120,11345429.45
PF01286,CUST206643,Conservative Income,Conservative,Discretionary,ALBI,ZAR,2025-06-17,ADV005,North West,1,70,4390394.14
PF01287,CUST364813,Balanced Growth,Moderate,Discretionary,ALSI,ZAR,2024-07-10,ADV024,Gauteng,1,95,12868811.92
PF01288,CUST374833,Property Focus,Moderate,Retirement Annuity,SAPY,ZAR,2022-09-04,ADV013,KwaZulu-Natal,1,100,3338784.56
PF01289,CUST475381,Absolute Return,Moderate,Pension Fund,STeFI + 4%,ZAR,2016-10-09,ADV013,Gauteng,1,110,15239597.46
PF01290,CUST495958,Money Market,Conservative,Pension Fund,STeFI,ZAR,2020-11-02,ADV023,KwaZulu-Natal,1,35,56050051.51
PF01291,CUST430803,Balanced Growth,Moderate,Endowment,ALSI,ZAR,2016-02-09,ADV020,Gauteng,1,95,5790974.47
PF01292,CUST260368,Absolute Return,Moderate,Retirement Annuity,STeFI + 4%,ZAR,2016-06-18,ADV027,Gauteng,1,110,1827850.0
PF01293,CUST369800,Absolute Return,Moderate,Discretionary,STeFI + 4%,ZAR,2015-09-16,ADV019,Eastern Cape,1,110,28687589.13
PF01294,CUST045650,Property Focus,Moderate,Retirement Annuity,SAPY,ZAR,2021-01-27,ADV028,Gauteng,1,100,16716506.61
PF01295,CUST442182,Conservative Income,Conservative,Retirement Annuity,ALBI,ZAR,2025-01-17,ADV004,Eastern Cape,1,70,5271807.56
PF01296,CUST130441,Offshore Feeder,Aggressive,Retirement Annuity,MSCI World,ZAR,2022-10-23,ADV018,KwaZulu-Natal,1,105,3698780.64
PF01297,CUST321029,Absolute Return,Moderate,Pension Fund,STeFI + 4%,ZAR,2024-06-21,ADV020,Gauteng,1,110,2772666.27
PF01298,CUST320264,Property Focus,Moderate,Discretionary,SAPY,ZAR,2017-06-21,ADV009,Gauteng,0,100,10204177.32
PF01299,CUST363018,Aggressive Equity,Aggressive,Discretionary,SWIX,ZAR,2022-02-06,ADV007,Western Cape,1,120,3011481.83
PF01300,CUST077679,Money Market,Conservative,Discretionary,STeFI,ZAR,2019-11-18,ADV019,KwaZulu-Natal,0,35,2047762.86
PF01301,CUST474643,Absolute Return,Moderate,Discretionary,STeFI + 4%,ZAR,2015-04-03,ADV012,Gauteng,1,110,6153950.3
PF01302,CUST388197,Absolute Return,Moderate,Discretionary,STeFI + 4%,ZAR,2017-02-28,ADV008,Western Cape,1,110,18614240.72
PF01303,CUST056511,Conservative Income,Conservative,Pension Fund,ALBI,ZAR,2021-09-24,ADV010,Gauteng,1,70,2579868.39
PF01304,CUST445478,Absolute Return,Moderate,Discretionary,STeFI + 4%,ZAR,2021-01-20,ADV020,Western Cape,1,110,3150674.18
PF01305,CUST070425,Property Focus,Moderate,Tax-Free Savings,SAPY,ZAR,2015-03-17,ADV028,Gauteng,0,100,1081511.72
PF01306,CUST165861,Conservative Income,Conservative,Pension Fund,ALBI,ZAR,2020-08-19,ADV008,Free State,1,70,4894133.35
PF01307,CUST441344,Balanced Growth,Moderate,Discretionary,ALSI,ZAR,2024-11-13,ADV023,Gauteng,1,95,7800338.66
PF01308,CUST462629,Offshore Feeder,Aggressive,Retirement Annuity,MSCI World,ZAR,2018-11-07,ADV028,Gauteng,1,105,53654959.9
PF01309,CUST388660,Balanced Growth,Moderate,Retirement Annuity,ALSI,ZAR,2016-11-02,ADV013,Western Cape,1,95,63779874.82
PF01310,CUST186990,Property Focus,Moderate,Endowment,SAPY,ZAR,2021-11-28,ADV007,Gauteng,0,100,5211633.38
PF01311,CUST076956,Money Market,Conservative,Retirement Annuity,STeFI,ZAR,2016-10-04,ADV020,Western Cape,1,35,881161.89
PF01312,CUST392908,Money Market,Conservative,Discretionary,STeFI,ZAR,2017-05-20,ADV009,Western Cape,0,35,5643001.03
PF01313,CUST136332,Offshore Feeder,Aggressive,Living Annuity,MSCI World,ZAR,2023-08-23,ADV003,North West,0,105,2071519.4
PF01314,CUST332785,Aggressive Equity,Aggressive,Retirement Annuity,SWIX,ZAR,2017-01-20,ADV023,North West,1,120,5484497.13
PF01315,CUST091326,Conservative Income,Conservative,Discretionary,ALBI,ZAR,2020-03-06,ADV020,Gauteng,1,70,17421631.34
PF01316,CUST104130,Property Focus,Moderate,Discretionary,SAPY,ZAR,2025-07-12,ADV006,North West,0,100,3492835.03
PF01317,CUST454705,Property Focus,Moderate,Discretionary,SAPY,ZAR,2021-04-07,ADV001,Limpopo,0,100,9948772.81
PF01318,CUST418815,Balanced Growth,Moderate,Pension Fund,ALSI,ZAR,2016-02-08,ADV011,Gauteng,1,95,15774559.97
PF01319,CUST426289,Offshore Feeder,Aggressive,Living Annuity,MSCI World,ZAR,2024-02-13,ADV020,Gauteng,0,105,7284658.01
PF01320,CUST475847,Aggressive Equity,Aggressive,Discretionary,SWIX,ZAR,2019-12-23,ADV018,Mpumalanga,1,120,6615895.43
PF01321,CUST018499,Money Market,Conservative,Pension Fund,STeFI,ZAR,2022-03-27,ADV010,Western Cape,1,35,23019322.16
PF01322,CUST116619,Aggressive Equity,Aggressive,Discretionary,SWIX,ZAR,2018-09-30,ADV005,Eastern Cape,1,120,4709487.67
PF01323,CUST185470,Offshore Feeder,Aggressive,Pension Fund,MSCI World,ZAR,2015-09-27,ADV019,Gauteng,1,105,12737998.07
PF01324,CUST188384,Offshore Feeder,Aggressive,Discretionary,MSCI World,ZAR,2022-04-18,ADV002,Western Cape,0,105,3379443.7
PF01325,CUST177506,Money Market,Conservative,Endowment,STeFI,ZAR,2025-06-28,ADV020,KwaZulu-Natal,0,35,21280510.42
PF01326,CUST234299,Aggressive Equity,Aggressive,Retirement Annuity,SWIX,ZAR,2016-07-14,ADV014,Mpumalanga,1,120,3864165.06
PF01327,CUST214680,Offshore Feeder,Aggressive,Retirement Annuity,MSCI World,ZAR,2020-08-13,ADV004,Western Cape,1,105,9831812.78
PF01328,CUST488597,Offshore Feeder,Aggressive,Living Annuity,MSCI World,ZAR,2017-12-22,ADV009,Mpumalanga,0,105,4784081.16
PF01329,CUST278313,Offshore Feeder,Aggressive,Discretionary,MSCI World,ZAR,2015-04-04,ADV023,Western Cape,0,105,678173.31
PF01330,CUST255351,Conservative Income,Conservative,Living Annuity,ALBI,ZAR,2018-11-12,ADV027,Gauteng,1,70,38103874.69
PF01331,CUST394507,Offshore Feeder,Aggressive,Discretionary,MSCI World,ZAR,2022-04-20,ADV003,Gauteng,0,105,3217030.75
PF01332,CUST256721,Conservative Income,Conservative,Discretionary,ALBI,ZAR,2024-04-10,ADV003,Western Cape,1,70,19299204.44
PF01333,CUST405331,Absolute Return,Moderate,Tax-Free Savings,STeFI + 4%,ZAR,2025-06-17,ADV003,Western Cape,1,110,2844470.63
PF01334,CUST062544,Property Focus,Moderate,Retirement Annuity,SAPY,ZAR,2021-05-07,ADV003,Gauteng,1,100,12726374.52
PF01335,CUST431710,Balanced Growth,Moderate,Tax-Free Savings,ALSI,ZAR,2018-05-29,ADV027,Eastern Cape,1,95,2681589.89
PF01336,CUST422137,Aggressive Equity,Aggressive,Retirement Annuity,SWIX,ZAR,2023-04-08,ADV012,Gauteng,1,120,7330697.0
PF01337,CUST304645,Aggressive Equity,Aggressive,Living Annuity,SWIX,ZAR,2023-03-07,ADV009,North West,1,120,15526061.51
PF01338,CUST044098,Money Market,Conservative,Discretionary,STeFI,ZAR,2018-02-04,ADV004,Eastern Cape,0,35,21418257.33
PF01339,CUST144198,Money Market,Conservative,Discretionary,STeFI,ZAR,2022-01-01,ADV012,Gauteng,0,35,3614954.19
PF01340,CUST082337,Aggressive Equity,Aggressive,Retirement Annuity,SWIX,ZAR,2023-02-22,ADV010,Gauteng,1,120,8701603.53
PF01341,CUST217614,Conservative Income,Conservative,Retirement Annuity,ALBI,ZAR,2020-05-18,ADV022,Gauteng,1,70,33648464.27
PF01342,CUST312598,Balanced Growth,Moderate,Living Annuity,ALSI,ZAR,2024-10-16,ADV012,Gauteng,1,95,16543194.04
PF01343,CUST350613,Money Market,Conservative,Endowment,STeFI,ZAR,2020-07-08,ADV003,Gauteng,0,35,11369837.23
PF01344,CUST492996,Absolute Return,Moderate,Living Annuity,STeFI + 4%,ZAR,2023-09-11,ADV012,Gauteng,1,110,30301752.1
PF01345,CUST487531,Balanced Growth,Moderate,Pension Fund,ALSI,ZAR,2018-12-08,ADV012,Gauteng,1,95,8254272.5
PF01346,CUST262342,Property Focus,Moderate,Living Annuity,SAPY,ZAR,2015-03-17,ADV023,Western Cape,0,100,65456473.42
PF01347,CUST482770,Offshore Feeder,Aggressive,Retirement Annuity,MSCI World,ZAR,2018-11-12,ADV010,Western Cape,1,105,1491820.4
PF01348,CUST162871,Aggressive Equity,Aggressive,Tax-Free Savings,SWIX,ZAR,2018-03-20,ADV023,North West,1,120,9299008.09
PF01349,CUST387335,Balanced Growth,Moderate,Discretionary,ALSI,ZAR,2017-10-14,ADV028,Western Cape,1,95,5668758.62
PF01350,CUST437776,Absolute Return,Moderate,Retirement Annuity,STeFI + 4%,ZAR,2023-09-17,ADV027,Western Cape,1,110,7515969.9
PF01351,CUST119019,Property Focus,Moderate,Living Annuity,SAPY,ZAR,2018-12-02,ADV002,KwaZulu-Natal,0,100,10113418.18
PF01352,CUST136296,Offshore Feeder,Aggressive,Retirement Annuity,MSCI World,ZAR,2018-04-19,ADV005,Western Cape,1,105,5386700.76
PF01353,CUST455994,Property Focus,Moderate,Living Annuity,SAPY,ZAR,2020-05-23,ADV008,Western Cape,0,100,4652305.28
PF01354,CUST093550,Offshore Feeder,Aggressive,Retirement Annuity,MSCI World,ZAR,2017-07-14,ADV006,Mpumalanga,1,105,1255020.77
PF01355,CUST005655,Conservative Income,Conservative,Discretionary,ALBI,ZAR,2021-04-18,ADV025,KwaZulu-Natal,1,70,29872877.29
PF01356,CUST297348,Property Focus,Moderate,Discretionary,SAPY,ZAR,2018-06-14,ADV026,Western Cape,0,100,8241079.23
PF01357,CUST330967,Absolute Return,Moderate,Endowment,STeFI + 4%,ZAR,2016-06-06,ADV021,Free State,1,110,14266557.78
PF01358,CUST189742,Aggressive Equity,Aggressive,Discretionary,SWIX,ZAR,2022-09-08,ADV019,KwaZulu-Natal,1,120,13781389.39
PF01359,CUST272679,Absolute Return,Moderate,Discretionary,STeFI + 4%,ZAR,2016-08-02,ADV024,Gauteng,1,110,8477066.6
PF01360,CUST225059,Aggressive Equity,Aggressive,Living Annuity,SWIX,ZAR,2015-09-08,ADV020,Northern Cape,1,120,5355653.66
PF01361,CUST357065,Absolute Return,Moderate,Retirement Annuity,STeFI + 4%,ZAR,2024-09-02,ADV008,Gauteng,1,110,15162629.11
PF01362,CUST181647,Conservative Income,Conservative,Tax-Free Savings,ALBI,ZAR,2024-03-06,ADV016,Mpumalanga,1,70,7387056.36
PF01363,CUST348208,Property Focus,Moderate,Retirement Annuity,SAPY,ZAR,2018-04-22,ADV017,Gauteng,1,100,3373309.29
PF01364,CUST092291,Conservative Income,Conservative,Retirement Annuity,ALBI,ZAR,2019-07-15,ADV003,Gauteng,1,70,893600.95
PF01365,CUST154010,Money Market,Conservative,Retirement Annuity,STeFI,ZAR,2021-11-24,ADV010,Western Cape,1,35,13219682.34
PF01366,CUST059366,Property Focus,Moderate,Retirement Annuity,SAPY,ZAR,2015-02-04,ADV008,Free State,1,100,3587698.85
PF01367,CUST283725,Absolute Return,Moderate,Living Annuity,STeFI + 4%,ZAR,2023-05-20,ADV005,Western Cape,1,110,4589330.67
PF01368,CUST084120,Money Market,Conservative,Tax-Free Savings,STeFI,ZAR,2021-02-20,ADV016,KwaZulu-Natal,0,35,2995955.8
PF01369,CUST134497,Conservative Income,Conservative,Living Annuity,ALBI,ZAR,2024-01-05,ADV026,Gauteng,1,70,42354655.5
PF01370,CUST202147,Balanced Growth,Moderate,Living Annuity,ALSI,ZAR,2017-04-24,ADV010,KwaZulu-Natal,1,95,1460215.65
PF01371,CUST435814,Money Market,Conservative,Living Annuity,STeFI,ZAR,2015-06-08,ADV021,Eastern Cape,0,35,2132686.04
PF01372,CUST241107,Money Market,Conservative,Pension Fund,STeFI,ZAR,2019-09-01,ADV028,Mpumalanga,1,35,7642437.48
PF01373,CUST194700,Property Focus,Moderate,Discretionary,SAPY,ZAR,2022-10-29,ADV004,KwaZulu-Natal,0,100,16429204.31
PF01374,CUST333437,Property Focus,Moderate,Pension Fund,SAPY,ZAR,2015-05-28,ADV016,North West,1,100,6198577.75
PF01375,CUST204895,Conservative Income,Conservative,Discretionary,ALBI,ZAR,2018-10-05,ADV011,KwaZulu-Natal,1,70,5412128.27
PF01376,CUST251660,Aggressive Equity,Aggressive,Living Annuity,SWIX,ZAR,2023-11-02,ADV025,KwaZulu-Natal,1,120,7267425.46
PF01377,CUST176192,Absolute Return,Moderate,Discretionary,STeFI + 4%,ZAR,2024-01-24,ADV027,Gauteng,1,110,4212564.64
PF01378,CUST131279,Absolute Return,Moderate,Pension Fund,STeFI + 4%,ZAR,2017-12-23,ADV014,Gauteng,1,110,10395879.75
PF01379,CUST360048,Balanced Growth,Moderate,Pension Fund,ALSI,ZAR,2021-10-15,ADV014,Mpumalanga,1,95,3083191.4
PF01380,CUST077926,Offshore Feeder,Aggressive,Tax-Free Savings,MSCI World,ZAR,2019-01-21,ADV021,Western Cape,0,105,10539844.84
PF01381,CUST418532,Money Market,Conservative,Tax-Free Savings,STeFI,ZAR,2022-02-22,ADV005,Free State,0,35,2619426.62
PF01382,CUST303677,Absolute Return,Moderate,Endowment,STeFI + 4%,ZAR,2019-07-30,ADV008,Western Cape,1,110,12869234.64
PF01383,CUST428654,Balanced Growth,Moderate,Retirement Annuity,ALSI,ZAR,2020-03-04,ADV003,KwaZulu-Natal,1,95,1982681.39
PF01384,CUST248253,Absolute Return,Moderate,Discretionary,STeFI + 4%,ZAR,2022-02-14,ADV024,Gauteng,1,110,3650643.77
PF01385,CUST269126,Offshore Feeder,Aggressive,Pension Fund,MSCI World,ZAR,2015-03-16,ADV008,Gauteng,1,105,47652405.87
PF01386,CUST305429,Property Focus,Moderate,Discretionary,SAPY,ZAR,2025-01-07,ADV013,Western Cape,0,100,43854035.46
PF01387,CUST093490,Money Market,Conservative,Retirement Annuity,STeFI,ZAR,2018-01-05,ADV011,Gauteng,1,35,22432090.76
PF01388,CUST246870,Aggressive Equity,Aggressive,Discretionary,SWIX,ZAR,2015-06-14,ADV001,Gauteng,1,120,71098037.96
PF01389,CUST486499,Money Market,Conservative,Pension Fund,STeFI,ZAR,2023-10-15,ADV015,Gauteng,1,35,4593729.39
PF01390,CUST189062,Balanced Growth,Moderate,Discretionary,ALSI,ZAR,2016-12-27,ADV003,North West,1,95,35943545.51
PF01391,CUST373625,Aggressive Equity,Aggressive,Discretionary,SWIX,ZAR,2020-12-14,ADV004,Mpumalanga,1,120,2374748.53
PF01392,CUST208395,Balanced Growth,Moderate,Discretionary,ALSI,ZAR,2018-12-05,ADV010,Limpopo,1,95,883279.08
PF01393,CUST143333,Aggressive Equity,Aggressive,Pension Fund,SWIX,ZAR,2025-08-04,ADV011,Mpumalanga,1,120,4986001.78
PF01394,CUST158992,Absolute Return,Moderate,Retirement Annuity,STeFI + 4%,ZAR,2021-10-09,ADV004,Eastern Cape,1,110,246082962.43
PF01395,CUST143992,Balanced Growth,Moderate,Living Annuity,ALSI,ZAR,2024-11-01,ADV024,KwaZulu-Natal,1,95,6908518.79
PF01396,CUST383526,Money Market,Conservative,Retirement Annuity,STeFI,ZAR,2023-12-30,ADV002,Gauteng,1,35,30400008.98
PF01397,CUST046188,Offshore Feeder,Aggressive,Discretionary,MSCI World,ZAR,2019-08-29,ADV005,Western Cape,0,105,2046301.44
PF01398,CUST487044,Balanced Growth,Moderate,Living Annuity,ALSI,ZAR,2020-09-24,ADV018,Gauteng,1,95,19695164.77
PF01399,CUST223290,Conservative Income,Conservative,Retirement Annuity,ALBI,ZAR,2017-12-14,ADV025,Gauteng,1,70,4190666.74
PF01400,CUST479829,Balanced Growth,Moderate,Retirement Annuity,ALSI,ZAR,2025-07-17,ADV008,KwaZulu-Natal,1,95,338167.74
PF01401,CUST079029,Conservative Income,Conservative,Tax-Free Savings,ALBI,ZAR,2025-07-05,ADV015,Western Cape,1,70,25917681.67
PF01402,CUST156341,Conservative Income,Conservative,Retirement Annuity,ALBI,ZAR,2018-01-19,ADV026,Gauteng,1,70,44293818.1
PF01403,CUST285957,Aggressive Equity,Aggressive,Living Annuity,SWIX,ZAR,2024-09-19,ADV003,Western Cape,1,120,9272871.88
PF01404,CUST081382,Property Focus,Moderate,Retirement Annuity,SAPY,ZAR,2019-12-26,ADV022,Gauteng,1,100,11992563.0
PF01405,CUST225285,Offshore Feeder,Aggressive,Endowment,MSCI World,ZAR,2023-08-24,ADV021,Western Cape,0,105,5849222.87
PF01406,CUST428942,Property Focus,Moderate,Living Annuity,SAPY,ZAR,2020-02-04,ADV022,Western Cape,0,100,44926913.98
PF01407,CUST296495,Money Market,Conservative,Retirement Annuity,STeFI,ZAR,2019-04-23,ADV028,Gauteng,1,35,14811525.14
PF01408,CUST293412,Property Focus,Moderate,Living Annuity,SAPY,ZAR,2024-05-11,ADV006,KwaZulu-Natal,0,100,46924994.37
PF01409,CUST054513,Money Market,Conservative,Retirement Annuity,STeFI,ZAR,2019-08-27,ADV027,KwaZulu-Natal,1,35,3856105.15
PF01410,CUST316002,Absolute Return,Moderate,Retirement Annuity,STeFI + 4%,ZAR,2024-03-17,ADV011,Western Cape,1,110,25679838.35
PF01411,CUST080193,Aggressive Equity,Aggressive,Retirement Annuity,SWIX,ZAR,2025-06-10,ADV023,KwaZulu-Natal,1,120,3729727.76
PF01412,CUST084038,Aggressive Equity,Aggressive,Living Annuity,SWIX,ZAR,2025-12-26,ADV026,Gauteng,1,120,4506147.78
PF01413,CUST079985,Balanced Growth,Moderate,Living Annuity,ALSI,ZAR,2024-12-19,ADV028,KwaZulu-Natal,1,95,29494029.99
PF01414,CUST065439,Absolute Return,Moderate,Pension Fund,STeFI + 4%,ZAR,2017-05-25,ADV007,Eastern Cape,1,110,31700286.21
PF01415,CUST353880,Offshore Feeder,Aggressive,Discretionary,MSCI World,ZAR,2018-03-21,ADV023,Gauteng,0,105,7740495.97
PF01416,CUST084114,Money Market,Conservative,Tax-Free Savings,STeFI,ZAR,2020-01-10,ADV003,Eastern Cape,0,35,15746929.45
PF01417,CUST411710,Conservative Income,Conservative,Tax-Free Savings,ALBI,ZAR,2017-01-05,ADV002,Mpumalanga,1,70,4127735.3
PF01418,CUST144613,Property Focus,Moderate,Retirement Annuity,SAPY,ZAR,2021-11-01,ADV013,Western Cape,1,100,72592561.97
PF01419,CUST130836,Absolute Return,Moderate,Discretionary,STeFI + 4%,ZAR,2025-04-17,ADV017,KwaZulu-Natal,1,110,25388259.03
PF01420,CUST300797,Offshore Feeder,Aggressive,Tax-Free Savings,MSCI World,ZAR,2023-01-24,ADV007,Gauteng,0,105,22925279.07
PF01421,CUST347986,Money Market,Conservative,Pension Fund,STeFI,ZAR,2020-05-07,ADV017,Gauteng,1,35,38659557.56
PF01422,CUST045964,Balanced Growth,Moderate,Retirement Annuity,ALSI,ZAR,2020-06-05,ADV027,Western Cape,1,95,17310079.95
PF01423,CUST057191,Absolute Return,Moderate,Tax-Free Savings,STeFI + 4%,ZAR,2024-05-05,ADV015,Western Cape,1,110,8578548.1
PF01424,CUST454332,Property Focus,Moderate,Discretionary,SAPY,ZAR,2017-02-06,ADV015,North West,0,100,2455183.13
PF01425,CUST153526,Aggressive Equity,Aggressive,Living Annuity,SWIX,ZAR,2018-07-30,ADV001,Western Cape,1,120,32942927.11
PF01426,CUST390879,Balanced Growth,Moderate,Living Annuity,ALSI,ZAR,2025-01-24,ADV001,Gauteng,1,95,19413386.86
PF01427,CUST104703,Conservative Income,Conservative,Retirement Annuity,ALBI,ZAR,2019-11-03,ADV005,Gauteng,1,70,25393522.82
PF01428,CUST392098,Absolute Return,Moderate,Living Annuity,STeFI + 4%,ZAR,2021-09-14,ADV027,Gauteng,1,110,4214035.26
PF01429,CUST000304,Absolute Return,Moderate,Endowment,STeFI + 4%,ZAR,2015-11-14,ADV006,Gauteng,1,110,15747028.41
PF01430,CUST494952,Offshore Feeder,Aggressive,Pension Fund,MSCI World,ZAR,2020-11-03,ADV016,Gauteng,1,105,3153533.49
PF01431,CUST048739,Conservative Income,Conservative,Retirement Annuity,ALBI,ZAR,2018-05-20,ADV015,Gauteng,1,70,34205661.53
PF01432,CUST077342,Aggressive Equity,Aggressive,Retirement Annuity,SWIX,ZAR,2021-03-26,ADV020,Western Cape,1,120,1988906.73
PF01433,CUST201397,Money Market,Conservative,Discretionary,STeFI,ZAR,2025-06-02,ADV002,Eastern Cape,0,35,12920072.48
PF01434,CUST019450,Money Market,Conservative,Pension Fund,STeFI,ZAR,2016-08-22,ADV021,Free State,1,35,9768077.01
PF01435,CUST072790,Offshore Feeder,Aggressive,Living Annuity,MSCI World,ZAR,2015-06-21,ADV014,KwaZulu-Natal,0,105,22163442.97
PF01436,CUST490889,Conservative Income,Conservative,Retirement Annuity,ALBI,ZAR,2023-02-01,ADV007,Gauteng,1,70,11073370.51
PF01437,CUST269707,Absolute Return,Moderate,Retirement Annuity,STeFI + 4%,ZAR,2025-03-27,ADV009,KwaZulu-Natal,1,110,7687003.02
PF01438,CUST229348,Money Market,Conservative,Retirement Annuity,STeFI,ZAR,2022-08-18,ADV021,Limpopo,1,35,6879945.51
PF01439,CUST188416,Property Focus,Moderate,Tax-Free Savings,SAPY,ZAR,2023-07-14,ADV004,KwaZulu-Natal,0,100,4135608.53
PF01440,CUST239657,Balanced Growth,Moderate,Pension Fund,ALSI,ZAR,2022-06-11,ADV025,KwaZulu-Natal,1,95,4234921.7
PF01441,CUST436215,Conservative Income,Conservative,Discretionary,ALBI,ZAR,2015-07-06,ADV009,Gauteng,1,70,2434724.7
PF01442,CUST006365,Money Market,Conservative,Living Annuity,STeFI,ZAR,2018-06-22,ADV021,Limpopo,0,35,836494.88
PF01443,CUST260519,Property Focus,Moderate,Pension Fund,SAPY,ZAR,2024-12-10,ADV018,KwaZulu-Natal,1,100,1861344.37
PF01444,CUST271632,Aggressive Equity,Aggressive,Discretionary,SWIX,ZAR,2023-03-17,ADV008,Gauteng,1,120,8008314.85
PF01445,CUST493955,Balanced Growth,Moderate,Retirement Annuity,ALSI,ZAR,2025-10-11,ADV014,Gauteng,1,95,27727682.67
PF01446,CUST376419,Offshore Feeder,Aggressive,Discretionary,MSCI World,ZAR,2020-11-28,ADV019,Western Cape,0,105,1953029.16
PF01447,CUST485349,Absolute Return,Moderate,Tax-Free Savings,STeFI + 4%,ZAR,2023-11-14,ADV026,KwaZulu-Natal,1,110,3470411.13
PF01448,CUST060854,Money Market,Conservative,Discretionary,STeFI,ZAR,2019-11-02,ADV020,Gauteng,0,35,36885194.97
PF01449,CUST178748,Absolute Return,Moderate,Pension Fund,STeFI + 4%,ZAR,2019-01-29,ADV010,Gauteng,1,110,16064032.13
PF01450,CUST086835,Property Focus,Moderate,Discretionary,SAPY,ZAR,2025-12-07,ADV004,Gauteng,0,100,3379549.66
PF01451,CUST262478,Money Market,Conservative,Retirement Annuity,STeFI,ZAR,2017-06-29,ADV026,Free State,1,35,2853097.18
PF01452,CUST224865,Conservative Income,Conservative,Living Annuity,ALBI,ZAR,2018-04-01,ADV001,Western Cape,1,70,5147577.14
PF01453,CUST468093,Aggressive Equity,Aggressive,Pension Fund,SWIX,ZAR,2015-06-12,ADV021,Western Cape,1,120,34085078.39
PF01454,CUST064435,Money Market,Conservative,Retirement Annuity,STeFI,ZAR,2021-09-03,ADV012,KwaZulu-Natal,1,35,1187392.04
PF01455,CUST199205,Money Market,Conservative,Discretionary,STeFI,ZAR,2015-02-17,ADV015,Western Cape,0,35,29716037.18
PF01456,CUST482233,Aggressive Equity,Aggressive,Retirement Annuity,SWIX,ZAR,2016-12-17,ADV023,Western Cape,1,120,6785556.09
PF01457,CUST381795,Absolute Return,Moderate,Discretionary,STeFI + 4%,ZAR,2024-11-18,ADV028,Western Cape,1,110,16418662.87
PF01458,CUST328019,Balanced Growth,Moderate,Pension Fund,ALSI,ZAR,2022-11-19,ADV010,Gauteng,1,95,10691984.69
PF01459,CUST214069,Aggressive Equity,Aggressive,Discretionary,SWIX,ZAR,2021-07-10,ADV028,Limpopo,1,120,14612932.35
PF01460,CUST295811,Money Market,Conservative,Discretionary,STeFI,ZAR,2023-07-26,ADV026,Western Cape,0,35,14113665.98
PF01461,CUST039191,Absolute Return,Moderate,Discretionary,STeFI + 4%,ZAR,2016-04-10,ADV022,Western Cape,1,110,12467347.75
PF01462,CUST223542,Property Focus,Moderate,Living Annuity,SAPY,ZAR,2021-11-27,ADV008,Gauteng,0,100,6468847.89
PF01463,CUST187017,Offshore Feeder,Aggressive,Retirement Annuity,MSCI World,ZAR,2026-01-01,ADV008,Mpumalanga,1,105,6627037.53
PF01464,CUST183499,Absolute Return,Moderate,Living Annuity,STeFI + 4%,ZAR,2016-05-11,ADV020,Gauteng,1,110,11411073.84
PF01465,CUST029515,Absolute Return,Moderate,Discretionary,STeFI + 4%,ZAR,2016-04-28,ADV024,Gauteng,1,110,6057258.69
PF01466,CUST431532,Money Market,Conservative,Tax-Free Savings,STeFI,ZAR,2025-04-04,ADV006,KwaZulu-Natal,0,35,11408375.06
PF01467,CUST360376,Money Market,Conservative,Living Annuity,STeFI,ZAR,2017-03-29,ADV027,KwaZulu-Natal,0,35,25198628.29
PF01468,CUST043327,Conservative Income,Conservative,Retirement Annuity,ALBI,ZAR,2018-02-11,ADV007,Western Cape,1,70,12009577.85
PF01469,CUST030415,Absolute Return,Moderate,Pension Fund,STeFI + 4%,ZAR,2022-10-17,ADV022,Gauteng,1,110,2261572.24
PF01470,CUST014202,Aggressive Equity,Aggressive,Endowment,SWIX,ZAR,2019-12-18,ADV016,Gauteng,1,120,5357089.7
PF01471,CUST079278,Conservative Income,Conservative,Living Annuity,ALBI,ZAR,2017-06-07,ADV012,KwaZulu-Natal,1,70,13128842.41
PF01472,CUST351851,Aggressive Equity,Aggressive,Pension Fund,SWIX,ZAR,2016-04-02,ADV002,Gauteng,1,120,6326091.53
PF01473,CUST126553,Aggressive Equity,Aggressive,Discretionary,SWIX,ZAR,2018-07-22,ADV018,Western Cape,1,120,25791385.88
PF01474,CUST382957,Property Focus,Moderate,Retirement Annuity,SAPY,ZAR,2025-04-17,ADV026,Gauteng,1,100,5757194.83
PF01475,CUST467972,Offshore Feeder,Aggressive,Discretionary,MSCI World,ZAR,2023-06-08,ADV024,Gauteng,0,105,6141781.07
PF01476,CUST275845,Property Focus,Moderate,Living Annuity,SAPY,ZAR,2017-04-28,ADV003,Gauteng,0,100,3386602.05
PF01477,CUST342148,Aggressive Equity,Aggressive,Tax-Free Savings,SWIX,ZAR,2024-10-09,ADV017,Gauteng,1,120,19719685.6
PF01478,CUST364793,Absolute Return,Moderate,Living Annuity,STeFI + 4%,ZAR,2021-08-04,ADV023,Gauteng,1,110,1252861.41
PF01479,CUST445911,Money Market,Conservative,Endowment,STeFI,ZAR,2015-08-27,ADV022,Gauteng,0,35,4509928.67
PF01480,CUST010538,Offshore Feeder,Aggressive,Endowment,MSCI World,ZAR,2023-02-24,ADV020,Mpumalanga,0,105,3961351.07
PF01481,CUST186978,Property Focus,Moderate,Retirement Annuity,SAPY,ZAR,2025-12-17,ADV003,KwaZulu-Natal,1,100,1401429.13
PF01482,CUST498395,Property Focus,Moderate,Retirement Annuity,SAPY,ZAR,2015-11-30,ADV025,Western Cape,1,100,12092382.34
PF01483,CUST447072,Absolute Return,Moderate,Living Annuity,STeFI + 4%,ZAR,2018-02-18,ADV005,Western Cape,1,110,10729584.76
PF01484,CUST270073,Aggressive Equity,Aggressive,Retirement Annuity,SWIX,ZAR,2018-07-21,ADV019,Gauteng,1,120,5493046.99
PF01485,CUST468817,Property Focus,Moderate,Retirement Annuity,SAPY,ZAR,2016-10-06,ADV001,KwaZulu-Natal,1,100,29846774.91
PF01486,CUST206927,Property Focus,Moderate,Living Annuity,SAPY,ZAR,2020-07-14,ADV024,KwaZulu-Natal,0,100,4826418.33
PF01487,CUST460067,Absolute Return,Moderate,Pension Fund,STeFI + 4%,ZAR,2017-07-14,ADV016,Gauteng,1,110,1112205.13
PF01488,CUST490670,Property Focus,Moderate,Retirement Annuity,SAPY,ZAR,2021-11-19,ADV003,Mpumalanga,1,100,28182676.54
PF01489,CUST241959,Conservative Income,Conservative,Retirement Annuity,ALBI,ZAR,2020-12-15,ADV017,North West,1,70,210311.08
PF01490,CUST012756,Property Focus,Moderate,Retirement Annuity,SAPY,ZAR,2016-12-04,ADV018,Gauteng,1,100,7591873.88
PF01491,CUST281802,Offshore Feeder,Aggressive,Tax-Free Savings,MSCI World,ZAR,2025-12-08,ADV004,Mpumalanga,0,105,3551807.27
PF01492,CUST282694,Conservative Income,Conservative,Pension Fund,ALBI,ZAR,2018-06-29,ADV018,Gauteng,1,70,60805877.76
PF01493,CUST093944,Absolute Return,Moderate,Retirement Annuity,STeFI + 4%,ZAR,2021-08-18,ADV012,Gauteng,1,110,15820323.37
PF01494,CUST138325,Absolute Return,Moderate,Pension Fund,STeFI + 4%,ZAR,2019-11-14,ADV008,Gauteng,1,110,5551616.12
PF01495,CUST235601,Conservative Income,Conservative,Living Annuity,ALBI,ZAR,2022-01-14,ADV007,Gauteng,1,70,14534989.38
PF01496,CUST281221,Offshore Feeder,Aggressive,Discretionary,MSCI World,ZAR,2025-02-23,ADV007,KwaZulu-Natal,0,105,942458.28
PF01497,CUST233461,Property Focus,Moderate,Pension Fund,SAPY,ZAR,2017-10-31,ADV002,KwaZulu-Natal,1,100,13472848.59
PF01498,CUST003793,Aggressive Equity,Aggressive,Tax-Free Savings,SWIX,ZAR,2023-07-07,ADV006,Gauteng,1,120,33760748.39
PF01499,CUST430964,Aggressive Equity,Aggressive,Retirement Annuity,SWIX,ZAR,2022-01-14,ADV019,Gauteng,1,120,30471234.47
PF01500,CUST172634,Balanced Growth,Moderate,Retirement Annuity,ALSI,ZAR,2015-06-19,ADV005,Gauteng,1,95,21104190.59
PF01501,CUST025686,Money Market,Conservative,Discretionary,STeFI,ZAR,2025-08-11,ADV011,Western Cape,0,35,63527687.29
PF01502,CUST214982,Offshore Feeder,Aggressive,Discretionary,MSCI World,ZAR,2016-03-15,ADV018,Gauteng,0,105,2101245.89
PF01503,CUST175347,Absolute Return,Moderate,Living Annuity,STeFI + 4%,ZAR,2018-05-01,ADV001,Western Cape,1,110,19118285.75
PF01504,CUST073254,Conservative Income,Conservative,Endowment,ALBI,ZAR,2021-11-17,ADV001,Eastern Cape,1,70,21029304.76
PF01505,CUST105479,Balanced Growth,Moderate,Retirement Annuity,ALSI,ZAR,2022-10-16,ADV003,Gauteng,1,95,11623732.57
PF01506,CUST068770,Property Focus,Moderate,Discretionary,SAPY,ZAR,2024-09-11,ADV020,Gauteng,0,100,5701928.54
PF01507,CUST427695,Conservative Income,Conservative,Retirement Annuity,ALBI,ZAR,2016-08-29,ADV018,Gauteng,1,70,51205808.64
PF01508,CUST471681,Aggressive Equity,Aggressive,Pension Fund,SWIX,ZAR,2025-07-07,ADV024,Gauteng,1,120,15350789.95
PF01509,CUST212558,Conservative Income,Conservative,Retirement Annuity,ALBI,ZAR,2022-10-31,ADV005,KwaZulu-Natal,1,70,19608500.8
PF01510,CUST330082,Conservative Income,Conservative,Retirement Annuity,ALBI,ZAR,2021-05-31,ADV019,Gauteng,1,70,6762157.72
PF01511,CUST225317,Property Focus,Moderate,Living Annuity,SAPY,ZAR,2021-10-17,ADV020,Gauteng,0,100,7528823.52
PF01512,CUST068803,Balanced Growth,Moderate,Retirement Annuity,ALSI,ZAR,2018-05-06,ADV010,Western Cape,1,95,35223659.75
PF01513,CUST126795,Offshore Feeder,Aggressive,Retirement Annuity,MSCI World,ZAR,2021-11-30,ADV002,Gauteng,1,105,101105515.81
PF01514,CUST432066,Conservative Income,Conservative,Discretionary,ALBI,ZAR,2016-03-16,ADV018,Gauteng,1,70,108731996.4
PF01515,CUST369194,Balanced Growth,Moderate,Discretionary,ALSI,ZAR,2022-09-25,ADV017,Mpumalanga,1,95,20844316.66
PF01516,CUST331089,Offshore Feeder,Aggressive,Endowment,MSCI World,ZAR,2024-01-15,ADV013,Gauteng,0,105,6365697.41
PF01517,CUST425018,Balanced Growth,Moderate,Pension Fund,ALSI,ZAR,2020-02-23,ADV028,Free State,1,95,3890971.89
PF01518,CUST139194,Money Market,Conservative,Endowment,STeFI,ZAR,2018-05-15,ADV023,Gauteng,0,35,51000204.54
PF01519,CUST081266,Property Focus,Moderate,Retirement Annuity,SAPY,ZAR,2023-07-12,ADV015,Gauteng,1,100,1969508.98
PF01520,CUST436497,Conservative Income,Conservative,Retirement Annuity,ALBI,ZAR,2019-01-15,ADV012,Northern Cape,1,70,10586650.27
PF01521,CUST137513,Balanced Growth,Moderate,Endowment,ALSI,ZAR,2016-06-03,ADV015,Gauteng,1,95,14153653.6
PF01522,CUST464327,Offshore Feeder,Aggressive,Retirement Annuity,MSCI World,ZAR,2023-11-25,ADV003,Mpumalanga,1,105,44047544.14
PF01523,CUST161423,Property Focus,Moderate,Tax-Free Savings,SAPY,ZAR,2021-11-10,ADV008,Western Cape,0,100,1858430.39
PF01524,CUST072476,Money Market,Conservative,Endowment,STeFI,ZAR,2017-09-06,ADV017,Free State,0,35,52410100.19
PF01525,CUST295702,Aggressive Equity,Aggressive,Discretionary,SWIX,ZAR,2024-11-24,ADV016,Gauteng,1,120,4127696.59
PF01526,CUST483937,Aggressive Equity,Aggressive,Retirement Annuity,SWIX,ZAR,2020-07-29,ADV022,Western Cape,1,120,94422662.88
PF01527,CUST445476,Aggressive Equity,Aggressive,Discretionary,SWIX,ZAR,2019-04-26,ADV028,KwaZulu-Natal,1,120,6449931.46
PF01528,CUST286076,Balanced Growth,Moderate,Retirement Annuity,ALSI,ZAR,2015-07-03,ADV017,Gauteng,1,95,8467330.93
PF01529,CUST369181,Offshore Feeder,Aggressive,Discretionary,MSCI World,ZAR,2023-05-30,ADV026,Western Cape,0,105,9640046.43
PF01530,CUST453692,Property Focus,Moderate,Pension Fund,SAPY,ZAR,2018-09-24,ADV008,Gauteng,1,100,1450743.34
PF01531,CUST320152,Aggressive Equity,Aggressive,Discretionary,SWIX,ZAR,2017-05-27,ADV025,Gauteng,1,120,6737487.56
PF01532,CUST199534,Aggressive Equity,Aggressive,Endowment,SWIX,ZAR,2021-03-04,ADV002,Gauteng,1,120,8862621.79
PF01533,CUST455181,Offshore Feeder,Aggressive,Retirement Annuity,MSCI World,ZAR,2020-06-24,ADV009,Gauteng,1,105,2073062.05
PF01534,CUST080224,Conservative Income,Conservative,Retirement Annuity,ALBI,ZAR,2021-10-24,ADV002,Free State,1,70,206744797.97
PF01535,CUST043301,Balanced Growth,Moderate,Discretionary,ALSI,ZAR,2016-02-05,ADV005,KwaZulu-Natal,1,95,67649937.58
PF01536,CUST103924,Absolute Return,Moderate,Retirement Annuity,STeFI + 4%,ZAR,2017-02-24,ADV009,Western Cape,1,110,2279165.29
PF01537,CUST405224,Money Market,Conservative,Discretionary,STeFI,ZAR,2025-12-25,ADV020,Free State,0,35,34504928.69
PF01538,CUST129130,Absolute Return,Moderate,Retirement Annuity,STeFI + 4%,ZAR,2022-03-20,ADV007,Gauteng,1,110,3358042.48
PF01539,CUST204240,Absolute Return,Moderate,Pension Fund,STeFI + 4%,ZAR,2023-06-19,ADV013,Gauteng,1,110,15091381.44
PF01540,CUST482092,Money Market,Conservative,Discretionary,STeFI,ZAR,2025-06-20,ADV002,Western Cape,0,35,3273331.21
PF01541,CUST259621,Absolute Return,Moderate,Endowment,STeFI + 4%,ZAR,2018-06-03,ADV013,KwaZulu-Natal,1,110,13012635.91
PF01542,CUST080594,Conservative Income,Conservative,Tax-Free Savings,ALBI,ZAR,2021-01-13,ADV005,Western Cape,1,70,13096426.55
PF01543,CUST211621,Absolute Return,Moderate,Discretionary,STeFI + 4%,ZAR,2019-09-18,ADV010,Gauteng,1,110,7220303.49
PF01544,CUST066232,Conservative Income,Conservative,Living Annuity,ALBI,ZAR,2015-06-01,ADV016,Limpopo,1,70,3530070.08
PF01545,CUST110551,Aggressive Equity,Aggressive,Pension Fund,SWIX,ZAR,2021-06-15,ADV026,Western Cape,1,120,1937528.1
PF01546,CUST071721,Money Market,Conservative,Pension Fund,STeFI,ZAR,2018-09-03,ADV010,KwaZulu-Natal,1,35,976081.22
PF01547,CUST395097,Property Focus,Moderate,Discretionary,SAPY,ZAR,2015-10-09,ADV012,Limpopo,0,100,1547892.08
PF01548,CUST457548,Conservative Income,Conservative,Pension Fund,ALBI,ZAR,2016-09-24,ADV022,Free State,1,70,8203329.71
PF01549,CUST427649,Property Focus,Moderate,Pension Fund,SAPY,ZAR,2020-05-20,ADV027,KwaZulu-Natal,1,100,2191616.34
PF01550,CUST098888,Property Focus,Moderate,Retirement Annuity,SAPY,ZAR,2025-05-12,ADV023,Mpumalanga,1,100,327854627.13
PF01551,CUST249016,Offshore Feeder,Aggressive,Living Annuity,MSCI World,ZAR,2017-03-04,ADV013,Western Cape,0,105,1989005.25
PF01552,CUST186021,Money Market,Conservative,Living Annuity,STeFI,ZAR,2018-04-13,ADV020,Gauteng,0,35,6988828.02
PF01553,CUST399398,Aggressive Equity,Aggressive,Living Annuity,SWIX,ZAR,2016-07-04,ADV009,KwaZulu-Natal,1,120,3659171.01
PF01554,CUST026714,Conservative Income,Conservative,Discretionary,ALBI,ZAR,2016-12-28,ADV022,Limpopo,1,70,11596703.35
PF01555,CUST001972,Absolute Return,Moderate,Discretionary,STeFI + 4%,ZAR,2024-10-19,ADV027,Western Cape,1,110,3081145.64
PF01556,CUST096772,Balanced Growth,Moderate,Retirement Annuity,ALSI,ZAR,2016-12-09,ADV028,KwaZulu-Natal,1,95,13958904.25
PF01557,CUST269002,Property Focus,Moderate,Retirement Annuity,SAPY,ZAR,2020-09-28,ADV003,Western Cape,1,100,8364498.11
PF01558,CUST143501,Offshore Feeder,Aggressive,Tax-Free Savings,MSCI World,ZAR,2015-10-17,ADV025,Western Cape,0,105,182710.62
PF01559,CUST133167,Property Focus,Moderate,Tax-Free Savings,SAPY,ZAR,2024-02-05,ADV012,KwaZulu-Natal,0,100,6328908.43
PF01560,CUST456286,Money Market,Conservative,Retirement Annuity,STeFI,ZAR,2019-06-09,ADV019,Gauteng,1,35,17491134.69
PF01561,CUST456765,Absolute Return,Moderate,Living Annuity,STeFI + 4%,ZAR,2018-02-26,ADV008,Western Cape,1,110,15456359.86
PF01562,CUST116026,Conservative Income,Conservative,Discretionary,ALBI,ZAR,2023-02-16,ADV014,Gauteng,1,70,24120316.7
PF01563,CUST445214,Absolute Return,Moderate,Pension Fund,STeFI + 4%,ZAR,2017-07-31,ADV015,Western Cape,1,110,1826738.54
PF01564,CUST320531,Conservative Income,Conservative,Living Annuity,ALBI,ZAR,2017-02-08,ADV004,Gauteng,1,70,18361455.11
PF01565,CUST094714,Conservative Income,Conservative,Retirement Annuity,ALBI,ZAR,2022-05-24,ADV010,Limpopo,1,70,1015055.8
PF01566,CUST162903,Money Market,Conservative,Retirement Annuity,STeFI,ZAR,2020-03-27,ADV010,Gauteng,1,35,15070989.28
PF01567,CUST461928,Aggressive Equity,Aggressive,Retirement Annuity,SWIX,ZAR,2022-03-11,ADV017,Eastern Cape,1,120,39149810.78
PF01568,CUST173801,Conservative Income,Conservative,Living Annuity,ALBI,ZAR,2018-03-26,ADV027,Free State,1,70,11506572.19
PF01569,CUST019527,Offshore Feeder,Aggressive,Discretionary,MSCI World,ZAR,2017-11-28,ADV003,Western Cape,0,105,3872538.47
PF01570,CUST473313,Money Market,Conservative,Living Annuity,STeFI,ZAR,2020-11-27,ADV023,Western Cape,0,35,491566.79
PF01571,CUST295441,Absolute Return,Moderate,Tax-Free Savings,STeFI + 4%,ZAR,2018-09-10,ADV004,Gauteng,1,110,52212584.88
PF01572,CUST282695,Aggressive Equity,Aggressive,Living Annuity,SWIX,ZAR,2024-10-14,ADV025,Free State,1,120,48283494.92
PF01573,CUST499789,Balanced Growth,Moderate,Living Annuity,ALSI,ZAR,2017-04-14,ADV007,KwaZulu-Natal,1,95,4599765.77
PF01574,CUST116522,Balanced Growth,Moderate,Discretionary,ALSI,ZAR,2015-07-08,ADV016,KwaZulu-Natal,1,95,13291470.94
PF01575,CUST368753,Money Market,Conservative,Living Annuity,STeFI,ZAR,2018-12-19,ADV004,Western Cape,0,35,18612555.83
PF01576,CUST192981,Offshore Feeder,Aggressive,Pension Fund,MSCI World,ZAR,2020-09-26,ADV001,Western Cape,1,105,5605775.18
PF01577,CUST260674,Money Market,Conservative,Endowment,STeFI,ZAR,2020-02-25,ADV025,Western Cape,0,35,3222288.23
PF01578,CUST275990,Absolute Return,Moderate,Tax-Free Savings,STeFI + 4%,ZAR,2017-07-08,ADV017,Eastern Cape,1,110,1853691.73
PF01579,CUST391528,Absolute Return,Moderate,Pension Fund,STeFI + 4%,ZAR,2015-03-26,ADV021,Gauteng,1,110,9894487.71
PF01580,CUST490298,Property Focus,Moderate,Discretionary,SAPY,ZAR,2020-11-21,ADV003,Gauteng,0,100,77558314.59
PF01581,CUST094364,Offshore Feeder,Aggressive,Endowment,MSCI World,ZAR,2019-08-07,ADV001,Mpumalanga,0,105,2328212.54
PF01582,CUST153109,Conservative Income,Conservative,Retirement Annuity,ALBI,ZAR,2019-04-02,ADV005,Limpopo,1,70,9951993.22
PF01583,CUST154599,Property Focus,Moderate,Retirement Annuity,SAPY,ZAR,2023-10-29,ADV024,Western Cape,1,100,16441007.61
PF01584,CUST403514,Absolute Return,Moderate,Pension Fund,STeFI + 4%,ZAR,2025-04-15,ADV012,Gauteng,1,110,23065520.95
PF01585,CUST445934,Money Market,Conservative,Discretionary,STeFI,ZAR,2024-12-03,ADV012,KwaZulu-Natal,0,35,11101394.56
PF01586,CUST039723,Absolute Return,Moderate,Discretionary,STeFI + 4%,ZAR,2021-09-19,ADV009,Gauteng,1,110,132508301.8
PF01587,CUST002400,Absolute Return,Moderate,Tax-Free Savings,STeFI + 4%,ZAR,2023-01-11,ADV002,Western Cape,1,110,9510598.47
PF01588,CUST361926,Balanced Growth,Moderate,Tax-Free Savings,ALSI,ZAR,2017-06-05,ADV023,Gauteng,1,95,8391163.39
PF01589,CUST092939,Money Market,Conservative,Tax-Free Savings,STeFI,ZAR,2016-04-20,ADV014,Gauteng,0,35,8518342.83
PF01590,CUST340858,Property Focus,Moderate,Discretionary,SAPY,ZAR,2023-01-20,ADV003,Gauteng,0,100,7979839.21
PF01591,CUST163353,Aggressive Equity,Aggressive,Pension Fund,SWIX,ZAR,2021-04-07,ADV016,Gauteng,1,120,11578280.34
PF01592,CUST202005,Conservative Income,Conservative,Retirement Annuity,ALBI,ZAR,2015-03-05,ADV012,Gauteng,1,70,10595757.76
PF01593,CUST052796,Aggressive Equity,Aggressive,Pension Fund,SWIX,ZAR,2021-09-11,ADV028,Western Cape,1,120,8251410.86
PF01594,CUST238944,Balanced Growth,Moderate,Tax-Free Savings,ALSI,ZAR,2022-02-17,ADV007,Gauteng,1,95,4685164.55
PF01595,CUST453249,Aggressive Equity,Aggressive,Retirement Annuity,SWIX,ZAR,2015-03-02,ADV024,Western Cape,1,120,6877979.86
PF01596,CUST216409,Property Focus,Moderate,Retirement Annuity,SAPY,ZAR,2024-10-07,ADV028,Gauteng,1,100,34598274.12
PF01597,CUST425182,Conservative Income,Conservative,Tax-Free Savings,ALBI,ZAR,2025-01-24,ADV012,KwaZulu-Natal,1,70,6582335.83
PF01598,CUST342394,Absolute Return,Moderate,Discretionary,STeFI + 4%,ZAR,2020-04-21,ADV005,KwaZulu-Natal,1,110,3378605.93
PF01599,CUST415091,Absolute Return,Moderate,Endowment,STeFI + 4%,ZAR,2021-10-03,ADV010,Gauteng,1,110,14339948.75
PF01600,CUST202629,Conservative Income,Conservative,Tax-Free Savings,ALBI,ZAR,2019-10-27,ADV015,Western Cape,1,70,2113837.24
PF01601,CUST453188,Property Focus,Moderate,Discretionary,SAPY,ZAR,2023-01-25,ADV027,Gauteng,0,100,25782057.3
PF01602,CUST185323,Offshore Feeder,Aggressive,Living Annuity,MSCI World,ZAR,2017-03-26,ADV015,Gauteng,0,105,30291235.18
PF01603,CUST384556,Aggressive Equity,Aggressive,Pension Fund,SWIX,ZAR,2016-06-20,ADV009,KwaZulu-Natal,1,120,22137732.86
PF01604,CUST474895,Conservative Income,Conservative,Pension Fund,ALBI,ZAR,2024-02-18,ADV020,Western Cape,1,70,9142529.0
PF01605,CUST174972,Property Focus,Moderate,Living Annuity,SAPY,ZAR,2024-06-20,ADV003,KwaZulu-Natal,0,100,17115060.88
PF01606,CUST272068,Absolute Return,Moderate,Retirement Annuity,STeFI + 4%,ZAR,2016-04-11,ADV005,Gauteng,1,110,1819206.68
PF01607,CUST463151,Absolute Return,Moderate,Discretionary,STeFI + 4%,ZAR,2019-04-20,ADV001,Western Cape,1,110,10794460.91
PF01608,CUST362813,Aggressive Equity,Aggressive,Tax-Free Savings,SWIX,ZAR,2017-01-20,ADV026,Gauteng,1,120,8055715.67
PF01609,CUST246763,Property Focus,Moderate,Retirement Annuity,SAPY,ZAR,2016-06-21,ADV009,Limpopo,1,100,614951.9
PF01610,CUST305183,Absolute Return,Moderate,Discretionary,STeFI + 4%,ZAR,2024-05-23,ADV016,Gauteng,1,110,6442450.58
PF01611,CUST405840,Conservative Income,Conservative,Retirement Annuity,ALBI,ZAR,2025-12-02,ADV025,Gauteng,1,70,11711964.91
PF01612,CUST123411,Property Focus,Moderate,Discretionary,SAPY,ZAR,2024-05-24,ADV028,Western Cape,0,100,783219.06
PF01613,CUST498598,Offshore Feeder,Aggressive,Retirement Annuity,MSCI World,ZAR,2022-09-24,ADV005,Free State,1,105,1936170.5
PF01614,CUST248279,Money Market,Conservative,Discretionary,STeFI,ZAR,2022-03-29,ADV003,Gauteng,0,35,5394055.2
PF01615,CUST036218,Money Market,Conservative,Pension Fund,STeFI,ZAR,2020-02-08,ADV010,Eastern Cape,1,35,630189.47
PF01616,CUST460294,Property Focus,Moderate,Pension Fund,SAPY,ZAR,2016-03-20,ADV024,Western Cape,1,100,3909472.3
PF01617,CUST029081,Aggressive Equity,Aggressive,Retirement Annuity,SWIX,ZAR,2015-08-31,ADV019,Gauteng,1,120,9170178.67
PF01618,CUST121839,Property Focus,Moderate,Tax-Free Savings,SAPY,ZAR,2022-03-06,ADV025,Gauteng,0,100,12731393.91
PF01619,CUST345734,Absolute Return,Moderate,Retirement Annuity,STeFI + 4%,ZAR,2018-11-17,ADV021,Gauteng,1,110,11679112.67
PF01620,CUST466605,Balanced Growth,Moderate,Living Annuity,ALSI,ZAR,2024-07-09,ADV021,Gauteng,1,95,2493223.91
PF01621,CUST077104,Conservative Income,Conservative,Living Annuity,ALBI,ZAR,2021-06-01,ADV003,Gauteng,1,70,9246371.65
PF01622,CUST310313,Balanced Growth,Moderate,Discretionary,ALSI,ZAR,2019-04-03,ADV004,Gauteng,1,95,801585.88
PF01623,CUST235430,Balanced Growth,Moderate,Discretionary,ALSI,ZAR,2024-07-19,ADV015,Gauteng,1,95,21576426.42
PF01624,CUST262359,Absolute Return,Moderate,Pension Fund,STeFI + 4%,ZAR,2025-10-24,ADV012,Western Cape,1,110,4605269.34
PF01625,CUST165145,Conservative Income,Conservative,Tax-Free Savings,ALBI,ZAR,2021-02-06,ADV027,North West,1,70,1159979.96
PF01626,CUST263399,Money Market,Conservative,Discretionary,STeFI,ZAR,2018-03-14,ADV028,Western Cape,0,35,1691439.03
PF01627,CUST098026,Aggressive Equity,Aggressive,Endowment,SWIX,ZAR,2022-07-24,ADV013,Western Cape,1,120,8335799.15
PF01628,CUST106948,Offshore Feeder,Aggressive,Discretionary,MSCI World,ZAR,2016-08-16,ADV026,Western Cape,0,105,3050919.15
PF01629,CUST194891,Money Market,Conservative,Tax-Free Savings,STeFI,ZAR,2024-02-10,ADV017,North West,0,35,2102973.25
PF01630,CUST101271,Balanced Growth,Moderate,Retirement Annuity,ALSI,ZAR,2020-11-10,ADV010,KwaZulu-Natal,1,95,12112453.6
PF01631,CUST009570,Balanced Growth,Moderate,Discretionary,ALSI,ZAR,2022-02-27,ADV023,Gauteng,1,95,6463499.95
PF01632,CUST250878,Money Market,Conservative,Retirement Annuity,STeFI,ZAR,2020-10-21,ADV028,Gauteng,1,35,2453145.19
PF01633,CUST080775,Aggressive Equity,Aggressive,Tax-Free Savings,SWIX,ZAR,2019-03-12,ADV020,Gauteng,1,120,2143355.67
PF01634,CUST132345,Property Focus,Moderate,Retirement Annuity,SAPY,ZAR,2020-10-22,ADV011,Gauteng,1,100,15930369.45
PF01635,CUST064741,Offshore Feeder,Aggressive,Retirement Annuity,MSCI World,ZAR,2025-10-21,ADV028,Gauteng,1,105,6370344.77
PF01636,CUST152718,Aggressive Equity,Aggressive,Discretionary,SWIX,ZAR,2023-08-05,ADV014,North West,1,120,2973183.17
PF01637,CUST484728,Money Market,Conservative,Retirement Annuity,STeFI,ZAR,2016-01-05,ADV024,Gauteng,1,35,3268968.7
PF01638,CUST132494,Aggressive Equity,Aggressive,Living Annuity,SWIX,ZAR,2024-06-02,ADV009,Gauteng,1,120,10320889.5
PF01639,CUST137813,Money Market,Conservative,Tax-Free Savings,STeFI,ZAR,2015-02-08,ADV007,Gauteng,0,35,73392.35
PF01640,CUST178582,Money Market,Conservative,Discretionary,STeFI,ZAR,2022-07-06,ADV003,KwaZulu-Natal,0,35,61353819.36
PF01641,CUST376886,Balanced Growth,Moderate,Discretionary,ALSI,ZAR,2015-09-14,ADV001,Free State,1,95,3122709.39
PF01642,CUST098083,Property Focus,Moderate,Discretionary,SAPY,ZAR,2016-03-07,ADV013,Gauteng,0,100,23966125.89
PF01643,CUST146638,Balanced Growth,Moderate,Living Annuity,ALSI,ZAR,2017-07-02,ADV028,Western Cape,1,95,17236002.82
PF01644,CUST036558,Property Focus,Moderate,Retirement Annuity,SAPY,ZAR,2016-07-20,ADV017,Western Cape,1,100,5465582.42
PF01645,CUST164991,Aggressive Equity,Aggressive,Discretionary,SWIX,ZAR,2025-03-23,ADV021,Gauteng,1,120,7325031.12
PF01646,CUST194600,Property Focus,Moderate,Tax-Free Savings,SAPY,ZAR,2025-06-27,ADV008,KwaZulu-Natal,0,100,16233380.38
PF01647,CUST217065,Property Focus,Moderate,Discretionary,SAPY,ZAR,2017-12-01,ADV014,Gauteng,0,100,868944.49
PF01648,CUST312160,Conservative Income,Conservative,Discretionary,ALBI,ZAR,2020-02-28,ADV019,Gauteng,1,70,6012158.87
PF01649,CUST114683,Money Market,Conservative,Retirement Annuity,STeFI,ZAR,2024-09-04,ADV026,KwaZulu-Natal,1,35,1199722.26
PF01650,CUST235789,Conservative Income,Conservative,Retirement Annuity,ALBI,ZAR,2022-09-18,ADV015,Gauteng,1,70,4369841.5
PF01651,CUST031316,Offshore Feeder,Aggressive,Living Annuity,MSCI World,ZAR,2019-11-02,ADV011,Western Cape,0,105,14918061.12
PF01652,CUST251220,Offshore Feeder,Aggressive,Endowment,MSCI World,ZAR,2020-02-16,ADV019,Western Cape,0,105,129196468.77
PF01653,CUST202204,Money Market,Conservative,Discretionary,STeFI,ZAR,2019-09-26,ADV010,Gauteng,0,35,3638631.11
PF01654,CUST304319,Money Market,Conservative,Retirement Annuity,STeFI,ZAR,2021-02-20,ADV007,KwaZulu-Natal,1,35,5895575.11
PF01655,CUST420578,Absolute Return,Moderate,Retirement Annuity,STeFI + 4%,ZAR,2025-01-25,ADV022,Gauteng,1,110,36623976.21
PF01656,CUST040196,Money Market,Conservative,Discretionary,STeFI,ZAR,2023-02-10,ADV019,Eastern Cape,0,35,5940195.9
PF01657,CUST064526,Balanced Growth,Moderate,Retirement Annuity,ALSI,ZAR,2015-07-18,ADV009,Gauteng,1,95,2971862.23
PF01658,CUST456685,Absolute Return,Moderate,Discretionary,STeFI + 4%,ZAR,2015-08-29,ADV007,Gauteng,1,110,9813474.86
PF01659,CUST448020,Property Focus,Moderate,Pension Fund,SAPY,ZAR,2017-09-21,ADV020,Gauteng,1,100,8263120.58
PF01660,CUST220717,Money Market,Conservative,Pension Fund,STeFI,ZAR,2024-08-10,ADV003,Gauteng,1,35,15665750.35
PF01661,CUST358829,Absolute Return,Moderate,Discretionary,STeFI + 4%,ZAR,2019-10-15,ADV020,Gauteng,1,110,3822220.15
PF01662,CUST156743,Aggressive Equity,Aggressive,Tax-Free Savings,SWIX,ZAR,2018-05-14,ADV017,Gauteng,1,120,7669931.67
PF01663,CUST445951,Money Market,Conservative,Discretionary,STeFI,ZAR,2020-06-13,ADV002,KwaZulu-Natal,0,35,4486842.5
PF01664,CUST322336,Money Market,Conservative,Pension Fund,STeFI,ZAR,2015-04-19,ADV009,Mpumalanga,1,35,26806805.37
PF01665,CUST121282,Property Focus,Moderate,Pension Fund,SAPY,ZAR,2024-10-15,ADV008,Limpopo,1,100,48011427.2
PF01666,CUST209812,Absolute Return,Moderate,Pension Fund,STeFI + 4%,ZAR,2016-01-04,ADV027,Gauteng,1,110,59193327.87
PF01667,CUST378346,Property Focus,Moderate,Pension Fund,SAPY,ZAR,2016-09-01,ADV014,Gauteng,1,100,39495146.21
PF01668,CUST281766,Balanced Growth,Moderate,Living Annuity,ALSI,ZAR,2018-11-14,ADV004,Gauteng,1,95,1046498.95
PF01669,CUST032340,Offshore Feeder,Aggressive,Tax-Free Savings,MSCI World,ZAR,2025-03-23,ADV022,Gauteng,0,105,11261062.96
PF01670,CUST383276,Conservative Income,Conservative,Pension Fund,ALBI,ZAR,2023-11-03,ADV015,Western Cape,1,70,10902073.87
PF01671,CUST049755,Property Focus,Moderate,Living Annuity,SAPY,ZAR,2023-09-03,ADV009,Mpumalanga,0,100,3900088.84
PF01672,CUST142656,Offshore Feeder,Aggressive,Retirement Annuity,MSCI World,ZAR,2021-02-04,ADV014,Gauteng,1,105,21788195.12
PF01673,CUST202471,Balanced Growth,Moderate,Retirement Annuity,ALSI,ZAR,2021-06-17,ADV026,KwaZulu-Natal,1,95,6802791.8
PF01674,CUST143655,Property Focus,Moderate,Retirement Annuity,SAPY,ZAR,2016-07-28,ADV009,Western Cape,1,100,27878995.01
PF01675,CUST209136,Balanced Growth,Moderate,Retirement Annuity,ALSI,ZAR,2022-11-02,ADV003,KwaZulu-Natal,1,95,13074240.45
PF01676,CUST463724,Absolute Return,Moderate,Retirement Annuity,STeFI + 4%,ZAR,2022-10-12,ADV007,Gauteng,1,110,5408709.69
PF01677,CUST115877,Absolute Return,Moderate,Discretionary,STeFI + 4%,ZAR,2021-04-25,ADV007,Mpumalanga,1,110,34138797.04
PF01678,CUST067699,Money Market,Conservative,Discretionary,STeFI,ZAR,2025-11-08,ADV013,KwaZulu-Natal,0,35,1772175.92
PF01679,CUST293475,Offshore Feeder,Aggressive,Retirement Annuity,MSCI World,ZAR,2020-03-29,ADV010,Gauteng,1,105,10247886.58
PF01680,CUST476946,Absolute Return,Moderate,Discretionary,STeFI + 4%,ZAR,2017-03-25,ADV010,KwaZulu-Natal,1,110,4789349.72
PF01681,CUST262217,Property Focus,Moderate,Endowment,SAPY,ZAR,2020-11-16,ADV021,Western Cape,0,100,10967738.83
PF01682,CUST225283,Conservative Income,Conservative,Retirement Annuity,ALBI,ZAR,2016-05-19,ADV023,Gauteng,1,70,32890891.01
PF01683,CUST124993,Balanced Growth,Moderate,Tax-Free Savings,ALSI,ZAR,2021-02-16,ADV025,KwaZulu-Natal,1,95,16414251.45
PF01684,CUST101089,Offshore Feeder,Aggressive,Retirement Annuity,MSCI World,ZAR,2023-03-27,ADV009,KwaZulu-Natal,1,105,30577244.05
PF01685,CUST400710,Aggressive Equity,Aggressive,Discretionary,SWIX,ZAR,2024-08-20,ADV019,KwaZulu-Natal,1,120,704514.76
PF01686,CUST136109,Property Focus,Moderate,Discretionary,SAPY,ZAR,2022-06-19,ADV009,Gauteng,0,100,4812244.06
PF01687,CUST369110,Offshore Feeder,Aggressive,Retirement Annuity,MSCI World,ZAR,2016-02-10,ADV012,Gauteng,1,105,4400723.68
PF01688,CUST249808,Aggressive Equity,Aggressive,Discretionary,SWIX,ZAR,2025-12-18,ADV016,Western Cape,1,120,5871766.78
PF01689,CUST172681,Absolute Return,Moderate,Retirement Annuity,STeFI + 4%,ZAR,2022-06-26,ADV015,North West,1,110,9803171.87
PF01690,CUST169807,Conservative Income,Conservative,Living Annuity,ALBI,ZAR,2019-01-01,ADV021,Gauteng,1,70,17361488.27
PF01691,CUST378424,Offshore Feeder,Aggressive,Retirement Annuity,MSCI World,ZAR,2015-03-12,ADV016,Gauteng,1,105,16180419.54
PF01692,CUST046358,Money Market,Conservative,Retirement Annuity,STeFI,ZAR,2018-10-18,ADV016,Western Cape,1,35,10883984.73
PF01693,CUST005626,Conservative Income,Conservative,Discretionary,ALBI,ZAR,2024-03-22,ADV011,Gauteng,1,70,49303487.67
PF01694,CUST190790,Balanced Growth,Moderate,Discretionary,ALSI,ZAR,2022-11-18,ADV004,KwaZulu-Natal,1,95,65114362.42
PF01695,CUST303463,Aggressive Equity,Aggressive,Discretionary,SWIX,ZAR,2023-06-30,ADV021,Western Cape,1,120,24604400.76
PF01696,CUST095241,Absolute Return,Moderate,Endowment,STeFI + 4%,ZAR,2025-07-11,ADV011,Mpumalanga,1,110,3161093.11
PF01697,CUST358372,Conservative Income,Conservative,Retirement Annuity,ALBI,ZAR,2024-01-29,ADV028,Eastern Cape,1,70,5368079.04
PF01698,CUST031683,Offshore Feeder,Aggressive,Living Annuity,MSCI World,ZAR,2023-04-23,ADV001,Western Cape,0,105,30940398.98
PF01699,CUST440078,Offshore Feeder,Aggressive,Retirement Annuity,MSCI World,ZAR,2020-08-28,ADV028,Northern Cape,1,105,18538880.23
PF01700,CUST483462,Aggressive Equity,Aggressive,Retirement Annuity,SWIX,ZAR,2022-08-06,ADV006,Free State,1,120,5995379.23
PF01701,CUST040544,Aggressive Equity,Aggressive,Discretionary,SWIX,ZAR,2024-07-24,ADV019,Free State,1,120,4133821.4
PF01702,CUST360832,Conservative Income,Conservative,Living Annuity,ALBI,ZAR,2024-06-23,ADV005,Mpumalanga,1,70,17061126.37
PF01703,CUST027136,Conservative Income,Conservative,Discretionary,ALBI,ZAR,2025-02-11,ADV001,Free State,1,70,1014554.75
PF01704,CUST458124,Aggressive Equity,Aggressive,Discretionary,SWIX,ZAR,2025-06-14,ADV027,Gauteng,1,120,8191967.56
PF01705,CUST329440,Absolute Return,Moderate,Pension Fund,STeFI + 4%,ZAR,2018-05-13,ADV006,Gauteng,1,110,1600025.41
PF01706,CUST154419,Property Focus,Moderate,Discretionary,SAPY,ZAR,2024-09-30,ADV010,KwaZulu-Natal,0,100,44439741.83
PF01707,CUST211327,Property Focus,Moderate,Retirement Annuity,SAPY,ZAR,2021-11-25,ADV001,Western Cape,1,100,102210555.8
PF01708,CUST023514,Absolute Return,Moderate,Tax-Free Savings,STeFI + 4%,ZAR,2020-08-18,ADV005,Gauteng,1,110,8383139.05
PF01709,CUST334371,Property Focus,Moderate,Retirement Annuity,SAPY,ZAR,2023-05-31,ADV012,Western Cape,1,100,2272498.85
PF01710,CUST133933,Money Market,Conservative,Endowment,STeFI,ZAR,2020-12-06,ADV027,Limpopo,0,35,82790755.06
PF01711,CUST403874,Balanced Growth,Moderate,Discretionary,ALSI,ZAR,2023-09-30,ADV018,Western Cape,1,95,1161935.48
PF01712,CUST457663,Balanced Growth,Moderate,Living Annuity,ALSI,ZAR,2016-06-01,ADV011,Free State,1,95,12033209.62
PF01713,CUST230330,Offshore Feeder,Aggressive,Tax-Free Savings,MSCI World,ZAR,2025-12-14,ADV010,Gauteng,0,105,10168853.41
PF01714,CUST016539,Aggressive Equity,Aggressive,Discretionary,SWIX,ZAR,2023-02-05,ADV011,KwaZulu-Natal,1,120,2220616.8
PF01715,CUST347820,Money Market,Conservative,Discretionary,STeFI,ZAR,2024-12-21,ADV015,Gauteng,0,35,3336522.54
PF01716,CUST126669,Aggressive Equity,Aggressive,Living Annuity,SWIX,ZAR,2017-03-29,ADV025,Free State,1,120,3583619.1
PF01717,CUST028267,Aggressive Equity,Aggressive,Retirement Annuity,SWIX,ZAR,2019-04-21,ADV005,Western Cape,1,120,14647852.69
PF01718,CUST445711,Absolute Return,Moderate,Living Annuity,STeFI + 4%,ZAR,2021-05-29,ADV024,Western Cape,1,110,1407968.04
PF01719,CUST089370,Property Focus,Moderate,Living Annuity,SAPY,ZAR,2023-12-01,ADV005,Western Cape,0,100,1097015.94
PF01720,CUST002367,Money Market,Conservative,Tax-Free Savings,STeFI,ZAR,2022-09-19,ADV015,Gauteng,0,35,17703235.48
PF01721,CUST353689,Absolute Return,Moderate,Retirement Annuity,STeFI + 4%,ZAR,2026-01-02,ADV007,KwaZulu-Natal,1,110,4366097.57
PF01722,CUST256677,Offshore Feeder,Aggressive,Discretionary,MSCI World,ZAR,2016-09-27,ADV018,Western Cape,0,105,9948121.85
PF01723,CUST380456,Property Focus,Moderate,Tax-Free Savings,SAPY,ZAR,2022-08-24,ADV017,Mpumalanga,0,100,25808026.31
PF01724,CUST461000,Balanced Growth,Moderate,Tax-Free Savings,ALSI,ZAR,2020-09-27,ADV020,Western Cape,1,95,2414977.55
PF01725,CUST310871,Balanced Growth,Moderate,Discretionary,ALSI,ZAR,2017-10-31,ADV013,Gauteng,1,95,7036427.23
PF01726,CUST238951,Aggressive Equity,Aggressive,Retirement Annuity,SWIX,ZAR,2021-05-28,ADV007,Gauteng,1,120,14295682.62
PF01727,CUST325414,Balanced Growth,Moderate,Tax-Free Savings,ALSI,ZAR,2025-09-26,ADV026,Western Cape,1,95,43521744.66
PF01728,CUST462957,Balanced Growth,Moderate,Pension Fund,ALSI,ZAR,2025-11-05,ADV028,Gauteng,1,95,18602907.19
PF01729,CUST462086,Offshore Feeder,Aggressive,Discretionary,MSCI World,ZAR,2021-04-04,ADV020,Gauteng,0,105,690140.12
PF01730,CUST117805,Absolute Return,Moderate,Living Annuity,STeFI + 4%,ZAR,2017-11-24,ADV021,Northern Cape,1,110,9580802.1
PF01731,CUST488333,Money Market,Conservative,Discretionary,STeFI,ZAR,2023-07-02,ADV025,Eastern Cape,0,35,25668340.82
PF01732,CUST470725,Balanced Growth,Moderate,Retirement Annuity,ALSI,ZAR,2025-08-11,ADV024,Western Cape,1,95,84257595.58
PF01733,CUST051911,Absolute Return,Moderate,Discretionary,STeFI + 4%,ZAR,2024-11-26,ADV003,Western Cape,1,110,1623452.8
PF01734,CUST225378,Absolute Return,Moderate,Discretionary,STeFI + 4%,ZAR,2024-11-24,ADV023,KwaZulu-Natal,1,110,2194760.48
PF01735,CUST401143,Money Market,Conservative,Tax-Free Savings,STeFI,ZAR,2020-04-22,ADV009,Free State,0,35,7162030.93
PF01736,CUST064842,Money Market,Conservative,Living Annuity,STeFI,ZAR,2022-08-06,ADV018,KwaZulu-Natal,0,35,5885515.67
PF01737,CUST054782,Absolute Return,Moderate,Living Annuity,STeFI + 4%,ZAR,2019-02-08,ADV016,Eastern Cape,1,110,9633181.53
PF01738,CUST439476,Property Focus,Moderate,Discretionary,SAPY,ZAR,2025-06-08,ADV018,KwaZulu-Natal,0,100,9111884.13
PF01739,CUST350631,Property Focus,Moderate,Retirement Annuity,SAPY,ZAR,2024-11-24,ADV027,Western Cape,1,100,7531339.57
PF01740,CUST139328,Absolute Return,Moderate,Retirement Annuity,STeFI + 4%,ZAR,2017-06-22,ADV004,Limpopo,1,110,11419824.74
PF01741,CUST126473,Absolute Return,Moderate,Living Annuity,STeFI + 4%,ZAR,2020-02-28,ADV007,Western Cape,1,110,95217222.66
PF01742,CUST300038,Money Market,Conservative,Discretionary,STeFI,ZAR,2018-09-21,ADV006,Western Cape,0,35,10370590.72
PF01743,CUST229921,Absolute Return,Moderate,Retirement Annuity,STeFI + 4%,ZAR,2023-05-13,ADV020,Western Cape,1,110,118455115.33
PF01744,CUST164777,Property Focus,Moderate,Retirement Annuity,SAPY,ZAR,2018-10-31,ADV023,Western Cape,1,100,14479081.91
PF01745,CUST100533,Absolute Return,Moderate,Retirement Annuity,STeFI + 4%,ZAR,2023-06-02,ADV006,Western Cape,1,110,15116958.34
PF01746,CUST338293,Money Market,Conservative,Retirement Annuity,STeFI,ZAR,2023-06-10,ADV016,Gauteng,1,35,6230359.91
PF01747,CUST344687,Absolute Return,Moderate,Living Annuity,STeFI + 4%,ZAR,2019-12-07,ADV017,Mpumalanga,1,110,11067238.46
PF01748,CUST441386,Property Focus,Moderate,Retirement Annuity,SAPY,ZAR,2016-01-20,ADV006,KwaZulu-Natal,1,100,2061806.08
PF01749,CUST052444,Aggressive Equity,Aggressive,Pension Fund,SWIX,ZAR,2016-10-27,ADV028,Western Cape,1,120,2311799.48
PF01750,CUST126419,Balanced Growth,Moderate,Endowment,ALSI,ZAR,2025-04-03,ADV017,Eastern Cape,1,95,16743850.76
PF01751,CUST303218,Money Market,Conservative,Living Annuity,STeFI,ZAR,2020-01-14,ADV005,Western Cape,0,35,15801765.99
PF01752,CUST178533,Balanced Growth,Moderate,Discretionary,ALSI,ZAR,2019-11-24,ADV003,Gauteng,1,95,4214800.89
PF01753,CUST223315,Money Market,Conservative,Retirement Annuity,STeFI,ZAR,2025-04-16,ADV023,Gauteng,1,35,14198983.94
PF01754,CUST175407,Offshore Feeder,Aggressive,Retirement Annuity,MSCI World,ZAR,2021-03-07,ADV011,KwaZulu-Natal,1,105,7756239.88
PF01755,CUST345125,Offshore Feeder,Aggressive,Pension Fund,MSCI World,ZAR,2019-04-08,ADV012,Gauteng,1,105,3935563.67
PF01756,CUST155353,Absolute Return,Moderate,Living Annuity,STeFI + 4%,ZAR,2023-09-17,ADV016,Western Cape,1,110,46997952.82
PF01757,CUST364090,Property Focus,Moderate,Retirement Annuity,SAPY,ZAR,2018-06-07,ADV009,Western Cape,1,100,10754157.39
PF01758,CUST201447,Offshore Feeder,Aggressive,Discretionary,MSCI World,ZAR,2018-07-11,ADV014,KwaZulu-Natal,0,105,5829554.29
PF01759,CUST140290,Offshore Feeder,Aggressive,Discretionary,MSCI World,ZAR,2021-01-10,ADV021,Gauteng,0,105,9910271.99
PF01760,CUST040343,Balanced Growth,Moderate,Retirement Annuity,ALSI,ZAR,2024-02-06,ADV020,Gauteng,1,95,8525943.12
PF01761,CUST046775,Property Focus,Moderate,Discretionary,SAPY,ZAR,2024-03-18,ADV013,Gauteng,0,100,22966506.16
PF01762,CUST335001,Balanced Growth,Moderate,Tax-Free Savings,ALSI,ZAR,2022-09-18,ADV017,Gauteng,1,95,8237318.81
PF01763,CUST074037,Property Focus,Moderate,Retirement Annuity,SAPY,ZAR,2025-07-21,ADV016,Limpopo,1,100,10814609.36
PF01764,CUST116658,Conservative Income,Conservative,Pension Fund,ALBI,ZAR,2025-06-20,ADV017,Gauteng,1,70,1319866.79
PF01765,CUST492384,Money Market,Conservative,Retirement Annuity,STeFI,ZAR,2017-06-19,ADV013,KwaZulu-Natal,1,35,11673015.8
PF01766,CUST368052,Conservative Income,Conservative,Tax-Free Savings,ALBI,ZAR,2022-04-23,ADV007,Eastern Cape,1,70,3670439.32
PF01767,CUST125182,Aggressive Equity,Aggressive,Endowment,SWIX,ZAR,2022-10-02,ADV007,Limpopo,1,120,2554597.73
PF01768,CUST440014,Property Focus,Moderate,Retirement Annuity,SAPY,ZAR,2015-12-06,ADV014,Northern Cape,1,100,33563838.94
PF01769,CUST449535,Aggressive Equity,Aggressive,Living Annuity,SWIX,ZAR,2021-12-13,ADV003,KwaZulu-Natal,1,120,7134608.84
PF01770,CUST420176,Property Focus,Moderate,Tax-Free Savings,SAPY,ZAR,2017-12-14,ADV006,Gauteng,0,100,10793175.36
PF01771,CUST446130,Offshore Feeder,Aggressive,Tax-Free Savings,MSCI World,ZAR,2020-06-30,ADV013,Gauteng,0,105,14597604.71
PF01772,CUST063474,Conservative Income,Conservative,Tax-Free Savings,ALBI,ZAR,2016-01-31,ADV014,Mpumalanga,1,70,8231368.44
PF01773,CUST435940,Balanced Growth,Moderate,Pension Fund,ALSI,ZAR,2022-07-04,ADV012,Gauteng,1,95,12587203.6
PF01774,CUST192544,Balanced Growth,Moderate,Living Annuity,ALSI,ZAR,2019-08-13,ADV028,KwaZulu-Natal,1,95,5336966.21
PF01775,CUST203803,Absolute Return,Moderate,Tax-Free Savings,STeFI + 4%,ZAR,2017-12-14,ADV026,Western Cape,1,110,36129535.88
PF01776,CUST040811,Absolute Return,Moderate,Retirement Annuity,STeFI + 4%,ZAR,2023-06-09,ADV002,Gauteng,1,110,20567165.92
PF01777,CUST189072,Balanced Growth,Moderate,Retirement Annuity,ALSI,ZAR,2019-10-27,ADV009,Limpopo,1,95,6681860.68
PF01778,CUST431988,Balanced Growth,Moderate,Retirement Annuity,ALSI,ZAR,2021-12-17,ADV009,KwaZulu-Natal,1,95,569700.78
PF01779,CUST375891,Conservative Income,Conservative,Tax-Free Savings,ALBI,ZAR,2018-01-27,ADV002,Gauteng,1,70,7682488.17
PF01780,CUST421889,Money Market,Conservative,Tax-Free Savings,STeFI,ZAR,2017-07-05,ADV007,Limpopo,0,35,28803074.94
PF01781,CUST376285,Conservative Income,Conservative,Living Annuity,ALBI,ZAR,2020-12-15,ADV002,Western Cape,1,70,22293604.47
PF01782,CUST427465,Money Market,Conservative,Discretionary,STeFI,ZAR,2023-09-17,ADV024,Gauteng,0,35,4812541.68
PF01783,CUST050731,Balanced Growth,Moderate,Retirement Annuity,ALSI,ZAR,2021-12-30,ADV015,Free State,1,95,6869165.77
PF01784,CUST025087,Offshore Feeder,Aggressive,Pension Fund,MSCI World,ZAR,2021-06-18,ADV018,Mpumalanga,1,105,33183463.36
PF01785,CUST375986,Conservative Income,Conservative,Discretionary,ALBI,ZAR,2018-07-31,ADV003,Western Cape,1,70,42978991.68
PF01786,CUST282021,Absolute Return,Moderate,Pension Fund,STeFI + 4%,ZAR,2024-10-14,ADV003,Western Cape,1,110,36952436.93
PF01787,CUST390671,Balanced Growth,Moderate,Tax-Free Savings,ALSI,ZAR,2024-09-23,ADV009,Western Cape,1,95,302826895.92
PF01788,CUST036192,Balanced Growth,Moderate,Living Annuity,ALSI,ZAR,2022-04-09,ADV009,Gauteng,1,95,4487645.64
PF01789,CUST081654,Aggressive Equity,Aggressive,Retirement Annuity,SWIX,ZAR,2017-08-11,ADV019,North West,1,120,14375447.22
PF01790,CUST104533,Property Focus,Moderate,Discretionary,SAPY,ZAR,2016-08-17,ADV018,Gauteng,0,100,82795492.21
PF01791,CUST321124,Aggressive Equity,Aggressive,Living Annuity,SWIX,ZAR,2019-08-19,ADV011,Western Cape,1,120,39819063.33
PF01792,CUST292966,Property Focus,Moderate,Retirement Annuity,SAPY,ZAR,2018-12-09,ADV023,Mpumalanga,1,100,7713622.94
PF01793,CUST409354,Offshore Feeder,Aggressive,Pension Fund,MSCI World,ZAR,2017-08-14,ADV015,Western Cape,1,105,2448443.9
PF01794,CUST384784,Conservative Income,Conservative,Retirement Annuity,ALBI,ZAR,2020-06-11,ADV015,KwaZulu-Natal,1,70,935568.69
PF01795,CUST325591,Offshore Feeder,Aggressive,Retirement Annuity,MSCI World,ZAR,2016-10-29,ADV022,Eastern Cape,1,105,9170814.58
PF01796,CUST119546,Balanced Growth,Moderate,Retirement Annuity,ALSI,ZAR,2021-05-20,ADV009,KwaZulu-Natal,1,95,6639838.5
PF01797,CUST394436,Aggressive Equity,Aggressive,Discretionary,SWIX,ZAR,2018-09-13,ADV024,Eastern Cape,1,120,11423311.17
PF01798,CUST355950,Money Market,Conservative,Retirement Annuity,STeFI,ZAR,2021-02-14,ADV026,Gauteng,1,35,868716.2
PF01799,CUST258255,Aggressive Equity,Aggressive,Discretionary,SWIX,ZAR,2020-11-15,ADV008,Western Cape,1,120,3763015.83
PF01800,CUST026629,Absolute Return,Moderate,Living Annuity,STeFI + 4%,ZAR,2021-03-30,ADV019,Gauteng,1,110,2436869.81
PF01801,CUST064628,Offshore Feeder,Aggressive,Living Annuity,MSCI World,ZAR,2025-12-07,ADV009,Gauteng,0,105,88096551.38
PF01802,CUST003421,Absolute Return,Moderate,Living Annuity,STeFI + 4%,ZAR,2020-02-23,ADV025,Gauteng,1,110,72972198.28
PF01803,CUST403489,Aggressive Equity,Aggressive,Tax-Free Savings,SWIX,ZAR,2022-03-13,ADV017,Gauteng,1,120,5231607.37
PF01804,CUST156719,Conservative Income,Conservative,Retirement Annuity,ALBI,ZAR,2015-12-30,ADV023,Gauteng,1,70,982961.71
PF01805,CUST077561,Balanced Growth,Moderate,Discretionary,ALSI,ZAR,2021-12-20,ADV006,Western Cape,1,95,1945751.44
PF01806,CUST426511,Balanced Growth,Moderate,Pension Fund,ALSI,ZAR,2021-09-14,ADV009,Gauteng,1,95,3929477.99
PF01807,CUST449735,Conservative Income,Conservative,Living Annuity,ALBI,ZAR,2019-03-08,ADV006,Gauteng,1,70,9094611.77
PF01808,CUST444266,Absolute Return,Moderate,Retirement Annuity,STeFI + 4%,ZAR,2017-11-08,ADV002,Gauteng,1,110,742835.91
PF01809,CUST148823,Offshore Feeder,Aggressive,Discretionary,MSCI World,ZAR,2020-03-15,ADV003,Western Cape,0,105,7161873.14
PF01810,CUST252944,Conservative Income,Conservative,Retirement Annuity,ALBI,ZAR,2024-03-07,ADV003,Western Cape,1,70,1644510.44
PF01811,CUST166622,Balanced Growth,Moderate,Retirement Annuity,ALSI,ZAR,2024-08-14,ADV024,Western Cape,1,95,2276892.63
PF01812,CUST397872,Offshore Feeder,Aggressive,Discretionary,MSCI World,ZAR,2024-12-03,ADV003,Northern Cape,0,105,6153925.07
PF01813,CUST352325,Balanced Growth,Moderate,Tax-Free Savings,ALSI,ZAR,2024-06-23,ADV022,Gauteng,1,95,3841748.02
PF01814,CUST191088,Money Market,Conservative,Discretionary,STeFI,ZAR,2023-09-08,ADV024,Gauteng,0,35,7343935.12
PF01815,CUST480455,Property Focus,Moderate,Retirement Annuity,SAPY,ZAR,2023-12-01,ADV011,Free State,1,100,1781703.36
PF01816,CUST107499,Property Focus,Moderate,Discretionary,SAPY,ZAR,2021-03-12,ADV010,Mpumalanga,0,100,4081971.65
PF01817,CUST237230,Money Market,Conservative,Living Annuity,STeFI,ZAR,2015-10-02,ADV027,Western Cape,0,35,3484644.56
PF01818,CUST379536,Offshore Feeder,Aggressive,Retirement Annuity,MSCI World,ZAR,2023-01-16,ADV001,Western Cape,1,105,8841382.29
PF01819,CUST437806,Conservative Income,Conservative,Tax-Free Savings,ALBI,ZAR,2015-05-01,ADV023,Gauteng,1,70,1027812.68
PF01820,CUST250019,Money Market,Conservative,Tax-Free Savings,STeFI,ZAR,2020-12-10,ADV002,Gauteng,0,35,8557442.86
PF01821,CUST446729,Absolute Return,Moderate,Discretionary,STeFI + 4%,ZAR,2015-07-22,ADV006,Mpumalanga,1,110,4042698.33
PF01822,CUST258269,Absolute Return,Moderate,Retirement Annuity,STeFI + 4%,ZAR,2019-09-22,ADV008,Mpumalanga,1,110,3972177.97
PF01823,CUST065867,Money Market,Conservative,Pension Fund,STeFI,ZAR,2022-11-28,ADV016,KwaZulu-Natal,1,35,3552686.17
PF01824,CUST265495,Offshore Feeder,Aggressive,Tax-Free Savings,MSCI World,ZAR,2016-11-06,ADV016,KwaZulu-Natal,0,105,13070818.54
PF01825,CUST485662,Balanced Growth,Moderate,Pension Fund,ALSI,ZAR,2021-02-24,ADV001,KwaZulu-Natal,1,95,5213934.3
PF01826,CUST165876,Aggressive Equity,Aggressive,Tax-Free Savings,SWIX,ZAR,2017-12-06,ADV017,KwaZulu-Natal,1,120,7172858.97
PF01827,CUST046169,Offshore Feeder,Aggressive,Endowment,MSCI World,ZAR,2016-04-25,ADV012,Western Cape,0,105,12977960.0
PF01828,CUST346015,Conservative Income,Conservative,Living Annuity,ALBI,ZAR,2018-03-10,ADV014,Free State,1,70,5624477.66
PF01829,CUST387279,Absolute Return,Moderate,Retirement Annuity,STeFI + 4%,ZAR,2023-01-24,ADV001,Eastern Cape,1,110,2832939.08
PF01830,CUST256887,Money Market,Conservative,Endowment,STeFI,ZAR,2016-09-17,ADV026,Western Cape,0,35,19518716.35
PF01831,CUST472202,Property Focus,Moderate,Living Annuity,SAPY,ZAR,2024-07-09,ADV025,Western Cape,0,100,33537126.01
PF01832,CUST066350,Aggressive Equity,Aggressive,Pension Fund,SWIX,ZAR,2025-09-08,ADV003,Gauteng,1,120,29619853.0
PF01833,CUST451866,Aggressive Equity,Aggressive,Pension Fund,SWIX,ZAR,2023-04-05,ADV005,Western Cape,1,120,33798121.62
PF01834,CUST034755,Absolute Return,Moderate,Discretionary,STeFI + 4%,ZAR,2019-04-03,ADV005,Gauteng,1,110,704031.25
PF01835,CUST499495,Offshore Feeder,Aggressive,Retirement Annuity,MSCI World,ZAR,2019-05-13,ADV023,Free State,1,105,20363428.35
PF01836,CUST487289,Absolute Return,Moderate,Discretionary,STeFI + 4%,ZAR,2019-08-01,ADV013,Western Cape,1,110,31093121.0
PF01837,CUST221939,Balanced Growth,Moderate,Discretionary,ALSI,ZAR,2021-04-27,ADV002,Gauteng,1,95,3732452.23
PF01838,CUST238134,Absolute Return,Moderate,Living Annuity,STeFI + 4%,ZAR,2019-06-11,ADV014,Mpumalanga,1,110,5268249.18
PF01839,CUST415039,Property Focus,Moderate,Discretionary,SAPY,ZAR,2020-09-08,ADV002,Western Cape,0,100,7091688.32
PF01840,CUST182091,Conservative Income,Conservative,Discretionary,ALBI,ZAR,2025-07-09,ADV004,Eastern Cape,1,70,5208104.5
PF01841,CUST430370,Aggressive Equity,Aggressive,Retirement Annuity,SWIX,ZAR,2016-01-14,ADV008,North West,1,120,10490744.85
PF01842,CUST016213,Absolute Return,Moderate,Pension Fund,STeFI + 4%,ZAR,2018-07-12,ADV016,Mpumalanga,1,110,4205899.7
PF01843,CUST275681,Property Focus,Moderate,Retirement Annuity,SAPY,ZAR,2019-04-02,ADV028,Gauteng,1,100,27525283.03
PF01844,CUST286599,Conservative Income,Conservative,Tax-Free Savings,ALBI,ZAR,2022-09-29,ADV005,KwaZulu-Natal,1,70,82882652.16
PF01845,CUST162106,Absolute Return,Moderate,Discretionary,STeFI + 4%,ZAR,2020-06-19,ADV018,Western Cape,1,110,11793104.84
PF01846,CUST094700,Absolute Return,Moderate,Tax-Free Savings,STeFI + 4%,ZAR,2019-04-03,ADV020,Gauteng,1,110,8693632.48
PF01847,CUST436655,Absolute Return,Moderate,Living Annuity,STeFI + 4%,ZAR,2023-06-15,ADV012,Western Cape,1,110,2003210.46
PF01848,CUST413883,Property Focus,Moderate,Tax-Free Savings,SAPY,ZAR,2016-12-16,ADV007,Western Cape,0,100,14292522.69
PF01849,CUST065174,Absolute Return,Moderate,Retirement Annuity,STeFI + 4%,ZAR,2025-10-06,ADV006,Gauteng,1,110,5243113.18
PF01850,CUST273662,Conservative Income,Conservative,Endowment,ALBI,ZAR,2021-12-25,ADV003,KwaZulu-Natal,1,70,12381541.93
PF01851,CUST434774,Balanced Growth,Moderate,Discretionary,ALSI,ZAR,2024-12-23,ADV026,Gauteng,1,95,379101.42
PF01852,CUST359638,Conservative Income,Conservative,Pension Fund,ALBI,ZAR,2020-07-28,ADV010,Gauteng,1,70,2845903.92
PF01853,CUST005047,Aggressive Equity,Aggressive,Discretionary,SWIX,ZAR,2024-09-25,ADV011,Western Cape,1,120,3126663.48
PF01854,CUST385923,Offshore Feeder,Aggressive,Pension Fund,MSCI World,ZAR,2019-01-30,ADV023,Free State,1,105,3279211.93
PF01855,CUST182537,Aggressive Equity,Aggressive,Living Annuity,SWIX,ZAR,2016-05-02,ADV005,Western Cape,1,120,12004411.36
PF01856,CUST155206,Property Focus,Moderate,Retirement Annuity,SAPY,ZAR,2023-09-30,ADV013,Eastern Cape,1,100,10030609.54
PF01857,CUST023846,Offshore Feeder,Aggressive,Endowment,MSCI World,ZAR,2022-05-25,ADV001,Mpumalanga,0,105,52703904.96
PF01858,CUST375872,Balanced Growth,Moderate,Discretionary,ALSI,ZAR,2018-09-11,ADV010,Western Cape,1,95,2700034.11
PF01859,CUST123037,Balanced Growth,Moderate,Retirement Annuity,ALSI,ZAR,2021-06-14,ADV017,Free State,1,95,1385873.54
PF01860,CUST097192,Money Market,Conservative,Retirement Annuity,STeFI,ZAR,2023-12-23,ADV001,Eastern Cape,1,35,30540080.13
PF01861,CUST170157,Balanced Growth,Moderate,Discretionary,ALSI,ZAR,2017-01-11,ADV009,Gauteng,1,95,30692741.69
PF01862,CUST159774,Conservative Income,Conservative,Retirement Annuity,ALBI,ZAR,2022-08-23,ADV009,Gauteng,1,70,27549427.28
PF01863,CUST135233,Balanced Growth,Moderate,Retirement Annuity,ALSI,ZAR,2023-12-31,ADV007,Western Cape,1,95,14644234.44
PF01864,CUST404598,Offshore Feeder,Aggressive,Discretionary,MSCI World,ZAR,2020-09-21,ADV017,North West,0,105,2055421.83
PF01865,CUST218604,Property Focus,Moderate,Retirement Annuity,SAPY,ZAR,2016-09-18,ADV023,Free State,1,100,7054951.5
PF01866,CUST184181,Property Focus,Moderate,Pension Fund,SAPY,ZAR,2022-03-20,ADV025,Limpopo,1,100,84383109.59
PF01867,CUST378652,Offshore Feeder,Aggressive,Tax-Free Savings,MSCI World,ZAR,2024-08-25,ADV015,Limpopo,0,105,1944573.88
PF01868,CUST443048,Money Market,Conservative,Discretionary,STeFI,ZAR,2024-09-21,ADV013,Gauteng,0,35,20154164.64
PF01869,CUST210120,Property Focus,Moderate,Retirement Annuity,SAPY,ZAR,2017-12-06,ADV002,Gauteng,1,100,2012185.62
PF01870,CUST157960,Conservative Income,Conservative,Retirement Annuity,ALBI,ZAR,2021-07-04,ADV015,Western Cape,1,70,1132091.78
PF01871,CUST278510,Absolute Return,Moderate,Retirement Annuity,STeFI + 4%,ZAR,2015-11-06,ADV004,Eastern Cape,1,110,4603924.17
PF01872,CUST069372,Money Market,Conservative,Discretionary,STeFI,ZAR,2020-01-14,ADV022,Western Cape,0,35,15210640.64
PF01873,CUST412924,Offshore Feeder,Aggressive,Retirement Annuity,MSCI World,ZAR,2018-11-14,ADV018,Free State,1,105,6576547.47
PF01874,CUST213309,Absolute Return,Moderate,Retirement Annuity,STeFI + 4%,ZAR,2016-10-22,ADV006,Gauteng,1,110,1657661.07
PF01875,CUST494160,Money Market,Conservative,Retirement Annuity,STeFI,ZAR,2019-08-01,ADV004,KwaZulu-Natal,1,35,33918880.8
PF01876,CUST249048,Aggressive Equity,Aggressive,Endowment,SWIX,ZAR,2024-09-21,ADV027,Gauteng,1,120,4516947.97
PF01877,CUST467208,Money Market,Conservative,Endowment,STeFI,ZAR,2024-05-05,ADV019,Gauteng,0,35,23099912.09
PF01878,CUST033585,Absolute Return,Moderate,Pension Fund,STeFI + 4%,ZAR,2023-02-18,ADV007,Western Cape,1,110,8906619.92
PF01879,CUST336247,Aggressive Equity,Aggressive,Living Annuity,SWIX,ZAR,2020-02-25,ADV023,Mpumalanga,1,120,2989947.44
PF01880,CUST438048,Money Market,Conservative,Retirement Annuity,STeFI,ZAR,2019-10-04,ADV021,Western Cape,1,35,5672647.18
PF01881,CUST315228,Offshore Feeder,Aggressive,Endowment,MSCI World,ZAR,2020-10-09,ADV012,Gauteng,0,105,7824810.05
PF01882,CUST407038,Conservative Income,Conservative,Living Annuity,ALBI,ZAR,2015-10-15,ADV027,Limpopo,1,70,12898791.54
PF01883,CUST071315,Conservative Income,Conservative,Discretionary,ALBI,ZAR,2024-12-21,ADV007,Gauteng,1,70,62252985.58
PF01884,CUST411110,Offshore Feeder,Aggressive,Retirement Annuity,MSCI World,ZAR,2026-01-05,ADV001,Gauteng,1,105,1107891.75
PF01885,CUST235382,Property Focus,Moderate,Pension Fund,SAPY,ZAR,2023-04-11,ADV010,KwaZulu-Natal,1,100,229664649.57
PF01886,CUST326832,Money Market,Conservative,Discretionary,STeFI,ZAR,2025-02-11,ADV021,Mpumalanga,0,35,9757581.56
PF01887,CUST049992,Property Focus,Moderate,Pension Fund,SAPY,ZAR,2016-08-25,ADV013,Eastern Cape,1,100,10571532.2
PF01888,CUST350391,Balanced Growth,Moderate,Discretionary,ALSI,ZAR,2015-03-28,ADV010,Gauteng,1,95,40296387.87
PF01889,CUST337078,Balanced Growth,Moderate,Living Annuity,ALSI,ZAR,2023-01-23,ADV016,Eastern Cape,1,95,3797114.05
PF01890,CUST254618,Money Market,Conservative,Pension Fund,STeFI,ZAR,2019-04-29,ADV026,Free State,1,35,26296814.4
PF01891,CUST235185,Balanced Growth,Moderate,Living Annuity,ALSI,ZAR,2022-02-14,ADV002,Eastern Cape,1,95,8892127.59
PF01892,CUST237686,Absolute Return,Moderate,Retirement Annuity,STeFI + 4%,ZAR,2019-06-18,ADV019,Gauteng,1,110,32720136.59
PF01893,CUST211236,Aggressive Equity,Aggressive,Retirement Annuity,SWIX,ZAR,2020-12-27,ADV006,KwaZulu-Natal,1,120,3282958.22
PF01894,CUST363805,Money Market,Conservative,Pension Fund,STeFI,ZAR,2021-11-29,ADV018,Gauteng,1,35,1804525.79
PF01895,CUST212561,Balanced Growth,Moderate,Pension Fund,ALSI,ZAR,2024-03-12,ADV013,Free State,1,95,4736175.64
PF01896,CUST262610,Aggressive Equity,Aggressive,Discretionary,SWIX,ZAR,2015-10-23,ADV007,Western Cape,1,120,37082626.82
PF01897,CUST164430,Property Focus,Moderate,Discretionary,SAPY,ZAR,2021-04-19,ADV016,Gauteng,0,100,23459549.93
PF01898,CUST332881,Conservative Income,Conservative,Tax-Free Savings,ALBI,ZAR,2025-03-29,ADV013,Gauteng,1,70,20746368.61
PF01899,CUST274138,Conservative Income,Conservative,Retirement Annuity,ALBI,ZAR,2017-11-17,ADV009,Gauteng,1,70,1282992.54
PF01900,CUST257816,Aggressive Equity,Aggressive,Tax-Free Savings,SWIX,ZAR,2022-12-22,ADV007,Western Cape,1,120,7033837.32
PF01901,CUST191031,Conservative Income,Conservative,Endowment,ALBI,ZAR,2022-10-12,ADV026,KwaZulu-Natal,1,70,752494.98
PF01902,CUST195962,Balanced Growth,Moderate,Retirement Annuity,ALSI,ZAR,2019-09-07,ADV023,Western Cape,1,95,15481115.58
PF01903,CUST110226,Aggressive Equity,Aggressive,Endowment,SWIX,ZAR,2023-01-16,ADV022,Western Cape,1,120,2922127.66
PF01904,CUST186541,Conservative Income,Conservative,Retirement Annuity,ALBI,ZAR,2017-02-03,ADV006,Western Cape,1,70,24554362.55
PF01905,CUST399360,Conservative Income,Conservative,Retirement Annuity,ALBI,ZAR,2021-03-04,ADV005,North West,1,70,299928382.56
PF01906,CUST393797,Aggressive Equity,Aggressive,Pension Fund,SWIX,ZAR,2024-10-01,ADV027,KwaZulu-Natal,1,120,37241590.27
PF01907,CUST379705,Aggressive Equity,Aggressive,Tax-Free Savings,SWIX,ZAR,2020-10-02,ADV002,KwaZulu-Natal,1,120,5425713.47
PF01908,CUST098564,Property Focus,Moderate,Retirement Annuity,SAPY,ZAR,2024-09-02,ADV025,Gauteng,1,100,5628087.38
PF01909,CUST172880,Aggressive Equity,Aggressive,Discretionary,SWIX,ZAR,2021-12-23,ADV011,KwaZulu-Natal,1,120,8065431.65
PF01910,CUST190951,Money Market,Conservative,Living Annuity,STeFI,ZAR,2021-07-02,ADV002,Mpumalanga,0,35,6037680.76
PF01911,CUST111467,Money Market,Conservative,Retirement Annuity,STeFI,ZAR,2017-01-19,ADV028,KwaZulu-Natal,1,35,33067050.54
PF01912,CUST125460,Balanced Growth,Moderate,Discretionary,ALSI,ZAR,2019-03-05,ADV003,Western Cape,1,95,15524198.42
PF01913,CUST146920,Money Market,Conservative,Tax-Free Savings,STeFI,ZAR,2024-01-02,ADV002,Western Cape,0,35,36034021.71
PF01914,CUST007659,Absolute Return,Moderate,Living Annuity,STeFI + 4%,ZAR,2016-11-05,ADV008,Gauteng,1,110,11127847.46
PF01915,CUST315550,Balanced Growth,Moderate,Pension Fund,ALSI,ZAR,2022-01-01,ADV002,KwaZulu-Natal,1,95,55198558.55
PF01916,CUST402957,Aggressive Equity,Aggressive,Retirement Annuity,SWIX,ZAR,2024-02-19,ADV002,Eastern Cape,1,120,12405392.49
PF01917,CUST240295,Absolute Return,Moderate,Pension Fund,STeFI + 4%,ZAR,2023-01-19,ADV001,Western Cape,1,110,1631334.43
PF01918,CUST004620,Balanced Growth,Moderate,Retirement Annuity,ALSI,ZAR,2018-12-16,ADV002,Western Cape,1,95,18233797.47
PF01919,CUST172631,Absolute Return,Moderate,Living Annuity,STeFI + 4%,ZAR,2016-06-15,ADV021,Limpopo,1,110,1605553.97
PF01920,CUST325515,Aggressive Equity,Aggressive,Endowment,SWIX,ZAR,2015-09-29,ADV025,Eastern Cape,1,120,2336113.15
PF01921,CUST063839,Money Market,Conservative,Discretionary,STeFI,ZAR,2023-02-07,ADV008,Free State,0,35,9539978.62
PF01922,CUST192696,Absolute Return,Moderate,Tax-Free Savings,STeFI + 4%,ZAR,2015-09-02,ADV002,Western Cape,1,110,2024734.99
PF01923,CUST133851,Absolute Return,Moderate,Retirement Annuity,STeFI + 4%,ZAR,2024-07-26,ADV014,Gauteng,1,110,1491856.76
PF01924,CUST400009,Aggressive Equity,Aggressive,Retirement Annuity,SWIX,ZAR,2022-09-28,ADV012,North West,1,120,1017382.63
PF01925,CUST017338,Money Market,Conservative,Retirement Annuity,STeFI,ZAR,2019-01-15,ADV012,Gauteng,1,35,7291163.89
PF01926,CUST232920,Aggressive Equity,Aggressive,Discretionary,SWIX,ZAR,2018-07-22,ADV020,Gauteng,1,120,1414205.27
PF01927,CUST229153,Balanced Growth,Moderate,Retirement Annuity,ALSI,ZAR,2022-09-22,ADV024,Western Cape,1,95,19185439.83
PF01928,CUST404183,Aggressive Equity,Aggressive,Pension Fund,SWIX,ZAR,2018-08-12,ADV025,Limpopo,1,120,8800752.47
PF01929,CUST143011,Offshore Feeder,Aggressive,Pension Fund,MSCI World,ZAR,2017-11-27,ADV028,Gauteng,1,105,24689862.53
PF01930,CUST345317,Balanced Growth,Moderate,Discretionary,ALSI,ZAR,2019-02-19,ADV001,Western Cape,1,95,5969704.01
PF01931,CUST435271,Property Focus,Moderate,Discretionary,SAPY,ZAR,2021-09-27,ADV015,Gauteng,0,100,109078742.0
PF01932,CUST362975,Offshore Feeder,Aggressive,Discretionary,MSCI World,ZAR,2022-04-15,ADV014,Free State,0,105,46664938.65
PF01933,CUST328419,Balanced Growth,Moderate,Discretionary,ALSI,ZAR,2018-01-05,ADV005,Western Cape,1,95,4228667.38
PF01934,CUST114114,Property Focus,Moderate,Discretionary,SAPY,ZAR,2016-01-05,ADV002,Western Cape,0,100,2685656.47
PF01935,CUST319687,Property Focus,Moderate,Retirement Annuity,SAPY,ZAR,2017-03-24,ADV027,North West,1,100,5540626.25
PF01936,CUST156018,Aggressive Equity,Aggressive,Retirement Annuity,SWIX,ZAR,2016-04-10,ADV015,Western Cape,1,120,2900846.54
PF01937,CUST032079,Offshore Feeder,Aggressive,Endowment,MSCI World,ZAR,2015-12-25,ADV008,Mpumalanga,0,105,22527944.57
PF01938,CUST404614,Absolute Return,Moderate,Discretionary,STeFI + 4%,ZAR,2023-04-22,ADV016,North West,1,110,3585548.35
PF01939,CUST370968,Offshore Feeder,Aggressive,Living Annuity,MSCI World,ZAR,2018-03-12,ADV012,KwaZulu-Natal,0,105,9870542.77
PF01940,CUST496920,Absolute Return,Moderate,Discretionary,STeFI + 4%,ZAR,2018-06-17,ADV009,KwaZulu-Natal,1,110,3781883.69
PF01941,CUST216514,Absolute Return,Moderate,Pension Fund,STeFI + 4%,ZAR,2024-12-02,ADV026,Western Cape,1,110,27612398.55
PF01942,CUST046337,Offshore Feeder,Aggressive,Retirement Annuity,MSCI World,ZAR,2021-02-03,ADV005,Gauteng,1,105,177438397.19
PF01943,CUST103038,Aggressive Equity,Aggressive,Discretionary,SWIX,ZAR,2025-09-02,ADV014,Gauteng,1,120,91557375.46
PF01944,CUST045592,Balanced Growth,Moderate,Retirement Annuity,ALSI,ZAR,2020-06-30,ADV015,KwaZulu-Natal,1,95,33715725.14
PF01945,CUST352217,Aggressive Equity,Aggressive,Pension Fund,SWIX,ZAR,2023-03-31,ADV027,Western Cape,1,120,48449466.49
PF01946,CUST112234,Absolute Return,Moderate,Discretionary,STeFI + 4%,ZAR,2022-08-29,ADV020,Western Cape,1,110,3576533.24
PF01947,CUST264284,Balanced Growth,Moderate,Living Annuity,ALSI,ZAR,2021-08-25,ADV001,KwaZulu-Natal,1,95,59918105.9
PF01948,CUST041191,Balanced Growth,Moderate,Retirement Annuity,ALSI,ZAR,2019-10-08,ADV013,Gauteng,1,95,3058894.93
PF01949,CUST459207,Money Market,Conservative,Pension Fund,STeFI,ZAR,2025-09-23,ADV006,Gauteng,1,35,10672136.89
PF01950,CUST023228,Offshore Feeder,Aggressive,Retirement Annuity,MSCI World,ZAR,2025-08-01,ADV007,Mpumalanga,1,105,26441592.43
PF01951,CUST223779,Aggressive Equity,Aggressive,Living Annuity,SWIX,ZAR,2019-10-17,ADV020,Western Cape,1,120,388958.95
PF01952,CUST134935,Money Market,Conservative,Pension Fund,STeFI,ZAR,2016-02-24,ADV007,Gauteng,1,35,5683571.78
PF01953,CUST203188,Conservative Income,Conservative,Retirement Annuity,ALBI,ZAR,2016-05-15,ADV021,Western Cape,1,70,15784911.87
PF01954,CUST287502,Balanced Growth,Moderate,Tax-Free Savings,ALSI,ZAR,2020-04-05,ADV020,Gauteng,1,95,1725800.25
PF01955,CUST461931,Property Focus,Moderate,Discretionary,SAPY,ZAR,2015-07-31,ADV008,Gauteng,0,100,3423562.83
PF01956,CUST144711,Conservative Income,Conservative,Living Annuity,ALBI,ZAR,2025-06-28,ADV019,Gauteng,1,70,11290458.2
PF01957,CUST206646,Balanced Growth,Moderate,Tax-Free Savings,ALSI,ZAR,2021-08-24,ADV016,Gauteng,1,95,458818.58
PF01958,CUST477047,Property Focus,Moderate,Discretionary,SAPY,ZAR,2017-02-05,ADV011,Gauteng,0,100,5379747.86
PF01959,CUST304561,Absolute Return,Moderate,Endowment,STeFI + 4%,ZAR,2019-04-07,ADV003,Mpumalanga,1,110,1987912.05
PF01960,CUST226420,Offshore Feeder,Aggressive,Tax-Free Savings,MSCI World,ZAR,2018-08-03,ADV009,KwaZulu-Natal,0,105,114892974.25
PF01961,CUST044489,Balanced Growth,Moderate,Retirement Annuity,ALSI,ZAR,2015-10-10,ADV009,Western Cape,1,95,6591910.78
PF01962,CUST054836,Absolute Return,Moderate,Discretionary,STeFI + 4%,ZAR,2020-05-09,ADV025,Gauteng,1,110,20158468.16
PF01963,CUST267779,Conservative Income,Conservative,Living Annuity,ALBI,ZAR,2024-06-22,ADV015,Eastern Cape,1,70,14840184.46
PF01964,CUST388240,Aggressive Equity,Aggressive,Retirement Annuity,SWIX,ZAR,2020-11-22,ADV016,KwaZulu-Natal,1,120,23249768.15
PF01965,CUST049393,Conservative Income,Conservative,Discretionary,ALBI,ZAR,2017-09-08,ADV007,Mpumalanga,1,70,1503434.38
PF01966,CUST254128,Balanced Growth,Moderate,Retirement Annuity,ALSI,ZAR,2017-04-26,ADV023,Free State,1,95,40264946.64
PF01967,CUST246288,Offshore Feeder,Aggressive,Discretionary,MSCI World,ZAR,2018-10-30,ADV015,Limpopo,0,105,34456921.49
PF01968,CUST296257,Aggressive Equity,Aggressive,Discretionary,SWIX,ZAR,2022-09-05,ADV018,KwaZulu-Natal,1,120,6360584.71
PF01969,CUST000401,Conservative Income,Conservative,Retirement Annuity,ALBI,ZAR,2015-08-15,ADV024,KwaZulu-Natal,1,70,3679438.92
PF01970,CUST133877,Offshore Feeder,Aggressive,Tax-Free Savings,MSCI World,ZAR,2023-07-15,ADV028,Western Cape,0,105,7600387.34
PF01971,CUST359063,Aggressive Equity,Aggressive,Living Annuity,SWIX,ZAR,2015-10-09,ADV018,KwaZulu-Natal,1,120,14902662.6
PF01972,CUST070431,Property Focus,Moderate,Tax-Free Savings,SAPY,ZAR,2025-10-03,ADV015,Eastern Cape,0,100,1288569.9
PF01973,CUST276744,Property Focus,Moderate,Discretionary,SAPY,ZAR,2024-10-11,ADV018,Western Cape,0,100,3208128.72
PF01974,CUST040648,Absolute Return,Moderate,Retirement Annuity,STeFI + 4%,ZAR,2021-07-10,ADV009,Eastern Cape,1,110,589402.28
PF01975,CUST089457,Conservative Income,Conservative,Discretionary,ALBI,ZAR,2015-09-07,ADV004,Western Cape,1,70,37688140.72
PF01976,CUST054747,Balanced Growth,Moderate,Retirement Annuity,ALSI,ZAR,2020-10-05,ADV018,Gauteng,1,95,916181.56
PF01977,CUST452468,Aggressive Equity,Aggressive,Retirement Annuity,SWIX,ZAR,2023-12-02,ADV017,KwaZulu-Natal,1,120,16877360.21
PF01978,CUST218037,Aggressive Equity,Aggressive,Tax-Free Savings,SWIX,ZAR,2025-10-23,ADV016,KwaZulu-Natal,1,120,1918809.05
PF01979,CUST094732,Property Focus,Moderate,Discretionary,SAPY,ZAR,2024-08-04,ADV007,Gauteng,0,100,9019286.48
PF01980,CUST040518,Property Focus,Moderate,Retirement Annuity,SAPY,ZAR,2025-02-27,ADV024,KwaZulu-Natal,1,100,332224.62
PF01981,CUST256697,Money Market,Conservative,Retirement Annuity,STeFI,ZAR,2020-10-09,ADV006,Gauteng,1,35,43231962.19
PF01982,CUST109882,Conservative Income,Conservative,Retirement Annuity,ALBI,ZAR,2019-06-05,ADV012,Gauteng,1,70,13977158.85
PF01983,CUST093830,Conservative Income,Conservative,Living Annuity,ALBI,ZAR,2017-03-22,ADV026,Western Cape,1,70,61339548.33
PF01984,CUST304791,Absolute Return,Moderate,Living Annuity,STeFI + 4%,ZAR,2025-08-02,ADV001,Western Cape,1,110,1064505.3
PF01985,CUST398252,Conservative Income,Conservative,Pension Fund,ALBI,ZAR,2021-01-18,ADV015,Mpumalanga,1,70,370075.02
PF01986,CUST423575,Property Focus,Moderate,Pension Fund,SAPY,ZAR,2017-07-25,ADV002,Mpumalanga,1,100,14040513.31
PF01987,CUST377867,Offshore Feeder,Aggressive,Discretionary,MSCI World,ZAR,2021-05-05,ADV027,Eastern Cape,0,105,10919272.43
PF01988,CUST058629,Aggressive Equity,Aggressive,Discretionary,SWIX,ZAR,2016-02-14,ADV023,KwaZulu-Natal,1,120,1982334.09
PF01989,CUST363372,Absolute Return,Moderate,Tax-Free Savings,STeFI + 4%,ZAR,2016-01-11,ADV012,Gauteng,1,110,795406.33
PF01990,CUST274194,Balanced Growth,Moderate,Living Annuity,ALSI,ZAR,2020-09-18,ADV025,Gauteng,1,95,24754370.09
PF01991,CUST440254,Balanced Growth,Moderate,Discretionary,ALSI,ZAR,2020-04-26,ADV028,Gauteng,1,95,25822404.49
PF01992,CUST075358,Balanced Growth,Moderate,Discretionary,ALSI,ZAR,2016-12-27,ADV022,Gauteng,1,95,13491618.73
PF01993,CUST068879,Aggressive Equity,Aggressive,Discretionary,SWIX,ZAR,2024-07-24,ADV008,Western Cape,1,120,568981.17
PF01994,CUST104950,Property Focus,Moderate,Tax-Free Savings,SAPY,ZAR,2025-07-15,ADV006,KwaZulu-Natal,0,100,42744365.16
PF01995,CUST292699,Absolute Return,Moderate,Retirement Annuity,STeFI + 4%,ZAR,2024-03-10,ADV017,Free State,1,110,1695816.08
PF01996,CUST324898,Balanced Growth,Moderate,Living Annuity,ALSI,ZAR,2023-11-20,ADV006,Free State,1,95,6767263.82
PF01997,CUST072269,Aggressive Equity,Aggressive,Pension Fund,SWIX,ZAR,2022-07-23,ADV007,KwaZulu-Natal,1,120,10410185.6
PF01998,CUST263488,Money Market,Conservative,Discretionary,STeFI,ZAR,2015-12-29,ADV014,Western Cape,0,35,14265494.99
PF01999,CUST096888,Property Focus,Moderate,Tax-Free Savings,SAPY,ZAR,2025-05-17,ADV011,Gauteng,0,100,34963493.37
PF02000,CUST095366,Absolute Return,Moderate,Living Annuity,STeFI + 4%,ZAR,2019-02-02,ADV002,Limpopo,1,110,2433604.89
PF02001,CUST455614,Money Market,Conservative,Discretionary,STeFI,ZAR,2017-09-21,ADV011,Western Cape,0,35,18616078.01
PF02002,CUST379358,Conservative Income,Conservative,Endowment,ALBI,ZAR,2020-04-26,ADV012,Western Cape,1,70,36384342.59
PF02003,CUST315093,Money Market,Conservative,Living Annuity,STeFI,ZAR,2016-12-19,ADV018,Western Cape,0,35,6980000.69
PF02004,CUST186741,Aggressive Equity,Aggressive,Retirement Annuity,SWIX,ZAR,2023-03-02,ADV021,Gauteng,1,120,44343324.92
PF02005,CUST378866,Aggressive Equity,Aggressive,Retirement Annuity,SWIX,ZAR,2021-07-16,ADV010,Gauteng,1,120,5798360.98
PF02006,CUST190358,Property Focus,Moderate,Living Annuity,SAPY,ZAR,2016-06-23,ADV007,Western Cape,0,100,9391523.81
PF02007,CUST464012,Aggressive Equity,Aggressive,Retirement Annuity,SWIX,ZAR,2019-04-28,ADV020,Gauteng,1,120,13904913.71
PF02008,CUST104933,Offshore Feeder,Aggressive,Discretionary,MSCI World,ZAR,2023-05-05,ADV010,Gauteng,0,105,1329150.57
PF02009,CUST216149,Balanced Growth,Moderate,Pension Fund,ALSI,ZAR,2019-04-21,ADV028,Gauteng,1,95,30667135.18
PF02010,CUST315308,Aggressive Equity,Aggressive,Retirement Annuity,SWIX,ZAR,2023-11-19,ADV016,Gauteng,1,120,4204954.73
PF02011,CUST123329,Absolute Return,Moderate,Discretionary,STeFI + 4%,ZAR,2023-01-29,ADV021,Western Cape,1,110,22349409.37
PF02012,CUST427112,Absolute Return,Moderate,Discretionary,STeFI + 4%,ZAR,2015-06-07,ADV028,KwaZulu-Natal,1,110,1805448.11
PF02013,CUST087454,Offshore Feeder,Aggressive,Retirement Annuity,MSCI World,ZAR,2024-10-02,ADV017,Western Cape,1,105,26396089.03
PF02014,CUST405394,Absolute Return,Moderate,Living Annuity,STeFI + 4%,ZAR,2025-07-18,ADV024,KwaZulu-Natal,1,110,12622807.36
PF02015,CUST365904,Property Focus,Moderate,Endowment,SAPY,ZAR,2018-04-07,ADV009,Western Cape,0,100,1218036.97
PF02016,CUST393122,Balanced Growth,Moderate,Retirement Annuity,ALSI,ZAR,2015-05-05,ADV024,Mpumalanga,1,95,46288417.12
PF02017,CUST297191,Absolute Return,Moderate,Discretionary,STeFI + 4%,ZAR,2020-02-22,ADV028,Western Cape,1,110,5412224.21
PF02018,CUST264968,Aggressive Equity,Aggressive,Tax-Free Savings,SWIX,ZAR,2021-08-13,ADV021,Mpumalanga,1,120,7805226.71
PF02019,CUST286822,Money Market,Conservative,Retirement Annuity,STeFI,ZAR,2017-07-27,ADV004,KwaZulu-Natal,1,35,3841958.27
PF02020,CUST151611,Aggressive Equity,Aggressive,Retirement Annuity,SWIX,ZAR,2022-12-21,ADV011,KwaZulu-Natal,1,120,1780305.71
PF02021,CUST241184,Balanced Growth,Moderate,Pension Fund,ALSI,ZAR,2016-05-09,ADV028,Eastern Cape,1,95,13726714.4
PF02022,CUST420361,Offshore Feeder,Aggressive,Endowment,MSCI World,ZAR,2016-10-14,ADV012,Limpopo,0,105,13079038.25
PF02023,CUST375684,Property Focus,Moderate,Tax-Free Savings,SAPY,ZAR,2019-05-28,ADV027,Eastern Cape,0,100,13490815.51
PF02024,CUST200346,Aggressive Equity,Aggressive,Endowment,SWIX,ZAR,2019-09-13,ADV003,Gauteng,1,120,24491942.63
PF02025,CUST077938,Conservative Income,Conservative,Discretionary,ALBI,ZAR,2022-12-04,ADV008,Western Cape,1,70,37066754.73
PF02026,CUST350502,Conservative Income,Conservative,Living Annuity,ALBI,ZAR,2019-07-08,ADV016,Western Cape,1,70,7376466.66
PF02027,CUST478210,Conservative Income,Conservative,Pension Fund,ALBI,ZAR,2016-12-19,ADV023,Gauteng,1,70,1620123.39
PF02028,CUST016719,Offshore Feeder,Aggressive,Living Annuity,MSCI World,ZAR,2021-12-20,ADV002,Gauteng,0,105,4402900.77
PF02029,CUST286715,Money Market,Conservative,Endowment,STeFI,ZAR,2019-06-02,ADV010,Western Cape,0,35,5180837.86
PF02030,CUST418599,Money Market,Conservative,Retirement Annuity,STeFI,ZAR,2018-05-19,ADV008,Western Cape,1,35,5932002.81
PF02031,CUST273473,Money Market,Conservative,Retirement Annuity,STeFI,ZAR,2016-10-18,ADV021,KwaZulu-Natal,1,35,4436343.13
PF02032,CUST486514,Aggressive Equity,Aggressive,Discretionary,SWIX,ZAR,2020-01-31,ADV014,Eastern Cape,1,120,4327553.92
PF02033,CUST470582,Aggressive Equity,Aggressive,Living Annuity,SWIX,ZAR,2025-01-28,ADV028,Western Cape,1,120,1624294.65
PF02034,CUST365577,Property Focus,Moderate,Discretionary,SAPY,ZAR,2019-10-30,ADV005,Gauteng,0,100,4869041.1
PF02035,CUST377403,Aggressive Equity,Aggressive,Retirement Annuity,SWIX,ZAR,2017-08-21,ADV005,Western Cape,1,120,73475408.91
PF02036,CUST476659,Absolute Return,Moderate,Living Annuity,STeFI + 4%,ZAR,2025-11-16,ADV025,Gauteng,1,110,4578752.98
PF02037,CUST024201,Property Focus,Moderate,Living Annuity,SAPY,ZAR,2015-03-08,ADV011,Western Cape,0,100,39755140.12
PF02038,CUST038000,Balanced Growth,Moderate,Living Annuity,ALSI,ZAR,2018-11-26,ADV010,Gauteng,1,95,6762652.5
PF02039,CUST031673,Absolute Return,Moderate,Living Annuity,STeFI + 4%,ZAR,2018-05-04,ADV025,KwaZulu-Natal,1,110,14389087.57
PF02040,CUST269162,Offshore Feeder,Aggressive,Discretionary,MSCI World,ZAR,2016-01-28,ADV008,Gauteng,0,105,14896414.47
PF02041,CUST127985,Conservative Income,Conservative,Discretionary,ALBI,ZAR,2021-01-16,ADV015,Gauteng,1,70,1328344.12
PF02042,CUST217245,Property Focus,Moderate,Retirement Annuity,SAPY,ZAR,2016-10-21,ADV020,Eastern Cape,1,100,13870091.62
PF02043,CUST288179,Offshore Feeder,Aggressive,Discretionary,MSCI World,ZAR,2024-06-23,ADV019,Western Cape,0,105,4298862.14
PF02044,CUST107287,Offshore Feeder,Aggressive,Discretionary,MSCI World,ZAR,2024-05-29,ADV002,Gauteng,0,105,65862502.01
PF02045,CUST364811,Property Focus,Moderate,Discretionary,SAPY,ZAR,2024-09-12,ADV013,Mpumalanga,0,100,6988966.5
PF02046,CUST257117,Money Market,Conservative,Pension Fund,STeFI,ZAR,2021-04-10,ADV006,KwaZulu-Natal,1,35,14363714.78
PF02047,CUST222522,Money Market,Conservative,Living Annuity,STeFI,ZAR,2023-08-26,ADV005,Gauteng,0,35,1328760.23
PF02048,CUST427255,Property Focus,Moderate,Discretionary,SAPY,ZAR,2024-03-26,ADV009,Western Cape,0,100,10873988.48
PF02049,CUST093624,Money Market,Conservative,Pension Fund,STeFI,ZAR,2023-11-16,ADV012,KwaZulu-Natal,1,35,4997009.42
PF02050,CUST397769,Conservative Income,Conservative,Retirement Annuity,ALBI,ZAR,2015-03-22,ADV007,KwaZulu-Natal,1,70,16506442.14
PF02051,CUST248328,Offshore Feeder,Aggressive,Retirement Annuity,MSCI World,ZAR,2023-09-23,ADV020,Gauteng,1,105,2651680.96
PF02052,CUST255345,Offshore Feeder,Aggressive,Living Annuity,MSCI World,ZAR,2021-12-05,ADV014,Gauteng,0,105,11061214.8
PF02053,CUST315533,Aggressive Equity,Aggressive,Living Annuity,SWIX,ZAR,2025-07-01,ADV025,KwaZulu-Natal,1,120,2620535.38
PF02054,CUST245040,Property Focus,Moderate,Discretionary,SAPY,ZAR,2017-09-10,ADV015,North West,0,100,4006085.82
PF02055,CUST102999,Balanced Growth,Moderate,Retirement Annuity,ALSI,ZAR,2017-08-14,ADV021,Western Cape,1,95,16680026.43
PF02056,CUST333572,Money Market,Conservative,Discretionary,STeFI,ZAR,2015-03-15,ADV003,Gauteng,0,35,13762558.51
PF02057,CUST176050,Offshore Feeder,Aggressive,Discretionary,MSCI World,ZAR,2025-11-11,ADV004,Gauteng,0,105,2131820.31
PF02058,CUST344775,Balanced Growth,Moderate,Discretionary,ALSI,ZAR,2023-12-31,ADV010,Limpopo,1,95,3472617.63
PF02059,CUST192359,Conservative Income,Conservative,Tax-Free Savings,ALBI,ZAR,2016-01-28,ADV012,Gauteng,1,70,33568890.45
PF02060,CUST199908,Aggressive Equity,Aggressive,Pension Fund,SWIX,ZAR,2025-05-27,ADV007,KwaZulu-Natal,1,120,2801428.77
PF02061,CUST077895,Absolute Return,Moderate,Retirement Annuity,STeFI + 4%,ZAR,2015-07-22,ADV001,KwaZulu-Natal,1,110,5498021.84
PF02062,CUST008359,Conservative Income,Conservative,Tax-Free Savings,ALBI,ZAR,2025-09-07,ADV021,KwaZulu-Natal,1,70,1487289.36
PF02063,CUST318645,Property Focus,Moderate,Retirement Annuity,SAPY,ZAR,2022-07-14,ADV021,Western Cape,1,100,8320081.77
PF02064,CUST304681,Absolute Return,Moderate,Discretionary,STeFI + 4%,ZAR,2025-01-21,ADV001,Gauteng,1,110,2490889.93
PF02065,CUST363609,Aggressive Equity,Aggressive,Endowment,SWIX,ZAR,2021-07-30,ADV002,KwaZulu-Natal,1,120,1407568.13
PF02066,CUST370607,Property Focus,Moderate,Tax-Free Savings,SAPY,ZAR,2018-05-04,ADV009,KwaZulu-Natal,0,100,8624861.82
PF02067,CUST394595,Conservative Income,Conservative,Retirement Annuity,ALBI,ZAR,2015-04-22,ADV011,Gauteng,1,70,26893763.56
PF02068,CUST419861,Offshore Feeder,Aggressive,Discretionary,MSCI World,ZAR,2018-06-01,ADV015,Gauteng,0,105,1947826.02
PF02069,CUST443299,Money Market,Conservative,Discretionary,STeFI,ZAR,2016-01-31,ADV006,Eastern Cape,0,35,14749751.98
PF02070,CUST293467,Aggressive Equity,Aggressive,Retirement Annuity,SWIX,ZAR,2025-11-29,ADV009,Free State,1,120,5482572.72
PF02071,CUST461752,Money Market,Conservative,Living Annuity,STeFI,ZAR,2016-11-07,ADV028,Western Cape,0,35,1597246.23
PF02072,CUST052641,Aggressive Equity,Aggressive,Retirement Annuity,SWIX,ZAR,2022-09-16,ADV016,KwaZulu-Natal,1,120,13406423.23
PF02073,CUST173988,Property Focus,Moderate,Endowment,SAPY,ZAR,2024-02-26,ADV026,Western Cape,0,100,4350817.15
PF02074,CUST385876,Offshore Feeder,Aggressive,Retirement Annuity,MSCI World,ZAR,2023-09-17,ADV015,Gauteng,1,105,8775160.41
PF02075,CUST098804,Offshore Feeder,Aggressive,Living Annuity,MSCI World,ZAR,2023-01-18,ADV027,Free State,0,105,181555965.4
PF02076,CUST235696,Offshore Feeder,Aggressive,Retirement Annuity,MSCI World,ZAR,2025-04-01,ADV020,Gauteng,1,105,3579433.99
PF02077,CUST022306,Property Focus,Moderate,Retirement Annuity,SAPY,ZAR,2019-01-30,ADV007,Eastern Cape,1,100,15319995.57
PF02078,CUST131017,Conservative Income,Conservative,Pension Fund,ALBI,ZAR,2022-12-16,ADV022,Eastern Cape,1,70,25150177.68
PF02079,CUST065847,Property Focus,Moderate,Pension Fund,SAPY,ZAR,2021-08-13,ADV010,Mpumalanga,1,100,4863673.82
PF02080,CUST194564,Absolute Return,Moderate,Living Annuity,STeFI + 4%,ZAR,2020-07-24,ADV008,Gauteng,1,110,9309424.07
PF02081,CUST306304,Absolute Return,Moderate,Pension Fund,STeFI + 4%,ZAR,2019-10-04,ADV027,Western Cape,1,110,16116249.04
PF02082,CUST409520,Balanced Growth,Moderate,Retirement Annuity,ALSI,ZAR,2016-09-25,ADV017,Gauteng,1,95,7462857.07
PF02083,CUST255069,Absolute Return,Moderate,Discretionary,STeFI + 4%,ZAR,2015-05-25,ADV023,KwaZulu-Natal,1,110,25279990.63
PF02084,CUST076544,Offshore Feeder,Aggressive,Discretionary,MSCI World,ZAR,2021-10-24,ADV020,Mpumalanga,0,105,7678513.34
PF02085,CUST298721,Absolute Return,Moderate,Discretionary,STeFI + 4%,ZAR,2016-12-22,ADV024,Mpumalanga,1,110,4365901.44
PF02086,CUST379387,Property Focus,Moderate,Endowment,SAPY,ZAR,2016-12-24,ADV019,Gauteng,0,100,2190985.29
PF02087,CUST272419,Absolute Return,Moderate,Tax-Free Savings,STeFI + 4%,ZAR,2023-06-30,ADV003,Gauteng,1,110,41147802.36
PF02088,CUST272044,Money Market,Conservative,Retirement Annuity,STeFI,ZAR,2019-05-27,ADV023,Western Cape,1,35,5049611.33
PF02089,CUST168935,Offshore Feeder,Aggressive,Retirement Annuity,MSCI World,ZAR,2025-11-02,ADV008,Gauteng,1,105,3778491.42
PF02090,CUST091248,Offshore Feeder,Aggressive,Living Annuity,MSCI World,ZAR,2016-12-18,ADV006,Gauteng,0,105,9808201.94
PF02091,CUST237010,Money Market,Conservative,Retirement Annuity,STeFI,ZAR,2018-10-22,ADV022,Western Cape,1,35,10565120.52
PF02092,CUST005260,Property Focus,Moderate,Living Annuity,SAPY,ZAR,2024-07-17,ADV004,KwaZulu-Natal,0,100,59244295.44
PF02093,CUST157825,Aggressive Equity,Aggressive,Pension Fund,SWIX,ZAR,2020-11-16,ADV023,KwaZulu-Natal,1,120,16745136.81
PF02094,CUST255685,Aggressive Equity,Aggressive,Retirement Annuity,SWIX,ZAR,2016-02-20,ADV003,Gauteng,1,120,4189528.49
PF02095,CUST151969,Conservative Income,Conservative,Retirement Annuity,ALBI,ZAR,2017-10-13,ADV022,Western Cape,1,70,17307624.32
PF02096,CUST173295,Conservative Income,Conservative,Retirement Annuity,ALBI,ZAR,2022-07-24,ADV002,Free State,1,70,21877191.75
PF02097,CUST311622,Offshore Feeder,Aggressive,Discretionary,MSCI World,ZAR,2015-04-12,ADV001,Gauteng,0,105,25447656.67
PF02098,CUST123032,Money Market,Conservative,Retirement Annuity,STeFI,ZAR,2022-07-27,ADV015,North West,1,35,2979493.94
PF02099,CUST127362,Aggressive Equity,Aggressive,Discretionary,SWIX,ZAR,2024-10-08,ADV021,Western Cape,1,120,4895196.66
PF02100,CUST217440,Conservative Income,Conservative,Discretionary,ALBI,ZAR,2018-04-16,ADV017,KwaZulu-Natal,1,70,41953166.74
PF02101,CUST208883,Offshore Feeder,Aggressive,Pension Fund,MSCI World,ZAR,2023-04-25,ADV013,Western Cape,1,105,31732647.58
PF02102,CUST122732,Balanced Growth,Moderate,Discretionary,ALSI,ZAR,2023-02-15,ADV004,Gauteng,1,95,18252055.93
PF02103,CUST010413,Property Focus,Moderate,Endowment,SAPY,ZAR,2020-07-21,ADV016,Gauteng,0,100,3608660.66
PF02104,CUST427282,Offshore Feeder,Aggressive,Discretionary,MSCI World,ZAR,2018-03-29,ADV002,Gauteng,0,105,6043430.32
PF02105,CUST137246,Money Market,Conservative,Discretionary,STeFI,ZAR,2020-08-26,ADV014,Western Cape,0,35,8000657.07
PF02106,CUST144015,Absolute Return,Moderate,Retirement Annuity,STeFI + 4%,ZAR,2023-09-22,ADV020,Gauteng,1,110,4704345.45
PF02107,CUST149450,Absolute Return,Moderate,Discretionary,STeFI + 4%,ZAR,2018-08-22,ADV011,Western Cape,1,110,4916358.82
PF02108,CUST378303,Offshore Feeder,Aggressive,Retirement Annuity,MSCI World,ZAR,2019-10-31,ADV012,Gauteng,1,105,40946117.5
PF02109,CUST127824,Property Focus,Moderate,Living Annuity,SAPY,ZAR,2023-09-13,ADV010,Gauteng,0,100,2696937.07
PF02110,CUST040087,Aggressive Equity,Aggressive,Living Annuity,SWIX,ZAR,2021-03-20,ADV022,Western Cape,1,120,27810939.99
PF02111,CUST422015,Offshore Feeder,Aggressive,Pension Fund,MSCI World,ZAR,2022-04-01,ADV001,Western Cape,1,105,18431475.72
PF02112,CUST410672,Balanced Growth,Moderate,Discretionary,ALSI,ZAR,2017-07-10,ADV027,Western Cape,1,95,933260.07
PF02113,CUST008142,Aggressive Equity,Aggressive,Retirement Annuity,SWIX,ZAR,2016-05-09,ADV024,Western Cape,1,120,433382.52
PF02114,CUST277012,Offshore Feeder,Aggressive,Retirement Annuity,MSCI World,ZAR,2023-05-09,ADV021,Western Cape,1,105,1664809.05
PF02115,CUST078091,Offshore Feeder,Aggressive,Discretionary,MSCI World,ZAR,2020-02-22,ADV018,Gauteng,0,105,736239.05
PF02116,CUST064277,Balanced Growth,Moderate,Discretionary,ALSI,ZAR,2017-06-29,ADV005,Gauteng,1,95,69180936.44
PF02117,CUST125037,Property Focus,Moderate,Pension Fund,SAPY,ZAR,2019-12-31,ADV001,Gauteng,1,100,6730049.17
PF02118,CUST011394,Property Focus,Moderate,Discretionary,SAPY,ZAR,2015-10-13,ADV019,Mpumalanga,0,100,5670816.84
PF02119,CUST448511,Conservative Income,Conservative,Discretionary,ALBI,ZAR,2018-01-18,ADV003,Eastern Cape,1,70,138694991.46
PF02120,CUST108943,Conservative Income,Conservative,Tax-Free Savings,ALBI,ZAR,2019-08-24,ADV014,Gauteng,1,70,6218046.34
PF02121,CUST077301,Absolute Return,Moderate,Retirement Annuity,STeFI + 4%,ZAR,2024-01-02,ADV023,Gauteng,1,110,2479877.57
PF02122,CUST341554,Money Market,Conservative,Pension Fund,STeFI,ZAR,2016-12-03,ADV009,Gauteng,1,35,9051414.32
PF02123,CUST198826,Aggressive Equity,Aggressive,Retirement Annuity,SWIX,ZAR,2016-07-13,ADV006,Western Cape,1,120,30173037.14
PF02124,CUST194528,Absolute Return,Moderate,Pension Fund,STeFI + 4%,ZAR,2015-05-30,ADV002,Western Cape,1,110,20879657.24
PF02125,CUST414286,Property Focus,Moderate,Discretionary,SAPY,ZAR,2019-07-28,ADV009,Gauteng,0,100,13218102.03
PF02126,CUST349844,Offshore Feeder,Aggressive,Tax-Free Savings,MSCI World,ZAR,2022-03-07,ADV010,Mpumalanga,0,105,2647259.59
PF02127,CUST373090,Money Market,Conservative,Tax-Free Savings,STeFI,ZAR,2023-02-09,ADV019,Western Cape,0,35,4918833.03
PF02128,CUST266896,Absolute Return,Moderate,Retirement Annuity,STeFI + 4%,ZAR,2017-01-28,ADV020,Gauteng,1,110,3496257.09
PF02129,CUST102521,Balanced Growth,Moderate,Retirement Annuity,ALSI,ZAR,2024-11-27,ADV011,Gauteng,1,95,5146986.27
PF02130,CUST231633,Aggressive Equity,Aggressive,Retirement Annuity,SWIX,ZAR,2025-08-01,ADV009,Gauteng,1,120,27131115.69
PF02131,CUST215074,Money Market,Conservative,Discretionary,STeFI,ZAR,2025-12-14,ADV016,Gauteng,0,35,36477895.16
PF02132,CUST307424,Property Focus,Moderate,Discretionary,SAPY,ZAR,2015-06-10,ADV015,Gauteng,0,100,2096473.44
PF02133,CUST349842,Money Market,Conservative,Retirement Annuity,STeFI,ZAR,2019-05-11,ADV014,Eastern Cape,1,35,6906254.35
PF02134,CUST208190,Property Focus,Moderate,Pension Fund,SAPY,ZAR,2017-03-15,ADV014,Mpumalanga,1,100,622394.78
PF02135,CUST339637,Aggressive Equity,Aggressive,Endowment,SWIX,ZAR,2020-01-07,ADV011,Western Cape,1,120,3610440.97
PF02136,CUST162821,Money Market,Conservative,Pension Fund,STeFI,ZAR,2016-05-29,ADV002,KwaZulu-Natal,1,35,5372829.63
PF02137,CUST222666,Balanced Growth,Moderate,Retirement Annuity,ALSI,ZAR,2025-12-09,ADV014,Western Cape,1,95,1690042.43
PF02138,CUST227864,Conservative Income,Conservative,Pension Fund,ALBI,ZAR,2017-01-11,ADV007,Eastern Cape,1,70,1363104.71
PF02139,CUST400039,Aggressive Equity,Aggressive,Endowment,SWIX,ZAR,2021-12-28,ADV017,Gauteng,1,120,55498393.29
PF02140,CUST452877,Money Market,Conservative,Pension Fund,STeFI,ZAR,2015-07-07,ADV007,Gauteng,1,35,67265226.95
PF02141,CUST488149,Balanced Growth,Moderate,Tax-Free Savings,ALSI,ZAR,2020-10-01,ADV023,Gauteng,1,95,7578075.27
PF02142,CUST299770,Balanced Growth,Moderate,Discretionary,ALSI,ZAR,2024-06-18,ADV009,Western Cape,1,95,27174605.24
PF02143,CUST085318,Aggressive Equity,Aggressive,Tax-Free Savings,SWIX,ZAR,2017-02-03,ADV026,Western Cape,1,120,15097114.56
PF02144,CUST229595,Aggressive Equity,Aggressive,Discretionary,SWIX,ZAR,2020-07-13,ADV021,KwaZulu-Natal,1,120,3544359.72
PF02145,CUST338133,Property Focus,Moderate,Discretionary,SAPY,ZAR,2020-09-25,ADV012,Gauteng,0,100,5684843.41
PF02146,CUST407063,Absolute Return,Moderate,Discretionary,STeFI + 4%,ZAR,2015-03-27,ADV016,Western Cape,1,110,8202110.81
PF02147,CUST234241,Conservative Income,Conservative,Retirement Annuity,ALBI,ZAR,2015-05-29,ADV004,Northern Cape,1,70,1610584.71
PF02148,CUST338453,Balanced Growth,Moderate,Discretionary,ALSI,ZAR,2020-08-16,ADV028,Free State,1,95,12442800.89
PF02149,CUST013837,Money Market,Conservative,Living Annuity,STeFI,ZAR,2019-05-15,ADV023,Gauteng,0,35,9886806.96
PF02150,CUST335519,Absolute Return,Moderate,Discretionary,STeFI + 4%,ZAR,2018-03-28,ADV014,Western Cape,1,110,2846691.61
PF02151,CUST441634,Absolute Return,Moderate,Living Annuity,STeFI + 4%,ZAR,2016-10-15,ADV025,Gauteng,1,110,41730046.42
PF02152,CUST215164,Offshore Feeder,Aggressive,Retirement Annuity,MSCI World,ZAR,2022-09-17,ADV007,KwaZulu-Natal,1,105,2852294.65
PF02153,CUST223418,Aggressive Equity,Aggressive,Retirement Annuity,SWIX,ZAR,2017-01-09,ADV015,Western Cape,1,120,10259462.27
PF02154,CUST379110,Money Market,Conservative,Retirement Annuity,STeFI,ZAR,2017-11-27,ADV018,Western Cape,1,35,5480327.71
PF02155,CUST247859,Property Focus,Moderate,Discretionary,SAPY,ZAR,2021-03-11,ADV005,Gauteng,0,100,1331698.66
PF02156,CUST034921,Balanced Growth,Moderate,Discretionary,ALSI,ZAR,2020-10-06,ADV022,Limpopo,1,95,7597970.64
PF02157,CUST016250,Aggressive Equity,Aggressive,Retirement Annuity,SWIX,ZAR,2020-10-31,ADV007,Mpumalanga,1,120,8797579.66
PF02158,CUST134940,Aggressive Equity,Aggressive,Discretionary,SWIX,ZAR,2025-02-02,ADV026,KwaZulu-Natal,1,120,6279362.43
PF02159,CUST250116,Balanced Growth,Moderate,Living Annuity,ALSI,ZAR,2025-11-06,ADV011,Western Cape,1,95,5203232.37
PF02160,CUST210017,Aggressive Equity,Aggressive,Pension Fund,SWIX,ZAR,2021-01-09,ADV004,Northern Cape,1,120,93887058.46
PF02161,CUST345947,Absolute Return,Moderate,Living Annuity,STeFI + 4%,ZAR,2015-12-01,ADV018,Gauteng,1,110,681267.62
PF02162,CUST026702,Absolute Return,Moderate,Pension Fund,STeFI + 4%,ZAR,2017-02-04,ADV021,Gauteng,1,110,9437847.41
PF02163,CUST490370,Property Focus,Moderate,Pension Fund,SAPY,ZAR,2018-04-11,ADV013,Gauteng,1,100,8750255.34
PF02164,CUST258680,Conservative Income,Conservative,Discretionary,ALBI,ZAR,2024-09-05,ADV015,North West,1,70,838072.79
PF02165,CUST103370,Money Market,Conservative,Tax-Free Savings,STeFI,ZAR,2017-03-18,ADV018,Gauteng,0,35,3179974.44
PF02166,CUST169164,Balanced Growth,Moderate,Tax-Free Savings,ALSI,ZAR,2015-04-14,ADV004,Mpumalanga,1,95,19066611.77
PF02167,CUST015318,Conservative Income,Conservative,Retirement Annuity,ALBI,ZAR,2023-09-30,ADV017,Gauteng,1,70,5566165.05
PF02168,CUST262925,Balanced Growth,Moderate,Discretionary,ALSI,ZAR,2025-06-11,ADV015,Gauteng,1,95,204309.06
PF02169,CUST213410,Balanced Growth,Moderate,Pension Fund,ALSI,ZAR,2017-08-07,ADV014,Mpumalanga,1,95,3859143.43
PF02170,CUST283564,Aggressive Equity,Aggressive,Retirement Annuity,SWIX,ZAR,2025-09-15,ADV014,North West,1,120,22153860.57
PF02171,CUST421200,Property Focus,Moderate,Living Annuity,SAPY,ZAR,2024-05-08,ADV018,Western Cape,0,100,42606827.23
PF02172,CUST463193,Aggressive Equity,Aggressive,Discretionary,SWIX,ZAR,2022-09-20,ADV017,Gauteng,1,120,4199613.23
PF02173,CUST334926,Absolute Return,Moderate,Retirement Annuity,STeFI + 4%,ZAR,2017-12-06,ADV023,Western Cape,1,110,31191259.4
PF02174,CUST047938,Property Focus,Moderate,Endowment,SAPY,ZAR,2023-12-23,ADV006,Western Cape,0,100,1325496.11
PF02175,CUST001961,Money Market,Conservative,Discretionary,STeFI,ZAR,2015-11-18,ADV014,Northern Cape,0,35,22503671.92
PF02176,CUST015626,Money Market,Conservative,Discretionary,STeFI,ZAR,2016-05-12,ADV010,Gauteng,0,35,2023749.0
PF02177,CUST103105,Conservative Income,Conservative,Living Annuity,ALBI,ZAR,2020-06-29,ADV001,Gauteng,1,70,4513072.94
PF02178,CUST009465,Property Focus,Moderate,Endowment,SAPY,ZAR,2020-04-19,ADV002,Western Cape,0,100,5460041.57
PF02179,CUST223816,Offshore Feeder,Aggressive,Discretionary,MSCI World,ZAR,2018-05-27,ADV020,Gauteng,0,105,42548561.19
PF02180,CUST267745,Conservative Income,Conservative,Endowment,ALBI,ZAR,2022-04-27,ADV011,Gauteng,1,70,74379201.1
PF02181,CUST448422,Balanced Growth,Moderate,Endowment,ALSI,ZAR,2023-10-10,ADV018,Western Cape,1,95,3307430.24
PF02182,CUST471586,Conservative Income,Conservative,Endowment,ALBI,ZAR,2018-11-01,ADV005,KwaZulu-Natal,1,70,14678767.14
PF02183,CUST463612,Balanced Growth,Moderate,Retirement Annuity,ALSI,ZAR,2022-06-29,ADV020,Gauteng,1,95,2899317.25
PF02184,CUST405388,Aggressive Equity,Aggressive,Living Annuity,SWIX,ZAR,2016-11-24,ADV015,Mpumalanga,1,120,1777748.96
PF02185,CUST177779,Money Market,Conservative,Retirement Annuity,STeFI,ZAR,2015-08-16,ADV023,Eastern Cape,1,35,4499770.22
PF02186,CUST380341,Conservative Income,Conservative,Pension Fund,ALBI,ZAR,2016-10-29,ADV024,Northern Cape,1,70,18033011.73
PF02187,CUST421509,Money Market,Conservative,Discretionary,STeFI,ZAR,2025-10-03,ADV001,Gauteng,0,35,43754911.79
PF02188,CUST177057,Money Market,Conservative,Retirement Annuity,STeFI,ZAR,2018-07-30,ADV022,Limpopo,1,35,8021555.85
PF02189,CUST442131,Offshore Feeder,Aggressive,Discretionary,MSCI World,ZAR,2023-10-06,ADV025,Limpopo,0,105,1546537.8
PF02190,CUST267005,Property Focus,Moderate,Retirement Annuity,SAPY,ZAR,2019-04-28,ADV024,Limpopo,1,100,246215940.88
PF02191,CUST428302,Property Focus,Moderate,Living Annuity,SAPY,ZAR,2015-09-19,ADV007,Gauteng,0,100,4922277.99
PF02192,CUST153610,Aggressive Equity,Aggressive,Pension Fund,SWIX,ZAR,2016-08-06,ADV015,Eastern Cape,1,120,18284895.98
PF02193,CUST135635,Money Market,Conservative,Tax-Free Savings,STeFI,ZAR,2018-12-19,ADV009,Gauteng,0,35,2797400.28
PF02194,CUST437485,Absolute Return,Moderate,Discretionary,STeFI + 4%,ZAR,2017-02-08,ADV021,Western Cape,1,110,54441050.78
PF02195,CUST038871,Offshore Feeder,Aggressive,Tax-Free Savings,MSCI World,ZAR,2020-03-02,ADV006,Western Cape,0,105,3314742.7
PF02196,CUST390059,Absolute Return,Moderate,Discretionary,STeFI + 4%,ZAR,2020-08-15,ADV021,Gauteng,1,110,17042130.3
PF02197,CUST375418,Conservative Income,Conservative,Retirement Annuity,ALBI,ZAR,2024-12-03,ADV016,Western Cape,1,70,20401183.51
PF02198,CUST248077,Money Market,Conservative,Retirement Annuity,STeFI,ZAR,2021-06-02,ADV027,Free State,1,35,31728116.39
PF02199,CUST311783,Conservative Income,Conservative,Tax-Free Savings,ALBI,ZAR,2015-11-03,ADV022,Eastern Cape,1,70,19253390.64
PF02200,CUST280161,Money Market,Conservative,Living Annuity,STeFI,ZAR,2018-05-23,ADV013,Gauteng,0,35,3634332.53
PF02201,CUST240685,Absolute Return,Moderate,Living Annuity,STeFI + 4%,ZAR,2017-01-05,ADV023,Eastern Cape,1,110,16408683.69
PF02202,CUST346394,Aggressive Equity,Aggressive,Pension Fund,SWIX,ZAR,2025-04-27,ADV023,Free State,1,120,4641510.55
PF02203,CUST290382,Aggressive Equity,Aggressive,Living Annuity,SWIX,ZAR,2018-11-07,ADV011,Gauteng,1,120,5601184.54
PF02204,CUST490247,Money Market,Conservative,Endowment,STeFI,ZAR,2021-08-10,ADV027,KwaZulu-Natal,0,35,5027834.47
PF02205,CUST414004,Balanced Growth,Moderate,Living Annuity,ALSI,ZAR,2019-07-14,ADV004,KwaZulu-Natal,1,95,939625.0
PF02206,CUST051277,Money Market,Conservative,Tax-Free Savings,STeFI,ZAR,2015-10-29,ADV018,KwaZulu-Natal,0,35,1341768.58
PF02207,CUST490045,Balanced Growth,Moderate,Discretionary,ALSI,ZAR,2023-05-11,ADV025,Gauteng,1,95,17400442.92
PF02208,CUST465001,Absolute Return,Moderate,Retirement Annuity,STeFI + 4%,ZAR,2021-12-11,ADV017,Western Cape,1,110,5871502.1
PF02209,CUST310256,Conservative Income,Conservative,Pension Fund,ALBI,ZAR,2020-02-04,ADV004,Gauteng,1,70,5161566.25
PF02210,CUST070786,Conservative Income,Conservative,Discretionary,ALBI,ZAR,2022-11-17,ADV026,KwaZulu-Natal,1,70,3183015.54
PF02211,CUST212757,Aggressive Equity,Aggressive,Retirement Annuity,SWIX,ZAR,2023-10-19,ADV002,Gauteng,1,120,3881153.14
PF02212,CUST059690,Property Focus,Moderate,Discretionary,SAPY,ZAR,2022-11-19,ADV028,Gauteng,0,100,5511535.13
PF02213,CUST227613,Balanced Growth,Moderate,Retirement Annuity,ALSI,ZAR,2020-05-05,ADV016,Gauteng,1,95,51200570.16
PF02214,CUST007454,Aggressive Equity,Aggressive,Living Annuity,SWIX,ZAR,2015-10-06,ADV010,Gauteng,1,120,11905764.3
PF02215,CUST082814,Conservative Income,Conservative,Living Annuity,ALBI,ZAR,2018-07-03,ADV011,Eastern Cape,1,70,205098698.46
PF02216,CUST498965,Absolute Return,Moderate,Retirement Annuity,STeFI + 4%,ZAR,2020-05-17,ADV010,Gauteng,1,110,26710826.29
PF02217,CUST431660,Offshore Feeder,Aggressive,Discretionary,MSCI World,ZAR,2018-09-01,ADV017,KwaZulu-Natal,0,105,16014163.47
PF02218,CUST497269,Aggressive Equity,Aggressive,Living Annuity,SWIX,ZAR,2018-12-30,ADV007,Mpumalanga,1,120,1551404.74
PF02219,CUST102492,Balanced Growth,Moderate,Retirement Annuity,ALSI,ZAR,2025-09-26,ADV004,Gauteng,1,95,14623919.6
PF02220,CUST229959,Conservative Income,Conservative,Living Annuity,ALBI,ZAR,2015-05-03,ADV006,Western Cape,1,70,2340723.45
PF02221,CUST172298,Money Market,Conservative,Pension Fund,STeFI,ZAR,2025-04-05,ADV015,Gauteng,1,35,2847043.66
PF02222,CUST022782,Balanced Growth,Moderate,Tax-Free Savings,ALSI,ZAR,2025-11-19,ADV017,Free State,1,95,3573260.5
PF02223,CUST085475,Offshore Feeder,Aggressive,Living Annuity,MSCI World,ZAR,2018-10-18,ADV020,KwaZulu-Natal,0,105,11465478.62
PF02224,CUST107590,Offshore Feeder,Aggressive,Discretionary,MSCI World,ZAR,2016-10-02,ADV015,Gauteng,0,105,7375749.55
PF02225,CUST418131,Money Market,Conservative,Living Annuity,STeFI,ZAR,2020-03-19,ADV018,Free State,0,35,8246132.66
PF02226,CUST162140,Absolute Return,Moderate,Living Annuity,STeFI + 4%,ZAR,2015-04-19,ADV005,Western Cape,1,110,6989182.27
PF02227,CUST265197,Balanced Growth,Moderate,Discretionary,ALSI,ZAR,2018-04-18,ADV017,Gauteng,1,95,19054329.68
PF02228,CUST297143,Aggressive Equity,Aggressive,Retirement Annuity,SWIX,ZAR,2016-11-22,ADV010,Gauteng,1,120,2019807.64
PF02229,CUST168154,Aggressive Equity,Aggressive,Endowment,SWIX,ZAR,2019-04-20,ADV005,Western Cape,1,120,6379104.31
PF02230,CUST310359,Property Focus,Moderate,Living Annuity,SAPY,ZAR,2018-04-12,ADV012,Gauteng,0,100,598027.96
PF02231,CUST028718,Money Market,Conservative,Discretionary,STeFI,ZAR,2015-06-03,ADV025,Mpumalanga,0,35,7989901.3
PF02232,CUST014614,Balanced Growth,Moderate,Retirement Annuity,ALSI,ZAR,2023-05-01,ADV006,Gauteng,1,95,887624.08
PF02233,CUST400605,Offshore Feeder,Aggressive,Retirement Annuity,MSCI World,ZAR,2024-11-05,ADV005,KwaZulu-Natal,1,105,1468926.09
PF02234,CUST142083,Conservative Income,Conservative,Discretionary,ALBI,ZAR,2018-04-15,ADV002,Northern Cape,1,70,5723948.36
PF02235,CUST489969,Conservative Income,Conservative,Retirement Annuity,ALBI,ZAR,2021-12-18,ADV018,KwaZulu-Natal,1,70,370157.55
PF02236,CUST062518,Balanced Growth,Moderate,Pension Fund,ALSI,ZAR,2025-03-03,ADV018,Gauteng,1,95,237710.21
PF02237,CUST264733,Balanced Growth,Moderate,Pension Fund,ALSI,ZAR,2015-12-16,ADV019,Western Cape,1,95,26387446.05
PF02238,CUST085090,Property Focus,Moderate,Retirement Annuity,SAPY,ZAR,2022-05-30,ADV010,Mpumalanga,1,100,3703666.58
PF02239,CUST113356,Conservative Income,Conservative,Discretionary,ALBI,ZAR,2024-08-03,ADV006,Gauteng,1,70,150541012.06
PF02240,CUST338356,Aggressive Equity,Aggressive,Discretionary,SWIX,ZAR,2018-03-24,ADV028,Free State,1,120,33546427.91
PF02241,CUST222041,Balanced Growth,Moderate,Discretionary,ALSI,ZAR,2019-09-08,ADV024,Gauteng,1,95,3456056.28
PF02242,CUST280195,Money Market,Conservative,Tax-Free Savings,STeFI,ZAR,2016-09-10,ADV003,Gauteng,0,35,46945564.03
PF02243,CUST437379,Aggressive Equity,Aggressive,Discretionary,SWIX,ZAR,2017-06-15,ADV018,North West,1,120,13672578.67
PF02244,CUST328382,Money Market,Conservative,Retirement Annuity,STeFI,ZAR,2022-05-13,ADV003,Western Cape,1,35,20306250.71
PF02245,CUST157349,Absolute Return,Moderate,Pension Fund,STeFI + 4%,ZAR,2015-09-16,ADV004,Gauteng,1,110,35727667.22
PF02246,CUST039849,Offshore Feeder,Aggressive,Discretionary,MSCI World,ZAR,2024-08-03,ADV005,Gauteng,0,105,2552359.4
PF02247,CUST009490,Aggressive Equity,Aggressive,Tax-Free Savings,SWIX,ZAR,2023-03-14,ADV020,Free State,1,120,29655716.04
PF02248,CUST373016,Conservative Income,Conservative,Discretionary,ALBI,ZAR,2021-03-26,ADV006,Eastern Cape,1,70,564303.24
PF02249,CUST417570,Aggressive Equity,Aggressive,Endowment,SWIX,ZAR,2015-05-20,ADV021,Gauteng,1,120,1147181.99
PF02250,CUST338811,Aggressive Equity,Aggressive,Living Annuity,SWIX,ZAR,2020-08-22,ADV014,Free State,1,120,11097133.93
PF02251,CUST040444,Conservative Income,Conservative,Discretionary,ALBI,ZAR,2023-09-20,ADV009,Gauteng,1,70,3890817.29
PF02252,CUST096991,Absolute Return,Moderate,Retirement Annuity,STeFI + 4%,ZAR,2022-09-19,ADV025,Western Cape,1,110,15026444.62
PF02253,CUST208268,Money Market,Conservative,Discretionary,STeFI,ZAR,2023-01-20,ADV017,Gauteng,0,35,27149784.19
PF02254,CUST229301,Aggressive Equity,Aggressive,Pension Fund,SWIX,ZAR,2015-09-01,ADV028,Gauteng,1,120,9174135.37
PF02255,CUST102354,Money Market,Conservative,Living Annuity,STeFI,ZAR,2016-12-18,ADV014,KwaZulu-Natal,0,35,34603506.43
PF02256,CUST221469,Balanced Growth,Moderate,Retirement Annuity,ALSI,ZAR,2024-11-11,ADV023,Eastern Cape,1,95,15940057.94
PF02257,CUST152266,Aggressive Equity,Aggressive,Discretionary,SWIX,ZAR,2023-09-15,ADV001,Mpumalanga,1,120,150517040.86
PF02258,CUST176583,Offshore Feeder,Aggressive,Retirement Annuity,MSCI World,ZAR,2023-02-22,ADV009,KwaZulu-Natal,1,105,1115032.84
PF02259,CUST308480,Property Focus,Moderate,Pension Fund,SAPY,ZAR,2023-01-25,ADV028,Eastern Cape,1,100,5683892.36
PF02260,CUST064580,Balanced Growth,Moderate,Tax-Free Savings,ALSI,ZAR,2015-06-21,ADV001,Mpumalanga,1,95,8775906.07
PF02261,CUST340255,Property Focus,Moderate,Living Annuity,SAPY,ZAR,2025-03-23,ADV020,Western Cape,0,100,3800508.86
PF02262,CUST482081,Absolute Return,Moderate,Retirement Annuity,STeFI + 4%,ZAR,2015-11-30,ADV019,Gauteng,1,110,3479626.23
PF02263,CUST445413,Conservative Income,Conservative,Retirement Annuity,ALBI,ZAR,2025-10-26,ADV002,Gauteng,1,70,6441757.56
PF02264,CUST425123,Money Market,Conservative,Discretionary,STeFI,ZAR,2025-08-29,ADV003,Gauteng,0,35,10628094.85
PF02265,CUST096956,Balanced Growth,Moderate,Pension Fund,ALSI,ZAR,2022-08-02,ADV028,Western Cape,1,95,676012.01
PF02266,CUST471951,Aggressive Equity,Aggressive,Discretionary,SWIX,ZAR,2025-12-16,ADV001,Western Cape,1,120,42000682.69
PF02267,CUST195313,Money Market,Conservative,Pension Fund,STeFI,ZAR,2020-08-15,ADV026,KwaZulu-Natal,1,35,17773095.72
PF02268,CUST054290,Offshore Feeder,Aggressive,Discretionary,MSCI World,ZAR,2024-01-02,ADV020,Western Cape,0,105,5904516.19
PF02269,CUST268163,Absolute Return,Moderate,Discretionary,STeFI + 4%,ZAR,2020-03-04,ADV020,KwaZulu-Natal,1,110,7634352.03
PF02270,CUST407846,Money Market,Conservative,Discretionary,STeFI,ZAR,2019-08-14,ADV010,KwaZulu-Natal,0,35,13402677.31
PF02271,CUST171138,Offshore Feeder,Aggressive,Living Annuity,MSCI World,ZAR,2022-06-26,ADV016,North West,0,105,15754538.41
PF02272,CUST326711,Property Focus,Moderate,Tax-Free Savings,SAPY,ZAR,2016-02-03,ADV009,Western Cape,0,100,10393972.87
PF02273,CUST303692,Money Market,Conservative,Living Annuity,STeFI,ZAR,2022-05-10,ADV006,KwaZulu-Natal,0,35,13698162.28
PF02274,CUST133792,Money Market,Conservative,Living Annuity,STeFI,ZAR,2025-06-10,ADV008,Gauteng,0,35,5925210.44
PF02275,CUST203372,Property Focus,Moderate,Discretionary,SAPY,ZAR,2020-07-05,ADV021,Northern Cape,0,100,13195502.58
PF02276,CUST133197,Offshore Feeder,Aggressive,Discretionary,MSCI World,ZAR,2021-12-06,ADV015,Mpumalanga,0,105,425663.39
PF02277,CUST496543,Property Focus,Moderate,Living Annuity,SAPY,ZAR,2023-03-13,ADV002,KwaZulu-Natal,0,100,3259079.02
PF02278,CUST146748,Absolute Return,Moderate,Retirement Annuity,STeFI + 4%,ZAR,2023-09-28,ADV023,Gauteng,1,110,6236607.46
PF02279,CUST294126,Property Focus,Moderate,Discretionary,SAPY,ZAR,2018-06-23,ADV027,KwaZulu-Natal,0,100,30599706.57
PF02280,CUST017691,Absolute Return,Moderate,Tax-Free Savings,STeFI + 4%,ZAR,2016-04-06,ADV009,Western Cape,1,110,55511196.92
PF02281,CUST063308,Money Market,Conservative,Endowment,STeFI,ZAR,2016-09-16,ADV018,Eastern Cape,0,35,11052652.81
PF02282,CUST034343,Aggressive Equity,Aggressive,Retirement Annuity,SWIX,ZAR,2024-05-26,ADV005,Eastern Cape,1,120,15411412.55
PF02283,CUST322376,Property Focus,Moderate,Discretionary,SAPY,ZAR,2019-08-08,ADV018,Western Cape,0,100,8693468.55
PF02284,CUST227082,Money Market,Conservative,Discretionary,STeFI,ZAR,2021-03-02,ADV005,Western Cape,0,35,1395139.31
PF02285,CUST346202,Aggressive Equity,Aggressive,Discretionary,SWIX,ZAR,2022-11-06,ADV023,Western Cape,1,120,32721284.38
PF02286,CUST304362,Money Market,Conservative,Pension Fund,STeFI,ZAR,2024-11-07,ADV028,Free State,1,35,8664888.84
PF02287,CUST329955,Balanced Growth,Moderate,Living Annuity,ALSI,ZAR,2025-08-18,ADV023,Gauteng,1,95,3535445.68
PF02288,CUST049590,Property Focus,Moderate,Living Annuity,SAPY,ZAR,2023-04-20,ADV001,KwaZulu-Natal,0,100,2052164.39
PF02289,CUST050575,Property Focus,Moderate,Pension Fund,SAPY,ZAR,2023-10-25,ADV020,Gauteng,1,100,1899647.98
PF02290,CUST224240,Conservative Income,Conservative,Living Annuity,ALBI,ZAR,2022-05-10,ADV027,Gauteng,1,70,12240390.71
PF02291,CUST126954,Offshore Feeder,Aggressive,Living Annuity,MSCI World,ZAR,2016-01-23,ADV008,Free State,0,105,253513667.07
PF02292,CUST118701,Property Focus,Moderate,Living Annuity,SAPY,ZAR,2016-05-26,ADV014,Gauteng,0,100,3375543.89
PF02293,CUST484999,Aggressive Equity,Aggressive,Discretionary,SWIX,ZAR,2016-05-23,ADV013,KwaZulu-Natal,1,120,2808243.88
PF02294,CUST273610,Money Market,Conservative,Tax-Free Savings,STeFI,ZAR,2024-10-14,ADV010,Western Cape,0,35,4228957.85
PF02295,CUST091114,Balanced Growth,Moderate,Pension Fund,ALSI,ZAR,2022-05-17,ADV021,Western Cape,1,95,15902001.64
PF02296,CUST134035,Aggressive Equity,Aggressive,Discretionary,SWIX,ZAR,2025-04-29,ADV025,Mpumalanga,1,120,2603408.29
PF02297,CUST085630,Property Focus,Moderate,Retirement Annuity,SAPY,ZAR,2023-12-03,ADV013,Gauteng,1,100,17189000.07
PF02298,CUST189799,Balanced Growth,Moderate,Retirement Annuity,ALSI,ZAR,2023-08-29,ADV007,Western Cape,1,95,211765942.7
PF02299,CUST100250,Conservative Income,Conservative,Tax-Free Savings,ALBI,ZAR,2019-12-20,ADV006,Western Cape,1,70,288497.4
PF02300,CUST467704,Aggressive Equity,Aggressive,Discretionary,SWIX,ZAR,2025-04-17,ADV020,Mpumalanga,1,120,19413275.58
PF02301,CUST392345,Balanced Growth,Moderate,Living Annuity,ALSI,ZAR,2025-07-26,ADV006,KwaZulu-Natal,1,95,9534190.7
PF02302,CUST425387,Balanced Growth,Moderate,Living Annuity,ALSI,ZAR,2025-12-13,ADV002,KwaZulu-Natal,1,95,5013022.57
PF02303,CUST104671,Aggressive Equity,Aggressive,Discretionary,SWIX,ZAR,2016-05-17,ADV020,Eastern Cape,1,120,14205862.19
PF02304,CUST258578,Money Market,Conservative,Pension Fund,STeFI,ZAR,2020-08-25,ADV015,Western Cape,1,35,16832098.25
PF02305,CUST039365,Aggressive Equity,Aggressive,Discretionary,SWIX,ZAR,2017-08-02,ADV022,Western Cape,1,120,5532260.65
PF02306,CUST242093,Conservative Income,Conservative,Pension Fund,ALBI,ZAR,2023-12-17,ADV009,Gauteng,1,70,21247863.16
PF02307,CUST030094,Offshore Feeder,Aggressive,Retirement Annuity,MSCI World,ZAR,2017-03-29,ADV008,KwaZulu-Natal,1,105,1863061.24
PF02308,CUST413637,Aggressive Equity,Aggressive,Discretionary,SWIX,ZAR,2018-08-23,ADV022,Western Cape,1,120,6693250.13
PF02309,CUST296061,Absolute Return,Moderate,Retirement Annuity,STeFI + 4%,ZAR,2025-07-15,ADV022,Western Cape,1,110,1202167.0
PF02310,CUST120536,Absolute Return,Moderate,Discretionary,STeFI + 4%,ZAR,2020-05-01,ADV028,Western Cape,1,110,55353403.67
PF02311,CUST441928,Offshore Feeder,Aggressive,Pension Fund,MSCI World,ZAR,2017-05-05,ADV004,Gauteng,1,105,4503814.43
PF02312,CUST289449,Absolute Return,Moderate,Retirement Annuity,STeFI + 4%,ZAR,2016-09-06,ADV023,Western Cape,1,110,13109807.84
PF02313,CUST411921,Offshore Feeder,Aggressive,Endowment,MSCI World,ZAR,2016-04-25,ADV015,KwaZulu-Natal,0,105,7897957.35
PF02314,CUST057068,Offshore Feeder,Aggressive,Living Annuity,MSCI World,ZAR,2020-02-11,ADV006,Gauteng,0,105,11576336.03
PF02315,CUST127553,Aggressive Equity,Aggressive,Discretionary,SWIX,ZAR,2017-08-23,ADV020,Mpumalanga,1,120,5389704.86
PF02316,CUST365415,Offshore Feeder,Aggressive,Pension Fund,MSCI World,ZAR,2017-08-16,ADV001,KwaZulu-Natal,1,105,26363955.09
PF02317,CUST366889,Money Market,Conservative,Retirement Annuity,STeFI,ZAR,2025-09-04,ADV025,Mpumalanga,1,35,4762679.22
PF02318,CUST343630,Absolute Return,Moderate,Endowment,STeFI + 4%,ZAR,2022-08-01,ADV005,Western Cape,1,110,1785092.15
PF02319,CUST250033,Property Focus,Moderate,Tax-Free Savings,SAPY,ZAR,2025-11-25,ADV014,Gauteng,0,100,5391997.49
PF02320,CUST262595,Balanced Growth,Moderate,Tax-Free Savings,ALSI,ZAR,2025-09-21,ADV010,Western Cape,1,95,5028523.47
PF02321,CUST011263,Money Market,Conservative,Discretionary,STeFI,ZAR,2018-07-27,ADV024,KwaZulu-Natal,0,35,6049554.32
PF02322,CUST015866,Aggressive Equity,Aggressive,Discretionary,SWIX,ZAR,2017-02-28,ADV013,Free State,1,120,15464762.14
PF02323,CUST225705,Aggressive Equity,Aggressive,Endowment,SWIX,ZAR,2015-12-14,ADV008,Free State,1,120,30362158.8
PF02324,CUST311984,Money Market,Conservative,Pension Fund,STeFI,ZAR,2017-02-11,ADV012,North West,1,35,5142733.15
PF02325,CUST369563,Offshore Feeder,Aggressive,Living Annuity,MSCI World,ZAR,2018-01-07,ADV012,Gauteng,0,105,53902689.83
PF02326,CUST493066,Property Focus,Moderate,Retirement Annuity,SAPY,ZAR,2019-03-12,ADV003,Northern Cape,1,100,3429328.63
PF02327,CUST326682,Money Market,Conservative,Tax-Free Savings,STeFI,ZAR,2024-07-04,ADV025,KwaZulu-Natal,0,35,8430501.76
PF02328,CUST450049,Property Focus,Moderate,Discretionary,SAPY,ZAR,2023-12-14,ADV011,KwaZulu-Natal,0,100,3017680.39
PF02329,CUST087655,Conservative Income,Conservative,Discretionary,ALBI,ZAR,2020-04-29,ADV014,Eastern Cape,1,70,42699994.16
PF02330,CUST073174,Property Focus,Moderate,Living Annuity,SAPY,ZAR,2024-10-30,ADV018,Gauteng,0,100,4434543.11
PF02331,CUST126598,Balanced Growth,Moderate,Living Annuity,ALSI,ZAR,2017-05-15,ADV011,Limpopo,1,95,78513437.97
PF02332,CUST284025,Conservative Income,Conservative,Discretionary,ALBI,ZAR,2018-12-23,ADV004,KwaZulu-Natal,1,70,4306978.16
PF02333,CUST485165,Money Market,Conservative,Living Annuity,STeFI,ZAR,2015-11-03,ADV015,Gauteng,0,35,42253172.9
PF02334,CUST321153,Money Market,Conservative,Living Annuity,STeFI,ZAR,2024-10-29,ADV003,Western Cape,0,35,584010.86
PF02335,CUST492246,Aggressive Equity,Aggressive,Discretionary,SWIX,ZAR,2022-06-08,ADV017,Gauteng,1,120,3922157.9
PF02336,CUST406627,Conservative Income,Conservative,Retirement Annuity,ALBI,ZAR,2019-03-24,ADV027,Free State,1,70,43594882.99
PF02337,CUST230173,Money Market,Conservative,Retirement Annuity,STeFI,ZAR,2021-11-11,ADV012,KwaZulu-Natal,1,35,17935709.2
PF02338,CUST033266,Absolute Return,Moderate,Retirement Annuity,STeFI + 4%,ZAR,2017-12-10,ADV002,Western Cape,1,110,10566946.82
PF02339,CUST097873,Offshore Feeder,Aggressive,Pension Fund,MSCI World,ZAR,2017-04-18,ADV027,KwaZulu-Natal,1,105,2692255.02
PF02340,CUST483614,Aggressive Equity,Aggressive,Discretionary,SWIX,ZAR,2025-03-27,ADV026,Eastern Cape,1,120,66582007.88
PF02341,CUST302644,Offshore Feeder,Aggressive,Living Annuity,MSCI World,ZAR,2021-01-15,ADV017,Western Cape,0,105,36540413.12
PF02342,CUST370644,Property Focus,Moderate,Living Annuity,SAPY,ZAR,2016-11-23,ADV020,Mpumalanga,0,100,22352657.65
PF02343,CUST312595,Money Market,Conservative,Tax-Free Savings,STeFI,ZAR,2020-02-29,ADV003,Eastern Cape,0,35,4790756.6
PF02344,CUST212079,Aggressive Equity,Aggressive,Tax-Free Savings,SWIX,ZAR,2015-09-22,ADV025,Eastern Cape,1,120,12023626.31
PF02345,CUST313880,Aggressive Equity,Aggressive,Discretionary,SWIX,ZAR,2020-04-24,ADV006,Western Cape,1,120,34575008.03
PF02346,CUST342703,Conservative Income,Conservative,Endowment,ALBI,ZAR,2023-02-04,ADV011,Gauteng,1,70,6933176.36
PF02347,CUST030765,Balanced Growth,Moderate,Living Annuity,ALSI,ZAR,2016-09-21,ADV016,Gauteng,1,95,19899263.3
PF02348,CUST382801,Aggressive Equity,Aggressive,Retirement Annuity,SWIX,ZAR,2020-07-26,ADV016,KwaZulu-Natal,1,120,10995148.49
PF02349,CUST484444,Absolute Return,Moderate,Retirement Annuity,STeFI + 4%,ZAR,2022-07-13,ADV007,Gauteng,1,110,8092251.54
PF02350,CUST250508,Absolute Return,Moderate,Discretionary,STeFI + 4%,ZAR,2020-02-14,ADV014,Western Cape,1,110,564745.98
PF02351,CUST136045,Offshore Feeder,Aggressive,Discretionary,MSCI World,ZAR,2015-04-07,ADV017,Gauteng,0,105,18759278.29
PF02352,CUST278662,Offshore Feeder,Aggressive,Discretionary,MSCI World,ZAR,2015-02-19,ADV014,KwaZulu-Natal,0,105,1596576.73
PF02353,CUST210893,Absolute Return,Moderate,Discretionary,STeFI + 4%,ZAR,2018-08-06,ADV020,Gauteng,1,110,2966651.47
PF02354,CUST068137,Aggressive Equity,Aggressive,Living Annuity,SWIX,ZAR,2021-02-10,ADV016,Gauteng,1,120,69282116.21
PF02355,CUST354633,Offshore Feeder,Aggressive,Living Annuity,MSCI World,ZAR,2017-12-09,ADV020,Gauteng,0,105,25967494.86
PF02356,CUST161426,Offshore Feeder,Aggressive,Tax-Free Savings,MSCI World,ZAR,2020-06-10,ADV019,Gauteng,0,105,4916095.93
PF02357,CUST455453,Conservative Income,Conservative,Tax-Free Savings,ALBI,ZAR,2015-07-01,ADV022,Gauteng,1,70,14195295.3
PF02358,CUST065536,Property Focus,Moderate,Retirement Annuity,SAPY,ZAR,2020-03-12,ADV021,Western Cape,1,100,7066365.62
PF02359,CUST100129,Money Market,Conservative,Discretionary,STeFI,ZAR,2021-12-15,ADV021,Gauteng,0,35,2810084.65
PF02360,CUST112095,Absolute Return,Moderate,Retirement Annuity,STeFI + 4%,ZAR,2022-09-06,ADV009,Eastern Cape,1,110,57134578.9
PF02361,CUST015063,Absolute Return,Moderate,Endowment,STeFI + 4%,ZAR,2022-07-14,ADV019,Gauteng,1,110,41770980.17
PF02362,CUST446806,Aggressive Equity,Aggressive,Endowment,SWIX,ZAR,2015-04-13,ADV009,Gauteng,1,120,33986264.36
PF02363,CUST224084,Absolute Return,Moderate,Tax-Free Savings,STeFI + 4%,ZAR,2019-09-28,ADV028,Western Cape,1,110,2918556.65
PF02364,CUST320854,Aggressive Equity,Aggressive,Retirement Annuity,SWIX,ZAR,2016-06-13,ADV017,Free State,1,120,2370670.71
PF02365,CUST148103,Money Market,Conservative,Tax-Free Savings,STeFI,ZAR,2018-10-30,ADV026,Eastern Cape,0,35,26248206.5
PF02366,CUST467156,Absolute Return,Moderate,Discretionary,STeFI + 4%,ZAR,2019-07-02,ADV002,Western Cape,1,110,16533729.94
PF02367,CUST207162,Property Focus,Moderate,Retirement Annuity,SAPY,ZAR,2018-06-02,ADV011,Eastern Cape,1,100,2569708.09
PF02368,CUST037334,Aggressive Equity,Aggressive,Discretionary,SWIX,ZAR,2020-05-30,ADV027,Gauteng,1,120,14173097.54
PF02369,CUST216555,Conservative Income,Conservative,Tax-Free Savings,ALBI,ZAR,2025-05-26,ADV027,Gauteng,1,70,3157359.37
PF02370,CUST380836,Property Focus,Moderate,Pension Fund,SAPY,ZAR,2020-02-02,ADV023,Gauteng,1,100,36210716.01
PF02371,CUST409360,Property Focus,Moderate,Retirement Annuity,SAPY,ZAR,2022-03-19,ADV018,Western Cape,1,100,51709663.73
PF02372,CUST377803,Absolute Return,Moderate,Retirement Annuity,STeFI + 4%,ZAR,2018-08-31,ADV023,KwaZulu-Natal,1,110,6702985.68
PF02373,CUST434164,Balanced Growth,Moderate,Pension Fund,ALSI,ZAR,2016-01-20,ADV010,Western Cape,1,95,1596786.43
PF02374,CUST009630,Conservative Income,Conservative,Retirement Annuity,ALBI,ZAR,2018-03-29,ADV019,Western Cape,1,70,144677746.17
PF02375,CUST373464,Money Market,Conservative,Retirement Annuity,STeFI,ZAR,2015-12-14,ADV024,Gauteng,1,35,6121836.66
PF02376,CUST202134,Absolute Return,Moderate,Living Annuity,STeFI + 4%,ZAR,2019-12-04,ADV014,Gauteng,1,110,4356478.86
PF02377,CUST226407,Conservative Income,Conservative,Retirement Annuity,ALBI,ZAR,2016-12-28,ADV022,Free State,1,70,2375724.86
PF02378,CUST301734,Balanced Growth,Moderate,Discretionary,ALSI,ZAR,2016-02-08,ADV003,Mpumalanga,1,95,20257691.61
PF02379,CUST158959,Absolute Return,Moderate,Tax-Free Savings,STeFI + 4%,ZAR,2021-07-12,ADV021,North West,1,110,22298527.83
PF02380,CUST183684,Offshore Feeder,Aggressive,Living Annuity,MSCI World,ZAR,2025-07-23,ADV013,Gauteng,0,105,3801932.55
PF02381,CUST463024,Money Market,Conservative,Discretionary,STeFI,ZAR,2020-12-13,ADV022,Gauteng,0,35,3084905.53
PF02382,CUST314663,Property Focus,Moderate,Living Annuity,SAPY,ZAR,2025-03-22,ADV012,Gauteng,0,100,2029767.58
PF02383,CUST440890,Offshore Feeder,Aggressive,Discretionary,MSCI World,ZAR,2016-05-09,ADV005,Western Cape,0,105,34050870.98
PF02384,CUST030035,Offshore Feeder,Aggressive,Retirement Annuity,MSCI World,ZAR,2020-12-05,ADV025,Gauteng,1,105,1566814.14
PF02385,CUST021553,Absolute Return,Moderate,Pension Fund,STeFI + 4%,ZAR,2023-01-13,ADV008,Free State,1,110,11189553.28
PF02386,CUST406045,Offshore Feeder,Aggressive,Discretionary,MSCI World,ZAR,2021-10-19,ADV003,Gauteng,0,105,3216527.77
PF02387,CUST172001,Offshore Feeder,Aggressive,Living Annuity,MSCI World,ZAR,2019-11-22,ADV017,Gauteng,0,105,2461437.97
PF02388,CUST477742,Conservative Income,Conservative,Discretionary,ALBI,ZAR,2016-09-17,ADV027,Gauteng,1,70,12535918.34
PF02389,CUST274074,Conservative Income,Conservative,Discretionary,ALBI,ZAR,2018-03-13,ADV027,Western Cape,1,70,9213443.23
PF02390,CUST170563,Property Focus,Moderate,Retirement Annuity,SAPY,ZAR,2022-11-25,ADV008,Gauteng,1,100,27803696.88
PF02391,CUST211030,Absolute Return,Moderate,Pension Fund,STeFI + 4%,ZAR,2019-11-02,ADV006,KwaZulu-Natal,1,110,7372818.39
PF02392,CUST342243,Aggressive Equity,Aggressive,Living Annuity,SWIX,ZAR,2025-07-17,ADV014,Free State,1,120,2233005.06
PF02393,CUST321818,Property Focus,Moderate,Discretionary,SAPY,ZAR,2019-02-01,ADV026,Gauteng,0,100,2787955.95
PF02394,CUST072534,Conservative Income,Conservative,Living Annuity,ALBI,ZAR,2017-05-19,ADV015,Gauteng,1,70,138226864.54
PF02395,CUST493712,Property Focus,Moderate,Discretionary,SAPY,ZAR,2019-11-16,ADV026,Gauteng,0,100,51681396.93
PF02396,CUST154551,Money Market,Conservative,Discretionary,STeFI,ZAR,2020-08-19,ADV013,Gauteng,0,35,7624320.71
PF02397,CUST346951,Conservative Income,Conservative,Pension Fund,ALBI,ZAR,2016-12-28,ADV009,Gauteng,1,70,3325879.1
PF02398,CUST173108,Absolute Return,Moderate,Retirement Annuity,STeFI + 4%,ZAR,2015-11-06,ADV005,Mpumalanga,1,110,8300089.9
PF02399,CUST272033,Balanced Growth,Moderate,Retirement Annuity,ALSI,ZAR,2025-03-25,ADV012,Gauteng,1,95,29134530.61
PF02400,CUST231590,Property Focus,Moderate,Endowment,SAPY,ZAR,2018-10-04,ADV016,Western Cape,0,100,1131233.41
PF02401,CUST472807,Offshore Feeder,Aggressive,Retirement Annuity,MSCI World,ZAR,2024-01-28,ADV027,Gauteng,1,105,5834553.29
PF02402,CUST368953,Balanced Growth,Moderate,Living Annuity,ALSI,ZAR,2023-04-08,ADV015,Eastern Cape,1,95,18357010.24
PF02403,CUST060861,Offshore Feeder,Aggressive,Tax-Free Savings,MSCI World,ZAR,2019-10-14,ADV003,Western Cape,0,105,636103.72
PF02404,CUST224999,Property Focus,Moderate,Discretionary,SAPY,ZAR,2016-01-22,ADV002,Gauteng,0,100,14230547.55
PF02405,CUST011801,Balanced Growth,Moderate,Living Annuity,ALSI,ZAR,2025-06-09,ADV021,KwaZulu-Natal,1,95,689196.57
PF02406,CUST333239,Offshore Feeder,Aggressive,Living Annuity,MSCI World,ZAR,2018-06-28,ADV025,Western Cape,0,105,67758091.26
PF02407,CUST005876,Property Focus,Moderate,Discretionary,SAPY,ZAR,2023-10-20,ADV016,KwaZulu-Natal,0,100,19315160.81
PF02408,CUST051024,Balanced Growth,Moderate,Retirement Annuity,ALSI,ZAR,2023-03-03,ADV019,KwaZulu-Natal,1,95,51239573.68
PF02409,CUST136852,Aggressive Equity,Aggressive,Pension Fund,SWIX,ZAR,2023-09-08,ADV007,Eastern Cape,1,120,11306551.31
PF02410,CUST429707,Offshore Feeder,Aggressive,Discretionary,MSCI World,ZAR,2020-12-31,ADV009,Western Cape,0,105,16491481.26
PF02411,CUST276783,Offshore Feeder,Aggressive,Living Annuity,MSCI World,ZAR,2019-07-07,ADV014,Gauteng,0,105,16653106.26
PF02412,CUST334456,Aggressive Equity,Aggressive,Discretionary,SWIX,ZAR,2021-04-29,ADV026,Gauteng,1,120,13602207.01
PF02413,CUST481880,Property Focus,Moderate,Pension Fund,SAPY,ZAR,2018-03-17,ADV015,Gauteng,1,100,2074005.1
PF02414,CUST378685,Absolute Return,Moderate,Retirement Annuity,STeFI + 4%,ZAR,2015-10-16,ADV016,Northern Cape,1,110,8440152.95
PF02415,CUST177258,Balanced Growth,Moderate,Retirement Annuity,ALSI,ZAR,2019-08-29,ADV016,Mpumalanga,1,95,4487636.73
PF02416,CUST290053,Aggressive Equity,Aggressive,Pension Fund,SWIX,ZAR,2019-03-13,ADV003,Gauteng,1,120,26318149.0
PF02417,CUST256382,Offshore Feeder,Aggressive,Discretionary,MSCI World,ZAR,2015-07-18,ADV017,Gauteng,0,105,48667717.26
PF02418,CUST261286,Offshore Feeder,Aggressive,Retirement Annuity,MSCI World,ZAR,2023-04-16,ADV026,Western Cape,1,105,5826689.44
PF02419,CUST069565,Absolute Return,Moderate,Retirement Annuity,STeFI + 4%,ZAR,2017-11-27,ADV007,Gauteng,1,110,778332.52
PF02420,CUST224488,Balanced Growth,Moderate,Living Annuity,ALSI,ZAR,2016-11-17,ADV019,Gauteng,1,95,5451535.29
PF02421,CUST295752,Absolute Return,Moderate,Living Annuity,STeFI + 4%,ZAR,2020-06-27,ADV012,KwaZulu-Natal,1,110,4023348.52
PF02422,CUST151706,Balanced Growth,Moderate,Tax-Free Savings,ALSI,ZAR,2015-03-17,ADV016,Western Cape,1,95,21805597.68
PF02423,CUST062812,Absolute Return,Moderate,Living Annuity,STeFI + 4%,ZAR,2015-11-08,ADV023,Western Cape,1,110,1214869.69
PF02424,CUST460191,Balanced Growth,Moderate,Living Annuity,ALSI,ZAR,2023-07-02,ADV013,Gauteng,1,95,15489759.37
PF02425,CUST367025,Aggressive Equity,Aggressive,Retirement Annuity,SWIX,ZAR,2025-11-01,ADV024,North West,1,120,1763468.4
PF02426,CUST186028,Property Focus,Moderate,Discretionary,SAPY,ZAR,2021-03-23,ADV016,Gauteng,0,100,7104359.85
PF02427,CUST191673,Property Focus,Moderate,Tax-Free Savings,SAPY,ZAR,2023-10-14,ADV010,Eastern Cape,0,100,13836169.87
PF02428,CUST435604,Conservative Income,Conservative,Tax-Free Savings,ALBI,ZAR,2025-06-25,ADV019,Gauteng,1,70,1986377.69
PF02429,CUST109991,Money Market,Conservative,Discretionary,STeFI,ZAR,2017-09-20,ADV019,KwaZulu-Natal,0,35,4318313.91
PF02430,CUST161487,Balanced Growth,Moderate,Discretionary,ALSI,ZAR,2017-09-15,ADV011,Western Cape,1,95,3666284.4
PF02431,CUST356371,Offshore Feeder,Aggressive,Tax-Free Savings,MSCI World,ZAR,2016-02-01,ADV003,Gauteng,0,105,32008616.91
PF02432,CUST338600,Conservative Income,Conservative,Tax-Free Savings,ALBI,ZAR,2019-03-04,ADV004,Free State,1,70,36229422.53
PF02433,CUST386484,Absolute Return,Moderate,Living Annuity,STeFI + 4%,ZAR,2026-01-01,ADV005,KwaZulu-Natal,1,110,4552221.64
PF02434,CUST255208,Property Focus,Moderate,Retirement Annuity,SAPY,ZAR,2015-10-18,ADV021,KwaZulu-Natal,1,100,163813234.8
PF02435,CUST126536,Offshore Feeder,Aggressive,Discretionary,MSCI World,ZAR,2020-11-19,ADV014,Northern Cape,0,105,9795013.53
PF02436,CUST499765,Conservative Income,Conservative,Retirement Annuity,ALBI,ZAR,2019-10-17,ADV018,Gauteng,1,70,4836355.84
PF02437,CUST358853,Aggressive Equity,Aggressive,Discretionary,SWIX,ZAR,2015-07-16,ADV011,Gauteng,1,120,6052127.99
PF02438,CUST439369,Offshore Feeder,Aggressive,Discretionary,MSCI World,ZAR,2017-04-10,ADV001,Western Cape,0,105,2790031.26
PF02439,CUST487631,Aggressive Equity,Aggressive,Living Annuity,SWIX,ZAR,2024-12-10,ADV004,Gauteng,1,120,7348595.68
PF02440,CUST227264,Aggressive Equity,Aggressive,Endowment,SWIX,ZAR,2025-07-23,ADV024,Western Cape,1,120,5710724.85
PF02441,CUST320924,Aggressive Equity,Aggressive,Pension Fund,SWIX,ZAR,2015-02-03,ADV020,Gauteng,1,120,5533061.83
PF02442,CUST121519,Property Focus,Moderate,Tax-Free Savings,SAPY,ZAR,2018-03-30,ADV012,Limpopo,0,100,92106880.84
PF02443,CUST215712,Aggressive Equity,Aggressive,Living Annuity,SWIX,ZAR,2017-06-10,ADV013,Free State,1,120,20149234.4
PF02444,CUST364003,Offshore Feeder,Aggressive,Retirement Annuity,MSCI World,ZAR,2019-05-20,ADV017,Eastern Cape,1,105,12416108.15
PF02445,CUST448854,Balanced Growth,Moderate,Discretionary,ALSI,ZAR,2019-04-23,ADV011,Western Cape,1,95,2733874.95
PF02446,CUST229659,Absolute Return,Moderate,Tax-Free Savings,STeFI + 4%,ZAR,2025-07-05,ADV027,Gauteng,1,110,41942776.22
PF02447,CUST011970,Conservative Income,Conservative,Living Annuity,ALBI,ZAR,2017-05-23,ADV028,Western Cape,1,70,40698117.39
PF02448,CUST119943,Offshore Feeder,Aggressive,Living Annuity,MSCI World,ZAR,2021-01-29,ADV009,Gauteng,0,105,1199410.65
PF02449,CUST304789,Absolute Return,Moderate,Tax-Free Savings,STeFI + 4%,ZAR,2020-03-05,ADV010,Gauteng,1,110,2393108.82
PF02450,CUST266833,Property Focus,Moderate,Discretionary,SAPY,ZAR,2016-01-01,ADV026,Eastern Cape,0,100,26507526.3
PF02451,CUST254514,Conservative Income,Conservative,Discretionary,ALBI,ZAR,2022-11-06,ADV007,Gauteng,1,70,5391874.95
PF02452,CUST338823,Conservative Income,Conservative,Discretionary,ALBI,ZAR,2022-04-09,ADV004,Limpopo,1,70,25409068.01
PF02453,CUST383193,Aggressive Equity,Aggressive,Retirement Annuity,SWIX,ZAR,2024-03-13,ADV019,Gauteng,1,120,3536002.96
PF02454,CUST242688,Aggressive Equity,Aggressive,Tax-Free Savings,SWIX,ZAR,2020-12-30,ADV006,KwaZulu-Natal,1,120,3542471.21
PF02455,CUST232735,Offshore Feeder,Aggressive,Retirement Annuity,MSCI World,ZAR,2015-12-06,ADV004,Gauteng,1,105,766182.61
PF02456,CUST364323,Aggressive Equity,Aggressive,Living Annuity,SWIX,ZAR,2019-10-07,ADV022,Western Cape,1,120,29515312.88
PF02457,CUST073309,Absolute Return,Moderate,Living Annuity,STeFI + 4%,ZAR,2021-10-04,ADV024,Western Cape,1,110,24295933.92
PF02458,CUST179883,Balanced Growth,Moderate,Living Annuity,ALSI,ZAR,2024-12-17,ADV018,Limpopo,1,95,1346054.36
PF02459,CUST231442,Property Focus,Moderate,Discretionary,SAPY,ZAR,2024-01-15,ADV016,Mpumalanga,0,100,43577070.25
PF02460,CUST268390,Aggressive Equity,Aggressive,Endowment,SWIX,ZAR,2018-12-24,ADV012,Mpumalanga,1,120,28331859.44
PF02461,CUST114828,Absolute Return,Moderate,Discretionary,STeFI + 4%,ZAR,2021-09-25,ADV010,Gauteng,1,110,2971720.37
PF02462,CUST193651,Aggressive Equity,Aggressive,Discretionary,SWIX,ZAR,2019-08-02,ADV016,Gauteng,1,120,6646107.81
PF02463,CUST380462,Property Focus,Moderate,Pension Fund,SAPY,ZAR,2016-10-23,ADV014,Western Cape,1,100,24459910.82
PF02464,CUST064842,Conservative Income,Conservative,Pension Fund,ALBI,ZAR,2016-08-18,ADV028,Gauteng,1,70,3842675.17
PF02465,CUST342177,Absolute Return,Moderate,Discretionary,STeFI + 4%,ZAR,2024-11-18,ADV004,KwaZulu-Natal,1,110,18419488.26
PF02466,CUST126347,Absolute Return,Moderate,Tax-Free Savings,STeFI + 4%,ZAR,2024-10-17,ADV023,Western Cape,1,110,13786098.67
PF02467,CUST287402,Balanced Growth,Moderate,Discretionary,ALSI,ZAR,2023-06-27,ADV004,Western Cape,1,95,51970538.64
PF02468,CUST411979,Conservative Income,Conservative,Living Annuity,ALBI,ZAR,2019-07-04,ADV005,Mpumalanga,1,70,619742.53
PF02469,CUST140883,Property Focus,Moderate,Endowment,SAPY,ZAR,2018-08-01,ADV001,KwaZulu-Natal,0,100,2045895.23
PF02470,CUST010832,Conservative Income,Conservative,Retirement Annuity,ALBI,ZAR,2025-01-31,ADV015,Free State,1,70,127238700.75
PF02471,CUST285898,Balanced Growth,Moderate,Living Annuity,ALSI,ZAR,2020-11-08,ADV026,Gauteng,1,95,16876445.58
PF02472,CUST289491,Aggressive Equity,Aggressive,Living Annuity,SWIX,ZAR,2020-05-16,ADV024,Gauteng,1,120,13272268.55
PF02473,CUST023706,Property Focus,Moderate,Discretionary,SAPY,ZAR,2020-11-23,ADV002,Western Cape,0,100,15185147.5
PF02474,CUST063800,Offshore Feeder,Aggressive,Pension Fund,MSCI World,ZAR,2017-01-30,ADV024,Western Cape,1,105,23588060.79
PF02475,CUST030123,Aggressive Equity,Aggressive,Living Annuity,SWIX,ZAR,2022-12-22,ADV027,Gauteng,1,120,30858826.43
PF02476,CUST078728,Conservative Income,Conservative,Discretionary,ALBI,ZAR,2022-02-27,ADV021,Western Cape,1,70,44547449.48
PF02477,CUST230097,Money Market,Conservative,Living Annuity,STeFI,ZAR,2024-06-15,ADV014,Gauteng,0,35,24461294.96
PF02478,CUST228150,Money Market,Conservative,Discretionary,STeFI,ZAR,2019-12-19,ADV025,Gauteng,0,35,5518107.74
PF02479,CUST164334,Property Focus,Moderate,Retirement Annuity,SAPY,ZAR,2015-02-24,ADV019,North West,1,100,18150029.49
PF02480,CUST255061,Property Focus,Moderate,Tax-Free Savings,SAPY,ZAR,2017-05-08,ADV027,Mpumalanga,0,100,3742312.84
PF02481,CUST287852,Balanced Growth,Moderate,Pension Fund,ALSI,ZAR,2019-06-28,ADV017,Gauteng,1,95,4482445.59
PF02482,CUST023722,Property Focus,Moderate,Tax-Free Savings,SAPY,ZAR,2025-04-27,ADV001,Gauteng,0,100,81837017.96
PF02483,CUST024765,Offshore Feeder,Aggressive,Pension Fund,MSCI World,ZAR,2024-12-14,ADV016,Free State,1,105,3343250.64
PF02484,CUST336460,Absolute Return,Moderate,Pension Fund,STeFI + 4%,ZAR,2025-02-12,ADV013,Gauteng,1,110,2262660.64
PF02485,CUST080774,Money Market,Conservative,Discretionary,STeFI,ZAR,2022-06-17,ADV011,Mpumalanga,0,35,110294578.38
PF02486,CUST461224,Aggressive Equity,Aggressive,Living Annuity,SWIX,ZAR,2016-11-21,ADV021,Gauteng,1,120,21090580.24
PF02487,CUST175984,Money Market,Conservative,Tax-Free Savings,STeFI,ZAR,2018-05-31,ADV001,Gauteng,0,35,14852656.69
PF02488,CUST417578,Property Focus,Moderate,Tax-Free Savings,SAPY,ZAR,2021-06-24,ADV026,Gauteng,0,100,8036341.85
PF02489,CUST131363,Absolute Return,Moderate,Endowment,STeFI + 4%,ZAR,2017-09-27,ADV014,Western Cape,1,110,536627.66
PF02490,CUST022094,Property Focus,Moderate,Discretionary,SAPY,ZAR,2024-04-29,ADV025,Gauteng,0,100,28926806.08
PF02491,CUST449202,Conservative Income,Conservative,Retirement Annuity,ALBI,ZAR,2021-08-03,ADV024,Gauteng,1,70,13669293.45
PF02492,CUST302817,Balanced Growth,Moderate,Pension Fund,ALSI,ZAR,2018-02-27,ADV009,Gauteng,1,95,44392157.36
PF02493,CUST444214,Conservative Income,Conservative,Discretionary,ALBI,ZAR,2025-09-15,ADV015,Gauteng,1,70,15762016.43
PF02494,CUST152221,Money Market,Conservative,Tax-Free Savings,STeFI,ZAR,2025-02-07,ADV028,Gauteng,0,35,2913472.24
PF02495,CUST440693,Money Market,Conservative,Living Annuity,STeFI,ZAR,2018-01-13,ADV006,KwaZulu-Natal,0,35,42500793.94
PF02496,CUST023998,Money Market,Conservative,Discretionary,STeFI,ZAR,2024-05-29,ADV018,Gauteng,0,35,6972820.39
PF02497,CUST011868,Aggressive Equity,Aggressive,Discretionary,SWIX,ZAR,2018-01-02,ADV012,Western Cape,1,120,1143855.65
PF02498,CUST227780,Aggressive Equity,Aggressive,Tax-Free Savings,SWIX,ZAR,2018-10-17,ADV009,KwaZulu-Natal,1,120,2394302.96
PF02499,CUST032171,Property Focus,Moderate,Retirement Annuity,SAPY,ZAR,2022-09-24,ADV027,Gauteng,1,100,64220926.84
PF02500,CUST261203,Conservative Income,Conservative,Pension Fund,ALBI,ZAR,2023-06-08,ADV003,Gauteng,1,70,26185530.41
PF02501,CUST352432,Absolute Return,Moderate,Tax-Free Savings,STeFI + 4%,ZAR,2019-09-03,ADV009,Eastern Cape,1,110,67511017.08
PF02502,CUST495290,Offshore Feeder,Aggressive,Tax-Free Savings,MSCI World,ZAR,2020-09-15,ADV024,North West,0,105,4585756.34
PF02503,CUST340376,Balanced Growth,Moderate,Discretionary,ALSI,ZAR,2015-07-01,ADV019,Western Cape,1,95,13373753.35
PF02504,CUST044632,Aggressive Equity,Aggressive,Retirement Annuity,SWIX,ZAR,2017-03-07,ADV012,Gauteng,1,120,21219346.93
PF02505,CUST132636,Absolute Return,Moderate,Discretionary,STeFI + 4%,ZAR,2015-11-26,ADV010,Gauteng,1,110,7875616.66
PF02506,CUST448477,Money Market,Conservative,Pension Fund,STeFI,ZAR,2020-12-26,ADV015,Western Cape,1,35,12330543.29
PF02507,CUST425302,Aggressive Equity,Aggressive,Tax-Free Savings,SWIX,ZAR,2025-06-21,ADV008,Gauteng,1,120,41700358.39
PF02508,CUST373305,Absolute Return,Moderate,Living Annuity,STeFI + 4%,ZAR,2025-07-09,ADV020,Gauteng,1,110,19197545.91
PF02509,CUST421995,Money Market,Conservative,Discretionary,STeFI,ZAR,2021-12-25,ADV019,Gauteng,0,35,71971698.96
PF02510,CUST023205,Offshore Feeder,Aggressive,Living Annuity,MSCI World,ZAR,2022-04-21,ADV003,Western Cape,0,105,4460104.69
PF02511,CUST310517,Offshore Feeder,Aggressive,Discretionary,MSCI World,ZAR,2023-07-31,ADV012,Western Cape,0,105,5928355.31
PF02512,CUST226177,Offshore Feeder,Aggressive,Discretionary,MSCI World,ZAR,2018-09-10,ADV015,Mpumalanga,0,105,18304234.62
PF02513,CUST038636,Aggressive Equity,Aggressive,Discretionary,SWIX,ZAR,2024-01-09,ADV024,Limpopo,1,120,11749540.97
PF02514,CUST255622,Conservative Income,Conservative,Discretionary,ALBI,ZAR,2016-06-26,ADV010,Eastern Cape,1,70,9389778.73
PF02515,CUST303314,Absolute Return,Moderate,Living Annuity,STeFI + 4%,ZAR,2024-10-24,ADV026,KwaZulu-Natal,1,110,31801205.71
PF02516,CUST150132,Balanced Growth,Moderate,Tax-Free Savings,ALSI,ZAR,2016-09-29,ADV023,Western Cape,1,95,12257052.91
PF02517,CUST254732,Balanced Growth,Moderate,Living Annuity,ALSI,ZAR,2023-02-23,ADV004,Free State,1,95,4631554.54
PF02518,CUST472132,Offshore Feeder,Aggressive,Discretionary,MSCI World,ZAR,2022-02-23,ADV016,Gauteng,0,105,20951078.65
PF02519,CUST442200,Conservative Income,Conservative,Discretionary,ALBI,ZAR,2019-11-23,ADV001,Western Cape,1,70,3454720.82
PF02520,CUST458910,Balanced Growth,Moderate,Discretionary,ALSI,ZAR,2015-09-01,ADV023,Western Cape,1,95,230462628.2
PF02521,CUST071301,Conservative Income,Conservative,Endowment,ALBI,ZAR,2021-05-18,ADV011,Western Cape,1,70,5574601.38
PF02522,CUST105343,Property Focus,Moderate,Discretionary,SAPY,ZAR,2017-01-21,ADV004,North West,0,100,42492703.3
PF02523,CUST129024,Conservative Income,Conservative,Discretionary,ALBI,ZAR,2018-12-07,ADV010,Northern Cape,1,70,16599239.97
PF02524,CUST435633,Aggressive Equity,Aggressive,Discretionary,SWIX,ZAR,2022-07-06,ADV014,KwaZulu-Natal,1,120,1504029.82
PF02525,CUST089795,Offshore Feeder,Aggressive,Pension Fund,MSCI World,ZAR,2015-11-02,ADV026,Western Cape,1,105,1238939.31
PF02526,CUST101271,Money Market,Conservative,Discretionary,STeFI,ZAR,2020-12-24,ADV009,Limpopo,0,35,8662642.37
PF02527,CUST469232,Conservative Income,Conservative,Retirement Annuity,ALBI,ZAR,2025-09-18,ADV022,Eastern Cape,1,70,25342409.91
PF02528,CUST191874,Property Focus,Moderate,Tax-Free Savings,SAPY,ZAR,2024-11-07,ADV019,Free State,0,100,35369500.64
PF02529,CUST069493,Balanced Growth,Moderate,Retirement Annuity,ALSI,ZAR,2016-06-22,ADV020,Gauteng,1,95,2282075.7
PF02530,CUST426335,Conservative Income,Conservative,Endowment,ALBI,ZAR,2016-11-08,ADV012,Western Cape,1,70,6893885.05
PF02531,CUST250026,Aggressive Equity,Aggressive,Retirement Annuity,SWIX,ZAR,2024-08-02,ADV022,Gauteng,1,120,59594040.15
PF02532,CUST379721,Absolute Return,Moderate,Living Annuity,STeFI + 4%,ZAR,2015-07-06,ADV003,Gauteng,1,110,17517375.9
PF02533,CUST290603,Absolute Return,Moderate,Tax-Free Savings,STeFI + 4%,ZAR,2016-12-04,ADV027,Western Cape,1,110,5322671.28
PF02534,CUST319749,Offshore Feeder,Aggressive,Retirement Annuity,MSCI World,ZAR,2017-02-12,ADV023,North West,1,105,821404.15
PF02535,CUST383917,Conservative Income,Conservative,Endowment,ALBI,ZAR,2019-06-14,ADV024,KwaZulu-Natal,1,70,21685800.2
PF02536,CUST147098,Offshore Feeder,Aggressive,Discretionary,MSCI World,ZAR,2017-12-18,ADV001,Western Cape,0,105,15496875.92
PF02537,CUST055543,Aggressive Equity,Aggressive,Retirement Annuity,SWIX,ZAR,2022-10-26,ADV002,KwaZulu-Natal,1,120,29929410.44
PF02538,CUST472616,Property Focus,Moderate,Retirement Annuity,SAPY,ZAR,2023-09-10,ADV008,Western Cape,1,100,9542314.24
PF02539,CUST347633,Offshore Feeder,Aggressive,Discretionary,MSCI World,ZAR,2023-08-04,ADV011,KwaZulu-Natal,0,105,5028948.81
PF02540,CUST442109,Conservative Income,Conservative,Retirement Annuity,ALBI,ZAR,2021-06-06,ADV015,Gauteng,1,70,1426067.09
PF02541,CUST110870,Money Market,Conservative,Pension Fund,STeFI,ZAR,2018-11-24,ADV008,Gauteng,1,35,750737.29
PF02542,CUST408531,Money Market,Conservative,Retirement Annuity,STeFI,ZAR,2018-03-02,ADV018,Gauteng,1,35,6235035.24
PF02543,CUST181719,Absolute Return,Moderate,Retirement Annuity,STeFI + 4%,ZAR,2020-08-31,ADV016,Gauteng,1,110,7529298.36
PF02544,CUST184494,Conservative Income,Conservative,Tax-Free Savings,ALBI,ZAR,2025-08-10,ADV021,Western Cape,1,70,2669852.28
PF02545,CUST078612,Property Focus,Moderate,Discretionary,SAPY,ZAR,2022-11-16,ADV006,Western Cape,0,100,7503457.6
PF02546,CUST141521,Money Market,Conservative,Discretionary,STeFI,ZAR,2018-10-07,ADV015,Gauteng,0,35,17992465.58
PF02547,CUST198991,Balanced Growth,Moderate,Discretionary,ALSI,ZAR,2016-01-22,ADV007,Gauteng,1,95,19742666.0
PF02548,CUST108572,Conservative Income,Conservative,Discretionary,ALBI,ZAR,2024-06-26,ADV022,Western Cape,1,70,20378016.46
PF02549,CUST450185,Offshore Feeder,Aggressive,Living Annuity,MSCI World,ZAR,2023-01-01,ADV007,Gauteng,0,105,804250.85
PF02550,CUST334852,Aggressive Equity,Aggressive,Pension Fund,SWIX,ZAR,2023-09-14,ADV025,Gauteng,1,120,2079237.9
PF02551,CUST391756,Conservative Income,Conservative,Endowment,ALBI,ZAR,2018-10-04,ADV019,Eastern Cape,1,70,5396681.93
PF02552,CUST016743,Money Market,Conservative,Discretionary,STeFI,ZAR,2022-06-28,ADV024,Gauteng,0,35,15371469.28
PF02553,CUST312805,Balanced Growth,Moderate,Retirement Annuity,ALSI,ZAR,2020-11-21,ADV026,Gauteng,1,95,11429050.11
PF02554,CUST159101,Property Focus,Moderate,Retirement Annuity,SAPY,ZAR,2017-02-28,ADV023,Mpumalanga,1,100,6999391.27
PF02555,CUST041841,Aggressive Equity,Aggressive,Pension Fund,SWIX,ZAR,2021-02-05,ADV008,Western Cape,1,120,13764841.75
PF02556,CUST077623,Property Focus,Moderate,Endowment,SAPY,ZAR,2021-03-03,ADV014,Western Cape,0,100,7029027.44
PF02557,CUST365355,Property Focus,Moderate,Retirement Annuity,SAPY,ZAR,2019-07-29,ADV005,Western Cape,1,100,14813089.9
PF02558,CUST036802,Absolute Return,Moderate,Discretionary,STeFI + 4%,ZAR,2019-03-05,ADV004,Gauteng,1,110,32302760.64
PF02559,CUST076746,Balanced Growth,Moderate,Discretionary,ALSI,ZAR,2020-08-02,ADV009,North West,1,95,41267763.58
PF02560,CUST122282,Aggressive Equity,Aggressive,Pension Fund,SWIX,ZAR,2022-03-21,ADV028,Gauteng,1,120,1730946.94
PF02561,CUST467228,Money Market,Conservative,Discretionary,STeFI,ZAR,2022-05-11,ADV019,Gauteng,0,35,15041756.9
PF02562,CUST117803,Balanced Growth,Moderate,Living Annuity,ALSI,ZAR,2022-10-27,ADV009,Northern Cape,1,95,156062488.41
PF02563,CUST014485,Aggressive Equity,Aggressive,Pension Fund,SWIX,ZAR,2021-05-28,ADV014,Free State,1,120,21351028.81
PF02564,CUST104050,Money Market,Conservative,Retirement Annuity,STeFI,ZAR,2019-04-29,ADV021,Western Cape,1,35,7817415.96
PF02565,CUST318424,Absolute Return,Moderate,Pension Fund,STeFI + 4%,ZAR,2024-02-08,ADV008,Gauteng,1,110,7243968.42
PF02566,CUST081301,Conservative Income,Conservative,Retirement Annuity,ALBI,ZAR,2016-05-18,ADV007,Gauteng,1,70,4130583.47
PF02567,CUST149582,Money Market,Conservative,Living Annuity,STeFI,ZAR,2015-02-02,ADV016,Free State,0,35,1974522.73
PF02568,CUST059742,Offshore Feeder,Aggressive,Retirement Annuity,MSCI World,ZAR,2024-06-13,ADV007,Gauteng,1,105,7309608.82
PF02569,CUST091874,Balanced Growth,Moderate,Tax-Free Savings,ALSI,ZAR,2020-04-19,ADV010,KwaZulu-Natal,1,95,5565849.33
PF02570,CUST495165,Money Market,Conservative,Retirement Annuity,STeFI,ZAR,2023-12-12,ADV020,Western Cape,1,35,2445926.25
PF02571,CUST297580,Offshore Feeder,Aggressive,Pension Fund,MSCI World,ZAR,2017-09-13,ADV025,Gauteng,1,105,3927320.89
PF02572,CUST120228,Offshore Feeder,Aggressive,Pension Fund,MSCI World,ZAR,2021-03-11,ADV015,North West,1,105,2461554.31
PF02573,CUST258860,Balanced Growth,Moderate,Living Annuity,ALSI,ZAR,2019-11-30,ADV011,KwaZulu-Natal,1,95,31656326.1
PF02574,CUST189635,Aggressive Equity,Aggressive,Discretionary,SWIX,ZAR,2020-12-11,ADV028,KwaZulu-Natal,1,120,6135704.97
PF02575,CUST361612,Conservative Income,Conservative,Endowment,ALBI,ZAR,2015-05-26,ADV025,Eastern Cape,1,70,1599158.34
PF02576,CUST248052,Property Focus,Moderate,Living Annuity,SAPY,ZAR,2022-03-24,ADV020,Western Cape,0,100,6196772.22
PF02577,CUST053621,Money Market,Conservative,Pension Fund,STeFI,ZAR,2022-12-05,ADV012,Gauteng,1,35,77308098.08
PF02578,CUST430457,Offshore Feeder,Aggressive,Endowment,MSCI World,ZAR,2018-09-23,ADV006,KwaZulu-Natal,0,105,4692018.96
PF02579,CUST146585,Property Focus,Moderate,Discretionary,SAPY,ZAR,2016-11-23,ADV010,Gauteng,0,100,67526979.51
PF02580,CUST210778,Absolute Return,Moderate,Retirement Annuity,STeFI + 4%,ZAR,2024-02-03,ADV024,Western Cape,1,110,880629.6
PF02581,CUST407843,Property Focus,Moderate,Retirement Annuity,SAPY,ZAR,2022-10-01,ADV009,Gauteng,1,100,2757073.52
PF02582,CUST419439,Conservative Income,Conservative,Retirement Annuity,ALBI,ZAR,2024-07-28,ADV017,Western Cape,1,70,23063638.09
PF02583,CUST146856,Offshore Feeder,Aggressive,Discretionary,MSCI World,ZAR,2017-09-09,ADV004,Gauteng,0,105,35686901.9
PF02584,CUST299327,Aggressive Equity,Aggressive,Retirement Annuity,SWIX,ZAR,2017-03-29,ADV005,Eastern Cape,1,120,7725407.17
PF02585,CUST376031,Property Focus,Moderate,Pension Fund,SAPY,ZAR,2023-09-13,ADV019,Western Cape,1,100,8155015.18
PF02586,CUST440468,Balanced Growth,Moderate,Discretionary,ALSI,ZAR,2024-03-07,ADV007,Gauteng,1,95,1654657.66
PF02587,CUST088930,Offshore Feeder,Aggressive,Pension Fund,MSCI World,ZAR,2021-03-04,ADV028,Western Cape,1,105,3060960.15
PF02588,CUST277593,Property Focus,Moderate,Endowment,SAPY,ZAR,2021-10-04,ADV007,Gauteng,0,100,1298673.65
PF02589,CUST127015,Money Market,Conservative,Retirement Annuity,STeFI,ZAR,2024-09-17,ADV014,Gauteng,1,35,8356707.53
PF02590,CUST431834,Property Focus,Moderate,Tax-Free Savings,SAPY,ZAR,2021-12-25,ADV004,Western Cape,0,100,4297403.87
PF02591,CUST036721,Balanced Growth,Moderate,Pension Fund,ALSI,ZAR,2025-12-20,ADV017,Gauteng,1,95,45112890.32
PF02592,CUST371070,Property Focus,Moderate,Living Annuity,SAPY,ZAR,2020-12-07,ADV018,Gauteng,0,100,74744579.98
PF02593,CUST012400,Money Market,Conservative,Pension Fund,STeFI,ZAR,2025-08-12,ADV018,Free State,1,35,7151321.3
PF02594,CUST074437,Offshore Feeder,Aggressive,Living Annuity,MSCI World,ZAR,2025-05-03,ADV019,Gauteng,0,105,16005115.68
PF02595,CUST241363,Balanced Growth,Moderate,Retirement Annuity,ALSI,ZAR,2023-10-23,ADV004,Western Cape,1,95,9435960.4
PF02596,CUST357953,Conservative Income,Conservative,Discretionary,ALBI,ZAR,2021-06-05,ADV001,Eastern Cape,1,70,1205310.94
PF02597,CUST309445,Absolute Return,Moderate,Living Annuity,STeFI + 4%,ZAR,2020-02-26,ADV027,KwaZulu-Natal,1,110,8279062.79
PF02598,CUST420948,Property Focus,Moderate,Living Annuity,SAPY,ZAR,2025-06-14,ADV014,Western Cape,0,100,26820943.34
PF02599,CUST157154,Aggressive Equity,Aggressive,Pension Fund,SWIX,ZAR,2025-02-24,ADV021,Gauteng,1,120,28713634.6
PF02600,CUST114417,Property Focus,Moderate,Discretionary,SAPY,ZAR,2016-11-30,ADV010,Gauteng,0,100,754242.83
PF02601,CUST497739,Money Market,Conservative,Pension Fund,STeFI,ZAR,2025-05-17,ADV019,KwaZulu-Natal,1,35,23463316.59
PF02602,CUST198562,Property Focus,Moderate,Discretionary,SAPY,ZAR,2020-12-27,ADV004,Western Cape,0,100,26771806.75
PF02603,CUST210029,Money Market,Conservative,Retirement Annuity,STeFI,ZAR,2018-11-25,ADV020,KwaZulu-Natal,1,35,4747681.77
PF02604,CUST150925,Conservative Income,Conservative,Discretionary,ALBI,ZAR,2024-08-27,ADV004,Western Cape,1,70,4232047.7
PF02605,CUST102329,Money Market,Conservative,Discretionary,STeFI,ZAR,2023-12-21,ADV023,Gauteng,0,35,82284215.07
PF02606,CUST022934,Offshore Feeder,Aggressive,Retirement Annuity,MSCI World,ZAR,2023-05-25,ADV009,Eastern Cape,1,105,31749417.32
PF02607,CUST229068,Offshore Feeder,Aggressive,Pension Fund,MSCI World,ZAR,2025-11-26,ADV024,Free State,1,105,6301444.14
PF02608,CUST020917,Property Focus,Moderate,Retirement Annuity,SAPY,ZAR,2020-01-07,ADV008,Gauteng,1,100,4371428.23
PF02609,CUST158600,Conservative Income,Conservative,Pension Fund,ALBI,ZAR,2016-05-03,ADV022,Western Cape,1,70,10105373.25
PF02610,CUST325352,Offshore Feeder,Aggressive,Discretionary,MSCI World,ZAR,2015-09-22,ADV011,Free State,0,105,10414028.92
PF02611,CUST453590,Money Market,Conservative,Retirement Annuity,STeFI,ZAR,2025-06-13,ADV015,KwaZulu-Natal,1,35,4666108.52
PF02612,CUST366867,Absolute Return,Moderate,Discretionary,STeFI + 4%,ZAR,2015-06-02,ADV008,Western Cape,1,110,8862075.06
PF02613,CUST364984,Balanced Growth,Moderate,Tax-Free Savings,ALSI,ZAR,2021-02-03,ADV024,Western Cape,1,95,22956347.97
PF02614,CUST129635,Conservative Income,Conservative,Retirement Annuity,ALBI,ZAR,2018-08-18,ADV012,Western Cape,1,70,33718428.66
PF02615,CUST120855,Property Focus,Moderate,Living Annuity,SAPY,ZAR,2022-04-07,ADV018,Eastern Cape,0,100,2941636.09
PF02616,CUST179681,Money Market,Conservative,Tax-Free Savings,STeFI,ZAR,2023-10-10,ADV012,Western Cape,0,35,3394886.05
PF02617,CUST096339,Aggressive Equity,Aggressive,Pension Fund,SWIX,ZAR,2018-07-14,ADV002,Gauteng,1,120,22237232.6
PF02618,CUST484872,Money Market,Conservative,Endowment,STeFI,ZAR,2016-07-20,ADV004,Gauteng,0,35,5191329.95
PF02619,CUST264432,Conservative Income,Conservative,Tax-Free Savings,ALBI,ZAR,2024-05-14,ADV024,Gauteng,1,70,45230854.34
PF02620,CUST478402,Absolute Return,Moderate,Discretionary,STeFI + 4%,ZAR,2017-06-02,ADV004,KwaZulu-Natal,1,110,3422345.98
PF02621,CUST252204,Property Focus,Moderate,Endowment,SAPY,ZAR,2016-06-15,ADV020,Gauteng,0,100,13692687.45
PF02622,CUST048595,Aggressive Equity,Aggressive,Discretionary,SWIX,ZAR,2022-06-16,ADV001,Gauteng,1,120,9722423.0
PF02623,CUST265751,Conservative Income,Conservative,Discretionary,ALBI,ZAR,2022-06-03,ADV027,Gauteng,1,70,2733125.34
PF02624,CUST214681,Money Market,Conservative,Discretionary,STeFI,ZAR,2021-07-28,ADV001,Western Cape,0,35,10785895.91
PF02625,CUST499238,Property Focus,Moderate,Endowment,SAPY,ZAR,2020-11-06,ADV009,KwaZulu-Natal,0,100,299967180.69
PF02626,CUST354464,Money Market,Conservative,Endowment,STeFI,ZAR,2025-07-02,ADV027,Gauteng,0,35,1625187.2
PF02627,CUST046028,Offshore Feeder,Aggressive,Retirement Annuity,MSCI World,ZAR,2019-01-31,ADV014,Gauteng,1,105,5885054.52
PF02628,CUST314797,Conservative Income,Conservative,Discretionary,ALBI,ZAR,2017-01-09,ADV004,Gauteng,1,70,8949831.09
PF02629,CUST425744,Property Focus,Moderate,Tax-Free Savings,SAPY,ZAR,2021-05-11,ADV023,Gauteng,0,100,14433835.2
PF02630,CUST011062,Aggressive Equity,Aggressive,Retirement Annuity,SWIX,ZAR,2019-02-26,ADV011,Western Cape,1,120,3439658.28
PF02631,CUST332252,Offshore Feeder,Aggressive,Retirement Annuity,MSCI World,ZAR,2023-04-22,ADV007,Western Cape,1,105,4257420.8
PF02632,CUST365956,Money Market,Conservative,Endowment,STeFI,ZAR,2020-01-11,ADV023,Gauteng,0,35,5083734.96
PF02633,CUST334183,Money Market,Conservative,Retirement Annuity,STeFI,ZAR,2015-07-26,ADV008,Gauteng,1,35,6021120.31
PF02634,CUST063728,Aggressive Equity,Aggressive,Discretionary,SWIX,ZAR,2018-05-30,ADV009,Gauteng,1,120,1092941.57
PF02635,CUST367168,Offshore Feeder,Aggressive,Living Annuity,MSCI World,ZAR,2016-03-09,ADV003,Limpopo,0,105,6936870.72
PF02636,CUST078811,Balanced Growth,Moderate,Discretionary,ALSI,ZAR,2017-01-25,ADV023,Western Cape,1,95,23097781.11
PF02637,CUST345778,Absolute Return,Moderate,Pension Fund,STeFI + 4%,ZAR,2016-04-30,ADV005,North West,1,110,7729322.89
PF02638,CUST336190,Money Market,Conservative,Retirement Annuity,STeFI,ZAR,2023-09-08,ADV020,Gauteng,1,35,8121900.89
PF02639,CUST131579,Property Focus,Moderate,Discretionary,SAPY,ZAR,2021-08-03,ADV018,Gauteng,0,100,8879429.94
PF02640,CUST101059,Money Market,Conservative,Pension Fund,STeFI,ZAR,2021-10-16,ADV017,Gauteng,1,35,21388776.69
PF02641,CUST137151,Conservative Income,Conservative,Discretionary,ALBI,ZAR,2019-03-09,ADV025,KwaZulu-Natal,1,70,8655471.97
PF02642,CUST494661,Property Focus,Moderate,Retirement Annuity,SAPY,ZAR,2016-10-03,ADV020,Gauteng,1,100,5629738.16
PF02643,CUST285607,Offshore Feeder,Aggressive,Tax-Free Savings,MSCI World,ZAR,2022-05-19,ADV020,KwaZulu-Natal,0,105,3799951.49
PF02644,CUST483783,Balanced Growth,Moderate,Living Annuity,ALSI,ZAR,2019-01-31,ADV013,Gauteng,1,95,3291215.13
PF02645,CUST089399,Conservative Income,Conservative,Living Annuity,ALBI,ZAR,2023-10-25,ADV019,Eastern Cape,1,70,1676939.83
PF02646,CUST338498,Conservative Income,Conservative,Retirement Annuity,ALBI,ZAR,2023-01-13,ADV013,Eastern Cape,1,70,1651931.26
PF02647,CUST320707,Property Focus,Moderate,Living Annuity,SAPY,ZAR,2018-07-19,ADV002,KwaZulu-Natal,0,100,17922474.79
PF02648,CUST232622,Conservative Income,Conservative,Retirement Annuity,ALBI,ZAR,2018-01-04,ADV007,Western Cape,1,70,13511312.31
PF02649,CUST339312,Absolute Return,Moderate,Retirement Annuity,STeFI + 4%,ZAR,2025-09-21,ADV003,Western Cape,1,110,1557591.41
PF02650,CUST396833,Property Focus,Moderate,Discretionary,SAPY,ZAR,2021-06-05,ADV002,Gauteng,0,100,3005803.68
PF02651,CUST430815,Absolute Return,Moderate,Pension Fund,STeFI + 4%,ZAR,2022-08-11,ADV014,Gauteng,1,110,23027223.15
PF02652,CUST265352,Conservative Income,Conservative,Tax-Free Savings,ALBI,ZAR,2018-12-19,ADV009,North West,1,70,277078.57
PF02653,CUST337613,Conservative Income,Conservative,Retirement Annuity,ALBI,ZAR,2025-08-15,ADV027,Western Cape,1,70,823594.19
PF02654,CUST146399,Conservative Income,Conservative,Retirement Annuity,ALBI,ZAR,2024-01-21,ADV016,Gauteng,1,70,7317478.83
PF02655,CUST228068,Balanced Growth,Moderate,Discretionary,ALSI,ZAR,2025-03-07,ADV020,Western Cape,1,95,22622896.08
PF02656,CUST199829,Balanced Growth,Moderate,Discretionary,ALSI,ZAR,2015-07-28,ADV020,Free State,1,95,16561130.93
PF02657,CUST146075,Absolute Return,Moderate,Living Annuity,STeFI + 4%,ZAR,2024-07-05,ADV018,Gauteng,1,110,4675047.22
PF02658,CUST349537,Absolute Return,Moderate,Living Annuity,STeFI + 4%,ZAR,2016-07-27,ADV012,Gauteng,1,110,3326560.18
PF02659,CUST294665,Aggressive Equity,Aggressive,Endowment,SWIX,ZAR,2023-08-13,ADV023,Gauteng,1,120,12339560.39
PF02660,CUST071916,Offshore Feeder,Aggressive,Discretionary,MSCI World,ZAR,2018-02-26,ADV019,Gauteng,0,105,1965997.22
PF02661,CUST388206,Property Focus,Moderate,Retirement Annuity,SAPY,ZAR,2015-07-18,ADV018,North West,1,100,19147329.25
PF02662,CUST179831,Balanced Growth,Moderate,Pension Fund,ALSI,ZAR,2019-03-02,ADV009,Gauteng,1,95,12764284.99
PF02663,CUST142953,Absolute Return,Moderate,Living Annuity,STeFI + 4%,ZAR,2024-06-26,ADV017,Gauteng,1,110,5914677.58
PF02664,CUST039827,Money Market,Conservative,Retirement Annuity,STeFI,ZAR,2015-05-09,ADV012,Western Cape,1,35,8990406.74
PF02665,CUST462838,Offshore Feeder,Aggressive,Retirement Annuity,MSCI World,ZAR,2020-01-15,ADV012,Western Cape,1,105,2364531.29
PF02666,CUST296017,Conservative Income,Conservative,Retirement Annuity,ALBI,ZAR,2019-06-04,ADV026,Eastern Cape,1,70,11537463.24
PF02667,CUST336798,Aggressive Equity,Aggressive,Pension Fund,SWIX,ZAR,2023-07-30,ADV003,Mpumalanga,1,120,8041072.22
PF02668,CUST467095,Property Focus,Moderate,Endowment,SAPY,ZAR,2024-09-12,ADV014,Mpumalanga,0,100,17449951.69
PF02669,CUST465895,Conservative Income,Conservative,Retirement Annuity,ALBI,ZAR,2024-04-08,ADV026,Western Cape,1,70,9412088.41
PF02670,CUST278489,Conservative Income,Conservative,Discretionary,ALBI,ZAR,2016-10-22,ADV001,Gauteng,1,70,6512052.26
PF02671,CUST031753,Balanced Growth,Moderate,Pension Fund,ALSI,ZAR,2020-11-09,ADV004,Western Cape,1,95,926696.58
PF02672,CUST283268,Offshore Feeder,Aggressive,Retirement Annuity,MSCI World,ZAR,2021-07-07,ADV022,Western Cape,1,105,10914207.06
PF02673,CUST330594,Money Market,Conservative,Discretionary,STeFI,ZAR,2024-11-12,ADV010,Gauteng,0,35,1674397.64
PF02674,CUST179360,Absolute Return,Moderate,Discretionary,STeFI + 4%,ZAR,2018-08-27,ADV008,Western Cape,1,110,1568114.13
PF02675,CUST332424,Property Focus,Moderate,Discretionary,SAPY,ZAR,2020-09-14,ADV008,KwaZulu-Natal,0,100,36196627.37
PF02676,CUST161656,Conservative Income,Conservative,Living Annuity,ALBI,ZAR,2018-02-10,ADV022,Gauteng,1,70,12251373.83
PF02677,CUST205222,Money Market,Conservative,Living Annuity,STeFI,ZAR,2024-10-19,ADV002,Eastern Cape,0,35,4410864.98
PF02678,CUST253768,Money Market,Conservative,Pension Fund,STeFI,ZAR,2021-02-21,ADV016,Gauteng,1,35,1518758.53
PF02679,CUST122848,Money Market,Conservative,Living Annuity,STeFI,ZAR,2015-06-24,ADV004,Mpumalanga,0,35,12986422.17
PF02680,CUST400640,Money Market,Conservative,Tax-Free Savings,STeFI,ZAR,2021-04-01,ADV003,Western Cape,0,35,29142578.06
PF02681,CUST453501,Aggressive Equity,Aggressive,Living Annuity,SWIX,ZAR,2015-11-20,ADV021,KwaZulu-Natal,1,120,21223120.28
PF02682,CUST171433,Conservative Income,Conservative,Discretionary,ALBI,ZAR,2025-03-25,ADV007,Western Cape,1,70,1525124.57
PF02683,CUST229753,Balanced Growth,Moderate,Discretionary,ALSI,ZAR,2024-04-05,ADV020,Western Cape,1,95,10996328.16
PF02684,CUST046857,Balanced Growth,Moderate,Retirement Annuity,ALSI,ZAR,2022-06-22,ADV014,KwaZulu-Natal,1,95,19170933.82
PF02685,CUST413025,Offshore Feeder,Aggressive,Pension Fund,MSCI World,ZAR,2025-01-21,ADV016,Gauteng,1,105,5597777.63
PF02686,CUST005508,Balanced Growth,Moderate,Pension Fund,ALSI,ZAR,2024-10-13,ADV015,KwaZulu-Natal,1,95,9075127.59
PF02687,CUST289974,Balanced Growth,Moderate,Discretionary,ALSI,ZAR,2024-01-21,ADV007,Gauteng,1,95,1423988.96
PF02688,CUST473800,Offshore Feeder,Aggressive,Retirement Annuity,MSCI World,ZAR,2021-08-17,ADV021,KwaZulu-Natal,1,105,3185255.23
PF02689,CUST407978,Conservative Income,Conservative,Retirement Annuity,ALBI,ZAR,2025-05-24,ADV005,KwaZulu-Natal,1,70,17667165.23
PF02690,CUST428311,Absolute Return,Moderate,Living Annuity,STeFI + 4%,ZAR,2016-11-14,ADV017,Western Cape,1,110,25623889.49
PF02691,CUST486989,Balanced Growth,Moderate,Living Annuity,ALSI,ZAR,2018-12-22,ADV007,Mpumalanga,1,95,61072165.78
PF02692,CUST455990,Balanced Growth,Moderate,Tax-Free Savings,ALSI,ZAR,2015-05-02,ADV008,Gauteng,1,95,15970153.11
PF02693,CUST243557,Aggressive Equity,Aggressive,Retirement Annuity,SWIX,ZAR,2023-07-09,ADV003,Western Cape,1,120,2823431.36
PF02694,CUST155600,Balanced Growth,Moderate,Discretionary,ALSI,ZAR,2024-07-28,ADV005,Western Cape,1,95,7108624.59
PF02695,CUST020820,Money Market,Conservative,Retirement Annuity,STeFI,ZAR,2017-02-09,ADV009,Gauteng,1,35,3273069.24
PF02696,CUST445669,Balanced Growth,Moderate,Pension Fund,ALSI,ZAR,2020-09-12,ADV002,Eastern Cape,1,95,753292.55
PF02697,CUST284274,Offshore Feeder,Aggressive,Discretionary,MSCI World,ZAR,2015-07-11,ADV012,Gauteng,0,105,40100992.95
PF02698,CUST000479,Conservative Income,Conservative,Discretionary,ALBI,ZAR,2017-06-06,ADV023,Mpumalanga,1,70,16770658.15
PF02699,CUST396960,Conservative Income,Conservative,Retirement Annuity,ALBI,ZAR,2024-01-26,ADV012,Gauteng,1,70,51174541.61
PF02700,CUST355109,Money Market,Conservative,Retirement Annuity,STeFI,ZAR,2018-12-04,ADV008,Gauteng,1,35,7477342.58
PF02701,CUST430214,Absolute Return,Moderate,Living Annuity,STeFI + 4%,ZAR,2017-06-23,ADV028,KwaZulu-Natal,1,110,2219035.27
PF02702,CUST310249,Conservative Income,Conservative,Discretionary,ALBI,ZAR,2021-10-03,ADV007,Eastern Cape,1,70,74220776.92
PF02703,CUST348077,Property Focus,Moderate,Living Annuity,SAPY,ZAR,2018-11-11,ADV014,Free State,0,100,15468195.89
PF02704,CUST041036,Money Market,Conservative,Discretionary,STeFI,ZAR,2021-09-23,ADV014,Northern Cape,0,35,11711430.35
PF02705,CUST066166,Conservative Income,Conservative,Living Annuity,ALBI,ZAR,2024-10-26,ADV023,Limpopo,1,70,16024865.31
PF02706,CUST497901,Absolute Return,Moderate,Discretionary,STeFI + 4%,ZAR,2022-03-01,ADV011,Western Cape,1,110,5636977.45
PF02707,CUST347317,Money Market,Conservative,Discretionary,STeFI,ZAR,2017-01-15,ADV025,Gauteng,0,35,270175.2
PF02708,CUST264863,Conservative Income,Conservative,Discretionary,ALBI,ZAR,2015-04-24,ADV017,Eastern Cape,1,70,2857238.12
PF02709,CUST147620,Property Focus,Moderate,Tax-Free Savings,SAPY,ZAR,2019-11-08,ADV008,Gauteng,0,100,165157821.04
PF02710,CUST367101,Aggressive Equity,Aggressive,Tax-Free Savings,SWIX,ZAR,2021-03-03,ADV012,KwaZulu-Natal,1,120,12624052.81
PF02711,CUST443874,Property Focus,Moderate,Pension Fund,SAPY,ZAR,2023-07-03,ADV001,Gauteng,1,100,11299740.67
PF02712,CUST220988,Aggressive Equity,Aggressive,Discretionary,SWIX,ZAR,2023-07-17,ADV017,Gauteng,1,120,17989087.66
PF02713,CUST054391,Conservative Income,Conservative,Living Annuity,ALBI,ZAR,2021-02-26,ADV017,Gauteng,1,70,9394912.79
PF02714,CUST499196,Conservative Income,Conservative,Discretionary,ALBI,ZAR,2019-03-07,ADV025,KwaZulu-Natal,1,70,87301311.01
PF02715,CUST075417,Balanced Growth,Moderate,Pension Fund,ALSI,ZAR,2016-07-02,ADV022,Gauteng,1,95,16349328.31
PF02716,CUST492418,Balanced Growth,Moderate,Retirement Annuity,ALSI,ZAR,2015-06-23,ADV014,Eastern Cape,1,95,631678.59
PF02717,CUST334376,Balanced Growth,Moderate,Discretionary,ALSI,ZAR,2018-02-08,ADV018,Gauteng,1,95,4240010.72
PF02718,CUST324389,Absolute Return,Moderate,Retirement Annuity,STeFI + 4%,ZAR,2017-03-27,ADV018,Limpopo,1,110,16246103.8
PF02719,CUST278365,Property Focus,Moderate,Pension Fund,SAPY,ZAR,2020-01-09,ADV013,North West,1,100,26313046.45
PF02720,CUST302827,Money Market,Conservative,Endowment,STeFI,ZAR,2018-10-21,ADV006,Gauteng,0,35,4382930.42
PF02721,CUST219648,Absolute Return,Moderate,Tax-Free Savings,STeFI + 4%,ZAR,2015-03-05,ADV027,Free State,1,110,23502852.36
PF02722,CUST294471,Offshore Feeder,Aggressive,Discretionary,MSCI World,ZAR,2018-09-18,ADV023,Western Cape,0,105,22276776.69
PF02723,CUST325852,Conservative Income,Conservative,Living Annuity,ALBI,ZAR,2019-03-23,ADV013,Gauteng,1,70,8909659.48
PF02724,CUST095145,Aggressive Equity,Aggressive,Discretionary,SWIX,ZAR,2019-09-08,ADV003,Gauteng,1,120,3380652.69
PF02725,CUST431950,Absolute Return,Moderate,Tax-Free Savings,STeFI + 4%,ZAR,2017-10-03,ADV015,Gauteng,1,110,5223072.43
PF02726,CUST364067,Absolute Return,Moderate,Discretionary,STeFI + 4%,ZAR,2023-03-21,ADV006,Free State,1,110,3547517.23
PF02727,CUST334388,Offshore Feeder,Aggressive,Discretionary,MSCI World,ZAR,2021-09-18,ADV019,Western Cape,0,105,781490.72
PF02728,CUST176266,Absolute Return,Moderate,Pension Fund,STeFI + 4%,ZAR,2017-11-27,ADV022,Western Cape,1,110,6187584.14
PF02729,CUST378959,Property Focus,Moderate,Retirement Annuity,SAPY,ZAR,2022-08-30,ADV019,Western Cape,1,100,4400842.5
PF02730,CUST413978,Property Focus,Moderate,Tax-Free Savings,SAPY,ZAR,2017-10-27,ADV006,Western Cape,0,100,4214696.4
PF02731,CUST068461,Aggressive Equity,Aggressive,Pension Fund,SWIX,ZAR,2016-01-03,ADV008,Western Cape,1,120,1816888.17
PF02732,CUST216553,Offshore Feeder,Aggressive,Living Annuity,MSCI World,ZAR,2024-07-15,ADV011,KwaZulu-Natal,0,105,32800690.29
PF02733,CUST068882,Absolute Return,Moderate,Tax-Free Savings,STeFI + 4%,ZAR,2018-07-18,ADV028,Gauteng,1,110,16811010.54
PF02734,CUST267992,Aggressive Equity,Aggressive,Pension Fund,SWIX,ZAR,2015-03-27,ADV010,Gauteng,1,120,14524323.79
PF02735,CUST209358,Offshore Feeder,Aggressive,Endowment,MSCI World,ZAR,2019-12-13,ADV005,KwaZulu-Natal,0,105,11493125.99
PF02736,CUST418658,Money Market,Conservative,Living Annuity,STeFI,ZAR,2022-06-20,ADV025,Mpumalanga,0,35,18985551.19
PF02737,CUST270073,Absolute Return,Moderate,Retirement Annuity,STeFI + 4%,ZAR,2018-01-10,ADV025,Western Cape,1,110,2678085.23
PF02738,CUST423940,Property Focus,Moderate,Endowment,SAPY,ZAR,2024-07-14,ADV015,Gauteng,0,100,3314161.57
PF02739,CUST297780,Aggressive Equity,Aggressive,Retirement Annuity,SWIX,ZAR,2018-02-13,ADV004,Western Cape,1,120,5520938.76
PF02740,CUST356896,Conservative Income,Conservative,Discretionary,ALBI,ZAR,2023-10-09,ADV015,Free State,1,70,1385798.57
PF02741,CUST367909,Property Focus,Moderate,Discretionary,SAPY,ZAR,2015-07-10,ADV016,Western Cape,0,100,4339544.74
PF02742,CUST063763,Property Focus,Moderate,Living Annuity,SAPY,ZAR,2023-05-06,ADV025,Gauteng,0,100,7932769.52
PF02743,CUST150683,Money Market,Conservative,Endowment,STeFI,ZAR,2024-09-24,ADV019,Western Cape,0,35,8709555.87
PF02744,CUST466517,Aggressive Equity,Aggressive,Pension Fund,SWIX,ZAR,2016-02-25,ADV020,Gauteng,1,120,3339637.77
PF02745,CUST011629,Money Market,Conservative,Discretionary,STeFI,ZAR,2016-06-02,ADV018,Western Cape,0,35,242960236.99
PF02746,CUST433160,Offshore Feeder,Aggressive,Endowment,MSCI World,ZAR,2020-12-03,ADV011,Western Cape,0,105,37438592.43
PF02747,CUST215322,Property Focus,Moderate,Tax-Free Savings,SAPY,ZAR,2020-09-23,ADV011,Mpumalanga,0,100,2863660.81
PF02748,CUST289893,Offshore Feeder,Aggressive,Endowment,MSCI World,ZAR,2017-06-24,ADV025,KwaZulu-Natal,0,105,1220860.5
PF02749,CUST190845,Offshore Feeder,Aggressive,Living Annuity,MSCI World,ZAR,2025-04-27,ADV019,Mpumalanga,0,105,22188673.81
PF02750,CUST304041,Aggressive Equity,Aggressive,Discretionary,SWIX,ZAR,2017-09-16,ADV018,KwaZulu-Natal,1,120,4362233.4
PF02751,CUST175827,Balanced Growth,Moderate,Retirement Annuity,ALSI,ZAR,2024-08-07,ADV013,Gauteng,1,95,3896391.35
PF02752,CUST300325,Aggressive Equity,Aggressive,Living Annuity,SWIX,ZAR,2020-01-20,ADV007,Western Cape,1,120,16005341.83
PF02753,CUST036614,Property Focus,Moderate,Retirement Annuity,SAPY,ZAR,2019-06-12,ADV020,Western Cape,1,100,2697026.86
PF02754,CUST248336,Conservative Income,Conservative,Endowment,ALBI,ZAR,2022-05-21,ADV022,Gauteng,1,70,2598124.33
PF02755,CUST257110,Aggressive Equity,Aggressive,Retirement Annuity,SWIX,ZAR,2019-07-11,ADV024,Gauteng,1,120,10000878.89
PF02756,CUST239123,Offshore Feeder,Aggressive,Endowment,MSCI World,ZAR,2021-10-13,ADV017,Gauteng,0,105,2326941.86
PF02757,CUST363908,Money Market,Conservative,Tax-Free Savings,STeFI,ZAR,2016-09-08,ADV024,Gauteng,0,35,4500452.1
PF02758,CUST252707,Absolute Return,Moderate,Retirement Annuity,STeFI + 4%,ZAR,2015-05-16,ADV014,Gauteng,1,110,15149010.56
PF02759,CUST231409,Balanced Growth,Moderate,Tax-Free Savings,ALSI,ZAR,2020-08-06,ADV027,Gauteng,1,95,9092891.53
PF02760,CUST370504,Conservative Income,Conservative,Retirement Annuity,ALBI,ZAR,2017-02-12,ADV023,Gauteng,1,70,3478619.36
PF02761,CUST474421,Conservative Income,Conservative,Discretionary,ALBI,ZAR,2023-06-20,ADV001,Gauteng,1,70,41744130.72
PF02762,CUST437168,Absolute Return,Moderate,Retirement Annuity,STeFI + 4%,ZAR,2018-10-25,ADV018,Mpumalanga,1,110,11133142.42
PF02763,CUST106328,Offshore Feeder,Aggressive,Tax-Free Savings,MSCI World,ZAR,2017-10-13,ADV011,KwaZulu-Natal,0,105,6907965.99
PF02764,CUST259368,Aggressive Equity,Aggressive,Discretionary,SWIX,ZAR,2018-11-20,ADV027,KwaZulu-Natal,1,120,2674409.4
PF02765,CUST039615,Conservative Income,Conservative,Pension Fund,ALBI,ZAR,2016-12-21,ADV017,Gauteng,1,70,6142066.66
PF02766,CUST190975,Property Focus,Moderate,Retirement Annuity,SAPY,ZAR,2025-05-21,ADV023,Free State,1,100,2187399.12
PF02767,CUST451121,Absolute Return,Moderate,Discretionary,STeFI + 4%,ZAR,2020-11-17,ADV003,Eastern Cape,1,110,10698963.32
PF02768,CUST490139,Property Focus,Moderate,Living Annuity,SAPY,ZAR,2021-03-03,ADV014,KwaZulu-Natal,0,100,50023573.14
PF02769,CUST236697,Absolute Return,Moderate,Retirement Annuity,STeFI + 4%,ZAR,2019-07-09,ADV016,KwaZulu-Natal,1,110,20051198.66
PF02770,CUST203005,Conservative Income,Conservative,Living Annuity,ALBI,ZAR,2020-01-16,ADV010,Gauteng,1,70,15770740.04
PF02771,CUST297409,Money Market,Conservative,Pension Fund,STeFI,ZAR,2016-12-12,ADV015,Gauteng,1,35,25579312.78
PF02772,CUST258884,Offshore Feeder,Aggressive,Discretionary,MSCI World,ZAR,2023-04-28,ADV024,Western Cape,0,105,7792785.78
PF02773,CUST226011,Money Market,Conservative,Pension Fund,STeFI,ZAR,2019-01-19,ADV007,Western Cape,1,35,19517982.89
PF02774,CUST318557,Property Focus,Moderate,Pension Fund,SAPY,ZAR,2015-11-21,ADV018,Mpumalanga,1,100,5063140.99
PF02775,CUST450986,Absolute Return,Moderate,Pension Fund,STeFI + 4%,ZAR,2018-07-27,ADV002,Western Cape,1,110,16188946.65
PF02776,CUST079109,Conservative Income,Conservative,Retirement Annuity,ALBI,ZAR,2016-10-16,ADV023,Gauteng,1,70,16962593.65
PF02777,CUST330422,Offshore Feeder,Aggressive,Discretionary,MSCI World,ZAR,2019-05-03,ADV007,Western Cape,0,105,13022309.64
PF02778,CUST442113,Money Market,Conservative,Discretionary,STeFI,ZAR,2016-03-15,ADV005,Western Cape,0,35,11504502.46
PF02779,CUST036912,Property Focus,Moderate,Retirement Annuity,SAPY,ZAR,2016-05-30,ADV008,Western Cape,1,100,3485749.32
PF02780,CUST043861,Absolute Return,Moderate,Retirement Annuity,STeFI + 4%,ZAR,2016-01-24,ADV019,North West,1,110,9373288.67
PF02781,CUST262156,Absolute Return,Moderate,Discretionary,STeFI + 4%,ZAR,2019-03-01,ADV017,Western Cape,1,110,135221653.61
PF02782,CUST019218,Aggressive Equity,Aggressive,Retirement Annuity,SWIX,ZAR,2022-02-14,ADV020,Western Cape,1,120,7449648.93
PF02783,CUST304668,Conservative Income,Conservative,Discretionary,ALBI,ZAR,2016-06-29,ADV009,Mpumalanga,1,70,46251958.4
PF02784,CUST044819,Offshore Feeder,Aggressive,Tax-Free Savings,MSCI World,ZAR,2025-09-05,ADV018,Eastern Cape,0,105,20436397.5
PF02785,CUST088260,Money Market,Conservative,Living Annuity,STeFI,ZAR,2021-05-20,ADV021,KwaZulu-Natal,0,35,6960488.2
PF02786,CUST496978,Balanced Growth,Moderate,Retirement Annuity,ALSI,ZAR,2025-03-26,ADV006,Gauteng,1,95,59950729.56
PF02787,CUST339600,Property Focus,Moderate,Pension Fund,SAPY,ZAR,2023-08-23,ADV025,Western Cape,1,100,2545231.34
PF02788,CUST234597,Offshore Feeder,Aggressive,Pension Fund,MSCI World,ZAR,2016-01-25,ADV028,Western Cape,1,105,7236903.41
PF02789,CUST225976,Conservative Income,Conservative,Tax-Free Savings,ALBI,ZAR,2018-05-14,ADV022,Gauteng,1,70,7323780.7
PF02790,CUST043693,Money Market,Conservative,Pension Fund,STeFI,ZAR,2016-07-10,ADV016,Western Cape,1,35,10849808.72
PF02791,CUST124925,Absolute Return,Moderate,Retirement Annuity,STeFI + 4%,ZAR,2020-05-03,ADV012,Gauteng,1,110,49889095.04
PF02792,CUST055939,Offshore Feeder,Aggressive,Discretionary,MSCI World,ZAR,2018-11-05,ADV027,Gauteng,0,105,4848655.97
PF02793,CUST005613,Absolute Return,Moderate,Retirement Annuity,STeFI + 4%,ZAR,2023-01-08,ADV009,Free State,1,110,31858513.95
PF02794,CUST291580,Absolute Return,Moderate,Living Annuity,STeFI + 4%,ZAR,2016-01-23,ADV025,Gauteng,1,110,9099953.39
PF02795,CUST142882,Balanced Growth,Moderate,Pension Fund,ALSI,ZAR,2025-12-27,ADV001,Gauteng,1,95,774510.02
PF02796,CUST081104,Money Market,Conservative,Pension Fund,STeFI,ZAR,2016-05-17,ADV018,Gauteng,1,35,2306617.75
PF02797,CUST184971,Money Market,Conservative,Discretionary,STeFI,ZAR,2020-05-04,ADV010,Western Cape,0,35,1057629.65
PF02798,CUST414098,Aggressive Equity,Aggressive,Endowment,SWIX,ZAR,2021-04-25,ADV027,Mpumalanga,1,120,36228619.65
PF02799,CUST355055,Property Focus,Moderate,Retirement Annuity,SAPY,ZAR,2024-09-25,ADV018,Eastern Cape,1,100,6007217.32
PF02800,CUST349482,Balanced Growth,Moderate,Pension Fund,ALSI,ZAR,2022-10-02,ADV017,Gauteng,1,95,37164373.52
PF02801,CUST106466,Aggressive Equity,Aggressive,Discretionary,SWIX,ZAR,2017-09-11,ADV011,Mpumalanga,1,120,11426369.02
PF02802,CUST006057,Conservative Income,Conservative,Tax-Free Savings,ALBI,ZAR,2020-09-29,ADV028,Western Cape,1,70,98559441.08
PF02803,CUST446289,Balanced Growth,Moderate,Tax-Free Savings,ALSI,ZAR,2019-03-15,ADV011,Western Cape,1,95,20834374.25
PF02804,CUST029511,Absolute Return,Moderate,Retirement Annuity,STeFI + 4%,ZAR,2023-04-29,ADV021,Western Cape,1,110,11577812.6
PF02805,CUST395349,Aggressive Equity,Aggressive,Retirement Annuity,SWIX,ZAR,2025-04-02,ADV017,Eastern Cape,1,120,4804640.52
PF02806,CUST070781,Money Market,Conservative,Discretionary,STeFI,ZAR,2021-05-03,ADV003,Western Cape,0,35,4337169.79
PF02807,CUST169325,Property Focus,Moderate,Retirement Annuity,SAPY,ZAR,2025-03-30,ADV005,Gauteng,1,100,26035883.22
PF02808,CUST444600,Offshore Feeder,Aggressive,Living Annuity,MSCI World,ZAR,2017-01-19,ADV022,Gauteng,0,105,4190467.74
PF02809,CUST238095,Absolute Return,Moderate,Living Annuity,STeFI + 4%,ZAR,2018-08-26,ADV004,Gauteng,1,110,6253685.14
PF02810,CUST031966,Conservative Income,Conservative,Pension Fund,ALBI,ZAR,2024-03-25,ADV023,Gauteng,1,70,8236703.89
PF02811,CUST258077,Absolute Return,Moderate,Pension Fund,STeFI + 4%,ZAR,2020-12-07,ADV025,Gauteng,1,110,80818787.87
PF02812,CUST182470,Aggressive Equity,Aggressive,Discretionary,SWIX,ZAR,2015-06-06,ADV023,Western Cape,1,120,15728672.53
PF02813,CUST370632,Offshore Feeder,Aggressive,Retirement Annuity,MSCI World,ZAR,2016-07-11,ADV010,Eastern Cape,1,105,21925155.43
PF02814,CUST388759,Balanced Growth,Moderate,Pension Fund,ALSI,ZAR,2020-12-25,ADV004,Western Cape,1,95,9777946.0
PF02815,CUST107648,Absolute Return,Moderate,Retirement Annuity,STeFI + 4%,ZAR,2021-07-10,ADV017,Gauteng,1,110,3657766.59
PF02816,CUST399267,Conservative Income,Conservative,Discretionary,ALBI,ZAR,2018-10-02,ADV004,Western Cape,1,70,36372816.36
PF02817,CUST285427,Aggressive Equity,Aggressive,Living Annuity,SWIX,ZAR,2018-11-24,ADV023,KwaZulu-Natal,1,120,3096788.2
PF02818,CUST011954,Money Market,Conservative,Living Annuity,STeFI,ZAR,2015-11-07,ADV008,Gauteng,0,35,575923.88
PF02819,CUST233567,Offshore Feeder,Aggressive,Discretionary,MSCI World,ZAR,2025-01-18,ADV024,Eastern Cape,0,105,9204203.47
PF02820,CUST358788,Offshore Feeder,Aggressive,Discretionary,MSCI World,ZAR,2018-03-27,ADV013,Gauteng,0,105,12429713.92
PF02821,CUST243919,Absolute Return,Moderate,Living Annuity,STeFI + 4%,ZAR,2024-10-05,ADV013,Gauteng,1,110,2326439.1
PF02822,CUST032876,Absolute Return,Moderate,Retirement Annuity,STeFI + 4%,ZAR,2017-02-14,ADV022,Gauteng,1,110,17148620.02
PF02823,CUST161704,Absolute Return,Moderate,Discretionary,STeFI + 4%,ZAR,2016-09-10,ADV023,Free State,1,110,37805858.82
PF02824,CUST251343,Absolute Return,Moderate,Discretionary,STeFI + 4%,ZAR,2018-07-26,ADV002,Western Cape,1,110,90589068.08
PF02825,CUST084573,Offshore Feeder,Aggressive,Discretionary,MSCI World,ZAR,2023-02-16,ADV009,Mpumalanga,0,105,85552286.58
PF02826,CUST219639,Money Market,Conservative,Tax-Free Savings,STeFI,ZAR,2019-01-01,ADV010,Eastern Cape,0,35,8146452.8
PF02827,CUST487645,Aggressive Equity,Aggressive,Living Annuity,SWIX,ZAR,2020-10-10,ADV025,KwaZulu-Natal,1,120,2110726.3
PF02828,CUST252329,Aggressive Equity,Aggressive,Endowment,SWIX,ZAR,2021-06-28,ADV012,KwaZulu-Natal,1,120,32983130.02
PF02829,CUST229357,Conservative Income,Conservative,Discretionary,ALBI,ZAR,2023-05-02,ADV028,Western Cape,1,70,4466057.55
PF02830,CUST359066,Property Focus,Moderate,Discretionary,SAPY,ZAR,2017-10-05,ADV025,Gauteng,0,100,63753825.74
PF02831,CUST432391,Money Market,Conservative,Retirement Annuity,STeFI,ZAR,2020-04-02,ADV028,KwaZulu-Natal,1,35,4377132.38
PF02832,CUST054476,Aggressive Equity,Aggressive,Retirement Annuity,SWIX,ZAR,2021-01-08,ADV028,Western Cape,1,120,6141423.38
PF02833,CUST206198,Conservative Income,Conservative,Living Annuity,ALBI,ZAR,2020-02-07,ADV027,Eastern Cape,1,70,3330610.46
PF02834,CUST438657,Balanced Growth,Moderate,Pension Fund,ALSI,ZAR,2023-05-16,ADV010,Gauteng,1,95,15521881.92
PF02835,CUST439277,Conservative Income,Conservative,Tax-Free Savings,ALBI,ZAR,2019-03-28,ADV022,Western Cape,1,70,13779089.93
PF02836,CUST193608,Balanced Growth,Moderate,Retirement Annuity,ALSI,ZAR,2023-12-03,ADV011,KwaZulu-Natal,1,95,9363298.13
PF02837,CUST278097,Property Focus,Moderate,Retirement Annuity,SAPY,ZAR,2021-08-25,ADV005,KwaZulu-Natal,1,100,7134389.16
PF02838,CUST467607,Money Market,Conservative,Retirement Annuity,STeFI,ZAR,2020-11-21,ADV008,Western Cape,1,35,8140506.28
PF02839,CUST416385,Absolute Return,Moderate,Pension Fund,STeFI + 4%,ZAR,2016-03-20,ADV014,Gauteng,1,110,7421306.56
PF02840,CUST468931,Aggressive Equity,Aggressive,Living Annuity,SWIX,ZAR,2016-02-03,ADV021,KwaZulu-Natal,1,120,2109456.0
PF02841,CUST424418,Aggressive Equity,Aggressive,Discretionary,SWIX,ZAR,2020-11-01,ADV014,Gauteng,1,120,660476.63
PF02842,CUST313059,Conservative Income,Conservative,Pension Fund,ALBI,ZAR,2020-04-27,ADV018,Western Cape,1,70,26750400.57
PF02843,CUST408250,Offshore Feeder,Aggressive,Pension Fund,MSCI World,ZAR,2015-02-18,ADV021,Gauteng,1,105,4909635.04
PF02844,CUST227217,Aggressive Equity,Aggressive,Pension Fund,SWIX,ZAR,2020-07-27,ADV002,Western Cape,1,120,35012077.59
PF02845,CUST345345,Absolute Return,Moderate,Living Annuity,STeFI + 4%,ZAR,2025-06-10,ADV007,Free State,1,110,4355315.23
PF02846,CUST087608,Balanced Growth,Moderate,Living Annuity,ALSI,ZAR,2015-07-04,ADV015,Gauteng,1,95,2043345.03
PF02847,CUST319194,Offshore Feeder,Aggressive,Pension Fund,MSCI World,ZAR,2022-02-21,ADV009,KwaZulu-Natal,1,105,6948544.3
PF02848,CUST474038,Absolute Return,Moderate,Retirement Annuity,STeFI + 4%,ZAR,2020-10-22,ADV009,Gauteng,1,110,11703051.36
PF02849,CUST436917,Property Focus,Moderate,Retirement Annuity,SAPY,ZAR,2023-07-14,ADV007,Western Cape,1,100,8341341.45
PF02850,CUST065091,Conservative Income,Conservative,Retirement Annuity,ALBI,ZAR,2016-01-02,ADV026,Free State,1,70,2393822.12
PF02851,CUST458355,Offshore Feeder,Aggressive,Discretionary,MSCI World,ZAR,2016-04-17,ADV001,Gauteng,0,105,5482561.57
PF02852,CUST070266,Offshore Feeder,Aggressive,Living Annuity,MSCI World,ZAR,2020-07-17,ADV001,KwaZulu-Natal,0,105,63896925.3
PF02853,CUST203978,Balanced Growth,Moderate,Retirement Annuity,ALSI,ZAR,2019-07-20,ADV005,Gauteng,1,95,2818810.38
PF02854,CUST330259,Aggressive Equity,Aggressive,Pension Fund,SWIX,ZAR,2019-02-09,ADV021,Western Cape,1,120,16546917.23
PF02855,CUST293551,Conservative Income,Conservative,Tax-Free Savings,ALBI,ZAR,2022-12-13,ADV009,Mpumalanga,1,70,1998667.25
PF02856,CUST176750,Aggressive Equity,Aggressive,Discretionary,SWIX,ZAR,2018-01-23,ADV004,Western Cape,1,120,18526445.0
PF02857,CUST076289,Money Market,Conservative,Living Annuity,STeFI,ZAR,2016-07-03,ADV025,Gauteng,0,35,2168817.48
PF02858,CUST423190,Aggressive Equity,Aggressive,Pension Fund,SWIX,ZAR,2015-09-14,ADV007,Eastern Cape,1,120,10620853.33
PF02859,CUST188239,Absolute Return,Moderate,Retirement Annuity,STeFI + 4%,ZAR,2025-10-16,ADV005,Western Cape,1,110,8102175.28
PF02860,CUST268477,Aggressive Equity,Aggressive,Discretionary,SWIX,ZAR,2019-11-15,ADV028,Western Cape,1,120,142116479.86
PF02861,CUST326179,Money Market,Conservative,Discretionary,STeFI,ZAR,2019-07-20,ADV013,Gauteng,0,35,2368533.0
PF02862,CUST328702,Property Focus,Moderate,Discretionary,SAPY,ZAR,2021-02-13,ADV021,Gauteng,0,100,3299280.24
PF02863,CUST243773,Absolute Return,Moderate,Retirement Annuity,STeFI + 4%,ZAR,2025-12-17,ADV002,Gauteng,1,110,16800922.81
PF02864,CUST254847,Offshore Feeder,Aggressive,Living Annuity,MSCI World,ZAR,2016-07-23,ADV018,Gauteng,0,105,1561279.69
PF02865,CUST410241,Property Focus,Moderate,Pension Fund,SAPY,ZAR,2017-08-26,ADV022,Western Cape,1,100,1173102.89
PF02866,CUST225015,Aggressive Equity,Aggressive,Pension Fund,SWIX,ZAR,2025-12-14,ADV020,Eastern Cape,1,120,103280691.16
PF02867,CUST011815,Conservative Income,Conservative,Endowment,ALBI,ZAR,2023-12-07,ADV013,Gauteng,1,70,15635617.8
PF02868,CUST044145,Money Market,Conservative,Discretionary,STeFI,ZAR,2025-10-13,ADV018,Western Cape,0,35,26967500.35
PF02869,CUST157667,Aggressive Equity,Aggressive,Discretionary,SWIX,ZAR,2017-01-28,ADV024,Gauteng,1,120,7190113.13
PF02870,CUST367121,Aggressive Equity,Aggressive,Living Annuity,SWIX,ZAR,2022-03-14,ADV026,Gauteng,1,120,38410871.28
PF02871,CUST446449,Aggressive Equity,Aggressive,Tax-Free Savings,SWIX,ZAR,2022-03-23,ADV001,Western Cape,1,120,9142735.62
PF02872,CUST139121,Aggressive Equity,Aggressive,Discretionary,SWIX,ZAR,2016-09-05,ADV019,Western Cape,1,120,24237307.18
PF02873,CUST327374,Aggressive Equity,Aggressive,Discretionary,SWIX,ZAR,2022-01-11,ADV020,Western Cape,1,120,995809.86
PF02874,CUST142302,Offshore Feeder,Aggressive,Living Annuity,MSCI World,ZAR,2019-08-07,ADV001,Western Cape,0,105,1815512.9
PF02875,CUST067921,Property Focus,Moderate,Pension Fund,SAPY,ZAR,2022-07-17,ADV019,Gauteng,1,100,4587355.62
PF02876,CUST389029,Aggressive Equity,Aggressive,Discretionary,SWIX,ZAR,2016-07-15,ADV026,Mpumalanga,1,120,241243.95
PF02877,CUST474160,Property Focus,Moderate,Discretionary,SAPY,ZAR,2022-04-07,ADV027,Western Cape,0,100,1240259.48
PF02878,CUST418792,Balanced Growth,Moderate,Retirement Annuity,ALSI,ZAR,2018-12-22,ADV006,Western Cape,1,95,1850438.16
PF02879,CUST329653,Absolute Return,Moderate,Retirement Annuity,STeFI + 4%,ZAR,2015-07-17,ADV006,KwaZulu-Natal,1,110,4250571.97
PF02880,CUST344326,Conservative Income,Conservative,Discretionary,ALBI,ZAR,2019-07-28,ADV025,Gauteng,1,70,13132306.31
PF02881,CUST232833,Money Market,Conservative,Pension Fund,STeFI,ZAR,2015-07-21,ADV022,Western Cape,1,35,13720694.21
PF02882,CUST325402,Absolute Return,Moderate,Retirement Annuity,STeFI + 4%,ZAR,2022-05-15,ADV003,Gauteng,1,110,11966044.57
PF02883,CUST337504,Aggressive Equity,Aggressive,Discretionary,SWIX,ZAR,2016-03-20,ADV014,Mpumalanga,1,120,19863478.28
PF02884,CUST401005,Offshore Feeder,Aggressive,Retirement Annuity,MSCI World,ZAR,2018-06-01,ADV024,KwaZulu-Natal,1,105,13187525.97
PF02885,CUST350351,Offshore Feeder,Aggressive,Retirement Annuity,MSCI World,ZAR,2018-11-07,ADV019,Free State,1,105,213503478.02
PF02886,CUST244490,Absolute Return,Moderate,Endowment,STeFI + 4%,ZAR,2024-05-02,ADV013,Free State,1,110,9787228.21
PF02887,CUST389111,Money Market,Conservative,Retirement Annuity,STeFI,ZAR,2016-11-26,ADV003,Mpumalanga,1,35,358974667.16
PF02888,CUST400040,Absolute Return,Moderate,Discretionary,STeFI + 4%,ZAR,2022-07-10,ADV022,KwaZulu-Natal,1,110,36844158.31
PF02889,CUST421115,Absolute Return,Moderate,Living Annuity,STeFI + 4%,ZAR,2019-10-23,ADV014,Gauteng,1,110,10542554.56
PF02890,CUST465173,Offshore Feeder,Aggressive,Retirement Annuity,MSCI World,ZAR,2025-06-02,ADV014,Western Cape,1,105,13870478.94
PF02891,CUST090537,Property Focus,Moderate,Retirement Annuity,SAPY,ZAR,2022-06-15,ADV017,Gauteng,1,100,12748697.69
PF02892,CUST407873,Conservative Income,Conservative,Tax-Free Savings,ALBI,ZAR,2017-08-17,ADV025,Western Cape,1,70,1982851.13
PF02893,CUST339420,Conservative Income,Conservative,Pension Fund,ALBI,ZAR,2025-04-29,ADV028,Gauteng,1,70,13987107.18
PF02894,CUST415872,Balanced Growth,Moderate,Retirement Annuity,ALSI,ZAR,2018-12-13,ADV008,Eastern Cape,1,95,15803567.1
PF02895,CUST250630,Conservative Income,Conservative,Retirement Annuity,ALBI,ZAR,2018-06-27,ADV017,Gauteng,1,70,18414570.51
PF02896,CUST376063,Aggressive Equity,Aggressive,Discretionary,SWIX,ZAR,2024-02-23,ADV003,Gauteng,1,120,16530595.05
PF02897,CUST437779,Money Market,Conservative,Discretionary,STeFI,ZAR,2020-12-26,ADV023,KwaZulu-Natal,0,35,1525154.39
PF02898,CUST459973,Aggressive Equity,Aggressive,Pension Fund,SWIX,ZAR,2024-09-25,ADV028,Free State,1,120,4721634.2
PF02899,CUST479781,Aggressive Equity,Aggressive,Tax-Free Savings,SWIX,ZAR,2024-10-24,ADV028,Limpopo,1,120,71832847.35
PF02900,CUST285426,Offshore Feeder,Aggressive,Tax-Free Savings,MSCI World,ZAR,2017-12-08,ADV013,Eastern Cape,0,105,15120152.69
PF02901,CUST029195,Conservative Income,Conservative,Retirement Annuity,ALBI,ZAR,2021-07-06,ADV021,KwaZulu-Natal,1,70,10837209.04
PF02902,CUST172547,Conservative Income,Conservative,Living Annuity,ALBI,ZAR,2025-03-31,ADV008,Mpumalanga,1,70,8023830.05
PF02903,CUST212762,Offshore Feeder,Aggressive,Tax-Free Savings,MSCI World,ZAR,2024-11-03,ADV008,Gauteng,0,105,21926962.79
PF02904,CUST343429,Absolute Return,Moderate,Discretionary,STeFI + 4%,ZAR,2023-08-29,ADV017,Gauteng,1,110,1578215.05
PF02905,CUST352074,Offshore Feeder,Aggressive,Pension Fund,MSCI World,ZAR,2025-11-11,ADV026,Eastern Cape,1,105,5302587.07
PF02906,CUST147166,Aggressive Equity,Aggressive,Discretionary,SWIX,ZAR,2020-11-03,ADV020,Western Cape,1,120,24442973.83
PF02907,CUST259734,Property Focus,Moderate,Living Annuity,SAPY,ZAR,2019-03-18,ADV016,Free State,0,100,8371406.34
PF02908,CUST396003,Aggressive Equity,Aggressive,Retirement Annuity,SWIX,ZAR,2021-07-06,ADV026,North West,1,120,2884439.48
PF02909,CUST468516,Aggressive Equity,Aggressive,Discretionary,SWIX,ZAR,2015-02-21,ADV013,Limpopo,1,120,21690037.33
PF02910,CUST157189,Property Focus,Moderate,Pension Fund,SAPY,ZAR,2022-12-03,ADV004,Western Cape,1,100,11672358.17
PF02911,CUST275693,Absolute Return,Moderate,Retirement Annuity,STeFI + 4%,ZAR,2025-03-12,ADV015,Mpumalanga,1,110,15996395.39
PF02912,CUST492430,Offshore Feeder,Aggressive,Discretionary,MSCI World,ZAR,2018-08-06,ADV021,Western Cape,0,105,14090527.39
PF02913,CUST350534,Offshore Feeder,Aggressive,Endowment,MSCI World,ZAR,2025-06-08,ADV022,Gauteng,0,105,10206580.78
PF02914,CUST482904,Money Market,Conservative,Discretionary,STeFI,ZAR,2025-12-02,ADV011,KwaZulu-Natal,0,35,3930659.4
PF02915,CUST279755,Conservative Income,Conservative,Tax-Free Savings,ALBI,ZAR,2016-09-30,ADV002,Eastern Cape,1,70,4196690.23
PF02916,CUST107529,Money Market,Conservative,Retirement Annuity,STeFI,ZAR,2021-10-21,ADV013,KwaZulu-Natal,1,35,22939498.04
PF02917,CUST118163,Property Focus,Moderate,Tax-Free Savings,SAPY,ZAR,2017-01-22,ADV008,Mpumalanga,0,100,3991013.4
PF02918,CUST499993,Money Market,Conservative,Endowment,STeFI,ZAR,2016-09-23,ADV006,Limpopo,0,35,13508815.8
PF02919,CUST444547,Aggressive Equity,Aggressive,Living Annuity,SWIX,ZAR,2016-03-09,ADV017,Gauteng,1,120,373289.02
PF02920,CUST376411,Aggressive Equity,Aggressive,Discretionary,SWIX,ZAR,2020-08-06,ADV020,Mpumalanga,1,120,728621.4
PF02921,CUST272063,Absolute Return,Moderate,Discretionary,STeFI + 4%,ZAR,2022-03-19,ADV016,North West,1,110,23723479.06
PF02922,CUST015800,Money Market,Conservative,Endowment,STeFI,ZAR,2016-07-10,ADV021,Gauteng,0,35,1245233.69
PF02923,CUST353989,Aggressive Equity,Aggressive,Retirement Annuity,SWIX,ZAR,2024-11-20,ADV023,KwaZulu-Natal,1,120,9734032.14
PF02924,CUST441513,Aggressive Equity,Aggressive,Discretionary,SWIX,ZAR,2023-01-28,ADV016,Gauteng,1,120,2498714.84
PF02925,CUST452904,Offshore Feeder,Aggressive,Discretionary,MSCI World,ZAR,2018-03-13,ADV027,Western Cape,0,105,975644.37
PF02926,CUST432274,Balanced Growth,Moderate,Retirement Annuity,ALSI,ZAR,2016-10-07,ADV025,Free State,1,95,19004806.12
PF02927,CUST185661,Money Market,Conservative,Discretionary,STeFI,ZAR,2023-06-12,ADV014,Gauteng,0,35,26535763.32
PF02928,CUST200099,Offshore Feeder,Aggressive,Retirement Annuity,MSCI World,ZAR,2017-03-22,ADV002,Western Cape,1,105,3814616.33
PF02929,CUST147357,Offshore Feeder,Aggressive,Living Annuity,MSCI World,ZAR,2015-06-02,ADV022,Western Cape,0,105,9996391.96
PF02930,CUST221680,Conservative Income,Conservative,Tax-Free Savings,ALBI,ZAR,2020-01-31,ADV014,Western Cape,1,70,10047708.85
PF02931,CUST260823,Property Focus,Moderate,Pension Fund,SAPY,ZAR,2021-04-07,ADV007,Western Cape,1,100,3571427.56
PF02932,CUST081227,Aggressive Equity,Aggressive,Living Annuity,SWIX,ZAR,2017-03-06,ADV015,Gauteng,1,120,14635249.54
PF02933,CUST484671,Conservative Income,Conservative,Retirement Annuity,ALBI,ZAR,2021-06-13,ADV011,Gauteng,1,70,4330433.16
PF02934,CUST029281,Offshore Feeder,Aggressive,Retirement Annuity,MSCI World,ZAR,2021-09-28,ADV009,Gauteng,1,105,8402923.93
PF02935,CUST111777,Offshore Feeder,Aggressive,Discretionary,MSCI World,ZAR,2016-07-05,ADV022,Eastern Cape,0,105,5410579.56
PF02936,CUST361739,Aggressive Equity,Aggressive,Tax-Free Savings,SWIX,ZAR,2018-07-06,ADV004,Gauteng,1,120,40363255.53
PF02937,CUST236103,Aggressive Equity,Aggressive,Retirement Annuity,SWIX,ZAR,2018-07-27,ADV024,Gauteng,1,120,5358137.38
PF02938,CUST076292,Conservative Income,Conservative,Discretionary,ALBI,ZAR,2025-10-08,ADV008,Free State,1,70,42766409.96
PF02939,CUST017511,Money Market,Conservative,Pension Fund,STeFI,ZAR,2023-10-23,ADV002,Western Cape,1,35,5552583.96
PF02940,CUST408943,Aggressive Equity,Aggressive,Discretionary,SWIX,ZAR,2018-06-16,ADV017,Western Cape,1,120,10376777.56
PF02941,CUST461771,Property Focus,Moderate,Retirement Annuity,SAPY,ZAR,2021-10-29,ADV011,Western Cape,1,100,58624929.67
PF02942,CUST156047,Offshore Feeder,Aggressive,Endowment,MSCI World,ZAR,2020-06-24,ADV020,KwaZulu-Natal,0,105,41208132.48
PF02943,CUST224586,Balanced Growth,Moderate,Tax-Free Savings,ALSI,ZAR,2020-04-13,ADV007,Eastern Cape,1,95,4477620.27
PF02944,CUST067654,Aggressive Equity,Aggressive,Retirement Annuity,SWIX,ZAR,2018-04-05,ADV010,Gauteng,1,120,7338902.8
PF02945,CUST409685,Conservative Income,Conservative,Retirement Annuity,ALBI,ZAR,2022-10-20,ADV015,Gauteng,1,70,3419173.3
PF02946,CUST290169,Aggressive Equity,Aggressive,Endowment,SWIX,ZAR,2017-12-12,ADV028,Gauteng,1,120,32835198.77
PF02947,CUST466421,Property Focus,Moderate,Discretionary,SAPY,ZAR,2015-06-08,ADV011,KwaZulu-Natal,0,100,4004575.63
PF02948,CUST481262,Conservative Income,Conservative,Retirement Annuity,ALBI,ZAR,2025-11-05,ADV024,Gauteng,1,70,50330581.07
PF02949,CUST197617,Offshore Feeder,Aggressive,Discretionary,MSCI World,ZAR,2022-05-25,ADV015,Northern Cape,0,105,3192273.31
PF02950,CUST316542,Property Focus,Moderate,Pension Fund,SAPY,ZAR,2017-03-23,ADV002,KwaZulu-Natal,1,100,845333.91
PF02951,CUST155464,Offshore Feeder,Aggressive,Tax-Free Savings,MSCI World,ZAR,2020-11-28,ADV017,Gauteng,0,105,1483007.03
PF02952,CUST489911,Conservative Income,Conservative,Pension Fund,ALBI,ZAR,2015-03-10,ADV011,Free State,1,70,2407733.44
PF02953,CUST360818,Property Focus,Moderate,Retirement Annuity,SAPY,ZAR,2024-09-01,ADV020,Gauteng,1,100,10907616.28
PF02954,CUST202070,Balanced Growth,Moderate,Living Annuity,ALSI,ZAR,2016-11-22,ADV015,Mpumalanga,1,95,71578719.14
PF02955,CUST196663,Aggressive Equity,Aggressive,Pension Fund,SWIX,ZAR,2025-09-20,ADV004,Gauteng,1,120,129127723.34
PF02956,CUST339016,Offshore Feeder,Aggressive,Retirement Annuity,MSCI World,ZAR,2017-09-23,ADV017,Gauteng,1,105,18414759.63
PF02957,CUST058559,Money Market,Conservative,Living Annuity,STeFI,ZAR,2025-08-02,ADV023,North West,0,35,4487575.64
PF02958,CUST196482,Absolute Return,Moderate,Discretionary,STeFI + 4%,ZAR,2016-10-31,ADV025,Western Cape,1,110,24874250.24
PF02959,CUST274806,Aggressive Equity,Aggressive,Retirement Annuity,SWIX,ZAR,2019-10-25,ADV012,Eastern Cape,1,120,14480205.54
PF02960,CUST355951,Absolute Return,Moderate,Discretionary,STeFI + 4%,ZAR,2020-10-24,ADV026,Mpumalanga,1,110,18352034.0
PF02961,CUST349499,Aggressive Equity,Aggressive,Living Annuity,SWIX,ZAR,2019-08-31,ADV014,Gauteng,1,120,15096080.42
PF02962,CUST376745,Aggressive Equity,Aggressive,Living Annuity,SWIX,ZAR,2019-02-07,ADV008,Gauteng,1,120,18012866.46
PF02963,CUST040063,Aggressive Equity,Aggressive,Retirement Annuity,SWIX,ZAR,2019-10-25,ADV025,Western Cape,1,120,5334734.5
PF02964,CUST043570,Conservative Income,Conservative,Retirement Annuity,ALBI,ZAR,2019-07-03,ADV003,Gauteng,1,70,5851593.22
PF02965,CUST092189,Aggressive Equity,Aggressive,Retirement Annuity,SWIX,ZAR,2020-10-05,ADV020,KwaZulu-Natal,1,120,67398.56
PF02966,CUST034449,Absolute Return,Moderate,Discretionary,STeFI + 4%,ZAR,2021-12-20,ADV021,Western Cape,1,110,1350239.91
PF02967,CUST260673,Property Focus,Moderate,Discretionary,SAPY,ZAR,2022-03-17,ADV027,Western Cape,0,100,7868197.43
PF02968,CUST060240,Offshore Feeder,Aggressive,Discretionary,MSCI World,ZAR,2021-09-03,ADV013,KwaZulu-Natal,0,105,21818102.2
PF02969,CUST245207,Conservative Income,Conservative,Retirement Annuity,ALBI,ZAR,2023-01-09,ADV019,Limpopo,1,70,12423326.51
PF02970,CUST074649,Property Focus,Moderate,Discretionary,SAPY,ZAR,2022-01-14,ADV002,Gauteng,0,100,8783925.97
PF02971,CUST418433,Conservative Income,Conservative,Discretionary,ALBI,ZAR,2024-06-26,ADV015,Western Cape,1,70,13657363.79
PF02972,CUST333292,Absolute Return,Moderate,Pension Fund,STeFI + 4%,ZAR,2025-12-04,ADV021,KwaZulu-Natal,1,110,6164728.47
PF02973,CUST370643,Property Focus,Moderate,Endowment,SAPY,ZAR,2018-07-21,ADV009,Gauteng,0,100,17883077.89
PF02974,CUST092144,Absolute Return,Moderate,Living Annuity,STeFI + 4%,ZAR,2020-03-04,ADV025,Gauteng,1,110,1265831.02
PF02975,CUST001146,Aggressive Equity,Aggressive,Endowment,SWIX,ZAR,2019-05-19,ADV002,Western Cape,1,120,21646757.4
PF02976,CUST442908,Absolute Return,Moderate,Retirement Annuity,STeFI + 4%,ZAR,2021-05-03,ADV019,Western Cape,1,110,51486170.79
PF02977,CUST191688,Conservative Income,Conservative,Discretionary,ALBI,ZAR,2025-06-07,ADV028,Western Cape,1,70,30710174.04
PF02978,CUST139605,Property Focus,Moderate,Discretionary,SAPY,ZAR,2017-09-28,ADV020,Mpumalanga,0,100,22896072.13
PF02979,CUST315273,Money Market,Conservative,Discretionary,STeFI,ZAR,2020-07-29,ADV009,Western Cape,0,35,36876184.77
PF02980,CUST327113,Balanced Growth,Moderate,Pension Fund,ALSI,ZAR,2025-03-20,ADV010,Gauteng,1,95,2909351.11
PF02981,CUST273502,Balanced Growth,Moderate,Retirement Annuity,ALSI,ZAR,2019-01-01,ADV022,Eastern Cape,1,95,4369864.83
PF02982,CUST099756,Conservative Income,Conservative,Living Annuity,ALBI,ZAR,2023-01-10,ADV008,Western Cape,1,70,8571424.15
PF02983,CUST324481,Money Market,Conservative,Discretionary,STeFI,ZAR,2017-11-13,ADV022,KwaZulu-Natal,0,35,36922281.13
PF02984,CUST082678,Balanced Growth,Moderate,Retirement Annuity,ALSI,ZAR,2015-05-23,ADV007,Western Cape,1,95,34822940.56
PF02985,CUST268618,Aggressive Equity,Aggressive,Discretionary,SWIX,ZAR,2021-05-11,ADV016,Gauteng,1,120,3513691.98
PF02986,CUST387362,Conservative Income,Conservative,Discretionary,ALBI,ZAR,2020-05-10,ADV017,Western Cape,1,70,15017605.05
PF02987,CUST227607,Aggressive Equity,Aggressive,Pension Fund,SWIX,ZAR,2015-12-15,ADV022,Gauteng,1,120,3598828.08
PF02988,CUST069135,Money Market,Conservative,Discretionary,STeFI,ZAR,2024-10-26,ADV018,Eastern Cape,0,35,8108308.65
PF02989,CUST475009,Property Focus,Moderate,Discretionary,SAPY,ZAR,2022-10-28,ADV003,Gauteng,0,100,92615498.85
PF02990,CUST060009,Property Focus,Moderate,Pension Fund,SAPY,ZAR,2022-08-30,ADV006,Gauteng,1,100,22938352.28
PF02991,CUST038038,Conservative Income,Conservative,Retirement Annuity,ALBI,ZAR,2017-11-15,ADV001,Free State,1,70,3942734.85
PF02992,CUST497103,Offshore Feeder,Aggressive,Tax-Free Savings,MSCI World,ZAR,2020-03-20,ADV020,Gauteng,0,105,12087134.83
PF02993,CUST166049,Balanced Growth,Moderate,Endowment,ALSI,ZAR,2025-01-15,ADV023,Western Cape,1,95,15299204.02
PF02994,CUST071522,Property Focus,Moderate,Discretionary,SAPY,ZAR,2018-08-03,ADV022,KwaZulu-Natal,0,100,658082.86
PF02995,CUST038477,Aggressive Equity,Aggressive,Living Annuity,SWIX,ZAR,2024-10-01,ADV003,KwaZulu-Natal,1,120,18126637.77
PF02996,CUST359403,Absolute Return,Moderate,Retirement Annuity,STeFI + 4%,ZAR,2023-08-03,ADV004,Mpumalanga,1,110,35225074.62
PF02997,CUST482814,Balanced Growth,Moderate,Retirement Annuity,ALSI,ZAR,2019-01-01,ADV012,Gauteng,1,95,24720437.15
PF02998,CUST024667,Aggressive Equity,Aggressive,Tax-Free Savings,SWIX,ZAR,2022-04-28,ADV003,Gauteng,1,120,27929070.81
PF02999,CUST274601,Balanced Growth,Moderate,Living Annuity,ALSI,ZAR,2016-07-30,ADV013,Gauteng,1,95,38943173.24
PF03000,CUST255472,Property Focus,Moderate,Discretionary,SAPY,ZAR,2025-07-12,ADV013,Gauteng,0,100,14243584.55
PF03001,CUST405771,Money Market,Conservative,Retirement Annuity,STeFI,ZAR,2021-08-12,ADV008,Western Cape,1,35,1839916.19
PF03002,CUST237238,Absolute Return,Moderate,Discretionary,STeFI + 4%,ZAR,2020-04-03,ADV007,Gauteng,1,110,512384.98
PF03003,CUST266983,Money Market,Conservative,Discretionary,STeFI,ZAR,2015-05-10,ADV013,Gauteng,0,35,16141585.0
PF03004,CUST202005,Conservative Income,Conservative,Endowment,ALBI,ZAR,2025-06-16,ADV006,Gauteng,1,70,2857232.06
PF03005,CUST223968,Offshore Feeder,Aggressive,Retirement Annuity,MSCI World,ZAR,2015-04-16,ADV002,Western Cape,1,105,17350251.41
PF03006,CUST024532,Conservative Income,Conservative,Discretionary,ALBI,ZAR,2017-03-15,ADV016,Mpumalanga,1,70,13297025.52
PF03007,CUST199071,Conservative Income,Conservative,Living Annuity,ALBI,ZAR,2022-09-20,ADV013,North West,1,70,42636533.68
PF03008,CUST147127,Conservative Income,Conservative,Discretionary,ALBI,ZAR,2024-02-02,ADV025,Western Cape,1,70,12463688.34
PF03009,CUST231790,Aggressive Equity,Aggressive,Living Annuity,SWIX,ZAR,2020-03-27,ADV028,Free State,1,120,2867016.81
PF03010,CUST246256,Conservative Income,Conservative,Living Annuity,ALBI,ZAR,2025-12-01,ADV028,Western Cape,1,70,8969948.9
PF03011,CUST194773,Offshore Feeder,Aggressive,Tax-Free Savings,MSCI World,ZAR,2020-06-23,ADV010,Limpopo,0,105,27323398.76
PF03012,CUST218977,Absolute Return,Moderate,Pension Fund,STeFI + 4%,ZAR,2015-08-12,ADV024,Limpopo,1,110,9769825.2
PF03013,CUST273062,Aggressive Equity,Aggressive,Pension Fund,SWIX,ZAR,2024-02-01,ADV014,Western Cape,1,120,2750686.06
PF03014,CUST426451,Balanced Growth,Moderate,Tax-Free Savings,ALSI,ZAR,2015-05-19,ADV011,Eastern Cape,1,95,17541095.22
PF03015,CUST128718,Money Market,Conservative,Discretionary,STeFI,ZAR,2015-08-23,ADV024,KwaZulu-Natal,0,35,243017135.18
PF03016,CUST363961,Property Focus,Moderate,Tax-Free Savings,SAPY,ZAR,2017-07-08,ADV012,Gauteng,0,100,2802945.45
PF03017,CUST367037,Offshore Feeder,Aggressive,Pension Fund,MSCI World,ZAR,2022-09-21,ADV003,Free State,1,105,101635217.82
PF03018,CUST396172,Property Focus,Moderate,Discretionary,SAPY,ZAR,2019-11-20,ADV003,Gauteng,0,100,35963764.64
PF03019,CUST337536,Aggressive Equity,Aggressive,Retirement Annuity,SWIX,ZAR,2021-03-03,ADV012,Gauteng,1,120,8155744.61
PF03020,CUST040854,Money Market,Conservative,Tax-Free Savings,STeFI,ZAR,2017-03-13,ADV022,Gauteng,0,35,24243563.71
PF03021,CUST341290,Absolute Return,Moderate,Retirement Annuity,STeFI + 4%,ZAR,2024-04-12,ADV009,Free State,1,110,11172330.57
PF03022,CUST493506,Aggressive Equity,Aggressive,Pension Fund,SWIX,ZAR,2019-09-11,ADV019,Gauteng,1,120,1486198.72
PF03023,CUST343485,Aggressive Equity,Aggressive,Discretionary,SWIX,ZAR,2020-09-30,ADV016,KwaZulu-Natal,1,120,3047780.02
PF03024,CUST128784,Property Focus,Moderate,Discretionary,SAPY,ZAR,2022-02-14,ADV019,Free State,0,100,19913990.01
PF03025,CUST230580,Balanced Growth,Moderate,Discretionary,ALSI,ZAR,2022-11-26,ADV012,Western Cape,1,95,5133383.41
PF03026,CUST028767,Offshore Feeder,Aggressive,Retirement Annuity,MSCI World,ZAR,2023-03-06,ADV028,Gauteng,1,105,7977365.21
PF03027,CUST480938,Money Market,Conservative,Retirement Annuity,STeFI,ZAR,2023-07-25,ADV026,Western Cape,1,35,40219216.02
PF03028,CUST179780,Absolute Return,Moderate,Discretionary,STeFI + 4%,ZAR,2025-05-22,ADV021,Free State,1,110,3680405.2
PF03029,CUST018404,Balanced Growth,Moderate,Retirement Annuity,ALSI,ZAR,2022-06-08,ADV001,Mpumalanga,1,95,26380041.87
PF03030,CUST116689,Property Focus,Moderate,Discretionary,SAPY,ZAR,2017-06-22,ADV026,KwaZulu-Natal,0,100,1519759.42
PF03031,CUST240047,Absolute Return,Moderate,Discretionary,STeFI + 4%,ZAR,2016-01-13,ADV021,Gauteng,1,110,10386001.44
PF03032,CUST201577,Aggressive Equity,Aggressive,Discretionary,SWIX,ZAR,2024-09-23,ADV006,Gauteng,1,120,5159417.19
PF03033,CUST094895,Money Market,Conservative,Retirement Annuity,STeFI,ZAR,2019-06-23,ADV005,Gauteng,1,35,2359185.73
PF03034,CUST099517,Balanced Growth,Moderate,Living Annuity,ALSI,ZAR,2020-07-21,ADV027,Gauteng,1,95,14832767.68
PF03035,CUST290592,Offshore Feeder,Aggressive,Living Annuity,MSCI World,ZAR,2018-12-25,ADV006,Gauteng,0,105,13912440.27
PF03036,CUST262106,Conservative Income,Conservative,Endowment,ALBI,ZAR,2025-07-24,ADV024,Eastern Cape,1,70,13964031.23
PF03037,CUST460895,Balanced Growth,Moderate,Discretionary,ALSI,ZAR,2023-07-13,ADV005,Western Cape,1,95,13713897.45
PF03038,CUST307310,Property Focus,Moderate,Retirement Annuity,SAPY,ZAR,2022-02-06,ADV004,Western Cape,1,100,27187983.35
PF03039,CUST298853,Money Market,Conservative,Retirement Annuity,STeFI,ZAR,2019-07-13,ADV028,Western Cape,1,35,1138871.23
PF03040,CUST111526,Money Market,Conservative,Endowment,STeFI,ZAR,2016-08-20,ADV015,Eastern Cape,0,35,13692939.34
PF03041,CUST155832,Money Market,Conservative,Living Annuity,STeFI,ZAR,2020-05-30,ADV019,Gauteng,0,35,24530448.18
PF03042,CUST431522,Conservative Income,Conservative,Tax-Free Savings,ALBI,ZAR,2022-03-16,ADV014,Western Cape,1,70,2922229.94
PF03043,CUST206268,Conservative Income,Conservative,Discretionary,ALBI,ZAR,2021-04-15,ADV014,Western Cape,1,70,2436688.11
PF03044,CUST171194,Offshore Feeder,Aggressive,Pension Fund,MSCI World,ZAR,2016-01-05,ADV017,KwaZulu-Natal,1,105,8286082.7
PF03045,CUST319600,Money Market,Conservative,Living Annuity,STeFI,ZAR,2015-09-02,ADV021,Western Cape,0,35,2163078.42
PF03046,CUST365186,Money Market,Conservative,Retirement Annuity,STeFI,ZAR,2018-05-06,ADV023,Gauteng,1,35,1032841.68
PF03047,CUST105146,Balanced Growth,Moderate,Retirement Annuity,ALSI,ZAR,2017-12-21,ADV027,Eastern Cape,1,95,12656039.36
PF03048,CUST432972,Absolute Return,Moderate,Living Annuity,STeFI + 4%,ZAR,2019-03-22,ADV021,Gauteng,1,110,13690259.97
PF03049,CUST232988,Offshore Feeder,Aggressive,Endowment,MSCI World,ZAR,2025-10-31,ADV019,Gauteng,0,105,15468895.32
PF03050,CUST478479,Conservative Income,Conservative,Pension Fund,ALBI,ZAR,2024-10-22,ADV010,Gauteng,1,70,4673014.29
PF03051,CUST158262,Conservative Income,Conservative,Discretionary,ALBI,ZAR,2019-06-12,ADV023,Free State,1,70,20961495.96
PF03052,CUST003291,Aggressive Equity,Aggressive,Living Annuity,SWIX,ZAR,2022-08-27,ADV018,North West,1,120,3016148.68
PF03053,CUST429247,Money Market,Conservative,Discretionary,STeFI,ZAR,2017-04-08,ADV014,Western Cape,0,35,20957778.39
PF03054,CUST105828,Conservative Income,Conservative,Endowment,ALBI,ZAR,2024-08-02,ADV017,Western Cape,1,70,65042399.71
PF03055,CUST495704,Conservative Income,Conservative,Endowment,ALBI,ZAR,2017-04-18,ADV028,KwaZulu-Natal,1,70,41605073.47
PF03056,CUST418148,Property Focus,Moderate,Discretionary,SAPY,ZAR,2017-06-21,ADV020,KwaZulu-Natal,0,100,3611292.29
PF03057,CUST364928,Conservative Income,Conservative,Retirement Annuity,ALBI,ZAR,2021-03-10,ADV023,Gauteng,1,70,19144649.19
PF03058,CUST156985,Aggressive Equity,Aggressive,Living Annuity,SWIX,ZAR,2016-09-08,ADV001,Gauteng,1,120,75321351.7
PF03059,CUST271328,Property Focus,Moderate,Pension Fund,SAPY,ZAR,2018-12-04,ADV027,Western Cape,1,100,2901255.22
PF03060,CUST147013,Property Focus,Moderate,Pension Fund,SAPY,ZAR,2020-10-17,ADV002,KwaZulu-Natal,1,100,12351815.49
PF03061,CUST458551,Offshore Feeder,Aggressive,Discretionary,MSCI World,ZAR,2019-02-22,ADV006,Western Cape,0,105,10429493.49
PF03062,CUST217574,Money Market,Conservative,Living Annuity,STeFI,ZAR,2021-01-14,ADV001,Gauteng,0,35,41864181.03
PF03063,CUST421759,Money Market,Conservative,Retirement Annuity,STeFI,ZAR,2016-01-31,ADV027,KwaZulu-Natal,1,35,17926630.74
PF03064,CUST377168,Absolute Return,Moderate,Discretionary,STeFI + 4%,ZAR,2021-05-11,ADV003,KwaZulu-Natal,1,110,9498976.65
PF03065,CUST408607,Aggressive Equity,Aggressive,Pension Fund,SWIX,ZAR,2021-09-12,ADV023,Gauteng,1,120,6132002.96
PF03066,CUST369127,Money Market,Conservative,Pension Fund,STeFI,ZAR,2023-06-11,ADV018,Gauteng,1,35,7011798.05
PF03067,CUST173158,Absolute Return,Moderate,Retirement Annuity,STeFI + 4%,ZAR,2022-12-25,ADV003,Western Cape,1,110,18602365.33
PF03068,CUST329196,Conservative Income,Conservative,Discretionary,ALBI,ZAR,2017-05-20,ADV022,KwaZulu-Natal,1,70,27383239.26
PF03069,CUST413633,Balanced Growth,Moderate,Living Annuity,ALSI,ZAR,2021-06-22,ADV007,Gauteng,1,95,4292263.25
PF03070,CUST036334,Balanced Growth,Moderate,Retirement Annuity,ALSI,ZAR,2022-11-24,ADV028,Western Cape,1,95,46788505.9
PF03071,CUST232963,Property Focus,Moderate,Tax-Free Savings,SAPY,ZAR,2017-10-08,ADV012,Gauteng,0,100,67731943.74
PF03072,CUST223852,Offshore Feeder,Aggressive,Discretionary,MSCI World,ZAR,2016-04-10,ADV011,KwaZulu-Natal,0,105,2672868.41
PF03073,CUST151279,Property Focus,Moderate,Discretionary,SAPY,ZAR,2024-03-05,ADV004,KwaZulu-Natal,0,100,16056867.49
PF03074,CUST077275,Aggressive Equity,Aggressive,Pension Fund,SWIX,ZAR,2020-10-10,ADV015,Western Cape,1,120,7804240.39
PF03075,CUST059214,Balanced Growth,Moderate,Endowment,ALSI,ZAR,2024-02-17,ADV024,Gauteng,1,95,584525.12
PF03076,CUST200355,Aggressive Equity,Aggressive,Discretionary,SWIX,ZAR,2024-05-12,ADV015,Gauteng,1,120,6103057.9
PF03077,CUST418593,Balanced Growth,Moderate,Living Annuity,ALSI,ZAR,2024-12-26,ADV028,KwaZulu-Natal,1,95,1871410.25
PF03078,CUST133870,Offshore Feeder,Aggressive,Retirement Annuity,MSCI World,ZAR,2020-08-12,ADV022,Western Cape,1,105,25845730.11
PF03079,CUST223039,Money Market,Conservative,Discretionary,STeFI,ZAR,2025-04-07,ADV007,Gauteng,0,35,3769128.42
PF03080,CUST252207,Balanced Growth,Moderate,Living Annuity,ALSI,ZAR,2019-01-06,ADV024,KwaZulu-Natal,1,95,1713043.37
PF03081,CUST149204,Conservative Income,Conservative,Discretionary,ALBI,ZAR,2025-01-12,ADV024,KwaZulu-Natal,1,70,7064176.9
PF03082,CUST186028,Offshore Feeder,Aggressive,Retirement Annuity,MSCI World,ZAR,2017-12-03,ADV022,Gauteng,1,105,53221205.15
PF03083,CUST163447,Offshore Feeder,Aggressive,Tax-Free Savings,MSCI World,ZAR,2025-12-13,ADV006,Western Cape,0,105,81417856.77
PF03084,CUST348048,Money Market,Conservative,Discretionary,STeFI,ZAR,2024-04-22,ADV027,Gauteng,0,35,5917204.25
PF03085,CUST017889,Absolute Return,Moderate,Tax-Free Savings,STeFI + 4%,ZAR,2016-06-06,ADV002,Gauteng,1,110,6017169.78
PF03086,CUST158393,Aggressive Equity,Aggressive,Retirement Annuity,SWIX,ZAR,2025-01-05,ADV025,Mpumalanga,1,120,20672911.08
PF03087,CUST229359,Money Market,Conservative,Retirement Annuity,STeFI,ZAR,2019-06-07,ADV026,Gauteng,1,35,19511987.26
PF03088,CUST304706,Money Market,Conservative,Discretionary,STeFI,ZAR,2017-09-17,ADV014,KwaZulu-Natal,0,35,6483132.16
PF03089,CUST434727,Conservative Income,Conservative,Pension Fund,ALBI,ZAR,2022-01-19,ADV026,Mpumalanga,1,70,5422097.74
PF03090,CUST130859,Offshore Feeder,Aggressive,Pension Fund,MSCI World,ZAR,2021-09-15,ADV027,Free State,1,105,1738146.44
PF03091,CUST076378,Absolute Return,Moderate,Living Annuity,STeFI + 4%,ZAR,2020-03-29,ADV011,Gauteng,1,110,2259309.9
PF03092,CUST440863,Absolute Return,Moderate,Retirement Annuity,STeFI + 4%,ZAR,2025-10-29,ADV024,Eastern Cape,1,110,16819125.2
PF03093,CUST119692,Property Focus,Moderate,Tax-Free Savings,SAPY,ZAR,2021-06-17,ADV020,Western Cape,0,100,3062400.84
PF03094,CUST450525,Conservative Income,Conservative,Pension Fund,ALBI,ZAR,2017-08-25,ADV024,Gauteng,1,70,29467065.08
PF03095,CUST315724,Conservative Income,Conservative,Retirement Annuity,ALBI,ZAR,2025-03-16,ADV019,Western Cape,1,70,8744862.7
PF03096,CUST020846,Conservative Income,Conservative,Retirement Annuity,ALBI,ZAR,2018-12-08,ADV028,Western Cape,1,70,1360700.33
PF03097,CUST010319,Money Market,Conservative,Pension Fund,STeFI,ZAR,2023-12-07,ADV010,Gauteng,1,35,998552.2
PF03098,CUST188070,Absolute Return,Moderate,Living Annuity,STeFI + 4%,ZAR,2022-04-02,ADV023,KwaZulu-Natal,1,110,2743408.3
PF03099,CUST041961,Aggressive Equity,Aggressive,Living Annuity,SWIX,ZAR,2024-08-19,ADV016,Gauteng,1,120,21208977.22
PF03100,CUST165609,Aggressive Equity,Aggressive,Retirement Annuity,SWIX,ZAR,2020-02-29,ADV012,Western Cape,1,120,21137285.64
PF03101,CUST407097,Conservative Income,Conservative,Discretionary,ALBI,ZAR,2017-11-07,ADV015,Western Cape,1,70,12658912.91
PF03102,CUST213527,Money Market,Conservative,Retirement Annuity,STeFI,ZAR,2022-01-29,ADV007,KwaZulu-Natal,1,35,1267323.37
PF03103,CUST097443,Aggressive Equity,Aggressive,Pension Fund,SWIX,ZAR,2023-04-19,ADV001,KwaZulu-Natal,1,120,8362699.58
PF03104,CUST011822,Balanced Growth,Moderate,Endowment,ALSI,ZAR,2020-01-17,ADV025,Gauteng,1,95,9283989.06
PF03105,CUST212875,Property Focus,Moderate,Retirement Annuity,SAPY,ZAR,2024-01-12,ADV001,KwaZulu-Natal,1,100,53036053.77
PF03106,CUST390885,Money Market,Conservative,Discretionary,STeFI,ZAR,2024-10-02,ADV022,Western Cape,0,35,24590082.31
PF03107,CUST219089,Money Market,Conservative,Retirement Annuity,STeFI,ZAR,2023-05-12,ADV016,Eastern Cape,1,35,45251854.13
PF03108,CUST090992,Absolute Return,Moderate,Retirement Annuity,STeFI + 4%,ZAR,2015-03-29,ADV003,Mpumalanga,1,110,4680270.75
PF03109,CUST234221,Absolute Return,Moderate,Retirement Annuity,STeFI + 4%,ZAR,2025-06-11,ADV023,Eastern Cape,1,110,24728389.33
PF03110,CUST380706,Aggressive Equity,Aggressive,Living Annuity,SWIX,ZAR,2017-10-25,ADV005,North West,1,120,2891396.1
PF03111,CUST270606,Money Market,Conservative,Retirement Annuity,STeFI,ZAR,2021-03-25,ADV026,Gauteng,1,35,222572411.52
PF03112,CUST344280,Balanced Growth,Moderate,Discretionary,ALSI,ZAR,2016-06-23,ADV001,Gauteng,1,95,59113292.78
PF03113,CUST099842,Aggressive Equity,Aggressive,Pension Fund,SWIX,ZAR,2019-10-02,ADV008,Free State,1,120,630992.63
PF03114,CUST146977,Offshore Feeder,Aggressive,Tax-Free Savings,MSCI World,ZAR,2025-03-14,ADV022,Gauteng,0,105,1734812.38
PF03115,CUST202778,Absolute Return,Moderate,Pension Fund,STeFI + 4%,ZAR,2016-12-21,ADV018,Gauteng,1,110,11174786.13
PF03116,CUST005417,Balanced Growth,Moderate,Pension Fund,ALSI,ZAR,2020-10-04,ADV010,Western Cape,1,95,8019527.05
PF03117,CUST237469,Money Market,Conservative,Discretionary,STeFI,ZAR,2016-04-30,ADV010,Gauteng,0,35,2887025.11
PF03118,CUST184124,Money Market,Conservative,Pension Fund,STeFI,ZAR,2015-03-03,ADV001,KwaZulu-Natal,1,35,1384249.11
PF03119,CUST063595,Balanced Growth,Moderate,Tax-Free Savings,ALSI,ZAR,2015-11-01,ADV026,Gauteng,1,95,17822879.12
PF03120,CUST166245,Money Market,Conservative,Discretionary,STeFI,ZAR,2024-09-09,ADV013,Western Cape,0,35,3495858.3
PF03121,CUST118663,Money Market,Conservative,Living Annuity,STeFI,ZAR,2025-11-28,ADV001,North West,0,35,5490186.92
PF03122,CUST118346,Conservative Income,Conservative,Retirement Annuity,ALBI,ZAR,2024-06-07,ADV015,KwaZulu-Natal,1,70,1574200.79
PF03123,CUST312915,Balanced Growth,Moderate,Tax-Free Savings,ALSI,ZAR,2020-07-14,ADV005,Gauteng,1,95,267093020.59
PF03124,CUST091805,Balanced Growth,Moderate,Living Annuity,ALSI,ZAR,2025-03-03,ADV014,Western Cape,1,95,6731693.56
PF03125,CUST297486,Absolute Return,Moderate,Tax-Free Savings,STeFI + 4%,ZAR,2017-10-10,ADV022,Gauteng,1,110,25287577.01
PF03126,CUST355656,Offshore Feeder,Aggressive,Pension Fund,MSCI World,ZAR,2016-08-04,ADV027,Gauteng,1,105,7598496.13
PF03127,CUST361346,Absolute Return,Moderate,Endowment,STeFI + 4%,ZAR,2021-08-04,ADV026,KwaZulu-Natal,1,110,3274172.58
PF03128,CUST094897,Money Market,Conservative,Pension Fund,STeFI,ZAR,2017-01-31,ADV007,KwaZulu-Natal,1,35,12604640.23
PF03129,CUST003810,Balanced Growth,Moderate,Pension Fund,ALSI,ZAR,2020-06-15,ADV021,KwaZulu-Natal,1,95,6385646.39
PF03130,CUST174526,Offshore Feeder,Aggressive,Pension Fund,MSCI World,ZAR,2016-06-04,ADV007,Gauteng,1,105,1579562.64
PF03131,CUST407432,Money Market,Conservative,Pension Fund,STeFI,ZAR,2021-12-11,ADV003,Eastern Cape,1,35,3123788.44
PF03132,CUST166248,Aggressive Equity,Aggressive,Endowment,SWIX,ZAR,2015-07-12,ADV019,Gauteng,1,120,4376675.3
PF03133,CUST379109,Aggressive Equity,Aggressive,Tax-Free Savings,SWIX,ZAR,2023-05-16,ADV028,Gauteng,1,120,3138943.79
PF03134,CUST162041,Conservative Income,Conservative,Endowment,ALBI,ZAR,2021-04-18,ADV025,Mpumalanga,1,70,28315186.06
PF03135,CUST162788,Offshore Feeder,Aggressive,Discretionary,MSCI World,ZAR,2016-08-17,ADV008,Western Cape,0,105,5784925.15
PF03136,CUST036726,Absolute Return,Moderate,Retirement Annuity,STeFI + 4%,ZAR,2019-08-04,ADV013,Western Cape,1,110,4415660.44
PF03137,CUST191765,Offshore Feeder,Aggressive,Retirement Annuity,MSCI World,ZAR,2020-06-22,ADV007,Gauteng,1,105,2826344.31
PF03138,CUST187718,Offshore Feeder,Aggressive,Retirement Annuity,MSCI World,ZAR,2019-03-11,ADV012,North West,1,105,17269966.51
PF03139,CUST415863,Balanced Growth,Moderate,Endowment,ALSI,ZAR,2021-02-24,ADV020,Gauteng,1,95,26355949.62
PF03140,CUST425590,Aggressive Equity,Aggressive,Pension Fund,SWIX,ZAR,2015-02-21,ADV002,Western Cape,1,120,18078940.54
PF03141,CUST364728,Property Focus,Moderate,Retirement Annuity,SAPY,ZAR,2025-06-17,ADV007,Gauteng,1,100,15002466.49
PF03142,CUST026571,Money Market,Conservative,Retirement Annuity,STeFI,ZAR,2021-01-22,ADV001,Western Cape,1,35,7001052.23
PF03143,CUST047308,Conservative Income,Conservative,Retirement Annuity,ALBI,ZAR,2018-05-17,ADV003,Gauteng,1,70,67893903.82
PF03144,CUST450617,Aggressive Equity,Aggressive,Retirement Annuity,SWIX,ZAR,2022-02-26,ADV016,Eastern Cape,1,120,9676179.02
PF03145,CUST035914,Absolute Return,Moderate,Living Annuity,STeFI + 4%,ZAR,2024-04-06,ADV012,KwaZulu-Natal,1,110,9168651.98
PF03146,CUST093586,Aggressive Equity,Aggressive,Living Annuity,SWIX,ZAR,2025-07-19,ADV028,Free State,1,120,12474802.18
PF03147,CUST171433,Money Market,Conservative,Discretionary,STeFI,ZAR,2023-09-04,ADV002,Western Cape,0,35,4259878.83
PF03148,CUST343332,Absolute Return,Moderate,Discretionary,STeFI + 4%,ZAR,2021-08-04,ADV004,Western Cape,1,110,3678769.5
PF03149,CUST487549,Property Focus,Moderate,Endowment,SAPY,ZAR,2024-10-24,ADV001,Western Cape,0,100,1659858.1
PF03150,CUST014137,Property Focus,Moderate,Discretionary,SAPY,ZAR,2018-03-28,ADV028,Gauteng,0,100,46592560.18
PF03151,CUST363992,Absolute Return,Moderate,Retirement Annuity,STeFI + 4%,ZAR,2018-08-25,ADV024,Mpumalanga,1,110,5344689.9
PF03152,CUST296066,Property Focus,Moderate,Discretionary,SAPY,ZAR,2017-07-18,ADV022,Western Cape,0,100,104182315.06
PF03153,CUST293679,Offshore Feeder,Aggressive,Endowment,MSCI World,ZAR,2021-09-07,ADV015,Eastern Cape,0,105,1209846.75
PF03154,CUST386665,Aggressive Equity,Aggressive,Retirement Annuity,SWIX,ZAR,2020-08-26,ADV022,Gauteng,1,120,2726509.13
PF03155,CUST129756,Aggressive Equity,Aggressive,Discretionary,SWIX,ZAR,2017-11-29,ADV018,Western Cape,1,120,17646457.65
PF03156,CUST161024,Offshore Feeder,Aggressive,Retirement Annuity,MSCI World,ZAR,2024-11-08,ADV007,Western Cape,1,105,1727475.82
PF03157,CUST315008,Absolute Return,Moderate,Discretionary,STeFI + 4%,ZAR,2023-07-11,ADV006,Mpumalanga,1,110,2913730.73
PF03158,CUST235633,Offshore Feeder,Aggressive,Retirement Annuity,MSCI World,ZAR,2025-02-02,ADV011,Mpumalanga,1,105,183926842.94
PF03159,CUST006664,Balanced Growth,Moderate,Retirement Annuity,ALSI,ZAR,2016-10-28,ADV019,Limpopo,1,95,3427053.15
PF03160,CUST214761,Conservative Income,Conservative,Discretionary,ALBI,ZAR,2019-08-31,ADV017,Western Cape,1,70,1875450.89
PF03161,CUST101366,Money Market,Conservative,Discretionary,STeFI,ZAR,2025-07-29,ADV010,Limpopo,0,35,9728818.44
PF03162,CUST121792,Money Market,Conservative,Retirement Annuity,STeFI,ZAR,2017-11-25,ADV026,Gauteng,1,35,2165146.29
PF03163,CUST078081,Conservative Income,Conservative,Tax-Free Savings,ALBI,ZAR,2025-09-01,ADV028,Free State,1,70,10986194.64
PF03164,CUST124694,Offshore Feeder,Aggressive,Retirement Annuity,MSCI World,ZAR,2019-05-26,ADV008,KwaZulu-Natal,1,105,43954025.09
PF03165,CUST340378,Absolute Return,Moderate,Discretionary,STeFI + 4%,ZAR,2018-08-31,ADV001,Gauteng,1,110,721355.01
PF03166,CUST234713,Balanced Growth,Moderate,Endowment,ALSI,ZAR,2016-12-16,ADV024,Free State,1,95,4058689.68
PF03167,CUST372016,Property Focus,Moderate,Retirement Annuity,SAPY,ZAR,2017-12-30,ADV021,Western Cape,1,100,38322055.82
PF03168,CUST393214,Aggressive Equity,Aggressive,Retirement Annuity,SWIX,ZAR,2017-11-20,ADV024,KwaZulu-Natal,1,120,7663633.64
PF03169,CUST086384,Aggressive Equity,Aggressive,Retirement Annuity,SWIX,ZAR,2019-05-29,ADV007,Gauteng,1,120,1923477.69
PF03170,CUST093424,Money Market,Conservative,Discretionary,STeFI,ZAR,2021-12-01,ADV019,KwaZulu-Natal,0,35,1419183.6
PF03171,CUST339304,Balanced Growth,Moderate,Discretionary,ALSI,ZAR,2016-07-05,ADV017,Mpumalanga,1,95,3321680.84
PF03172,CUST417271,Money Market,Conservative,Pension Fund,STeFI,ZAR,2017-02-04,ADV012,Western Cape,1,35,116212290.97
PF03173,CUST126019,Conservative Income,Conservative,Pension Fund,ALBI,ZAR,2023-11-27,ADV020,Western Cape,1,70,7694380.96
PF03174,CUST246489,Absolute Return,Moderate,Discretionary,STeFI + 4%,ZAR,2023-12-29,ADV018,Western Cape,1,110,50119094.02
PF03175,CUST426023,Money Market,Conservative,Tax-Free Savings,STeFI,ZAR,2021-07-16,ADV008,North West,0,35,38351331.91
PF03176,CUST278885,Aggressive Equity,Aggressive,Retirement Annuity,SWIX,ZAR,2015-07-16,ADV009,Limpopo,1,120,2190752.23
PF03177,CUST382166,Aggressive Equity,Aggressive,Discretionary,SWIX,ZAR,2020-02-09,ADV022,Free State,1,120,14718703.86
PF03178,CUST092840,Offshore Feeder,Aggressive,Living Annuity,MSCI World,ZAR,2018-03-01,ADV015,Free State,0,105,13979744.25
PF03179,CUST126856,Property Focus,Moderate,Pension Fund,SAPY,ZAR,2018-12-16,ADV028,Free State,1,100,7775761.57
PF03180,CUST141363,Conservative Income,Conservative,Discretionary,ALBI,ZAR,2020-10-14,ADV022,Western Cape,1,70,16910916.2
PF03181,CUST007263,Conservative Income,Conservative,Discretionary,ALBI,ZAR,2015-12-03,ADV027,Gauteng,1,70,735878.37
PF03182,CUST054616,Aggressive Equity,Aggressive,Pension Fund,SWIX,ZAR,2015-08-21,ADV027,Gauteng,1,120,5759189.41
PF03183,CUST288769,Property Focus,Moderate,Endowment,SAPY,ZAR,2020-04-09,ADV003,Western Cape,0,100,16046507.93
PF03184,CUST242081,Offshore Feeder,Aggressive,Living Annuity,MSCI World,ZAR,2023-09-21,ADV006,Mpumalanga,0,105,4677544.46
PF03185,CUST131459,Aggressive Equity,Aggressive,Retirement Annuity,SWIX,ZAR,2022-02-10,ADV011,Gauteng,1,120,13264751.65
PF03186,CUST050926,Offshore Feeder,Aggressive,Discretionary,MSCI World,ZAR,2015-12-25,ADV008,Western Cape,0,105,40937099.89
PF03187,CUST284024,Absolute Return,Moderate,Discretionary,STeFI + 4%,ZAR,2020-11-28,ADV019,Western Cape,1,110,2470517.67
PF03188,CUST069399,Aggressive Equity,Aggressive,Discretionary,SWIX,ZAR,2017-10-05,ADV016,Gauteng,1,120,13443602.79
PF03189,CUST097213,Aggressive Equity,Aggressive,Discretionary,SWIX,ZAR,2017-12-22,ADV007,Gauteng,1,120,50943049.94
PF03190,CUST258758,Aggressive Equity,Aggressive,Retirement Annuity,SWIX,ZAR,2016-11-15,ADV023,Gauteng,1,120,12260316.53
PF03191,CUST035368,Absolute Return,Moderate,Pension Fund,STeFI + 4%,ZAR,2022-06-16,ADV011,Eastern Cape,1,110,3803407.12
PF03192,CUST217233,Offshore Feeder,Aggressive,Living Annuity,MSCI World,ZAR,2017-01-27,ADV001,Gauteng,0,105,6261469.77
PF03193,CUST222650,Aggressive Equity,Aggressive,Tax-Free Savings,SWIX,ZAR,2020-05-04,ADV026,Gauteng,1,120,39423270.06
PF03194,CUST493202,Absolute Return,Moderate,Discretionary,STeFI + 4%,ZAR,2017-11-21,ADV010,Western Cape,1,110,12343777.38
PF03195,CUST441156,Aggressive Equity,Aggressive,Retirement Annuity,SWIX,ZAR,2021-10-12,ADV021,Mpumalanga,1,120,41097241.95
PF03196,CUST317310,Balanced Growth,Moderate,Retirement Annuity,ALSI,ZAR,2026-01-08,ADV014,Gauteng,1,95,7267263.66
PF03197,CUST067183,Offshore Feeder,Aggressive,Living Annuity,MSCI World,ZAR,2021-02-08,ADV016,Western Cape,0,105,15077584.34
PF03198,CUST262292,Money Market,Conservative,Tax-Free Savings,STeFI,ZAR,2020-06-09,ADV017,Gauteng,0,35,24182969.16
PF03199,CUST057301,Balanced Growth,Moderate,Retirement Annuity,ALSI,ZAR,2018-07-19,ADV024,Mpumalanga,1,95,114773940.82
PF03200,CUST469852,Balanced Growth,Moderate,Tax-Free Savings,ALSI,ZAR,2015-06-28,ADV008,Free State,1,95,44881829.14
PF03201,CUST304668,Aggressive Equity,Aggressive,Discretionary,SWIX,ZAR,2024-05-08,ADV006,KwaZulu-Natal,1,120,18928511.45
PF03202,CUST221617,Absolute Return,Moderate,Retirement Annuity,STeFI + 4%,ZAR,2022-09-23,ADV013,Gauteng,1,110,3479712.5
PF03203,CUST304358,Balanced Growth,Moderate,Pension Fund,ALSI,ZAR,2021-02-11,ADV009,Gauteng,1,95,218509295.73
PF03204,CUST455743,Balanced Growth,Moderate,Discretionary,ALSI,ZAR,2019-03-13,ADV005,Western Cape,1,95,75902546.0
PF03205,CUST182774,Property Focus,Moderate,Tax-Free Savings,SAPY,ZAR,2023-03-26,ADV027,Limpopo,0,100,12396717.24
PF03206,CUST237500,Absolute Return,Moderate,Living Annuity,STeFI + 4%,ZAR,2017-01-14,ADV021,KwaZulu-Natal,1,110,131673146.08
PF03207,CUST262424,Property Focus,Moderate,Living Annuity,SAPY,ZAR,2020-05-10,ADV026,Gauteng,0,100,4884308.61
PF03208,CUST435162,Property Focus,Moderate,Tax-Free Savings,SAPY,ZAR,2022-11-18,ADV012,Gauteng,0,100,10673251.12
PF03209,CUST347472,Conservative Income,Conservative,Living Annuity,ALBI,ZAR,2020-03-30,ADV004,Mpumalanga,1,70,8499889.81
PF03210,CUST424387,Money Market,Conservative,Pension Fund,STeFI,ZAR,2015-08-15,ADV023,Gauteng,1,35,6751596.36
PF03211,CUST498394,Aggressive Equity,Aggressive,Retirement Annuity,SWIX,ZAR,2024-02-03,ADV004,KwaZulu-Natal,1,120,27377621.05
PF03212,CUST083957,Conservative Income,Conservative,Retirement Annuity,ALBI,ZAR,2025-04-22,ADV004,North West,1,70,6896595.79
PF03213,CUST289591,Absolute Return,Moderate,Discretionary,STeFI + 4%,ZAR,2019-08-09,ADV016,North West,1,110,58883679.51
PF03214,CUST498349,Property Focus,Moderate,Tax-Free Savings,SAPY,ZAR,2015-08-04,ADV010,Western Cape,0,100,3764902.58
PF03215,CUST224099,Balanced Growth,Moderate,Retirement Annuity,ALSI,ZAR,2021-02-14,ADV009,Free State,1,95,22007144.04
PF03216,CUST374803,Money Market,Conservative,Discretionary,STeFI,ZAR,2022-09-15,ADV017,Western Cape,0,35,22255992.58
PF03217,CUST329301,Absolute Return,Moderate,Retirement Annuity,STeFI + 4%,ZAR,2025-05-21,ADV024,Western Cape,1,110,6158481.1
PF03218,CUST109578,Offshore Feeder,Aggressive,Retirement Annuity,MSCI World,ZAR,2017-05-04,ADV019,Western Cape,1,105,835866.56
PF03219,CUST363957,Balanced Growth,Moderate,Pension Fund,ALSI,ZAR,2019-11-19,ADV024,Gauteng,1,95,17376217.38
PF03220,CUST449558,Aggressive Equity,Aggressive,Endowment,SWIX,ZAR,2017-12-23,ADV018,Mpumalanga,1,120,22366666.65
PF03221,CUST001927,Offshore Feeder,Aggressive,Living Annuity,MSCI World,ZAR,2022-10-30,ADV001,Western Cape,0,105,11181537.14
PF03222,CUST310837,Money Market,Conservative,Retirement Annuity,STeFI,ZAR,2020-05-05,ADV025,Gauteng,1,35,14087246.05
PF03223,CUST136305,Balanced Growth,Moderate,Pension Fund,ALSI,ZAR,2023-04-05,ADV008,Gauteng,1,95,668845.6
PF03224,CUST407714,Offshore Feeder,Aggressive,Discretionary,MSCI World,ZAR,2024-07-06,ADV022,Gauteng,0,105,2308172.16
PF03225,CUST108457,Conservative Income,Conservative,Pension Fund,ALBI,ZAR,2024-10-06,ADV012,Western Cape,1,70,3062334.79
PF03226,CUST091713,Absolute Return,Moderate,Endowment,STeFI + 4%,ZAR,2019-11-07,ADV023,Mpumalanga,1,110,1853440.15
PF03227,CUST270518,Balanced Growth,Moderate,Living Annuity,ALSI,ZAR,2024-09-18,ADV020,Western Cape,1,95,6445119.47
PF03228,CUST116462,Conservative Income,Conservative,Living Annuity,ALBI,ZAR,2023-05-23,ADV027,Mpumalanga,1,70,4463591.82
PF03229,CUST322344,Conservative Income,Conservative,Retirement Annuity,ALBI,ZAR,2015-10-25,ADV018,KwaZulu-Natal,1,70,3435899.36
PF03230,CUST424501,Offshore Feeder,Aggressive,Pension Fund,MSCI World,ZAR,2025-05-18,ADV020,Gauteng,1,105,7370010.42
PF03231,CUST190305,Absolute Return,Moderate,Retirement Annuity,STeFI + 4%,ZAR,2025-11-18,ADV026,KwaZulu-Natal,1,110,706500.03
PF03232,CUST175916,Balanced Growth,Moderate,Retirement Annuity,ALSI,ZAR,2015-07-24,ADV008,Gauteng,1,95,16121545.46
PF03233,CUST297903,Absolute Return,Moderate,Retirement Annuity,STeFI + 4%,ZAR,2023-03-01,ADV028,Mpumalanga,1,110,949675.07
PF03234,CUST382875,Offshore Feeder,Aggressive,Living Annuity,MSCI World,ZAR,2023-12-10,ADV019,Gauteng,0,105,14903729.8
PF03235,CUST301130,Balanced Growth,Moderate,Discretionary,ALSI,ZAR,2022-05-21,ADV015,Western Cape,1,95,21382396.54
PF03236,CUST100296,Aggressive Equity,Aggressive,Pension Fund,SWIX,ZAR,2017-08-22,ADV021,Mpumalanga,1,120,30151023.72
PF03237,CUST364016,Offshore Feeder,Aggressive,Tax-Free Savings,MSCI World,ZAR,2015-10-28,ADV002,Western Cape,0,105,4016694.29
PF03238,CUST099579,Conservative Income,Conservative,Tax-Free Savings,ALBI,ZAR,2016-11-17,ADV010,Western Cape,1,70,15210853.2
PF03239,CUST000562,Aggressive Equity,Aggressive,Retirement Annuity,SWIX,ZAR,2019-08-15,ADV008,KwaZulu-Natal,1,120,66043855.28
PF03240,CUST199157,Offshore Feeder,Aggressive,Discretionary,MSCI World,ZAR,2022-03-27,ADV013,KwaZulu-Natal,0,105,14727389.46
PF03241,CUST456948,Offshore Feeder,Aggressive,Discretionary,MSCI World,ZAR,2016-10-13,ADV012,KwaZulu-Natal,0,105,27347618.67
PF03242,CUST309114,Conservative Income,Conservative,Pension Fund,ALBI,ZAR,2018-03-13,ADV014,Western Cape,1,70,19065261.01
PF03243,CUST157172,Conservative Income,Conservative,Discretionary,ALBI,ZAR,2021-07-30,ADV004,KwaZulu-Natal,1,70,9733370.89
PF03244,CUST234612,Absolute Return,Moderate,Retirement Annuity,STeFI + 4%,ZAR,2019-10-07,ADV011,Gauteng,1,110,17417162.59
PF03245,CUST314159,Absolute Return,Moderate,Living Annuity,STeFI + 4%,ZAR,2017-11-19,ADV015,Gauteng,1,110,96277024.15
PF03246,CUST491937,Property Focus,Moderate,Retirement Annuity,SAPY,ZAR,2018-08-22,ADV011,Gauteng,1,100,4695771.31
PF03247,CUST019303,Offshore Feeder,Aggressive,Discretionary,MSCI World,ZAR,2017-10-25,ADV005,KwaZulu-Natal,0,105,11182163.45
PF03248,CUST031791,Property Focus,Moderate,Retirement Annuity,SAPY,ZAR,2018-03-31,ADV018,Gauteng,1,100,7002798.54
PF03249,CUST315497,Property Focus,Moderate,Retirement Annuity,SAPY,ZAR,2017-06-19,ADV005,Eastern Cape,1,100,7670852.38
PF03250,CUST083006,Offshore Feeder,Aggressive,Discretionary,MSCI World,ZAR,2022-12-04,ADV014,Western Cape,0,105,59864147.32
PF03251,CUST029169,Offshore Feeder,Aggressive,Tax-Free Savings,MSCI World,ZAR,2024-10-10,ADV027,KwaZulu-Natal,0,105,660900.16
PF03252,CUST225603,Absolute Return,Moderate,Discretionary,STeFI + 4%,ZAR,2017-01-13,ADV011,Western Cape,1,110,156193472.02
PF03253,CUST426000,Balanced Growth,Moderate,Retirement Annuity,ALSI,ZAR,2016-07-28,ADV009,Western Cape,1,95,1187164.02
PF03254,CUST473006,Offshore Feeder,Aggressive,Discretionary,MSCI World,ZAR,2023-11-05,ADV026,Western Cape,0,105,3556042.22
PF03255,CUST431281,Money Market,Conservative,Living Annuity,STeFI,ZAR,2023-05-19,ADV013,Northern Cape,0,35,11073764.8
PF03256,CUST338303,Property Focus,Moderate,Tax-Free Savings,SAPY,ZAR,2020-07-09,ADV004,Gauteng,0,100,2295297.37
PF03257,CUST000097,Aggressive Equity,Aggressive,Endowment,SWIX,ZAR,2024-12-18,ADV011,Eastern Cape,1,120,71834847.23
PF03258,CUST485062,Aggressive Equity,Aggressive,Living Annuity,SWIX,ZAR,2019-05-26,ADV012,Western Cape,1,120,2358538.38
PF03259,CUST182970,Absolute Return,Moderate,Living Annuity,STeFI + 4%,ZAR,2025-10-25,ADV011,KwaZulu-Natal,1,110,10087496.88
PF03260,CUST379411,Aggressive Equity,Aggressive,Discretionary,SWIX,ZAR,2016-07-13,ADV012,KwaZulu-Natal,1,120,2009223.66
PF03261,CUST266866,Money Market,Conservative,Tax-Free Savings,STeFI,ZAR,2019-05-03,ADV024,KwaZulu-Natal,0,35,11657633.01
PF03262,CUST223805,Absolute Return,Moderate,Endowment,STeFI + 4%,ZAR,2015-09-04,ADV003,Limpopo,1,110,29282014.06
PF03263,CUST431532,Conservative Income,Conservative,Discretionary,ALBI,ZAR,2021-10-08,ADV026,Gauteng,1,70,4102179.36
PF03264,CUST409167,Offshore Feeder,Aggressive,Living Annuity,MSCI World,ZAR,2021-02-25,ADV013,Gauteng,0,105,4015960.18
PF03265,CUST467053,Balanced Growth,Moderate,Pension Fund,ALSI,ZAR,2023-05-01,ADV014,KwaZulu-Natal,1,95,8884733.37
PF03266,CUST204180,Offshore Feeder,Aggressive,Discretionary,MSCI World,ZAR,2023-03-04,ADV019,Western Cape,0,105,15680008.68
PF03267,CUST285224,Aggressive Equity,Aggressive,Discretionary,SWIX,ZAR,2015-05-30,ADV019,Gauteng,1,120,16651270.94
PF03268,CUST068022,Offshore Feeder,Aggressive,Retirement Annuity,MSCI World,ZAR,2022-04-19,ADV021,Gauteng,1,105,19177935.61
PF03269,CUST031452,Offshore Feeder,Aggressive,Endowment,MSCI World,ZAR,2025-12-25,ADV016,Gauteng,0,105,7894225.13
PF03270,CUST369641,Aggressive Equity,Aggressive,Retirement Annuity,SWIX,ZAR,2020-04-03,ADV023,Western Cape,1,120,29714560.94
PF03271,CUST028648,Money Market,Conservative,Retirement Annuity,STeFI,ZAR,2018-09-22,ADV007,Western Cape,1,35,136323.24
PF03272,CUST083283,Aggressive Equity,Aggressive,Discretionary,SWIX,ZAR,2015-12-14,ADV012,KwaZulu-Natal,1,120,2310605.85
PF03273,CUST033096,Aggressive Equity,Aggressive,Retirement Annuity,SWIX,ZAR,2016-01-28,ADV015,Gauteng,1,120,16886279.19
PF03274,CUST456944,Conservative Income,Conservative,Retirement Annuity,ALBI,ZAR,2015-10-27,ADV022,KwaZulu-Natal,1,70,13650636.35
PF03275,CUST199268,Aggressive Equity,Aggressive,Discretionary,SWIX,ZAR,2022-01-04,ADV024,Free State,1,120,24337216.37
PF03276,CUST069577,Conservative Income,Conservative,Pension Fund,ALBI,ZAR,2021-01-24,ADV023,Gauteng,1,70,26205478.08
PF03277,CUST164756,Offshore Feeder,Aggressive,Pension Fund,MSCI World,ZAR,2018-02-21,ADV027,Eastern Cape,1,105,29984328.34
PF03278,CUST478406,Conservative Income,Conservative,Pension Fund,ALBI,ZAR,2020-06-14,ADV027,Gauteng,1,70,23697690.98
PF03279,CUST254627,Property Focus,Moderate,Retirement Annuity,SAPY,ZAR,2025-09-14,ADV017,Western Cape,1,100,8418002.66
PF03280,CUST244155,Aggressive Equity,Aggressive,Discretionary,SWIX,ZAR,2020-08-20,ADV008,Mpumalanga,1,120,1532648.69
PF03281,CUST422948,Absolute Return,Moderate,Retirement Annuity,STeFI + 4%,ZAR,2020-12-04,ADV015,Gauteng,1,110,3220551.57
PF03282,CUST359100,Conservative Income,Conservative,Discretionary,ALBI,ZAR,2018-05-09,ADV014,Gauteng,1,70,2690795.3
PF03283,CUST445945,Money Market,Conservative,Retirement Annuity,STeFI,ZAR,2015-09-25,ADV025,Western Cape,1,35,16179842.0
PF03284,CUST296739,Property Focus,Moderate,Retirement Annuity,SAPY,ZAR,2022-06-19,ADV013,KwaZulu-Natal,1,100,15072092.92
PF03285,CUST247369,Money Market,Conservative,Discretionary,STeFI,ZAR,2017-05-10,ADV026,Mpumalanga,0,35,19544639.35
PF03286,CUST110227,Money Market,Conservative,Discretionary,STeFI,ZAR,2025-10-06,ADV004,Gauteng,0,35,3022582.2
PF03287,CUST281641,Absolute Return,Moderate,Discretionary,STeFI + 4%,ZAR,2025-06-12,ADV025,North West,1,110,1374172.86
PF03288,CUST254462,Property Focus,Moderate,Living Annuity,SAPY,ZAR,2022-10-07,ADV019,Mpumalanga,0,100,2429850.1
PF03289,CUST295048,Aggressive Equity,Aggressive,Retirement Annuity,SWIX,ZAR,2024-06-27,ADV007,North West,1,120,11548726.71
PF03290,CUST004361,Money Market,Conservative,Retirement Annuity,STeFI,ZAR,2025-10-09,ADV014,Gauteng,1,35,71966247.84
PF03291,CUST408356,Property Focus,Moderate,Discretionary,SAPY,ZAR,2020-02-07,ADV016,Western Cape,0,100,4846269.14
PF03292,CUST065342,Conservative Income,Conservative,Tax-Free Savings,ALBI,ZAR,2020-02-23,ADV010,Eastern Cape,1,70,2376409.53
PF03293,CUST095771,Conservative Income,Conservative,Tax-Free Savings,ALBI,ZAR,2020-09-18,ADV024,Gauteng,1,70,3805556.72
PF03294,CUST213679,Absolute Return,Moderate,Retirement Annuity,STeFI + 4%,ZAR,2022-05-31,ADV006,KwaZulu-Natal,1,110,9543452.14
PF03295,CUST427959,Money Market,Conservative,Tax-Free Savings,STeFI,ZAR,2017-03-09,ADV013,Western Cape,0,35,9571564.02
PF03296,CUST290622,Absolute Return,Moderate,Discretionary,STeFI + 4%,ZAR,2022-06-25,ADV004,KwaZulu-Natal,1,110,13204205.6
PF03297,CUST232237,Aggressive Equity,Aggressive,Retirement Annuity,SWIX,ZAR,2023-08-31,ADV009,Mpumalanga,1,120,10951186.19
PF03298,CUST042639,Aggressive Equity,Aggressive,Retirement Annuity,SWIX,ZAR,2022-04-14,ADV015,Gauteng,1,120,724845.06
PF03299,CUST194610,Property Focus,Moderate,Discretionary,SAPY,ZAR,2022-07-03,ADV004,Free State,0,100,1698517.29
PF03300,CUST220850,Property Focus,Moderate,Discretionary,SAPY,ZAR,2018-03-15,ADV011,Gauteng,0,100,75691137.25
PF03301,CUST330733,Offshore Feeder,Aggressive,Discretionary,MSCI World,ZAR,2021-09-22,ADV001,KwaZulu-Natal,0,105,8795615.98
PF03302,CUST086559,Property Focus,Moderate,Pension Fund,SAPY,ZAR,2016-05-12,ADV015,Western Cape,1,100,5163012.95
PF03303,CUST481987,Absolute Return,Moderate,Discretionary,STeFI + 4%,ZAR,2024-10-09,ADV009,Free State,1,110,6959229.33
PF03304,CUST115930,Conservative Income,Conservative,Retirement Annuity,ALBI,ZAR,2018-02-18,ADV003,Western Cape,1,70,32675119.59
PF03305,CUST034678,Absolute Return,Moderate,Tax-Free Savings,STeFI + 4%,ZAR,2015-02-12,ADV015,Gauteng,1,110,23700319.52
PF03306,CUST124834,Conservative Income,Conservative,Tax-Free Savings,ALBI,ZAR,2025-07-17,ADV015,Mpumalanga,1,70,4329454.69
PF03307,CUST071014,Offshore Feeder,Aggressive,Living Annuity,MSCI World,ZAR,2021-08-21,ADV022,Gauteng,0,105,14934842.39
PF03308,CUST281009,Property Focus,Moderate,Discretionary,SAPY,ZAR,2024-05-02,ADV005,Gauteng,0,100,9125734.85
PF03309,CUST224875,Offshore Feeder,Aggressive,Living Annuity,MSCI World,ZAR,2023-11-10,ADV027,Gauteng,0,105,13587436.65
PF03310,CUST312820,Property Focus,Moderate,Retirement Annuity,SAPY,ZAR,2023-09-14,ADV018,Gauteng,1,100,7224437.74
PF03311,CUST176977,Money Market,Conservative,Living Annuity,STeFI,ZAR,2022-02-15,ADV022,Western Cape,0,35,4579421.89
PF03312,CUST203396,Offshore Feeder,Aggressive,Living Annuity,MSCI World,ZAR,2017-10-05,ADV012,Western Cape,0,105,60200088.78
PF03313,CUST472720,Conservative Income,Conservative,Living Annuity,ALBI,ZAR,2022-01-06,ADV007,Mpumalanga,1,70,8733839.31
PF03314,CUST398285,Balanced Growth,Moderate,Discretionary,ALSI,ZAR,2022-04-08,ADV016,Gauteng,1,95,32614629.86
PF03315,CUST106002,Offshore Feeder,Aggressive,Retirement Annuity,MSCI World,ZAR,2021-04-30,ADV015,Gauteng,1,105,9416749.69
PF03316,CUST435264,Conservative Income,Conservative,Discretionary,ALBI,ZAR,2025-06-10,ADV005,Northern Cape,1,70,24449680.87
PF03317,CUST152279,Balanced Growth,Moderate,Retirement Annuity,ALSI,ZAR,2018-10-04,ADV009,Gauteng,1,95,12552740.36
PF03318,CUST402347,Absolute Return,Moderate,Discretionary,STeFI + 4%,ZAR,2021-10-05,ADV016,Eastern Cape,1,110,6953058.9
PF03319,CUST005285,Property Focus,Moderate,Discretionary,SAPY,ZAR,2018-01-01,ADV001,Gauteng,0,100,10951543.66
PF03320,CUST261079,Property Focus,Moderate,Tax-Free Savings,SAPY,ZAR,2017-07-26,ADV008,Gauteng,0,100,7485514.41
PF03321,CUST341012,Aggressive Equity,Aggressive,Tax-Free Savings,SWIX,ZAR,2016-08-02,ADV001,Eastern Cape,1,120,30031777.22
PF03322,CUST402687,Absolute Return,Moderate,Tax-Free Savings,STeFI + 4%,ZAR,2021-12-22,ADV004,Western Cape,1,110,32610550.12
PF03323,CUST210669,Absolute Return,Moderate,Living Annuity,STeFI + 4%,ZAR,2026-01-02,ADV005,Gauteng,1,110,16436893.54
PF03324,CUST260597,Aggressive Equity,Aggressive,Living Annuity,SWIX,ZAR,2019-04-08,ADV023,Gauteng,1,120,836539.65
PF03325,CUST170148,Money Market,Conservative,Discretionary,STeFI,ZAR,2025-12-04,ADV014,Western Cape,0,35,6818406.1
PF03326,CUST499406,Balanced Growth,Moderate,Retirement Annuity,ALSI,ZAR,2016-01-22,ADV012,Gauteng,1,95,1683434.62
PF03327,CUST304967,Conservative Income,Conservative,Discretionary,ALBI,ZAR,2015-05-23,ADV002,Western Cape,1,70,1639791.46
PF03328,CUST122504,Offshore Feeder,Aggressive,Discretionary,MSCI World,ZAR,2024-02-25,ADV006,Gauteng,0,105,7953972.02
PF03329,CUST085556,Absolute Return,Moderate,Pension Fund,STeFI + 4%,ZAR,2020-01-20,ADV007,Western Cape,1,110,13488157.89
PF03330,CUST489895,Money Market,Conservative,Retirement Annuity,STeFI,ZAR,2019-09-30,ADV026,Western Cape,1,35,8496224.07
PF03331,CUST415641,Offshore Feeder,Aggressive,Endowment,MSCI World,ZAR,2016-12-09,ADV020,Western Cape,0,105,1560847.27
PF03332,CUST353947,Aggressive Equity,Aggressive,Retirement Annuity,SWIX,ZAR,2022-07-04,ADV027,Western Cape,1,120,5956763.21
PF03333,CUST265524,Money Market,Conservative,Living Annuity,STeFI,ZAR,2015-02-01,ADV010,Western Cape,0,35,2543157.08
PF03334,CUST059351,Offshore Feeder,Aggressive,Pension Fund,MSCI World,ZAR,2023-02-26,ADV006,Gauteng,1,105,7573313.83
PF03335,CUST460481,Aggressive Equity,Aggressive,Discretionary,SWIX,ZAR,2019-05-30,ADV001,Gauteng,1,120,11668034.26
PF03336,CUST406617,Aggressive Equity,Aggressive,Tax-Free Savings,SWIX,ZAR,2023-10-03,ADV006,KwaZulu-Natal,1,120,7831851.17
PF03337,CUST042138,Property Focus,Moderate,Discretionary,SAPY,ZAR,2018-03-28,ADV023,Western Cape,0,100,20135196.76
PF03338,CUST239619,Balanced Growth,Moderate,Retirement Annuity,ALSI,ZAR,2019-07-15,ADV018,Gauteng,1,95,4347302.75
PF03339,CUST458662,Conservative Income,Conservative,Retirement Annuity,ALBI,ZAR,2017-05-05,ADV024,North West,1,70,24583344.75
PF03340,CUST016361,Money Market,Conservative,Retirement Annuity,STeFI,ZAR,2016-10-15,ADV018,Western Cape,1,35,10873608.18
PF03341,CUST230341,Balanced Growth,Moderate,Tax-Free Savings,ALSI,ZAR,2020-03-19,ADV014,Western Cape,1,95,10987935.07
PF03342,CUST074629,Conservative Income,Conservative,Endowment,ALBI,ZAR,2020-11-06,ADV024,Western Cape,1,70,15554066.1
PF03343,CUST428323,Absolute Return,Moderate,Endowment,STeFI + 4%,ZAR,2020-05-23,ADV024,Western Cape,1,110,22925462.75
PF03344,CUST303891,Absolute Return,Moderate,Living Annuity,STeFI + 4%,ZAR,2015-03-06,ADV016,Gauteng,1,110,17656686.12
PF03345,CUST344083,Conservative Income,Conservative,Living Annuity,ALBI,ZAR,2024-01-10,ADV026,Western Cape,1,70,6515270.29
PF03346,CUST211884,Absolute Return,Moderate,Endowment,STeFI + 4%,ZAR,2025-08-30,ADV022,Western Cape,1,110,4566884.88
PF03347,CUST035198,Offshore Feeder,Aggressive,Discretionary,MSCI World,ZAR,2018-11-16,ADV019,Mpumalanga,0,105,9103040.25
PF03348,CUST487817,Absolute Return,Moderate,Retirement Annuity,STeFI + 4%,ZAR,2023-04-26,ADV009,Gauteng,1,110,45968234.49
PF03349,CUST253320,Balanced Growth,Moderate,Discretionary,ALSI,ZAR,2019-08-29,ADV014,Gauteng,1,95,8964014.66
PF03350,CUST453547,Absolute Return,Moderate,Discretionary,STeFI + 4%,ZAR,2019-07-07,ADV019,Limpopo,1,110,968229.92
PF03351,CUST192901,Absolute Return,Moderate,Pension Fund,STeFI + 4%,ZAR,2019-08-19,ADV012,Western Cape,1,110,2377399.24
PF03352,CUST062414,Absolute Return,Moderate,Discretionary,STeFI + 4%,ZAR,2018-10-12,ADV019,Gauteng,1,110,2110518.22
PF03353,CUST475216,Aggressive Equity,Aggressive,Pension Fund,SWIX,ZAR,2023-11-01,ADV010,Northern Cape,1,120,1990869.94
PF03354,CUST143267,Property Focus,Moderate,Retirement Annuity,SAPY,ZAR,2019-08-15,ADV024,Mpumalanga,1,100,3820314.49
PF03355,CUST492089,Money Market,Conservative,Retirement Annuity,STeFI,ZAR,2017-09-25,ADV005,Free State,1,35,2613899.44
PF03356,CUST083199,Property Focus,Moderate,Pension Fund,SAPY,ZAR,2018-07-01,ADV010,Free State,1,100,141074824.54
PF03357,CUST437430,Conservative Income,Conservative,Pension Fund,ALBI,ZAR,2019-07-29,ADV026,Western Cape,1,70,13261059.56
PF03358,CUST220530,Balanced Growth,Moderate,Tax-Free Savings,ALSI,ZAR,2015-04-22,ADV004,Gauteng,1,95,4682426.69
PF03359,CUST009040,Conservative Income,Conservative,Discretionary,ALBI,ZAR,2022-09-19,ADV018,Western Cape,1,70,1605718.14
PF03360,CUST095611,Property Focus,Moderate,Living Annuity,SAPY,ZAR,2022-04-06,ADV008,Gauteng,0,100,8833057.38
PF03361,CUST033869,Offshore Feeder,Aggressive,Tax-Free Savings,MSCI World,ZAR,2024-09-15,ADV015,Gauteng,0,105,9979662.1
PF03362,CUST199197,Aggressive Equity,Aggressive,Living Annuity,SWIX,ZAR,2023-08-04,ADV028,Western Cape,1,120,9067813.71
PF03363,CUST196228,Balanced Growth,Moderate,Discretionary,ALSI,ZAR,2020-02-27,ADV002,Eastern Cape,1,95,1640691.01
PF03364,CUST124737,Money Market,Conservative,Discretionary,STeFI,ZAR,2016-02-15,ADV020,KwaZulu-Natal,0,35,26630408.87
PF03365,CUST281080,Conservative Income,Conservative,Discretionary,ALBI,ZAR,2018-03-27,ADV017,North West,1,70,6407607.22
PF03366,CUST337242,Aggressive Equity,Aggressive,Discretionary,SWIX,ZAR,2016-02-09,ADV006,Mpumalanga,1,120,6711230.12
PF03367,CUST195004,Aggressive Equity,Aggressive,Retirement Annuity,SWIX,ZAR,2017-02-25,ADV018,KwaZulu-Natal,1,120,2150662.02
PF03368,CUST323488,Aggressive Equity,Aggressive,Living Annuity,SWIX,ZAR,2019-05-18,ADV028,Western Cape,1,120,1736134.15
PF03369,CUST056412,Aggressive Equity,Aggressive,Living Annuity,SWIX,ZAR,2021-10-08,ADV011,Western Cape,1,120,38954029.37
PF03370,CUST134637,Money Market,Conservative,Discretionary,STeFI,ZAR,2019-12-30,ADV024,Limpopo,0,35,18628371.8
PF03371,CUST187992,Absolute Return,Moderate,Tax-Free Savings,STeFI + 4%,ZAR,2020-02-02,ADV008,Mpumalanga,1,110,10157838.56
PF03372,CUST466049,Conservative Income,Conservative,Pension Fund,ALBI,ZAR,2021-06-12,ADV023,Western Cape,1,70,2012382.93
PF03373,CUST190403,Balanced Growth,Moderate,Retirement Annuity,ALSI,ZAR,2022-12-19,ADV014,Gauteng,1,95,10496647.83
PF03374,CUST362919,Balanced Growth,Moderate,Living Annuity,ALSI,ZAR,2025-11-29,ADV001,Gauteng,1,95,2225121.63
PF03375,CUST006053,Conservative Income,Conservative,Discretionary,ALBI,ZAR,2018-03-04,ADV023,Limpopo,1,70,34562144.3
PF03376,CUST285792,Conservative Income,Conservative,Living Annuity,ALBI,ZAR,2024-08-07,ADV023,Western Cape,1,70,4202872.53
PF03377,CUST098118,Aggressive Equity,Aggressive,Discretionary,SWIX,ZAR,2015-11-02,ADV001,Limpopo,1,120,19675623.29
PF03378,CUST269233,Balanced Growth,Moderate,Pension Fund,ALSI,ZAR,2018-12-31,ADV017,Eastern Cape,1,95,3281947.88
PF03379,CUST023723,Property Focus,Moderate,Retirement Annuity,SAPY,ZAR,2015-10-29,ADV021,Gauteng,1,100,1153764.7
PF03380,CUST377143,Balanced Growth,Moderate,Retirement Annuity,ALSI,ZAR,2017-02-26,ADV011,KwaZulu-Natal,1,95,19531866.85
PF03381,CUST336606,Conservative Income,Conservative,Retirement Annuity,ALBI,ZAR,2018-07-08,ADV008,Western Cape,1,70,1908698.79
PF03382,CUST040982,Property Focus,Moderate,Discretionary,SAPY,ZAR,2025-10-17,ADV023,North West,0,100,41053648.18
PF03383,CUST129282,Offshore Feeder,Aggressive,Retirement Annuity,MSCI World,ZAR,2021-08-28,ADV028,Western Cape,1,105,10753135.29
PF03384,CUST253122,Aggressive Equity,Aggressive,Discretionary,SWIX,ZAR,2025-11-11,ADV013,Gauteng,1,120,989748.96
PF03385,CUST447782,Aggressive Equity,Aggressive,Living Annuity,SWIX,ZAR,2018-09-06,ADV014,Mpumalanga,1,120,46692978.83
PF03386,CUST275079,Aggressive Equity,Aggressive,Pension Fund,SWIX,ZAR,2025-07-27,ADV014,Gauteng,1,120,764677.32
PF03387,CUST051984,Balanced Growth,Moderate,Retirement Annuity,ALSI,ZAR,2019-04-08,ADV027,Gauteng,1,95,3794127.74
PF03388,CUST438381,Conservative Income,Conservative,Pension Fund,ALBI,ZAR,2020-10-30,ADV013,Gauteng,1,70,11979422.11
PF03389,CUST311692,Conservative Income,Conservative,Discretionary,ALBI,ZAR,2023-07-13,ADV009,KwaZulu-Natal,1,70,6787417.23
PF03390,CUST023118,Money Market,Conservative,Discretionary,STeFI,ZAR,2024-05-26,ADV008,KwaZulu-Natal,0,35,58782973.55
PF03391,CUST254635,Property Focus,Moderate,Discretionary,SAPY,ZAR,2017-04-08,ADV023,Eastern Cape,0,100,45808153.63
PF03392,CUST127036,Balanced Growth,Moderate,Endowment,ALSI,ZAR,2020-02-07,ADV013,Western Cape,1,95,3094346.12
PF03393,CUST356879,Money Market,Conservative,Discretionary,STeFI,ZAR,2018-09-06,ADV015,Gauteng,0,35,2515232.01
PF03394,CUST203282,Property Focus,Moderate,Living Annuity,SAPY,ZAR,2023-01-26,ADV019,Eastern Cape,0,100,49705409.96
PF03395,CUST286870,Money Market,Conservative,Endowment,STeFI,ZAR,2024-04-06,ADV024,Gauteng,0,35,2997942.56
PF03396,CUST152777,Property Focus,Moderate,Living Annuity,SAPY,ZAR,2022-08-25,ADV003,Northern Cape,0,100,20853948.12
PF03397,CUST215487,Offshore Feeder,Aggressive,Living Annuity,MSCI World,ZAR,2022-11-19,ADV023,Gauteng,0,105,3349950.41
PF03398,CUST285441,Property Focus,Moderate,Living Annuity,SAPY,ZAR,2021-07-27,ADV012,KwaZulu-Natal,0,100,18815002.31
PF03399,CUST191138,Aggressive Equity,Aggressive,Pension Fund,SWIX,ZAR,2021-09-02,ADV012,Western Cape,1,120,33318428.76
PF03400,CUST395716,Offshore Feeder,Aggressive,Discretionary,MSCI World,ZAR,2016-10-03,ADV002,Western Cape,0,105,37723015.97
