ticker,price_date,close_price_cents
NPN,2025-11-14,3469.27
NPN,2025-11-17,3470.25
NPN,2025-11-18,3464.58
NPN,2025-11-19,3649.8
NPN,2025-11-20,3702.65
NPN,2025-11-21,3802.05
NPN,2025-11-24,3780.51
NPN,2025-11-25,3889.53
NPN,2025-11-26,3884.35
NPN,2025-11-27,3860.03
NPN,2025-11-28,3896.01
NPN,2025-12-01,3867.05
NPN,2025-12-02,3857.74
NPN,2025-12-03,3734.13
NPN,2025-12-04,3728.64
NPN,2025-12-05,3637.65
NPN,2025-12-08,3712.17
NPN,2025-12-09,3814.28
NPN,2025-12-10,3847.12
NPN,2025-12-11,3797.4
NPN,2025-12-12,3644.69
NPN,2025-12-15,3681.96
NPN,2025-12-16,3741.73
NPN,2025-12-17,3736.98
NPN,2025-12-18,3606.7
NPN,2025-12-19,3806.07
NPN,2025-12-22,3830.08
NPN,2025-12-23,3787.31
NPN,2025-12-24,3787.22
NPN,2025-12-25,3957.73
NPN,2025-12-26,3902.9
NPN,2025-12-29,3910.45
NPN,2025-12-30,3910.06
NPN,2025-12-31,3846.79
NPN,2026-01-01,3836.19
NPN,2026-01-02,3840.56
NPN,2026-01-05,3820.17
NPN,2026-01-06,3757.23
NPN,2026-01-07,3860.1
NPN,2026-01-08,3761.99
NPN,2026-01-09,3804.02
NPN,2026-01-12,3836.56
NPN,2026-01-13,3768.1
NPN,2026-01-14,3841.39
NPN,2026-01-15,3845.97
NPN,2026-01-16,3845.91
NPN,2026-01-19,3789.34
NPN,2026-01-20,3809.71
NPN,2026-01-21,3817.76
NPN,2026-01-22,3847.47
NPN,2026-01-23,3837.3
NPN,2026-01-26,3708.01
NPN,2026-01-27,3691.38
NPN,2026-01-28,3630.26
NPN,2026-01-29,3469.31
NPN,2026-01-30,3414.09
NPN,2026-02-02,3291.35
NPN,2026-02-03,3295.92
NPN,2026-02-04,3314.48
NPN,2026-02-05,3325.68
NPN,2026-02-06,3347.14
NPN,2026-02-09,3421.65
NPN,2026-02-10,3417.83
NPN,2026-02-11,3298.66
NPN,2026-02-12,3313.78
NPN,2026-02-13,3252.42
NPN,2026-02-16,3276.91
NPN,2026-02-17,3320.76
NPN,2026-02-18,3353.48
NPN,2026-02-19,3445.21
NPN,2026-02-20,3516.31
NPN,2026-02-23,3569.26
NPN,2026-02-24,3552.01
NPN,2026-02-25,3604.3
NPN,2026-02-26,3584.29
NPN,2026-02-27,3558.59
NPN,2026-03-02,3627.82
NPN,2026-03-03,3645.33
NPN,2026-03-04,3782.94
NPN,2026-03-05,3802.56
NPN,2026-03-06,3886.82
NPN,2026-03-09,3869.44
NPN,2026-03-10,3892.88
NPN,2026-03-11,3887.08
NPN,2026-03-12,3859.15
NPN,2026-03-13,3902.13
NPN,2026-03-16,3854.58
NPN,2026-03-17,3952.72
NPN,2026-03-18,4049.89
NPN,2026-03-19,4154.17
NPN,2026-03-20,4075.3
NPN,2026-03-23,4058.34
NPN,2026-03-24,4002.27
NPN,2026-03-25,3877.0
NPN,2026-03-26,3953.48
NPN,2026-03-27,3835.09
NPN,2026-03-30,3690.27
NPN,2026-03-31,3612.82
NPN,2026-04-01,3490.63
NPN,2026-04-02,3382.47
NPN,2026-04-03,3350.72
NPN,2026-04-06,3288.55
NPN,2026-04-07,3284.38
NPN,2026-04-08,3272.6
NPN,2026-04-09,3240.45
NPN,2026-04-10,3118.93
NPN,2026-04-13,3119.04
NPN,2026-04-14,3193.25
NPN,2026-04-15,3275.95
NPN,2026-04-16,3189.75
NPN,2026-04-17,3343.98
NPN,2026-04-20,3449.37
NPN,2026-04-21,3535.56
NPN,2026-04-22,3478.67
NPN,2026-04-23,3380.66
NPN,2026-04-24,3422.36
NPN,2026-04-27,3369.32
NPN,2026-04-28,3404.32
NPN,2026-04-29,3312.5
NPN,2026-04-30,3261.22
NPN,2026-05-01,3178.6
NPN,2026-05-04,3213.66
NPN,2026-05-05,3171.43
NPN,2026-05-06,3224.72
NPN,2026-05-07,3193.45
NPN,2026-05-08,3175.42
NPN,2026-05-11,3134.63
NPN,2026-05-12,3191.24
NPN,2026-05-13,3248.2
NPN,2026-05-14,3224.68
NPN,2026-05-15,3209.11
NPN,2026-05-18,3216.05
NPN,2026-05-19,3202.48
NPN,2026-05-20,3208.47
NPN,2026-05-21,3224.9
NPN,2026-05-22,3194.87
NPN,2026-05-25,3230.95
NPN,2026-05-26,3287.62
NPN,2026-05-27,3205.73
NPN,2026-05-28,3238.67
NPN,2026-05-29,3256.39
NPN,2026-06-01,3149.06
NPN,2026-06-02,3200.97
NPN,2026-06-03,3311.91
NPN,2026-06-04,3307.42
NPN,2026-06-05,3262.19
NPN,2026-06-08,3312.32
NPN,2026-06-09,3314.85
NPN,2026-06-10,3247.45
NPN,2026-06-11,3229.2
NPN,2026-06-12,3118.08
NPN,2026-06-15,3300.63
NPN,2026-06-16,3297.83
NPN,2026-06-17,3280.33
NPN,2026-06-18,3346.08
NPN,2026-06-19,3251.59
NPN,2026-06-22,3276.85
NPN,2026-06-23,3127.75
NPN,2026-06-24,3174.27
NPN,2026-06-25,3255.74
NPN,2026-06-26,3219.26
NPN,2026-06-29,3279.0
NPN,2026-06-30,3372.51
NPN,2026-07-01,3368.55
NPN,2026-07-02,3323.21
NPN,2026-07-03,3372.66
NPN,2026-07-06,3453.08
NPN,2026-07-07,3602.67
NPN,2026-07-08,3564.17
NPN,2026-07-09,3663.8
NPN,2026-07-10,3698.85
NPN,2026-07-13,3697.63
NPN,2026-07-14,3702.51
NPN,2026-07-15,3748.93
NPN,2026-07-16,3736.83
NPN,2026-07-17,3812.17
NPN,2026-07-20,3882.29
NPN,2026-07-21,3860.63
NPN,2026-07-22,3796.09
NPN,2026-07-23,3730.58
NPN,2026-07-24,3869.79
NPN,2026-07-27,3813.36
NPN,2026-07-28,3964.99
NPN,2026-07-29,3937.83
NPN,2026-07-30,3807.6
NPN,2026-07-31,3933.75
PRX,2025-11-14,1157.05
PRX,2025-11-17,1152.95
PRX,2025-11-18,1168.03
PRX,2025-11-19,1216.22
PRX,2025-11-20,1197.82
PRX,2025-11-21,1202.9
PRX,2025-11-24,1187.04
PRX,2025-11-25,1203.06
PRX,2025-11-26,1227.82
PRX,2025-11-27,1264.14
PRX,2025-11-28,1312.63
PRX,2025-12-01,1283.48
PRX,2025-12-02,1318.01
PRX,2025-12-03,1326.7
PRX,2025-12-04,1334.36
PRX,2025-12-05,1322.92
PRX,2025-12-08,1305.04
PRX,2025-12-09,1319.64
PRX,2025-12-10,1277.75
PRX,2025-12-11,1262.03
PRX,2025-12-12,1217.7
PRX,2025-12-15,1230.68
PRX,2025-12-16,1256.11
PRX,2025-12-17,1280.35
PRX,2025-12-18,1276.27
PRX,2025-12-19,1335.12
PRX,2025-12-22,1363.67
PRX,2025-12-23,1354.87
PRX,2025-12-24,1376.27
PRX,2025-12-25,1413.0
PRX,2025-12-26,1420.42
PRX,2025-12-29,1465.9
PRX,2025-12-30,1463.94
PRX,2025-12-31,1470.88
PRX,2026-01-01,1460.59
PRX,2026-01-02,1460.8
PRX,2026-01-05,1474.48
PRX,2026-01-06,1463.39
PRX,2026-01-07,1454.46
PRX,2026-01-08,1437.25
PRX,2026-01-09,1444.71
PRX,2026-01-12,1437.09
PRX,2026-01-13,1422.24
PRX,2026-01-14,1388.9
PRX,2026-01-15,1401.34
PRX,2026-01-16,1373.02
PRX,2026-01-19,1426.97
PRX,2026-01-20,1438.45
PRX,2026-01-21,1392.27
PRX,2026-01-22,1388.62
PRX,2026-01-23,1402.6
PRX,2026-01-26,1454.59
PRX,2026-01-27,1485.55
PRX,2026-01-28,1432.94
PRX,2026-01-29,1417.86
PRX,2026-01-30,1419.24
PRX,2026-02-02,1353.76
PRX,2026-02-03,1341.43
PRX,2026-02-04,1298.89
PRX,2026-02-05,1337.11
PRX,2026-02-06,1341.94
PRX,2026-02-09,1354.33
PRX,2026-02-10,1342.37
PRX,2026-02-11,1359.29
PRX,2026-02-12,1364.22
PRX,2026-02-13,1403.77
PRX,2026-02-16,1407.14
PRX,2026-02-17,1399.98
PRX,2026-02-18,1434.68
PRX,2026-02-19,1463.45
PRX,2026-02-20,1482.14
PRX,2026-02-23,1524.98
PRX,2026-02-24,1516.15
PRX,2026-02-25,1451.17
PRX,2026-02-26,1419.75
PRX,2026-02-27,1419.52
PRX,2026-03-02,1360.98
PRX,2026-03-03,1317.22
PRX,2026-03-04,1331.27
PRX,2026-03-05,1325.12
PRX,2026-03-06,1349.55
PRX,2026-03-09,1381.09
PRX,2026-03-10,1373.22
PRX,2026-03-11,1361.37
PRX,2026-03-12,1292.1
PRX,2026-03-13,1302.8
PRX,2026-03-16,1330.89
PRX,2026-03-17,1336.81
PRX,2026-03-18,1334.39
PRX,2026-03-19,1307.42
PRX,2026-03-20,1302.43
PRX,2026-03-23,1283.03
PRX,2026-03-24,1267.01
PRX,2026-03-25,1223.52
PRX,2026-03-26,1212.35
PRX,2026-03-27,1193.13
PRX,2026-03-30,1185.62
PRX,2026-03-31,1217.95
PRX,2026-04-01,1209.15
PRX,2026-04-02,1225.62
PRX,2026-04-03,1177.05
PRX,2026-04-06,1209.35
PRX,2026-04-07,1186.02
PRX,2026-04-08,1199.19
PRX,2026-04-09,1241.69
PRX,2026-04-10,1252.53
PRX,2026-04-13,1261.5
PRX,2026-04-14,1261.6
PRX,2026-04-15,1252.41
PRX,2026-04-16,1250.83
PRX,2026-04-17,1250.15
PRX,2026-04-20,1306.43
PRX,2026-04-21,1330.36
PRX,2026-04-22,1310.21
PRX,2026-04-23,1297.83
PRX,2026-04-24,1329.42
PRX,2026-04-27,1376.47
PRX,2026-04-28,1361.25
PRX,2026-04-29,1309.61
PRX,2026-04-30,1298.64
PRX,2026-05-01,1274.31
PRX,2026-05-04,1254.92
PRX,2026-05-05,1241.69
PRX,2026-05-06,1328.2
PRX,2026-05-07,1327.11
PRX,2026-05-08,1300.2
PRX,2026-05-11,1277.03
PRX,2026-05-12,1266.54
PRX,2026-05-13,1278.94
PRX,2026-05-14,1268.23
PRX,2026-05-15,1265.4
PRX,2026-05-18,1275.84
PRX,2026-05-19,1235.79
PRX,2026-05-20,1232.85
PRX,2026-05-21,1238.56
PRX,2026-05-22,1262.23
PRX,2026-05-25,1261.99
PRX,2026-05-26,1307.49
PRX,2026-05-27,1278.04
PRX,2026-05-28,1337.35
PRX,2026-05-29,1307.92
PRX,2026-06-01,1284.81
PRX,2026-06-02,1292.4
PRX,2026-06-03,1326.24
PRX,2026-06-04,1313.51
PRX,2026-06-05,1367.68
PRX,2026-06-08,1378.37
PRX,2026-06-09,1354.52
PRX,2026-06-10,1368.63
PRX,2026-06-11,1394.26
PRX,2026-06-12,1399.84
PRX,2026-06-15,1411.59
PRX,2026-06-16,1439.4
PRX,2026-06-17,1435.85
PRX,2026-06-18,1484.01
PRX,2026-06-19,1472.76
PRX,2026-06-22,1434.75
PRX,2026-06-23,1377.69
PRX,2026-06-24,1400.31
PRX,2026-06-25,1396.75
PRX,2026-06-26,1383.0
PRX,2026-06-29,1380.27
PRX,2026-06-30,1400.32
PRX,2026-07-01,1396.06
PRX,2026-07-02,1394.93
PRX,2026-07-03,1413.4
PRX,2026-07-06,1387.33
PRX,2026-07-07,1443.84
PRX,2026-07-08,1434.85
PRX,2026-07-09,1419.7
PRX,2026-07-10,1448.47
PRX,2026-07-13,1418.36
PRX,2026-07-14,1439.37
PRX,2026-07-15,1426.09
PRX,2026-07-16,1421.96
PRX,2026-07-17,1447.95
PRX,2026-07-20,1433.82
PRX,2026-07-21,1408.09
PRX,2026-07-22,1370.19
PRX,2026-07-23,1360.14
PRX,2026-07-24,1399.22
PRX,2026-07-27,1435.28
PRX,2026-07-28,1451.22
PRX,2026-07-29,1446.81
PRX,2026-07-30,1459.66
PRX,2026-07-31,1506.39
BHG,2025-11-14,5003.75
BHG,2025-11-17,4985.39
BHG,2025-11-18,5000.78
BHG,2025-11-19,4952.81
BHG,2025-11-20,4888.49
BHG,2025-11-21,5082.46
BHG,2025-11-24,4838.91
BHG,2025-11-25,4903.41
BHG,2025-11-26,4826.15
BHG,2025-11-27,4849.57
BHG,2025-11-28,4944.24
BHG,2025-12-01,4903.66
BHG,2025-12-02,4963.79
BHG,2025-12-03,5046.6
BHG,2025-12-04,5057.7
BHG,2025-12-05,5073.7
BHG,2025-12-08,5036.89
BHG,2025-12-09,5060.25
BHG,2025-12-10,4986.68
BHG,2025-12-11,5048.43
BHG,2025-12-12,5105.79
BHG,2025-12-15,5212.32
BHG,2025-12-16,5200.27
BHG,2025-12-17,5279.54
BHG,2025-12-18,5373.48
BHG,2025-12-19,5348.85
BHG,2025-12-22,5334.85
BHG,2025-12-23,5194.27
BHG,2025-12-24,5254.33
BHG,2025-12-25,5282.01
BHG,2025-12-26,5326.4
BHG,2025-12-29,5506.14
BHG,2025-12-30,5526.38
BHG,2025-12-31,5433.62
BHG,2026-01-01,5461.14
BHG,2026-01-02,5627.92
BHG,2026-01-05,5686.74
BHG,2026-01-06,5686.86
BHG,2026-01-07,5788.87
BHG,2026-01-08,5847.5
BHG,2026-01-09,5950.65
BHG,2026-01-12,5942.0
BHG,2026-01-13,5904.02
BHG,2026-01-14,5840.27
BHG,2026-01-15,6008.92
BHG,2026-01-16,5887.5
BHG,2026-01-19,5964.28
BHG,2026-01-20,5894.68
BHG,2026-01-21,5855.92
BHG,2026-01-22,5733.46
BHG,2026-01-23,5588.96
BHG,2026-01-26,5519.65
BHG,2026-01-27,5493.12
BHG,2026-01-28,5402.18
BHG,2026-01-29,5475.92
BHG,2026-01-30,5637.99
BHG,2026-02-02,5427.07
BHG,2026-02-03,5501.15
BHG,2026-02-04,5604.58
BHG,2026-02-05,5665.7
BHG,2026-02-06,5731.09
BHG,2026-02-09,5761.62
BHG,2026-02-10,5908.98
BHG,2026-02-11,5888.66
BHG,2026-02-12,5851.04
BHG,2026-02-13,6017.11
BHG,2026-02-16,6049.63
BHG,2026-02-17,6070.73
BHG,2026-02-18,6150.37
BHG,2026-02-19,6122.86
BHG,2026-02-20,6216.67
BHG,2026-02-23,6163.79
BHG,2026-02-24,6072.36
BHG,2026-02-25,6163.56
BHG,2026-02-26,6184.08
BHG,2026-02-27,6140.81
BHG,2026-03-02,6180.52
BHG,2026-03-03,6150.95
BHG,2026-03-04,6181.16
BHG,2026-03-05,6164.41
BHG,2026-03-06,6261.38
BHG,2026-03-09,5998.82
BHG,2026-03-10,6175.95
BHG,2026-03-11,6020.83
BHG,2026-03-12,5875.51
BHG,2026-03-13,5762.52
BHG,2026-03-16,5742.41
BHG,2026-03-17,5671.23
BHG,2026-03-18,5743.76
BHG,2026-03-19,5768.22
BHG,2026-03-20,5803.11
BHG,2026-03-23,5784.34
BHG,2026-03-24,5775.08
BHG,2026-03-25,5660.32
BHG,2026-03-26,5710.15
BHG,2026-03-27,5623.74
BHG,2026-03-30,5494.84
BHG,2026-03-31,5516.2
BHG,2026-04-01,5573.48
BHG,2026-04-02,5586.43
BHG,2026-04-03,5566.94
BHG,2026-04-06,5518.89
BHG,2026-04-07,5335.76
BHG,2026-04-08,5478.81
BHG,2026-04-09,5440.84
BHG,2026-04-10,5360.85
BHG,2026-04-13,5456.41
BHG,2026-04-14,5526.19
BHG,2026-04-15,5562.86
BHG,2026-04-16,5470.52
BHG,2026-04-17,5418.64
BHG,2026-04-20,5625.65
BHG,2026-04-21,5611.86
BHG,2026-04-22,5571.77
BHG,2026-04-23,5591.65
BHG,2026-04-24,5647.45
BHG,2026-04-27,5696.24
BHG,2026-04-28,5617.16
BHG,2026-04-29,5526.79
BHG,2026-04-30,5561.75
BHG,2026-05-01,5643.97
BHG,2026-05-04,5781.73
BHG,2026-05-05,5689.44
BHG,2026-05-06,5564.89
BHG,2026-05-07,5646.45
BHG,2026-05-08,5527.64
BHG,2026-05-11,5587.06
BHG,2026-05-12,5646.08
BHG,2026-05-13,5629.93
BHG,2026-05-14,5695.63
BHG,2026-05-15,5583.97
BHG,2026-05-18,5525.59
BHG,2026-05-19,5451.44
BHG,2026-05-20,5526.86
BHG,2026-05-21,5370.83
BHG,2026-05-22,5409.39
BHG,2026-05-25,5382.24
BHG,2026-05-26,5350.43
BHG,2026-05-27,5311.68
BHG,2026-05-28,5405.3
BHG,2026-05-29,5366.25
BHG,2026-06-01,5267.57
BHG,2026-06-02,5188.35
BHG,2026-06-03,5358.01
BHG,2026-06-04,5379.5
BHG,2026-06-05,5302.99
BHG,2026-06-08,5323.22
BHG,2026-06-09,5384.72
BHG,2026-06-10,5371.22
BHG,2026-06-11,5291.07
BHG,2026-06-12,5299.09
BHG,2026-06-15,5326.78
BHG,2026-06-16,5400.54
BHG,2026-06-17,5315.85
BHG,2026-06-18,5300.32
BHG,2026-06-19,5290.22
BHG,2026-06-22,5160.76
BHG,2026-06-23,5059.43
BHG,2026-06-24,5007.1
BHG,2026-06-25,4873.97
BHG,2026-06-26,4870.8
BHG,2026-06-29,4915.18
BHG,2026-06-30,4943.04
BHG,2026-07-01,4789.83
BHG,2026-07-02,4640.89
BHG,2026-07-03,4726.5
BHG,2026-07-06,4709.52
BHG,2026-07-07,4906.99
BHG,2026-07-08,5065.27
BHG,2026-07-09,5046.18
BHG,2026-07-10,4897.52
BHG,2026-07-13,4755.2
BHG,2026-07-14,5005.56
BHG,2026-07-15,5155.06
BHG,2026-07-16,5116.52
BHG,2026-07-17,5136.82
BHG,2026-07-20,5060.16
BHG,2026-07-21,4961.18
BHG,2026-07-22,4850.85
BHG,2026-07-23,4911.15
BHG,2026-07-24,5017.08
BHG,2026-07-27,4909.95
BHG,2026-07-28,4957.85
BHG,2026-07-29,4868.9
BHG,2026-07-30,4867.2
BHG,2026-07-31,4885.43
AGL,2025-11-14,5700.05
AGL,2025-11-17,5708.57
AGL,2025-11-18,5794.22
AGL,2025-11-19,5834.02
AGL,2025-11-20,5924.59
AGL,2025-11-21,6092.36
AGL,2025-11-24,5955.38
AGL,2025-11-25,5885.22
AGL,2025-11-26,5913.6
AGL,2025-11-27,5897.67
AGL,2025-11-28,6018.19
AGL,2025-12-01,6218.71
AGL,2025-12-02,6293.46
AGL,2025-12-03,6267.05
AGL,2025-12-04,6330.5
AGL,2025-12-05,6437.72
AGL,2025-12-08,6174.17
AGL,2025-12-09,6114.59
AGL,2025-12-10,6075.24
AGL,2025-12-11,6085.35
AGL,2025-12-12,6160.47
AGL,2025-12-15,6304.58
AGL,2025-12-16,6515.16
AGL,2025-12-17,6408.82
AGL,2025-12-18,6622.69
AGL,2025-12-19,6638.98
AGL,2025-12-22,6455.48
AGL,2025-12-23,6519.08
AGL,2025-12-24,6458.91
AGL,2025-12-25,6417.44
AGL,2025-12-26,6446.22
AGL,2025-12-29,6559.41
AGL,2025-12-30,6665.61
AGL,2025-12-31,6629.4
AGL,2026-01-01,6655.88
AGL,2026-01-02,6531.65
AGL,2026-01-05,6554.85
AGL,2026-01-06,6581.69
AGL,2026-01-07,6756.06
AGL,2026-01-08,6871.8
AGL,2026-01-09,6884.36
AGL,2026-01-12,7110.51
AGL,2026-01-13,7033.48
AGL,2026-01-14,6928.41
AGL,2026-01-15,6969.33
AGL,2026-01-16,7147.42
AGL,2026-01-19,7422.06
AGL,2026-01-20,7400.9
AGL,2026-01-21,7276.15
AGL,2026-01-22,7192.91
AGL,2026-01-23,7228.87
AGL,2026-01-26,7356.59
AGL,2026-01-27,7479.44
AGL,2026-01-28,7084.51
AGL,2026-01-29,7157.97
AGL,2026-01-30,7236.66
AGL,2026-02-02,7155.04
AGL,2026-02-03,7263.33
AGL,2026-02-04,7262.16
AGL,2026-02-05,7329.59
AGL,2026-02-06,7446.6
AGL,2026-02-09,7307.5
AGL,2026-02-10,7423.47
AGL,2026-02-11,7410.81
AGL,2026-02-12,7361.13
AGL,2026-02-13,7308.65
AGL,2026-02-16,7448.12
AGL,2026-02-17,7692.32
AGL,2026-02-18,7447.81
AGL,2026-02-19,7675.5
AGL,2026-02-20,7666.78
AGL,2026-02-23,7899.64
AGL,2026-02-24,7972.58
AGL,2026-02-25,8075.45
AGL,2026-02-26,7948.83
AGL,2026-02-27,8324.46
AGL,2026-03-02,8316.03
AGL,2026-03-03,8460.32
AGL,2026-03-04,8425.12
AGL,2026-03-05,8391.37
AGL,2026-03-06,8346.77
AGL,2026-03-09,8635.18
AGL,2026-03-10,8471.64
AGL,2026-03-11,8432.8
AGL,2026-03-12,8599.85
AGL,2026-03-13,8402.96
AGL,2026-03-16,8564.59
AGL,2026-03-17,8679.0
AGL,2026-03-18,8844.69
AGL,2026-03-19,9079.11
AGL,2026-03-20,9421.0
AGL,2026-03-23,9409.8
AGL,2026-03-24,9401.98
AGL,2026-03-25,8969.02
AGL,2026-03-26,8912.12
AGL,2026-03-27,8846.89
AGL,2026-03-30,8468.46
AGL,2026-03-31,8499.83
AGL,2026-04-01,8744.59
AGL,2026-04-02,9005.79
AGL,2026-04-03,8873.73
AGL,2026-04-06,8532.84
AGL,2026-04-07,8520.78
AGL,2026-04-08,8591.34
AGL,2026-04-09,8750.44
AGL,2026-04-10,8870.4
AGL,2026-04-13,8958.53
AGL,2026-04-14,9011.1
AGL,2026-04-15,8990.29
AGL,2026-04-16,9146.82
AGL,2026-04-17,9112.84
AGL,2026-04-20,9505.91
AGL,2026-04-21,9894.04
AGL,2026-04-22,10056.13
AGL,2026-04-23,10254.43
AGL,2026-04-24,10264.88
AGL,2026-04-27,10261.69
AGL,2026-04-28,10374.1
AGL,2026-04-29,10454.36
AGL,2026-04-30,10527.68
AGL,2026-05-01,10851.07
AGL,2026-05-04,10661.5
AGL,2026-05-05,10578.08
AGL,2026-05-06,10672.87
AGL,2026-05-07,10754.38
AGL,2026-05-08,10962.73
AGL,2026-05-11,11025.86
AGL,2026-05-12,10682.57
AGL,2026-05-13,10968.23
AGL,2026-05-14,11235.19
AGL,2026-05-15,10942.12
AGL,2026-05-18,11117.45
AGL,2026-05-19,11146.25
AGL,2026-05-20,11084.64
AGL,2026-05-21,11119.14
AGL,2026-05-22,11321.04
AGL,2026-05-25,11364.25
AGL,2026-05-26,11160.34
AGL,2026-05-27,11112.58
AGL,2026-05-28,11287.03
AGL,2026-05-29,11420.36
AGL,2026-06-01,11338.06
AGL,2026-06-02,11555.39
AGL,2026-06-03,11592.4
AGL,2026-06-04,11678.95
AGL,2026-06-05,11919.46
AGL,2026-06-08,12305.73
AGL,2026-06-09,12303.56
AGL,2026-06-10,12316.15
AGL,2026-06-11,12282.98
AGL,2026-06-12,12438.1
AGL,2026-06-15,12501.75
AGL,2026-06-16,12325.47
AGL,2026-06-17,12348.1
AGL,2026-06-18,12781.67
AGL,2026-06-19,12932.28
AGL,2026-06-22,13175.23
AGL,2026-06-23,13036.81
AGL,2026-06-24,13316.77
AGL,2026-06-25,13661.89
AGL,2026-06-26,13926.33
AGL,2026-06-29,13922.62
AGL,2026-06-30,14208.08
AGL,2026-07-01,14296.61
AGL,2026-07-02,13976.13
AGL,2026-07-03,13494.92
AGL,2026-07-06,13139.99
AGL,2026-07-07,12792.41
AGL,2026-07-08,12819.8
AGL,2026-07-09,12521.98
AGL,2026-07-10,12953.17
AGL,2026-07-13,12883.98
AGL,2026-07-14,13310.28
AGL,2026-07-15,13322.22
AGL,2026-07-16,13483.04
AGL,2026-07-17,13990.12
AGL,2026-07-20,14163.91
AGL,2026-07-21,14304.39
AGL,2026-07-22,14302.21
AGL,2026-07-23,14643.02
AGL,2026-07-24,14828.03
AGL,2026-07-27,14466.61
AGL,2026-07-28,14276.81
AGL,2026-07-29,14291.61
AGL,2026-07-30,14459.25
AGL,2026-07-31,14500.23
FSR,2025-11-14,6931.63
FSR,2025-11-17,7077.29
FSR,2025-11-18,7223.04
FSR,2025-11-19,7225.22
FSR,2025-11-20,7171.5
FSR,2025-11-21,7310.0
FSR,2025-11-24,7048.23
FSR,2025-11-25,7041.52
FSR,2025-11-26,6989.34
FSR,2025-11-27,6916.75
FSR,2025-11-28,7159.05
FSR,2025-12-01,7284.13
FSR,2025-12-02,7330.61
FSR,2025-12-03,7291.9
FSR,2025-12-04,7411.01
FSR,2025-12-05,7420.81
FSR,2025-12-08,7238.61
FSR,2025-12-09,7180.99
FSR,2025-12-10,6936.52
FSR,2025-12-11,6881.96
FSR,2025-12-12,6908.17
FSR,2025-12-15,6927.83
FSR,2025-12-16,7089.09
FSR,2025-12-17,7046.16
FSR,2025-12-18,7175.17
FSR,2025-12-19,7123.53
FSR,2025-12-22,7123.77
FSR,2025-12-23,7017.65
FSR,2025-12-24,7287.09
FSR,2025-12-25,7315.66
FSR,2025-12-26,7175.0
FSR,2025-12-29,7401.6
FSR,2025-12-30,7382.51
FSR,2025-12-31,7209.54
FSR,2026-01-01,7186.63
FSR,2026-01-02,7245.49
FSR,2026-01-05,7284.83
FSR,2026-01-06,7289.22
FSR,2026-01-07,7326.32
FSR,2026-01-08,7309.83
FSR,2026-01-09,7470.3
FSR,2026-01-12,7493.45
FSR,2026-01-13,7455.93
FSR,2026-01-14,7783.23
FSR,2026-01-15,7863.06
FSR,2026-01-16,7753.45
FSR,2026-01-19,7804.32
FSR,2026-01-20,7814.29
FSR,2026-01-21,7548.87
FSR,2026-01-22,7677.06
FSR,2026-01-23,7596.85
FSR,2026-01-26,7409.26
FSR,2026-01-27,7267.46
FSR,2026-01-28,7373.97
FSR,2026-01-29,7278.34
FSR,2026-01-30,7343.63
FSR,2026-02-02,7366.98
FSR,2026-02-03,7457.91
FSR,2026-02-04,7522.07
FSR,2026-02-05,7567.4
FSR,2026-02-06,7492.51
FSR,2026-02-09,7552.27
FSR,2026-02-10,7681.4
FSR,2026-02-11,7544.77
FSR,2026-02-12,7390.71
FSR,2026-02-13,7448.94
FSR,2026-02-16,7623.6
FSR,2026-02-17,7610.02
FSR,2026-02-18,7581.2
FSR,2026-02-19,7710.54
FSR,2026-02-20,7674.15
FSR,2026-02-23,7763.58
FSR,2026-02-24,7800.58
FSR,2026-02-25,7980.85
FSR,2026-02-26,8198.86
FSR,2026-02-27,8256.4
FSR,2026-03-02,8002.69
FSR,2026-03-03,7822.92
FSR,2026-03-04,7822.92
FSR,2026-03-05,7812.33
FSR,2026-03-06,7824.27
FSR,2026-03-09,7829.76
FSR,2026-03-10,7998.34
FSR,2026-03-11,8031.76
FSR,2026-03-12,8168.75
FSR,2026-03-13,8198.28
FSR,2026-03-16,7972.71
FSR,2026-03-17,7895.48
FSR,2026-03-18,8077.02
FSR,2026-03-19,8040.17
FSR,2026-03-20,8074.16
FSR,2026-03-23,8014.34
FSR,2026-03-24,7970.57
FSR,2026-03-25,7855.29
FSR,2026-03-26,7875.61
FSR,2026-03-27,7920.84
FSR,2026-03-30,7819.64
FSR,2026-03-31,7589.81
FSR,2026-04-01,7618.87
FSR,2026-04-02,7539.63
FSR,2026-04-03,7577.77
FSR,2026-04-06,7474.6
FSR,2026-04-07,7334.11
FSR,2026-04-08,7417.22
FSR,2026-04-09,7484.05
FSR,2026-04-10,7470.92
FSR,2026-04-13,7614.69
FSR,2026-04-14,7756.97
FSR,2026-04-15,7466.64
FSR,2026-04-16,7317.08
FSR,2026-04-17,7284.08
FSR,2026-04-20,7454.41
FSR,2026-04-21,7381.46
FSR,2026-04-22,7393.86
FSR,2026-04-23,7436.53
FSR,2026-04-24,7474.74
FSR,2026-04-27,7510.61
FSR,2026-04-28,7432.78
FSR,2026-04-29,7283.32
FSR,2026-04-30,7382.93
FSR,2026-05-01,7400.61
FSR,2026-05-04,7411.75
FSR,2026-05-05,7270.11
FSR,2026-05-06,7389.92
FSR,2026-05-07,7394.03
FSR,2026-05-08,7269.66
FSR,2026-05-11,7088.68
FSR,2026-05-12,7116.69
FSR,2026-05-13,7413.98
FSR,2026-05-14,7552.02
FSR,2026-05-15,7492.07
FSR,2026-05-18,7623.7
FSR,2026-05-19,7660.14
FSR,2026-05-20,7665.33
FSR,2026-05-21,7704.15
FSR,2026-05-22,7739.74
FSR,2026-05-25,7922.59
FSR,2026-05-26,8166.9
FSR,2026-05-27,8122.89
FSR,2026-05-28,8096.59
FSR,2026-05-29,7826.6
FSR,2026-06-01,7936.48
FSR,2026-06-02,8104.89
FSR,2026-06-03,8460.65
FSR,2026-06-04,8400.65
FSR,2026-06-05,8585.09
FSR,2026-06-08,8741.85
FSR,2026-06-09,8673.89
FSR,2026-06-10,8723.08
FSR,2026-06-11,8722.94
FSR,2026-06-12,8724.69
FSR,2026-06-15,8726.16
FSR,2026-06-16,8729.35
FSR,2026-06-17,8780.81
FSR,2026-06-18,8624.31
FSR,2026-06-19,8584.24
FSR,2026-06-22,8572.71
FSR,2026-06-23,8518.74
FSR,2026-06-24,8559.84
FSR,2026-06-25,8568.89
FSR,2026-06-26,8506.11
FSR,2026-06-29,8683.51
FSR,2026-06-30,8908.05
FSR,2026-07-01,8978.32
FSR,2026-07-02,9116.33
FSR,2026-07-03,9535.0
FSR,2026-07-06,9600.32
FSR,2026-07-07,9563.87
FSR,2026-07-08,9621.81
FSR,2026-07-09,9602.8
FSR,2026-07-10,9655.14
FSR,2026-07-13,9691.47
FSR,2026-07-14,9612.91
FSR,2026-07-15,9501.49
FSR,2026-07-16,9546.38
FSR,2026-07-17,9518.6
FSR,2026-07-20,9712.4
FSR,2026-07-21,9594.19
FSR,2026-07-22,9523.84
FSR,2026-07-23,9467.89
FSR,2026-07-24,9541.41
FSR,2026-07-27,9732.2
FSR,2026-07-28,9705.59
FSR,2026-07-29,9500.67
FSR,2026-07-30,9356.77
FSR,2026-07-31,9387.31
SBK,2025-11-14,21073.95
SBK,2025-11-17,21099.92
SBK,2025-11-18,21045.43
SBK,2025-11-19,21315.05
SBK,2025-11-20,21350.04
SBK,2025-11-21,21511.0
SBK,2025-11-24,20891.95
SBK,2025-11-25,20708.92
SBK,2025-11-26,20361.49
SBK,2025-11-27,20071.53
SBK,2025-11-28,20455.86
SBK,2025-12-01,20588.87
SBK,2025-12-02,20191.21
SBK,2025-12-03,19692.29
SBK,2025-12-04,19909.84
SBK,2025-12-05,20247.01
SBK,2025-12-08,19668.53
SBK,2025-12-09,19661.37
SBK,2025-12-10,19115.49
SBK,2025-12-11,18592.1
SBK,2025-12-12,18850.33
SBK,2025-12-15,18239.49
SBK,2025-12-16,18254.03
SBK,2025-12-17,18306.03
SBK,2025-12-18,18071.36
SBK,2025-12-19,17892.76
SBK,2025-12-22,17618.51
SBK,2025-12-23,17481.95
SBK,2025-12-24,17278.09
SBK,2025-12-25,17259.71
SBK,2025-12-26,17332.45
SBK,2025-12-29,17608.41
SBK,2025-12-30,17245.27
SBK,2025-12-31,17133.04
SBK,2026-01-01,16887.42
SBK,2026-01-02,17035.46
SBK,2026-01-05,17238.22
SBK,2026-01-06,16908.32
SBK,2026-01-07,17069.18
SBK,2026-01-08,17038.77
SBK,2026-01-09,16847.62
SBK,2026-01-12,17016.96
SBK,2026-01-13,16892.3
SBK,2026-01-14,17186.8
SBK,2026-01-15,17234.93
SBK,2026-01-16,16724.0
SBK,2026-01-19,17390.52
SBK,2026-01-20,17607.31
SBK,2026-01-21,17230.59
SBK,2026-01-22,17672.91
SBK,2026-01-23,17721.67
SBK,2026-01-26,17580.16
SBK,2026-01-27,17726.02
SBK,2026-01-28,17420.65
SBK,2026-01-29,17141.52
SBK,2026-01-30,17303.11
SBK,2026-02-02,17233.37
SBK,2026-02-03,17218.04
SBK,2026-02-04,17373.31
SBK,2026-02-05,17401.81
SBK,2026-02-06,17947.77
SBK,2026-02-09,17801.14
SBK,2026-02-10,17735.98
SBK,2026-02-11,17350.08
SBK,2026-02-12,17281.43
SBK,2026-02-13,17611.08
SBK,2026-02-16,17878.78
SBK,2026-02-17,18119.69
SBK,2026-02-18,17987.35
SBK,2026-02-19,17896.93
SBK,2026-02-20,18030.15
SBK,2026-02-23,18210.8
SBK,2026-02-24,18573.41
SBK,2026-02-25,18701.61
SBK,2026-02-26,18958.08
SBK,2026-02-27,18791.73
SBK,2026-03-02,18485.73
SBK,2026-03-03,18776.07
SBK,2026-03-04,19052.81
SBK,2026-03-05,19164.0
SBK,2026-03-06,18457.22
SBK,2026-03-09,18403.02
SBK,2026-03-10,18495.41
SBK,2026-03-11,18250.22
SBK,2026-03-12,18081.04
SBK,2026-03-13,18193.29
SBK,2026-03-16,17993.6
SBK,2026-03-17,18298.91
SBK,2026-03-18,18797.44
SBK,2026-03-19,19051.45
SBK,2026-03-20,19007.95
SBK,2026-03-23,18754.47
SBK,2026-03-24,18510.24
SBK,2026-03-25,17892.35
SBK,2026-03-26,18339.86
SBK,2026-03-27,18106.46
SBK,2026-03-30,17574.37
SBK,2026-03-31,17885.88
SBK,2026-04-01,18077.76
SBK,2026-04-02,18047.75
SBK,2026-04-03,18194.71
SBK,2026-04-06,18007.5
SBK,2026-04-07,18016.94
SBK,2026-04-08,17887.4
SBK,2026-04-09,18049.27
SBK,2026-04-10,18576.15
SBK,2026-04-13,18878.91
SBK,2026-04-14,18830.35
SBK,2026-04-15,19183.92
SBK,2026-04-16,19238.27
SBK,2026-04-17,19036.28
SBK,2026-04-20,19742.03
SBK,2026-04-21,19451.3
SBK,2026-04-22,19695.66
SBK,2026-04-23,19693.34
SBK,2026-04-24,20395.77
SBK,2026-04-27,20408.95
SBK,2026-04-28,20145.24
SBK,2026-04-29,20077.6
SBK,2026-04-30,19694.95
SBK,2026-05-01,20193.96
SBK,2026-05-04,20069.07
SBK,2026-05-05,19807.82
SBK,2026-05-06,20314.24
SBK,2026-05-07,20170.28
SBK,2026-05-08,20084.98
SBK,2026-05-11,20155.57
SBK,2026-05-12,20567.5
SBK,2026-05-13,21191.48
SBK,2026-05-14,21041.4
SBK,2026-05-15,20412.36
SBK,2026-05-18,20353.2
SBK,2026-05-19,19522.22
SBK,2026-05-20,19360.86
SBK,2026-05-21,19722.1
SBK,2026-05-22,19617.42
SBK,2026-05-25,19082.31
SBK,2026-05-26,18673.66
SBK,2026-05-27,18972.25
SBK,2026-05-28,19720.91
SBK,2026-05-29,20064.48
SBK,2026-06-01,19873.65
SBK,2026-06-02,19930.88
SBK,2026-06-03,20441.09
SBK,2026-06-04,20195.49
SBK,2026-06-05,20700.19
SBK,2026-06-08,20841.56
SBK,2026-06-09,20587.06
SBK,2026-06-10,20099.72
SBK,2026-06-11,20321.11
SBK,2026-06-12,20140.64
SBK,2026-06-15,20751.98
SBK,2026-06-16,20624.77
SBK,2026-06-17,20536.84
SBK,2026-06-18,20777.88
SBK,2026-06-19,20781.75
SBK,2026-06-22,21106.79
SBK,2026-06-23,21061.9
SBK,2026-06-24,20843.42
SBK,2026-06-25,21178.22
SBK,2026-06-26,20644.68
SBK,2026-06-29,20852.24
SBK,2026-06-30,21028.23
SBK,2026-07-01,21375.9
SBK,2026-07-02,20434.18
SBK,2026-07-03,20558.64
SBK,2026-07-06,21004.59
SBK,2026-07-07,20532.7
SBK,2026-07-08,20471.17
SBK,2026-07-09,20678.48
SBK,2026-07-10,21241.47
SBK,2026-07-13,21544.07
SBK,2026-07-14,21278.82
SBK,2026-07-15,21464.5
SBK,2026-07-16,21336.53
SBK,2026-07-17,21685.39
SBK,2026-07-20,22129.66
SBK,2026-07-21,21850.15
SBK,2026-07-22,21883.59
SBK,2026-07-23,21516.1
SBK,2026-07-24,21794.59
SBK,2026-07-27,22171.22
SBK,2026-07-28,22581.6
SBK,2026-07-29,22468.78
SBK,2026-07-30,22000.79
SBK,2026-07-31,21827.26
CPI,2025-11-14,257696.34
CPI,2025-11-17,263548.89
CPI,2025-11-18,264606.72
CPI,2025-11-19,261859.19
CPI,2025-11-20,259162.76
CPI,2025-11-21,263298.57
CPI,2025-11-24,252141.29
CPI,2025-11-25,258146.58
CPI,2025-11-26,264268.26
CPI,2025-11-27,262085.65
CPI,2025-11-28,266323.83
CPI,2025-12-01,264051.35
CPI,2025-12-02,270513.42
CPI,2025-12-03,264576.1
CPI,2025-12-04,271124.56
CPI,2025-12-05,267430.01
CPI,2025-12-08,262042.73
CPI,2025-12-09,260171.26
CPI,2025-12-10,258195.99
CPI,2025-12-11,265746.99
CPI,2025-12-12,269623.78
CPI,2025-12-15,270078.82
CPI,2025-12-16,272734.4
CPI,2025-12-17,267619.57
CPI,2025-12-18,267389.44
CPI,2025-12-19,264961.56
CPI,2025-12-22,263761.56
CPI,2025-12-23,261980.53
CPI,2025-12-24,264072.92
CPI,2025-12-25,263054.15
CPI,2025-12-26,257492.05
CPI,2025-12-29,263352.86
CPI,2025-12-30,263329.26
CPI,2025-12-31,260796.18
CPI,2026-01-01,266576.31
CPI,2026-01-02,265293.61
CPI,2026-01-05,269321.86
CPI,2026-01-06,271274.84
CPI,2026-01-07,282622.32
CPI,2026-01-08,294510.6
CPI,2026-01-09,299910.62
CPI,2026-01-12,306244.4
CPI,2026-01-13,302559.17
CPI,2026-01-14,304696.96
CPI,2026-01-15,299175.25
CPI,2026-01-16,300470.79
CPI,2026-01-19,298208.34
CPI,2026-01-20,294536.09
CPI,2026-01-21,278566.08
CPI,2026-01-22,284739.48
CPI,2026-01-23,280363.19
CPI,2026-01-26,282129.82
CPI,2026-01-27,288862.64
CPI,2026-01-28,276594.25
CPI,2026-01-29,277265.47
CPI,2026-01-30,284782.18
CPI,2026-02-02,280650.65
CPI,2026-02-03,287069.05
CPI,2026-02-04,286427.11
CPI,2026-02-05,283322.66
CPI,2026-02-06,288469.36
CPI,2026-02-09,297681.44
CPI,2026-02-10,297468.17
CPI,2026-02-11,295665.7
CPI,2026-02-12,289897.33
CPI,2026-02-13,279788.81
CPI,2026-02-16,279046.53
CPI,2026-02-17,282498.31
CPI,2026-02-18,281199.99
CPI,2026-02-19,280931.85
CPI,2026-02-20,272334.76
CPI,2026-02-23,276136.32
CPI,2026-02-24,276664.1
CPI,2026-02-25,267127.97
CPI,2026-02-26,271533.41
CPI,2026-02-27,266214.24
CPI,2026-03-02,266442.17
CPI,2026-03-03,265403.35
CPI,2026-03-04,262334.09
CPI,2026-03-05,261886.22
CPI,2026-03-06,267141.7
CPI,2026-03-09,266711.64
CPI,2026-03-10,261791.56
CPI,2026-03-11,258555.53
CPI,2026-03-12,258655.1
CPI,2026-03-13,263918.89
CPI,2026-03-16,262207.84
CPI,2026-03-17,259545.55
CPI,2026-03-18,263142.86
CPI,2026-03-19,265299.19
CPI,2026-03-20,258964.84
CPI,2026-03-23,260793.41
CPI,2026-03-24,264437.89
CPI,2026-03-25,265334.29
CPI,2026-03-26,266909.61
CPI,2026-03-27,267578.79
CPI,2026-03-30,260336.12
CPI,2026-03-31,262380.24
CPI,2026-04-01,263499.65
CPI,2026-04-02,263846.84
CPI,2026-04-03,255947.15
CPI,2026-04-06,260120.91
CPI,2026-04-07,254083.82
CPI,2026-04-08,258432.53
CPI,2026-04-09,256992.95
CPI,2026-04-10,254864.18
CPI,2026-04-13,258169.8
CPI,2026-04-14,252144.05
CPI,2026-04-15,253971.32
CPI,2026-04-16,246373.82
CPI,2026-04-17,242562.77
CPI,2026-04-20,248907.01
CPI,2026-04-21,251623.42
CPI,2026-04-22,248963.72
CPI,2026-04-23,248785.07
CPI,2026-04-24,258938.43
CPI,2026-04-27,259385.59
CPI,2026-04-28,257174.07
CPI,2026-04-29,254553.71
CPI,2026-04-30,255052.8
CPI,2026-05-01,252026.53
CPI,2026-05-04,250623.29
CPI,2026-05-05,242728.24
CPI,2026-05-06,253512.15
CPI,2026-05-07,254676.83
CPI,2026-05-08,257009.27
CPI,2026-05-11,250352.8
CPI,2026-05-12,247589.74
CPI,2026-05-13,254567.93
CPI,2026-05-14,253406.44
CPI,2026-05-15,249565.4
CPI,2026-05-18,250338.46
CPI,2026-05-19,248823.62
CPI,2026-05-20,242490.3
CPI,2026-05-21,245118.53
CPI,2026-05-22,248925.84
CPI,2026-05-25,246894.26
CPI,2026-05-26,250294.56
CPI,2026-05-27,249085.6
CPI,2026-05-28,254037.26
CPI,2026-05-29,247503.19
CPI,2026-06-01,245604.72
CPI,2026-06-02,251202.78
CPI,2026-06-03,255407.55
CPI,2026-06-04,255959.12
CPI,2026-06-05,253184.3
CPI,2026-06-08,254556.06
CPI,2026-06-09,259622.06
CPI,2026-06-10,262231.86
CPI,2026-06-11,263891.69
CPI,2026-06-12,254853.63
CPI,2026-06-15,250625.02
CPI,2026-06-16,259142.7
CPI,2026-06-17,259604.95
CPI,2026-06-18,259240.6
CPI,2026-06-19,254636.17
CPI,2026-06-22,257107.53
CPI,2026-06-23,250994.7
CPI,2026-06-24,252672.46
CPI,2026-06-25,245993.63
CPI,2026-06-26,241278.1
CPI,2026-06-29,243517.01
CPI,2026-06-30,247495.54
CPI,2026-07-01,252413.5
CPI,2026-07-02,252350.2
CPI,2026-07-03,257366.05
CPI,2026-07-06,250431.57
CPI,2026-07-07,248236.46
CPI,2026-07-08,248111.93
CPI,2026-07-09,246985.89
CPI,2026-07-10,244811.64
CPI,2026-07-13,240751.29
CPI,2026-07-14,239508.64
CPI,2026-07-15,235935.83
CPI,2026-07-16,233511.25
CPI,2026-07-17,232394.0
CPI,2026-07-20,233328.19
CPI,2026-07-21,223536.48
CPI,2026-07-22,229771.55
CPI,2026-07-23,233696.92
CPI,2026-07-24,236721.92
CPI,2026-07-27,233010.51
CPI,2026-07-28,237629.27
CPI,2026-07-29,238654.15
CPI,2026-07-30,230699.84
CPI,2026-07-31,231380.88
ABG,2025-11-14,16930.75
ABG,2025-11-17,17326.86
ABG,2025-11-18,17647.71
ABG,2025-11-19,17945.68
ABG,2025-11-20,17639.72
ABG,2025-11-21,17982.09
ABG,2025-11-24,17917.34
ABG,2025-11-25,18446.07
ABG,2025-11-26,18169.09
ABG,2025-11-27,17992.42
ABG,2025-11-28,18106.29
ABG,2025-12-01,17904.46
ABG,2025-12-02,17722.97
ABG,2025-12-03,17576.02
ABG,2025-12-04,17980.24
ABG,2025-12-05,17649.84
ABG,2025-12-08,17239.2
ABG,2025-12-09,17217.86
ABG,2025-12-10,17183.11
ABG,2025-12-11,17319.65
ABG,2025-12-12,17358.22
ABG,2025-12-15,17427.17
ABG,2025-12-16,17571.29
ABG,2025-12-17,17519.64
ABG,2025-12-18,17359.49
ABG,2025-12-19,17635.26
ABG,2025-12-22,17467.41
ABG,2025-12-23,17350.7
ABG,2025-12-24,17517.91
ABG,2025-12-25,17243.94
ABG,2025-12-26,17763.21
ABG,2025-12-29,18053.39
ABG,2025-12-30,17942.88
ABG,2025-12-31,17627.91
ABG,2026-01-01,17365.04
ABG,2026-01-02,17685.49
ABG,2026-01-05,17837.34
ABG,2026-01-06,17870.55
ABG,2026-01-07,18490.43
ABG,2026-01-08,18841.3
ABG,2026-01-09,18619.11
ABG,2026-01-12,18717.68
ABG,2026-01-13,18607.88
ABG,2026-01-14,18452.77
ABG,2026-01-15,18459.5
ABG,2026-01-16,17901.28
ABG,2026-01-19,18170.56
ABG,2026-01-20,18330.43
ABG,2026-01-21,17717.87
ABG,2026-01-22,17247.92
ABG,2026-01-23,17067.25
ABG,2026-01-26,17057.99
ABG,2026-01-27,17117.89
ABG,2026-01-28,16958.02
ABG,2026-01-29,17129.78
ABG,2026-01-30,17529.13
ABG,2026-02-02,16964.1
ABG,2026-02-03,17521.17
ABG,2026-02-04,17418.78
ABG,2026-02-05,17648.12
ABG,2026-02-06,17957.99
ABG,2026-02-09,18323.42
ABG,2026-02-10,18260.29
ABG,2026-02-11,18416.91
ABG,2026-02-12,18358.84
ABG,2026-02-13,18434.96
ABG,2026-02-16,18513.51
ABG,2026-02-17,18768.72
ABG,2026-02-18,18727.4
ABG,2026-02-19,19067.1
ABG,2026-02-20,19224.48
ABG,2026-02-23,19283.25
ABG,2026-02-24,19318.35
ABG,2026-02-25,19290.65
ABG,2026-02-26,19777.56
ABG,2026-02-27,19585.34
ABG,2026-03-02,19755.55
ABG,2026-03-03,19489.41
ABG,2026-03-04,19581.83
ABG,2026-03-05,19734.04
ABG,2026-03-06,19501.44
ABG,2026-03-09,19197.91
ABG,2026-03-10,19224.31
ABG,2026-03-11,19098.29
ABG,2026-03-12,18802.85
ABG,2026-03-13,18953.26
ABG,2026-03-16,18813.8
ABG,2026-03-17,18705.81
ABG,2026-03-18,19369.43
ABG,2026-03-19,19493.92
ABG,2026-03-20,19346.97
ABG,2026-03-23,19908.46
ABG,2026-03-24,19923.55
ABG,2026-03-25,19552.47
ABG,2026-03-26,19855.59
ABG,2026-03-27,20642.33
ABG,2026-03-30,20511.1
ABG,2026-03-31,19942.47
ABG,2026-04-01,19681.68
ABG,2026-04-02,19484.78
ABG,2026-04-03,19915.75
ABG,2026-04-06,19966.18
ABG,2026-04-07,20034.36
ABG,2026-04-08,20419.02
ABG,2026-04-09,20687.75
ABG,2026-04-10,20348.45
ABG,2026-04-13,20624.88
ABG,2026-04-14,21230.2
ABG,2026-04-15,20958.15
ABG,2026-04-16,20843.36
ABG,2026-04-17,21002.63
ABG,2026-04-20,20950.46
ABG,2026-04-21,20894.13
ABG,2026-04-22,21000.78
ABG,2026-04-23,20909.72
ABG,2026-04-24,20849.48
ABG,2026-04-27,20930.2
ABG,2026-04-28,21242.61
ABG,2026-04-29,21136.45
ABG,2026-04-30,20883.64
ABG,2026-05-01,21575.69
ABG,2026-05-04,21342.39
ABG,2026-05-05,21483.72
ABG,2026-05-06,22116.56
ABG,2026-05-07,21893.8
ABG,2026-05-08,22063.31
ABG,2026-05-11,21739.6
ABG,2026-05-12,21555.03
ABG,2026-05-13,21991.45
ABG,2026-05-14,22356.4
ABG,2026-05-15,22008.51
ABG,2026-05-18,22287.26
ABG,2026-05-19,21875.08
ABG,2026-05-20,21077.25
ABG,2026-05-21,21714.63
ABG,2026-05-22,21858.12
ABG,2026-05-25,22303.28
ABG,2026-05-26,22157.63
ABG,2026-05-27,21172.05
ABG,2026-05-28,21446.04
ABG,2026-05-29,21527.07
ABG,2026-06-01,20891.95
ABG,2026-06-02,21022.0
ABG,2026-06-03,21628.93
ABG,2026-06-04,21394.67
ABG,2026-06-05,21619.45
ABG,2026-06-08,21338.09
ABG,2026-06-09,21562.76
ABG,2026-06-10,21853.66
ABG,2026-06-11,21903.59
ABG,2026-06-12,21249.84
ABG,2026-06-15,21726.58
ABG,2026-06-16,22604.21
ABG,2026-06-17,22341.38
ABG,2026-06-18,22795.32
ABG,2026-06-19,22556.0
ABG,2026-06-22,21880.42
ABG,2026-06-23,21794.41
ABG,2026-06-24,22028.84
ABG,2026-06-25,22180.91
ABG,2026-06-26,22440.63
ABG,2026-06-29,22783.03
ABG,2026-06-30,22622.03
ABG,2026-07-01,22742.39
ABG,2026-07-02,22715.86
ABG,2026-07-03,23149.84
ABG,2026-07-06,22916.35
ABG,2026-07-07,22716.87
ABG,2026-07-08,22119.81
ABG,2026-07-09,22189.18
ABG,2026-07-10,21762.22
ABG,2026-07-13,21803.99
ABG,2026-07-14,21600.06
ABG,2026-07-15,22134.54
ABG,2026-07-16,21515.71
ABG,2026-07-17,22217.64
ABG,2026-07-20,21881.87
ABG,2026-07-21,21623.86
ABG,2026-07-22,21351.65
ABG,2026-07-23,21696.78
ABG,2026-07-24,21638.59
ABG,2026-07-27,21195.48
ABG,2026-07-28,21518.91
ABG,2026-07-29,21635.23
ABG,2026-07-30,21297.57
ABG,2026-07-31,21379.43
NED,2025-11-14,24486.19
NED,2025-11-17,24522.58
NED,2025-11-18,24739.59
NED,2025-11-19,25483.22
NED,2025-11-20,25315.19
NED,2025-11-21,25590.93
NED,2025-11-24,25592.59
NED,2025-11-25,25733.04
NED,2025-11-26,25625.27
NED,2025-11-27,25652.62
NED,2025-11-28,26116.92
NED,2025-12-01,26799.51
NED,2025-12-02,26706.95
NED,2025-12-03,26203.69
NED,2025-12-04,26171.94
NED,2025-12-05,26311.45
NED,2025-12-08,26164.7
NED,2025-12-09,26062.29
NED,2025-12-10,25949.04
NED,2025-12-11,25734.79
NED,2025-12-12,25885.49
NED,2025-12-15,26262.32
NED,2025-12-16,26331.76
NED,2025-12-17,26058.41
NED,2025-12-18,27237.41
NED,2025-12-19,26932.28
NED,2025-12-22,27055.34
NED,2025-12-23,27469.32
NED,2025-12-24,26993.72
NED,2025-12-25,26755.86
NED,2025-12-26,26803.22
NED,2025-12-29,27804.19
NED,2025-12-30,28242.52
NED,2025-12-31,27966.6
NED,2026-01-01,28443.1
NED,2026-01-02,29051.8
NED,2026-01-05,29275.12
NED,2026-01-06,29452.7
NED,2026-01-07,29186.15
NED,2026-01-08,28689.54
NED,2026-01-09,28975.24
NED,2026-01-12,28431.91
NED,2026-01-13,28176.13
NED,2026-01-14,28812.91
NED,2026-01-15,28457.8
NED,2026-01-16,27856.85
NED,2026-01-19,28164.01
NED,2026-01-20,27323.89
NED,2026-01-21,26758.16
NED,2026-01-22,26325.25
NED,2026-01-23,25802.59
NED,2026-01-26,26228.87
NED,2026-01-27,26938.48
NED,2026-01-28,26574.92
NED,2026-01-29,26646.79
NED,2026-01-30,26464.79
NED,2026-02-02,26175.98
NED,2026-02-03,26968.53
NED,2026-02-04,27598.5
NED,2026-02-05,28090.96
NED,2026-02-06,28030.51
NED,2026-02-09,28169.48
NED,2026-02-10,27962.25
NED,2026-02-11,27241.97
NED,2026-02-12,28007.76
NED,2026-02-13,27929.42
NED,2026-02-16,28060.77
NED,2026-02-17,28397.78
NED,2026-02-18,28332.32
NED,2026-02-19,28740.38
NED,2026-02-20,28954.91
NED,2026-02-23,29776.32
NED,2026-02-24,29271.33
NED,2026-02-25,29497.16
NED,2026-02-26,30719.61
NED,2026-02-27,30218.13
NED,2026-03-02,29983.96
NED,2026-03-03,29537.71
NED,2026-03-04,29131.85
NED,2026-03-05,29315.84
NED,2026-03-06,29617.61
NED,2026-03-09,29315.85
NED,2026-03-10,29907.07
NED,2026-03-11,29073.69
NED,2026-03-12,27922.63
NED,2026-03-13,28140.54
NED,2026-03-16,28452.45
NED,2026-03-17,28944.35
NED,2026-03-18,29538.46
NED,2026-03-19,29266.1
NED,2026-03-20,29560.22
NED,2026-03-23,29997.92
NED,2026-03-24,30331.34
NED,2026-03-25,29570.06
NED,2026-03-26,29648.62
NED,2026-03-27,29421.96
NED,2026-03-30,29478.05
NED,2026-03-31,29743.97
NED,2026-04-01,29526.23
NED,2026-04-02,29240.6
NED,2026-04-03,29189.78
NED,2026-04-06,28230.47
NED,2026-04-07,27641.5
NED,2026-04-08,27283.57
NED,2026-04-09,26788.91
NED,2026-04-10,26860.1
NED,2026-04-13,27606.45
NED,2026-04-14,27213.3
NED,2026-04-15,27681.66
NED,2026-04-16,27087.49
NED,2026-04-17,26950.8
NED,2026-04-20,27763.95
NED,2026-04-21,27649.03
NED,2026-04-22,27682.75
NED,2026-04-23,27661.72
NED,2026-04-24,27616.38
NED,2026-04-27,27328.66
NED,2026-04-28,27483.77
NED,2026-04-29,27617.0
NED,2026-04-30,27267.11
NED,2026-05-01,27907.05
NED,2026-05-04,27915.85
NED,2026-05-05,27431.15
NED,2026-05-06,27608.52
NED,2026-05-07,27267.8
NED,2026-05-08,27253.62
NED,2026-05-11,28196.37
NED,2026-05-12,28401.45
NED,2026-05-13,28475.49
NED,2026-05-14,28835.23
NED,2026-05-15,29342.07
NED,2026-05-18,29206.59
NED,2026-05-19,29655.3
NED,2026-05-20,29594.28
NED,2026-05-21,30662.53
NED,2026-05-22,30664.51
NED,2026-05-25,30810.05
NED,2026-05-26,31569.72
NED,2026-05-27,30563.9
NED,2026-05-28,30564.69
NED,2026-05-29,29990.68
NED,2026-06-01,29486.95
NED,2026-06-02,29407.11
NED,2026-06-03,30152.26
NED,2026-06-04,30013.41
NED,2026-06-05,30358.73
NED,2026-06-08,31491.82
NED,2026-06-09,32314.13
NED,2026-06-10,31924.79
NED,2026-06-11,31565.43
NED,2026-06-12,31535.38
NED,2026-06-15,31764.5
NED,2026-06-16,32547.04
NED,2026-06-17,32066.17
NED,2026-06-18,30858.35
NED,2026-06-19,30850.46
NED,2026-06-22,30830.69
NED,2026-06-23,30342.53
NED,2026-06-24,30853.07
NED,2026-06-25,30862.09
NED,2026-06-26,31272.0
NED,2026-06-29,31724.24
NED,2026-06-30,31189.73
NED,2026-07-01,31447.3
NED,2026-07-02,31534.47
NED,2026-07-03,32089.43
NED,2026-07-06,31662.7
NED,2026-07-07,31792.29
NED,2026-07-08,31586.65
NED,2026-07-09,32396.64
NED,2026-07-10,33332.21
NED,2026-07-13,33305.57
NED,2026-07-14,33046.4
NED,2026-07-15,33038.1
NED,2026-07-16,32458.07
NED,2026-07-17,31944.23
NED,2026-07-20,32516.2
NED,2026-07-21,32377.81
NED,2026-07-22,31597.0
NED,2026-07-23,31526.39
NED,2026-07-24,31700.9
NED,2026-07-27,30897.32
NED,2026-07-28,31990.45
NED,2026-07-29,31462.67
NED,2026-07-30,31790.89
NED,2026-07-31,31885.01
INL,2025-11-14,12852.27
INL,2025-11-17,13157.0
INL,2025-11-18,13408.87
INL,2025-11-19,13587.87
INL,2025-11-20,13538.03
INL,2025-11-21,13914.74
INL,2025-11-24,13393.04
INL,2025-11-25,13734.84
INL,2025-11-26,13707.64
INL,2025-11-27,13912.34
INL,2025-11-28,14388.76
INL,2025-12-01,14681.19
INL,2025-12-02,14706.86
INL,2025-12-03,14526.55
INL,2025-12-04,14934.37
INL,2025-12-05,14933.74
INL,2025-12-08,14461.68
INL,2025-12-09,14563.36
INL,2025-12-10,14260.04
INL,2025-12-11,14373.66
INL,2025-12-12,13950.94
INL,2025-12-15,13843.6
INL,2025-12-16,14028.04
INL,2025-12-17,13770.08
INL,2025-12-18,14245.57
INL,2025-12-19,14470.98
INL,2025-12-22,14791.62
INL,2025-12-23,14459.01
INL,2025-12-24,14543.95
INL,2025-12-25,14772.75
INL,2025-12-26,14715.76
INL,2025-12-29,14896.27
INL,2025-12-30,15389.42
INL,2025-12-31,15429.21
INL,2026-01-01,15727.16
INL,2026-01-02,15357.21
INL,2026-01-05,15313.97
INL,2026-01-06,15839.36
INL,2026-01-07,15897.49
INL,2026-01-08,16285.33
INL,2026-01-09,16389.07
INL,2026-01-12,16148.92
INL,2026-01-13,16194.99
INL,2026-01-14,16397.49
INL,2026-01-15,16219.46
INL,2026-01-16,16680.1
INL,2026-01-19,16992.94
INL,2026-01-20,17299.84
INL,2026-01-21,16813.74
INL,2026-01-22,17255.93
INL,2026-01-23,17339.85
INL,2026-01-26,17871.95
INL,2026-01-27,17857.22
INL,2026-01-28,17733.96
INL,2026-01-29,18163.27
INL,2026-01-30,17935.8
INL,2026-02-02,18039.79
INL,2026-02-03,18403.76
INL,2026-02-04,19204.63
INL,2026-02-05,19498.42
INL,2026-02-06,19681.31
INL,2026-02-09,20015.85
INL,2026-02-10,20040.16
INL,2026-02-11,20187.14
INL,2026-02-12,19483.04
INL,2026-02-13,19587.75
INL,2026-02-16,19867.97
INL,2026-02-17,19589.19
INL,2026-02-18,19510.87
INL,2026-02-19,19341.19
INL,2026-02-20,20051.48
INL,2026-02-23,19537.2
INL,2026-02-24,19802.81
INL,2026-02-25,19619.57
INL,2026-02-26,19172.58
INL,2026-02-27,19167.62
INL,2026-03-02,19361.36
INL,2026-03-03,19526.11
INL,2026-03-04,19843.65
INL,2026-03-05,19669.96
INL,2026-03-06,20040.74
INL,2026-03-09,19854.87
INL,2026-03-10,20039.81
INL,2026-03-11,20033.83
INL,2026-03-12,20130.52
INL,2026-03-13,20240.99
INL,2026-03-16,20636.36
INL,2026-03-17,20497.17
INL,2026-03-18,20638.68
INL,2026-03-19,20484.58
INL,2026-03-20,20225.43
INL,2026-03-23,20443.5
INL,2026-03-24,20193.56
INL,2026-03-25,19645.12
INL,2026-03-26,19508.28
INL,2026-03-27,19389.07
INL,2026-03-30,19625.22
INL,2026-03-31,19558.56
INL,2026-04-01,19125.87
INL,2026-04-02,18958.19
INL,2026-04-03,19164.66
INL,2026-04-06,19001.59
INL,2026-04-07,18364.43
INL,2026-04-08,18463.42
INL,2026-04-09,18874.24
INL,2026-04-10,18543.63
INL,2026-04-13,18520.66
INL,2026-04-14,18689.91
INL,2026-04-15,18116.63
INL,2026-04-16,18152.13
INL,2026-04-17,17706.86
INL,2026-04-20,18397.44
INL,2026-04-21,18532.44
INL,2026-04-22,18196.36
INL,2026-04-23,18009.64
INL,2026-04-24,18229.82
INL,2026-04-27,18486.85
INL,2026-04-28,18022.91
INL,2026-04-29,18006.53
INL,2026-04-30,18144.73
INL,2026-05-01,18722.77
INL,2026-05-04,18912.73
INL,2026-05-05,18504.16
INL,2026-05-06,18881.67
INL,2026-05-07,19091.38
INL,2026-05-08,18959.33
INL,2026-05-11,18723.35
INL,2026-05-12,18864.64
INL,2026-05-13,19320.3
INL,2026-05-14,20007.24
INL,2026-05-15,19620.98
INL,2026-05-18,19446.7
INL,2026-05-19,19624.88
INL,2026-05-20,20263.19
INL,2026-05-21,20815.8
INL,2026-05-22,21535.7
INL,2026-05-25,21866.88
INL,2026-05-26,21755.37
INL,2026-05-27,20867.33
INL,2026-05-28,21415.66
INL,2026-05-29,21147.0
INL,2026-06-01,20790.93
INL,2026-06-02,21610.42
INL,2026-06-03,22428.91
INL,2026-06-04,22495.42
INL,2026-06-05,22802.81
INL,2026-06-08,23209.98
INL,2026-06-09,23400.17
INL,2026-06-10,23836.88
INL,2026-06-11,24223.9
INL,2026-06-12,23962.79
INL,2026-06-15,24053.04
INL,2026-06-16,24690.71
INL,2026-06-17,24558.97
INL,2026-06-18,25285.16
INL,2026-06-19,25308.16
INL,2026-06-22,24577.21
INL,2026-06-23,24663.19
INL,2026-06-24,24628.89
INL,2026-06-25,24793.03
INL,2026-06-26,25301.65
INL,2026-06-29,25352.97
INL,2026-06-30,25285.05
INL,2026-07-01,25746.44
INL,2026-07-02,25677.32
INL,2026-07-03,26087.81
INL,2026-07-06,25862.43
INL,2026-07-07,26019.7
INL,2026-07-08,25827.04
INL,2026-07-09,26601.69
INL,2026-07-10,26153.16
INL,2026-07-13,25589.84
INL,2026-07-14,26328.75
INL,2026-07-15,26908.89
INL,2026-07-16,26953.44
INL,2026-07-17,27439.28
INL,2026-07-20,27985.25
INL,2026-07-21,27460.84
INL,2026-07-22,26698.26
INL,2026-07-23,25886.48
INL,2026-07-24,25719.7
INL,2026-07-27,26768.13
INL,2026-07-28,27144.99
INL,2026-07-29,26391.83
INL,2026-07-30,26212.43
INL,2026-07-31,25973.07
SOL,2025-11-14,11061.64
SOL,2025-11-17,11777.19
SOL,2025-11-18,11750.12
SOL,2025-11-19,11884.13
SOL,2025-11-20,12377.81
SOL,2025-11-21,12600.89
SOL,2025-11-24,12216.41
SOL,2025-11-25,12220.66
SOL,2025-11-26,12709.44
SOL,2025-11-27,12397.84
SOL,2025-11-28,12309.48
SOL,2025-12-01,12099.89
SOL,2025-12-02,11859.66
SOL,2025-12-03,11345.4
SOL,2025-12-04,11332.15
SOL,2025-12-05,11354.79
SOL,2025-12-08,11451.1
SOL,2025-12-09,11547.07
SOL,2025-12-10,11596.9
SOL,2025-12-11,11523.84
SOL,2025-12-12,11635.36
SOL,2025-12-15,11694.32
SOL,2025-12-16,12168.93
SOL,2025-12-17,11648.33
SOL,2025-12-18,11777.67
SOL,2025-12-19,11745.66
SOL,2025-12-22,11678.99
SOL,2025-12-23,11850.08
SOL,2025-12-24,11762.16
SOL,2025-12-25,11995.67
SOL,2025-12-26,12177.64
SOL,2025-12-29,11957.9
SOL,2025-12-30,11877.57
SOL,2025-12-31,11517.73
SOL,2026-01-01,11172.51
SOL,2026-01-02,11399.92
SOL,2026-01-05,11447.41
SOL,2026-01-06,11428.12
SOL,2026-01-07,11570.9
SOL,2026-01-08,11716.27
SOL,2026-01-09,11352.39
SOL,2026-01-12,11164.27
SOL,2026-01-13,11515.01
SOL,2026-01-14,11425.12
SOL,2026-01-15,11441.33
SOL,2026-01-16,11338.63
SOL,2026-01-19,11820.44
SOL,2026-01-20,11536.65
SOL,2026-01-21,11050.14
SOL,2026-01-22,10908.88
SOL,2026-01-23,10581.88
SOL,2026-01-26,10445.44
SOL,2026-01-27,10761.31
SOL,2026-01-28,10644.15
SOL,2026-01-29,10530.93
SOL,2026-01-30,10473.4
SOL,2026-02-02,10579.27
SOL,2026-02-03,10665.21
SOL,2026-02-04,10708.05
SOL,2026-02-05,10502.63
SOL,2026-02-06,10775.41
SOL,2026-02-09,10847.23
SOL,2026-02-10,10270.25
SOL,2026-02-11,10683.98
SOL,2026-02-12,10764.79
SOL,2026-02-13,10383.12
SOL,2026-02-16,10407.87
SOL,2026-02-17,10179.05
SOL,2026-02-18,10003.39
SOL,2026-02-19,10081.62
SOL,2026-02-20,10621.6
SOL,2026-02-23,10612.9
SOL,2026-02-24,10659.59
SOL,2026-02-25,10279.47
SOL,2026-02-26,10616.38
SOL,2026-02-27,10452.82
SOL,2026-03-02,10086.15
SOL,2026-03-03,9984.66
SOL,2026-03-04,10122.04
SOL,2026-03-05,10053.83
SOL,2026-03-06,10034.44
SOL,2026-03-09,10185.51
SOL,2026-03-10,9816.82
SOL,2026-03-11,9608.33
SOL,2026-03-12,9427.26
SOL,2026-03-13,9595.91
SOL,2026-03-16,9410.05
SOL,2026-03-17,9435.45
SOL,2026-03-18,9452.78
SOL,2026-03-19,9584.49
SOL,2026-03-20,9353.3
SOL,2026-03-23,9057.98
SOL,2026-03-24,9092.06
SOL,2026-03-25,9002.65
SOL,2026-03-26,9287.23
SOL,2026-03-27,9407.19
SOL,2026-03-30,9363.55
SOL,2026-03-31,9271.67
SOL,2026-04-01,9034.17
SOL,2026-04-02,9074.77
SOL,2026-04-03,9151.66
SOL,2026-04-06,8869.98
SOL,2026-04-07,8926.14
SOL,2026-04-08,9089.44
SOL,2026-04-09,8792.67
SOL,2026-04-10,8570.69
SOL,2026-04-13,9053.84
SOL,2026-04-14,8939.15
SOL,2026-04-15,9258.06
SOL,2026-04-16,9551.07
SOL,2026-04-17,9564.98
SOL,2026-04-20,9587.91
SOL,2026-04-21,10104.9
SOL,2026-04-22,10012.66
SOL,2026-04-23,10074.75
SOL,2026-04-24,9925.22
SOL,2026-04-27,9688.58
SOL,2026-04-28,9753.79
SOL,2026-04-29,9726.74
SOL,2026-04-30,9588.74
SOL,2026-05-01,9658.47
SOL,2026-05-04,9577.35
SOL,2026-05-05,9538.18
SOL,2026-05-06,9447.14
SOL,2026-05-07,9630.51
SOL,2026-05-08,9803.75
SOL,2026-05-11,9636.19
SOL,2026-05-12,10083.53
SOL,2026-05-13,9962.56
SOL,2026-05-14,10216.66
SOL,2026-05-15,10489.79
SOL,2026-05-18,10788.01
SOL,2026-05-19,10808.98
SOL,2026-05-20,10420.84
SOL,2026-05-21,10786.58
SOL,2026-05-22,10694.01
SOL,2026-05-25,10770.71
SOL,2026-05-26,11123.33
SOL,2026-05-27,11036.1
SOL,2026-05-28,11501.83
SOL,2026-05-29,11138.93
SOL,2026-06-01,10847.13
SOL,2026-06-02,10773.66
SOL,2026-06-03,10909.1
SOL,2026-06-04,10753.79
SOL,2026-06-05,10632.16
SOL,2026-06-08,10431.34
SOL,2026-06-09,10641.76
SOL,2026-06-10,10499.39
SOL,2026-06-11,10365.44
SOL,2026-06-12,10140.26
SOL,2026-06-15,10275.49
SOL,2026-06-16,10000.45
SOL,2026-06-17,10151.06
SOL,2026-06-18,9882.4
SOL,2026-06-19,9745.27
SOL,2026-06-22,9977.24
SOL,2026-06-23,9763.42
SOL,2026-06-24,9817.0
SOL,2026-06-25,9570.01
SOL,2026-06-26,9836.93
SOL,2026-06-29,9940.97
SOL,2026-06-30,9818.87
SOL,2026-07-01,10011.27
SOL,2026-07-02,10372.08
SOL,2026-07-03,10670.84
SOL,2026-07-06,10553.08
SOL,2026-07-07,10158.17
SOL,2026-07-08,9743.97
SOL,2026-07-09,9439.36
SOL,2026-07-10,9432.53
SOL,2026-07-13,9383.2
SOL,2026-07-14,9498.27
SOL,2026-07-15,9485.53
SOL,2026-07-16,9507.0
SOL,2026-07-17,9725.51
SOL,2026-07-20,10123.29
SOL,2026-07-21,10286.93
SOL,2026-07-22,10417.11
SOL,2026-07-23,10153.07
SOL,2026-07-24,10265.05
SOL,2026-07-27,10398.93
SOL,2026-07-28,10655.48
SOL,2026-07-29,10846.59
SOL,2026-07-30,10423.27
SOL,2026-07-31,10313.55
MTN,2025-11-14,9661.86
MTN,2025-11-17,9809.64
MTN,2025-11-18,9726.22
MTN,2025-11-19,10040.02
MTN,2025-11-20,9847.36
MTN,2025-11-21,10204.97
MTN,2025-11-24,10077.49
MTN,2025-11-25,9772.44
MTN,2025-11-26,9784.02
MTN,2025-11-27,9656.5
MTN,2025-11-28,9800.5
MTN,2025-12-01,9859.43
MTN,2025-12-02,9968.04
MTN,2025-12-03,9809.78
MTN,2025-12-04,10202.68
MTN,2025-12-05,10212.04
MTN,2025-12-08,9873.14
MTN,2025-12-09,9785.23
MTN,2025-12-10,9778.61
MTN,2025-12-11,9577.91
MTN,2025-12-12,9750.79
MTN,2025-12-15,9775.07
MTN,2025-12-16,9894.85
MTN,2025-12-17,9630.0
MTN,2025-12-18,9842.12
MTN,2025-12-19,10330.63
MTN,2025-12-22,10433.08
MTN,2025-12-23,10636.4
MTN,2025-12-24,10343.87
MTN,2025-12-25,10448.84
MTN,2025-12-26,10252.55
MTN,2025-12-29,10567.43
MTN,2025-12-30,10550.49
MTN,2025-12-31,10300.91
MTN,2026-01-01,10058.04
MTN,2026-01-02,10105.44
MTN,2026-01-05,10317.55
MTN,2026-01-06,10505.95
MTN,2026-01-07,11010.8
MTN,2026-01-08,11017.44
MTN,2026-01-09,11378.37
MTN,2026-01-12,11342.42
MTN,2026-01-13,11688.36
MTN,2026-01-14,11554.33
MTN,2026-01-15,11381.24
MTN,2026-01-16,10854.44
MTN,2026-01-19,10822.8
MTN,2026-01-20,10704.35
MTN,2026-01-21,10666.65
MTN,2026-01-22,10787.58
MTN,2026-01-23,10952.26
MTN,2026-01-26,10985.0
MTN,2026-01-27,10771.18
MTN,2026-01-28,10524.26
MTN,2026-01-29,10634.63
MTN,2026-01-30,10661.13
MTN,2026-02-02,10430.2
MTN,2026-02-03,10667.29
MTN,2026-02-04,10578.18
MTN,2026-02-05,10650.51
MTN,2026-02-06,10328.41
MTN,2026-02-09,10767.3
MTN,2026-02-10,10942.97
MTN,2026-02-11,10364.46
MTN,2026-02-12,10364.22
MTN,2026-02-13,10199.89
MTN,2026-02-16,10216.12
MTN,2026-02-17,10317.35
MTN,2026-02-18,10072.93
MTN,2026-02-19,10065.58
MTN,2026-02-20,9776.52
MTN,2026-02-23,9403.8
MTN,2026-02-24,9641.58
MTN,2026-02-25,9764.26
MTN,2026-02-26,9799.23
MTN,2026-02-27,9443.67
MTN,2026-03-02,9674.4
MTN,2026-03-03,9691.73
MTN,2026-03-04,9713.48
MTN,2026-03-05,10060.56
MTN,2026-03-06,10131.55
MTN,2026-03-09,10396.26
MTN,2026-03-10,10608.07
MTN,2026-03-11,10571.94
MTN,2026-03-12,10455.79
MTN,2026-03-13,10899.94
MTN,2026-03-16,10413.71
MTN,2026-03-17,10352.18
MTN,2026-03-18,10309.38
MTN,2026-03-19,10198.45
MTN,2026-03-20,10165.47
MTN,2026-03-23,10436.98
MTN,2026-03-24,10629.74
MTN,2026-03-25,10670.74
MTN,2026-03-26,11207.17
MTN,2026-03-27,11341.14
MTN,2026-03-30,10778.13
MTN,2026-03-31,11110.95
MTN,2026-04-01,10956.51
MTN,2026-04-02,10851.98
MTN,2026-04-03,10630.6
MTN,2026-04-06,10606.7
MTN,2026-04-07,10225.65
MTN,2026-04-08,9984.46
MTN,2026-04-09,10001.52
MTN,2026-04-10,9875.31
MTN,2026-04-13,9554.56
MTN,2026-04-14,9727.39
MTN,2026-04-15,9674.34
MTN,2026-04-16,9443.62
MTN,2026-04-17,9141.07
MTN,2026-04-20,9409.65
MTN,2026-04-21,9496.16
MTN,2026-04-22,9567.87
MTN,2026-04-23,9688.72
MTN,2026-04-24,9996.07
MTN,2026-04-27,10153.76
MTN,2026-04-28,10066.33
MTN,2026-04-29,10066.75
MTN,2026-04-30,10270.98
MTN,2026-05-01,10278.53
MTN,2026-05-04,10676.31
MTN,2026-05-05,10387.95
MTN,2026-05-06,10826.72
MTN,2026-05-07,10777.48
MTN,2026-05-08,10675.07
MTN,2026-05-11,10609.23
MTN,2026-05-12,10437.7
MTN,2026-05-13,10529.12
MTN,2026-05-14,10255.8
MTN,2026-05-15,10296.29
MTN,2026-05-18,10550.18
MTN,2026-05-19,10507.42
MTN,2026-05-20,10542.02
MTN,2026-05-21,10790.59
MTN,2026-05-22,11264.77
MTN,2026-05-25,11444.94
MTN,2026-05-26,11110.32
MTN,2026-05-27,11198.12
MTN,2026-05-28,11124.8
MTN,2026-05-29,11221.54
MTN,2026-06-01,11205.19
MTN,2026-06-02,11318.18
MTN,2026-06-03,11484.67
MTN,2026-06-04,11278.34
MTN,2026-06-05,11543.68
MTN,2026-06-08,11819.74
MTN,2026-06-09,11639.57
MTN,2026-06-10,11714.64
MTN,2026-06-11,11767.23
MTN,2026-06-12,11591.1
MTN,2026-06-15,11875.01
MTN,2026-06-16,12190.24
MTN,2026-06-17,12074.23
MTN,2026-06-18,12425.85
MTN,2026-06-19,12402.24
MTN,2026-06-22,12457.79
MTN,2026-06-23,12644.37
MTN,2026-06-24,12345.42
MTN,2026-06-25,12348.09
MTN,2026-06-26,12427.65
MTN,2026-06-29,12541.99
MTN,2026-06-30,12562.06
MTN,2026-07-01,12680.63
MTN,2026-07-02,12690.48
MTN,2026-07-03,12739.61
MTN,2026-07-06,12829.1
MTN,2026-07-07,12975.65
MTN,2026-07-08,12915.36
MTN,2026-07-09,13435.93
MTN,2026-07-10,13430.5
MTN,2026-07-13,13548.66
MTN,2026-07-14,13498.37
MTN,2026-07-15,13418.43
MTN,2026-07-16,13670.88
MTN,2026-07-17,13895.6
MTN,2026-07-20,13649.25
MTN,2026-07-21,13827.81
MTN,2026-07-22,13667.06
MTN,2026-07-23,14504.79
MTN,2026-07-24,14650.8
MTN,2026-07-27,14209.94
MTN,2026-07-28,14648.08
MTN,2026-07-29,14520.71
MTN,2026-07-30,14797.95
MTN,2026-07-31,14566.93
VOD,2025-11-14,10525.7
VOD,2025-11-17,10785.15
VOD,2025-11-18,10692.19
VOD,2025-11-19,11289.28
VOD,2025-11-20,10952.08
VOD,2025-11-21,11130.23
VOD,2025-11-24,11133.39
VOD,2025-11-25,11178.32
VOD,2025-11-26,11020.37
VOD,2025-11-27,11007.52
VOD,2025-11-28,11239.62
VOD,2025-12-01,11263.78
VOD,2025-12-02,11214.44
VOD,2025-12-03,11025.28
VOD,2025-12-04,11251.26
VOD,2025-12-05,11225.5
VOD,2025-12-08,11014.57
VOD,2025-12-09,10820.6
VOD,2025-12-10,10744.76
VOD,2025-12-11,10655.17
VOD,2025-12-12,10647.75
VOD,2025-12-15,10972.53
VOD,2025-12-16,11239.93
VOD,2025-12-17,11213.56
VOD,2025-12-18,11282.03
VOD,2025-12-19,11255.79
VOD,2025-12-22,11466.71
VOD,2025-12-23,11327.42
VOD,2025-12-24,11272.74
VOD,2025-12-25,11337.33
VOD,2025-12-26,11314.4
VOD,2025-12-29,11592.01
VOD,2025-12-30,11327.5
VOD,2025-12-31,11308.77
VOD,2026-01-01,11442.33
VOD,2026-01-02,11090.55
VOD,2026-01-05,11496.99
VOD,2026-01-06,11510.11
VOD,2026-01-07,11574.2
VOD,2026-01-08,11885.06
VOD,2026-01-09,11860.56
VOD,2026-01-12,11792.63
VOD,2026-01-13,11605.7
VOD,2026-01-14,11697.71
VOD,2026-01-15,11640.74
VOD,2026-01-16,11218.29
VOD,2026-01-19,11434.04
VOD,2026-01-20,11366.52
VOD,2026-01-21,11044.45
VOD,2026-01-22,11105.21
VOD,2026-01-23,11097.66
VOD,2026-01-26,10755.75
VOD,2026-01-27,11000.69
VOD,2026-01-28,10972.87
VOD,2026-01-29,11220.78
VOD,2026-01-30,11142.56
VOD,2026-02-02,11191.82
VOD,2026-02-03,11146.77
VOD,2026-02-04,11299.97
VOD,2026-02-05,11318.78
VOD,2026-02-06,11411.58
VOD,2026-02-09,11598.38
VOD,2026-02-10,11766.19
VOD,2026-02-11,11694.2
VOD,2026-02-12,11842.67
VOD,2026-02-13,11824.07
VOD,2026-02-16,11963.1
VOD,2026-02-17,11938.39
VOD,2026-02-18,11959.44
VOD,2026-02-19,11926.86
VOD,2026-02-20,11772.68
VOD,2026-02-23,11659.2
VOD,2026-02-24,11913.53
VOD,2026-02-25,12000.11
VOD,2026-02-26,12204.35
VOD,2026-02-27,12032.84
VOD,2026-03-02,11453.15
VOD,2026-03-03,11480.72
VOD,2026-03-04,11635.98
VOD,2026-03-05,11868.85
VOD,2026-03-06,11622.65
VOD,2026-03-09,11480.27
VOD,2026-03-10,11803.68
VOD,2026-03-11,11490.21
VOD,2026-03-12,11336.93
VOD,2026-03-13,11459.36
VOD,2026-03-16,11718.02
VOD,2026-03-17,11848.77
VOD,2026-03-18,12104.46
VOD,2026-03-19,12113.34
VOD,2026-03-20,12000.63
VOD,2026-03-23,12038.18
VOD,2026-03-24,12027.28
VOD,2026-03-25,11780.77
VOD,2026-03-26,11691.92
VOD,2026-03-27,11540.87
VOD,2026-03-30,11458.24
VOD,2026-03-31,11207.94
VOD,2026-04-01,11424.33
VOD,2026-04-02,11415.0
VOD,2026-04-03,11386.04
VOD,2026-04-06,11238.84
VOD,2026-04-07,11163.25
VOD,2026-04-08,11235.31
VOD,2026-04-09,11456.43
VOD,2026-04-10,11476.77
VOD,2026-04-13,11489.14
VOD,2026-04-14,11328.58
VOD,2026-04-15,11339.55
VOD,2026-04-16,11008.55
VOD,2026-04-17,10958.64
VOD,2026-04-20,11145.33
VOD,2026-04-21,11387.28
VOD,2026-04-22,11289.43
VOD,2026-04-23,11220.45
VOD,2026-04-24,11404.15
VOD,2026-04-27,11356.43
VOD,2026-04-28,11546.94
VOD,2026-04-29,11405.61
VOD,2026-04-30,11387.0
VOD,2026-05-01,11307.71
VOD,2026-05-04,11541.48
VOD,2026-05-05,11736.26
VOD,2026-05-06,11652.69
VOD,2026-05-07,11617.06
VOD,2026-05-08,11670.18
VOD,2026-05-11,11322.44
VOD,2026-05-12,11371.77
VOD,2026-05-13,11309.79
VOD,2026-05-14,11407.99
VOD,2026-05-15,11325.55
VOD,2026-05-18,11229.28
VOD,2026-05-19,11287.21
VOD,2026-05-20,11115.2
VOD,2026-05-21,11130.14
VOD,2026-05-22,11081.08
VOD,2026-05-25,11276.26
VOD,2026-05-26,11428.94
VOD,2026-05-27,11290.41
VOD,2026-05-28,11572.35
VOD,2026-05-29,11083.93
VOD,2026-06-01,11007.08
VOD,2026-06-02,10907.93
VOD,2026-06-03,11281.71
VOD,2026-06-04,11328.6
VOD,2026-06-05,11370.89
VOD,2026-06-08,11340.85
VOD,2026-06-09,11344.85
VOD,2026-06-10,11328.1
VOD,2026-06-11,11312.1
VOD,2026-06-12,11280.32
VOD,2026-06-15,11190.33
VOD,2026-06-16,10970.73
VOD,2026-06-17,10901.77
VOD,2026-06-18,10667.05
VOD,2026-06-19,10824.38
VOD,2026-06-22,10403.4
VOD,2026-06-23,10072.12
VOD,2026-06-24,9975.2
VOD,2026-06-25,10075.87
VOD,2026-06-26,9875.94
VOD,2026-06-29,9959.78
VOD,2026-06-30,10044.92
VOD,2026-07-01,10162.48
VOD,2026-07-02,10160.96
VOD,2026-07-03,10278.1
VOD,2026-07-06,10397.45
VOD,2026-07-07,10403.56
VOD,2026-07-08,10561.74
VOD,2026-07-09,10883.37
VOD,2026-07-10,11013.45
VOD,2026-07-13,10821.54
VOD,2026-07-14,10939.21
VOD,2026-07-15,10625.0
VOD,2026-07-16,10544.26
VOD,2026-07-17,10620.08
VOD,2026-07-20,10476.64
VOD,2026-07-21,10076.27
VOD,2026-07-22,10020.85
VOD,2026-07-23,9763.12
VOD,2026-07-24,9974.1
VOD,2026-07-27,9795.54
VOD,2026-07-28,10004.14
VOD,2026-07-29,9992.71
VOD,2026-07-30,9939.75
VOD,2026-07-31,9969.52
SHP,2025-11-14,26883.73
SHP,2025-11-17,27641.56
SHP,2025-11-18,28010.64
SHP,2025-11-19,28353.61
SHP,2025-11-20,27473.85
SHP,2025-11-21,27869.23
SHP,2025-11-24,27437.25
SHP,2025-11-25,28153.36
SHP,2025-11-26,28213.48
SHP,2025-11-27,28321.88
SHP,2025-11-28,29169.54
SHP,2025-12-01,29522.47
SHP,2025-12-02,29032.55
SHP,2025-12-03,28369.77
SHP,2025-12-04,29038.72
SHP,2025-12-05,29428.45
SHP,2025-12-08,29178.86
SHP,2025-12-09,28594.18
SHP,2025-12-10,28159.18
SHP,2025-12-11,27754.98
SHP,2025-12-12,28122.28
SHP,2025-12-15,27988.01
SHP,2025-12-16,28466.24
SHP,2025-12-17,27941.08
SHP,2025-12-18,28849.54
SHP,2025-12-19,29076.08
SHP,2025-12-22,29175.89
SHP,2025-12-23,29571.86
SHP,2025-12-24,29490.15
SHP,2025-12-25,29593.66
SHP,2025-12-26,29110.19
SHP,2025-12-29,29096.91
SHP,2025-12-30,29162.78
SHP,2025-12-31,28589.12
SHP,2026-01-01,28524.23
SHP,2026-01-02,28087.13
SHP,2026-01-05,28127.81
SHP,2026-01-06,28543.77
SHP,2026-01-07,28966.43
SHP,2026-01-08,29591.57
SHP,2026-01-09,29343.65
SHP,2026-01-12,29092.8
SHP,2026-01-13,28965.34
SHP,2026-01-14,29278.57
SHP,2026-01-15,29525.52
SHP,2026-01-16,29656.86
SHP,2026-01-19,30325.75
SHP,2026-01-20,30104.64
SHP,2026-01-21,29661.4
SHP,2026-01-22,29969.16
SHP,2026-01-23,29113.78
SHP,2026-01-26,29330.31
SHP,2026-01-27,29192.51
SHP,2026-01-28,28219.05
SHP,2026-01-29,27922.77
SHP,2026-01-30,27600.12
SHP,2026-02-02,26939.56
SHP,2026-02-03,26869.15
SHP,2026-02-04,27666.35
SHP,2026-02-05,27495.41
SHP,2026-02-06,28224.97
SHP,2026-02-09,28531.47
SHP,2026-02-10,28731.52
SHP,2026-02-11,28011.63
SHP,2026-02-12,27899.62
SHP,2026-02-13,28186.89
SHP,2026-02-16,29045.35
SHP,2026-02-17,28956.4
SHP,2026-02-18,28735.89
SHP,2026-02-19,29722.48
SHP,2026-02-20,29552.18
SHP,2026-02-23,30183.65
SHP,2026-02-24,31110.0
SHP,2026-02-25,30814.29
SHP,2026-02-26,31132.75
SHP,2026-02-27,30729.25
SHP,2026-03-02,29881.26
SHP,2026-03-03,29264.97
SHP,2026-03-04,29492.85
SHP,2026-03-05,29751.48
SHP,2026-03-06,29510.68
SHP,2026-03-09,29089.53
SHP,2026-03-10,29122.82
SHP,2026-03-11,28195.68
SHP,2026-03-12,27603.38
SHP,2026-03-13,27826.71
SHP,2026-03-16,27188.43
SHP,2026-03-17,26921.99
SHP,2026-03-18,26659.35
SHP,2026-03-19,26627.01
SHP,2026-03-20,26327.73
SHP,2026-03-23,26774.44
SHP,2026-03-24,26497.87
SHP,2026-03-25,25951.78
SHP,2026-03-26,26280.63
SHP,2026-03-27,25812.19
SHP,2026-03-30,25233.56
SHP,2026-03-31,25109.74
SHP,2026-04-01,24669.42
SHP,2026-04-02,24415.0
SHP,2026-04-03,24348.0
SHP,2026-04-06,24012.77
SHP,2026-04-07,23423.25
SHP,2026-04-08,23999.15
SHP,2026-04-09,23896.93
SHP,2026-04-10,23748.85
SHP,2026-04-13,23857.3
SHP,2026-04-14,23685.47
SHP,2026-04-15,23916.57
SHP,2026-04-16,24534.18
SHP,2026-04-17,24523.82
SHP,2026-04-20,25072.85
SHP,2026-04-21,25215.02
SHP,2026-04-22,24881.42
SHP,2026-04-23,25220.13
SHP,2026-04-24,24945.69
SHP,2026-04-27,25369.09
SHP,2026-04-28,25313.34
SHP,2026-04-29,25094.72
SHP,2026-04-30,25655.83
SHP,2026-05-01,25720.8
SHP,2026-05-04,26094.99
SHP,2026-05-05,25781.18
SHP,2026-05-06,25698.65
SHP,2026-05-07,25825.17
SHP,2026-05-08,25697.58
SHP,2026-05-11,25284.46
SHP,2026-05-12,25483.49
SHP,2026-05-13,25427.85
SHP,2026-05-14,25110.73
SHP,2026-05-15,25281.19
SHP,2026-05-18,25441.03
SHP,2026-05-19,24963.52
SHP,2026-05-20,24581.8
SHP,2026-05-21,24718.26
SHP,2026-05-22,25250.91
SHP,2026-05-25,24988.52
SHP,2026-05-26,25134.58
SHP,2026-05-27,24421.48
SHP,2026-05-28,24852.75
SHP,2026-05-29,24222.12
SHP,2026-06-01,24130.09
SHP,2026-06-02,23938.54
SHP,2026-06-03,24673.57
SHP,2026-06-04,24314.87
SHP,2026-06-05,24658.32
SHP,2026-06-08,25002.87
SHP,2026-06-09,25529.45
SHP,2026-06-10,25992.89
SHP,2026-06-11,25862.38
SHP,2026-06-12,26187.98
SHP,2026-06-15,26064.09
SHP,2026-06-16,25776.74
SHP,2026-06-17,25777.84
SHP,2026-06-18,26212.61
SHP,2026-06-19,26420.01
SHP,2026-06-22,26237.56
SHP,2026-06-23,25461.51
SHP,2026-06-24,25231.12
SHP,2026-06-25,25541.37
SHP,2026-06-26,25053.08
SHP,2026-06-29,25329.24
SHP,2026-06-30,25810.7
SHP,2026-07-01,26102.51
SHP,2026-07-02,26386.53
SHP,2026-07-03,27096.43
SHP,2026-07-06,26801.21
SHP,2026-07-07,27109.67
SHP,2026-07-08,27260.45
SHP,2026-07-09,27344.64
SHP,2026-07-10,27466.93
SHP,2026-07-13,27615.0
SHP,2026-07-14,27866.41
SHP,2026-07-15,27708.02
SHP,2026-07-16,28234.04
SHP,2026-07-17,28411.62
SHP,2026-07-20,28151.11
SHP,2026-07-21,27796.9
SHP,2026-07-22,27113.59
SHP,2026-07-23,26906.34
SHP,2026-07-24,27771.31
SHP,2026-07-27,28265.02
SHP,2026-07-28,28495.83
SHP,2026-07-29,27638.59
SHP,2026-07-30,27424.54
SHP,2026-07-31,28051.24
WHL,2025-11-14,6086.99
WHL,2025-11-17,6228.1
WHL,2025-11-18,6292.3
WHL,2025-11-19,6529.5
WHL,2025-11-20,6303.19
WHL,2025-11-21,6426.05
WHL,2025-11-24,6302.87
WHL,2025-11-25,6321.01
WHL,2025-11-26,6211.85
WHL,2025-11-27,6183.32
WHL,2025-11-28,6373.2
WHL,2025-12-01,6295.14
WHL,2025-12-02,6367.83
WHL,2025-12-03,6452.85
WHL,2025-12-04,6616.63
WHL,2025-12-05,6656.97
WHL,2025-12-08,6529.3
WHL,2025-12-09,6503.75
WHL,2025-12-10,6366.17
WHL,2025-12-11,6310.13
WHL,2025-12-12,6327.25
WHL,2025-12-15,6235.53
WHL,2025-12-16,6419.42
WHL,2025-12-17,6403.09
WHL,2025-12-18,6453.63
WHL,2025-12-19,6582.3
WHL,2025-12-22,6528.75
WHL,2025-12-23,6418.49
WHL,2025-12-24,6384.9
WHL,2025-12-25,6484.21
WHL,2025-12-26,6487.51
WHL,2025-12-29,6659.05
WHL,2025-12-30,6726.04
WHL,2025-12-31,6713.31
WHL,2026-01-01,6707.54
WHL,2026-01-02,6728.06
WHL,2026-01-05,6561.64
WHL,2026-01-06,6724.41
WHL,2026-01-07,6652.48
WHL,2026-01-08,6862.35
WHL,2026-01-09,6825.17
WHL,2026-01-12,6767.56
WHL,2026-01-13,6609.73
WHL,2026-01-14,6585.3
WHL,2026-01-15,6552.83
WHL,2026-01-16,6460.49
WHL,2026-01-19,6561.63
WHL,2026-01-20,6629.44
WHL,2026-01-21,6512.72
WHL,2026-01-22,6556.56
WHL,2026-01-23,6409.24
WHL,2026-01-26,6307.17
WHL,2026-01-27,6401.94
WHL,2026-01-28,6246.31
WHL,2026-01-29,6212.41
WHL,2026-01-30,6315.39
WHL,2026-02-02,6263.0
WHL,2026-02-03,6130.49
WHL,2026-02-04,6172.06
WHL,2026-02-05,6141.23
WHL,2026-02-06,6185.14
WHL,2026-02-09,6510.73
WHL,2026-02-10,6486.5
WHL,2026-02-11,6571.19
WHL,2026-02-12,6519.19
WHL,2026-02-13,6573.51
WHL,2026-02-16,6707.94
WHL,2026-02-17,6744.12
WHL,2026-02-18,6695.64
WHL,2026-02-19,6816.74
WHL,2026-02-20,6794.91
WHL,2026-02-23,6960.5
WHL,2026-02-24,7179.66
WHL,2026-02-25,7197.37
WHL,2026-02-26,7443.24
WHL,2026-02-27,7343.45
WHL,2026-03-02,7470.58
WHL,2026-03-03,7418.96
WHL,2026-03-04,7644.45
WHL,2026-03-05,7603.17
WHL,2026-03-06,7790.74
WHL,2026-03-09,7796.77
WHL,2026-03-10,7993.05
WHL,2026-03-11,7854.04
WHL,2026-03-12,7658.47
WHL,2026-03-13,7826.76
WHL,2026-03-16,7758.79
WHL,2026-03-17,7761.45
WHL,2026-03-18,7708.41
WHL,2026-03-19,7880.69
WHL,2026-03-20,7990.95
WHL,2026-03-23,7972.52
WHL,2026-03-24,8227.98
WHL,2026-03-25,8327.47
WHL,2026-03-26,8369.32
WHL,2026-03-27,8235.43
WHL,2026-03-30,7935.05
WHL,2026-03-31,8001.17
WHL,2026-04-01,7833.24
WHL,2026-04-02,7783.8
WHL,2026-04-03,7690.07
WHL,2026-04-06,7445.48
WHL,2026-04-07,7277.77
WHL,2026-04-08,7248.65
WHL,2026-04-09,7417.55
WHL,2026-04-10,7619.29
WHL,2026-04-13,7731.74
WHL,2026-04-14,7891.57
WHL,2026-04-15,8067.01
WHL,2026-04-16,8006.23
WHL,2026-04-17,7859.92
WHL,2026-04-20,7904.23
WHL,2026-04-21,7757.32
WHL,2026-04-22,7689.15
WHL,2026-04-23,7750.5
WHL,2026-04-24,7788.51
WHL,2026-04-27,7730.29
WHL,2026-04-28,7550.26
WHL,2026-04-29,7467.36
WHL,2026-04-30,7213.72
WHL,2026-05-01,7245.27
WHL,2026-05-04,7410.46
WHL,2026-05-05,7156.21
WHL,2026-05-06,7311.17
WHL,2026-05-07,7355.55
WHL,2026-05-08,7232.13
WHL,2026-05-11,7298.02
WHL,2026-05-12,7250.48
WHL,2026-05-13,7495.28
WHL,2026-05-14,7394.66
WHL,2026-05-15,7493.69
WHL,2026-05-18,7752.17
WHL,2026-05-19,7514.07
WHL,2026-05-20,7521.68
WHL,2026-05-21,7680.38
WHL,2026-05-22,7512.87
WHL,2026-05-25,7578.23
WHL,2026-05-26,7477.42
WHL,2026-05-27,7230.53
WHL,2026-05-28,7254.39
WHL,2026-05-29,7081.01
WHL,2026-06-01,7096.43
WHL,2026-06-02,7100.84
WHL,2026-06-03,7421.69
WHL,2026-06-04,7476.26
WHL,2026-06-05,7552.11
WHL,2026-06-08,7632.6
WHL,2026-06-09,7717.43
WHL,2026-06-10,7753.07
WHL,2026-06-11,7753.12
WHL,2026-06-12,7719.47
WHL,2026-06-15,7778.92
WHL,2026-06-16,7917.03
WHL,2026-06-17,7714.3
WHL,2026-06-18,7845.2
WHL,2026-06-19,7780.24
WHL,2026-06-22,7766.36
WHL,2026-06-23,7781.71
WHL,2026-06-24,7886.27
WHL,2026-06-25,7873.97
WHL,2026-06-26,7799.59
WHL,2026-06-29,7598.57
WHL,2026-06-30,7609.8
WHL,2026-07-01,7609.48
WHL,2026-07-02,7675.37
WHL,2026-07-03,7646.03
WHL,2026-07-06,7558.29
WHL,2026-07-07,7706.22
WHL,2026-07-08,7820.18
WHL,2026-07-09,7968.09
WHL,2026-07-10,7807.59
WHL,2026-07-13,7819.92
WHL,2026-07-14,8091.33
WHL,2026-07-15,8327.25
WHL,2026-07-16,8183.91
WHL,2026-07-17,8426.07
WHL,2026-07-20,8544.53
WHL,2026-07-21,8440.45
WHL,2026-07-22,8258.56
WHL,2026-07-23,8186.24
WHL,2026-07-24,8444.59
WHL,2026-07-27,8648.44
WHL,2026-07-28,8569.82
WHL,2026-07-29,8548.25
WHL,2026-07-30,8351.42
WHL,2026-07-31,8156.52
MRP,2025-11-14,21399.8
MRP,2025-11-17,21633.45
MRP,2025-11-18,21521.73
MRP,2025-11-19,21851.73
MRP,2025-11-20,22207.29
MRP,2025-11-21,22622.71
MRP,2025-11-24,21247.76
MRP,2025-11-25,21727.48
MRP,2025-11-26,21460.16
MRP,2025-11-27,21552.84
MRP,2025-11-28,22325.87
MRP,2025-12-01,22615.91
MRP,2025-12-02,22720.67
MRP,2025-12-03,21299.5
MRP,2025-12-04,21422.91
MRP,2025-12-05,21440.45
MRP,2025-12-08,21209.75
MRP,2025-12-09,21096.76
MRP,2025-12-10,20587.06
MRP,2025-12-11,20863.09
MRP,2025-12-12,21116.73
MRP,2025-12-15,21119.61
MRP,2025-12-16,20824.78
MRP,2025-12-17,20588.73
MRP,2025-12-18,20860.89
MRP,2025-12-19,20848.11
MRP,2025-12-22,20987.95
MRP,2025-12-23,20557.83
MRP,2025-12-24,20745.4
MRP,2025-12-25,20787.22
MRP,2025-12-26,20924.74
MRP,2025-12-29,21325.18
MRP,2025-12-30,21693.43
MRP,2025-12-31,22204.62
MRP,2026-01-01,21647.48
MRP,2026-01-02,21640.15
MRP,2026-01-05,21597.04
MRP,2026-01-06,21037.64
MRP,2026-01-07,21014.29
MRP,2026-01-08,20832.32
MRP,2026-01-09,20792.31
MRP,2026-01-12,20847.48
MRP,2026-01-13,20006.69
MRP,2026-01-14,19879.21
MRP,2026-01-15,19550.92
MRP,2026-01-16,19000.72
MRP,2026-01-19,19389.87
MRP,2026-01-20,19040.86
MRP,2026-01-21,19068.78
MRP,2026-01-22,18824.91
MRP,2026-01-23,18417.69
MRP,2026-01-26,18732.88
MRP,2026-01-27,18408.98
MRP,2026-01-28,18266.38
MRP,2026-01-29,18444.36
MRP,2026-01-30,18768.86
MRP,2026-02-02,18534.69
MRP,2026-02-03,18531.08
MRP,2026-02-04,18854.09
MRP,2026-02-05,19079.0
MRP,2026-02-06,19554.93
MRP,2026-02-09,19781.91
MRP,2026-02-10,19765.05
MRP,2026-02-11,19020.03
MRP,2026-02-12,18637.05
MRP,2026-02-13,18335.72
MRP,2026-02-16,18771.66
MRP,2026-02-17,19181.78
MRP,2026-02-18,19121.4
MRP,2026-02-19,19281.81
MRP,2026-02-20,19450.58
MRP,2026-02-23,19536.49
MRP,2026-02-24,19752.15
MRP,2026-02-25,19542.97
MRP,2026-02-26,19880.23
MRP,2026-02-27,19467.03
MRP,2026-03-02,19438.38
MRP,2026-03-03,19708.75
MRP,2026-03-04,19851.7
MRP,2026-03-05,20225.69
MRP,2026-03-06,20576.66
MRP,2026-03-09,20259.85
MRP,2026-03-10,20295.86
MRP,2026-03-11,19916.69
MRP,2026-03-12,19567.04
MRP,2026-03-13,18974.62
MRP,2026-03-16,19325.12
MRP,2026-03-17,19275.88
MRP,2026-03-18,19895.27
MRP,2026-03-19,20086.05
MRP,2026-03-20,19866.16
MRP,2026-03-23,20143.37
MRP,2026-03-24,20643.02
MRP,2026-03-25,20439.69
MRP,2026-03-26,20478.87
MRP,2026-03-27,21166.3
MRP,2026-03-30,20449.04
MRP,2026-03-31,20658.89
MRP,2026-04-01,20305.14
MRP,2026-04-02,20269.29
MRP,2026-04-03,20135.59
MRP,2026-04-06,19423.48
MRP,2026-04-07,18791.26
MRP,2026-04-08,19055.08
MRP,2026-04-09,19579.89
MRP,2026-04-10,19320.23
MRP,2026-04-13,19525.79
MRP,2026-04-14,19804.38
MRP,2026-04-15,19614.86
MRP,2026-04-16,19758.28
MRP,2026-04-17,19139.88
MRP,2026-04-20,18983.15
MRP,2026-04-21,19046.42
MRP,2026-04-22,19189.45
MRP,2026-04-23,19261.99
MRP,2026-04-24,19754.21
MRP,2026-04-27,20133.99
MRP,2026-04-28,19516.95
MRP,2026-04-29,19236.74
MRP,2026-04-30,19459.82
MRP,2026-05-01,19528.35
MRP,2026-05-04,18985.21
MRP,2026-05-05,18711.25
MRP,2026-05-06,19279.84
MRP,2026-05-07,19044.62
MRP,2026-05-08,19378.77
MRP,2026-05-11,18866.66
MRP,2026-05-12,19337.15
MRP,2026-05-13,19818.86
MRP,2026-05-14,20218.75
MRP,2026-05-15,20371.92
MRP,2026-05-18,20612.35
MRP,2026-05-19,20190.87
MRP,2026-05-20,20348.05
MRP,2026-05-21,20319.76
MRP,2026-05-22,20278.29
MRP,2026-05-25,20263.01
MRP,2026-05-26,20517.09
MRP,2026-05-27,20530.33
MRP,2026-05-28,20597.32
MRP,2026-05-29,20847.91
MRP,2026-06-01,20559.7
MRP,2026-06-02,20822.66
MRP,2026-06-03,21114.0
MRP,2026-06-04,21222.7
MRP,2026-06-05,21368.56
MRP,2026-06-08,21385.66
MRP,2026-06-09,21285.03
MRP,2026-06-10,21283.07
MRP,2026-06-11,21588.02
MRP,2026-06-12,21500.05
MRP,2026-06-15,21673.07
MRP,2026-06-16,21306.53
MRP,2026-06-17,21637.32
MRP,2026-06-18,21439.05
MRP,2026-06-19,20976.66
MRP,2026-06-22,20930.04
MRP,2026-06-23,20358.54
MRP,2026-06-24,20286.33
MRP,2026-06-25,20418.5
MRP,2026-06-26,20117.34
MRP,2026-06-29,20508.69
MRP,2026-06-30,20142.74
MRP,2026-07-01,20222.1
MRP,2026-07-02,20057.19
MRP,2026-07-03,20241.86
MRP,2026-07-06,19786.41
MRP,2026-07-07,19768.3
MRP,2026-07-08,19709.7
MRP,2026-07-09,19717.03
MRP,2026-07-10,20295.49
MRP,2026-07-13,20150.86
MRP,2026-07-14,20463.16
MRP,2026-07-15,20468.31
MRP,2026-07-16,20716.35
MRP,2026-07-17,20660.27
MRP,2026-07-20,20860.37
MRP,2026-07-21,20640.41
MRP,2026-07-22,20652.7
MRP,2026-07-23,20822.11
MRP,2026-07-24,20769.44
MRP,2026-07-27,20784.55
MRP,2026-07-28,21005.73
MRP,2026-07-29,21115.18
MRP,2026-07-30,21195.71
MRP,2026-07-31,21033.92
CLS,2025-11-14,30390.78
CLS,2025-11-17,30863.01
CLS,2025-11-18,30934.08
CLS,2025-11-19,31461.0
CLS,2025-11-20,31228.58
CLS,2025-11-21,32224.44
CLS,2025-11-24,31355.01
CLS,2025-11-25,31711.26
CLS,2025-11-26,31842.09
CLS,2025-11-27,31157.76
CLS,2025-11-28,32516.65
CLS,2025-12-01,32921.73
CLS,2025-12-02,33024.12
CLS,2025-12-03,32649.88
CLS,2025-12-04,32378.14
CLS,2025-12-05,33061.2
CLS,2025-12-08,32812.08
CLS,2025-12-09,32272.74
CLS,2025-12-10,32207.88
CLS,2025-12-11,32047.97
CLS,2025-12-12,31525.48
CLS,2025-12-15,32144.5
CLS,2025-12-16,32391.83
CLS,2025-12-17,32314.14
CLS,2025-12-18,32572.69
CLS,2025-12-19,33182.48
CLS,2025-12-22,33909.71
CLS,2025-12-23,34767.74
CLS,2025-12-24,34709.91
CLS,2025-12-25,34741.39
CLS,2025-12-26,34612.12
CLS,2025-12-29,35321.32
CLS,2025-12-30,35152.08
CLS,2025-12-31,35386.48
CLS,2026-01-01,35085.33
CLS,2026-01-02,35197.17
CLS,2026-01-05,34781.52
CLS,2026-01-06,35001.77
CLS,2026-01-07,35363.71
CLS,2026-01-08,35759.16
CLS,2026-01-09,36294.91
CLS,2026-01-12,36507.36
CLS,2026-01-13,36124.73
CLS,2026-01-14,37539.64
CLS,2026-01-15,36632.47
CLS,2026-01-16,35843.69
CLS,2026-01-19,35707.05
CLS,2026-01-20,35806.84
CLS,2026-01-21,34916.1
CLS,2026-01-22,35441.26
CLS,2026-01-23,35325.74
CLS,2026-01-26,35451.03
CLS,2026-01-27,35870.53
CLS,2026-01-28,35559.16
CLS,2026-01-29,36335.23
CLS,2026-01-30,36601.72
CLS,2026-02-02,36430.17
CLS,2026-02-03,36280.52
CLS,2026-02-04,37215.69
CLS,2026-02-05,36969.54
CLS,2026-02-06,37540.23
CLS,2026-02-09,38201.18
CLS,2026-02-10,38694.8
CLS,2026-02-11,39414.85
CLS,2026-02-12,38975.06
CLS,2026-02-13,39285.2
CLS,2026-02-16,38746.14
CLS,2026-02-17,39246.58
CLS,2026-02-18,38892.02
CLS,2026-02-19,38709.86
CLS,2026-02-20,38810.03
CLS,2026-02-23,39076.39
CLS,2026-02-24,39414.19
CLS,2026-02-25,40087.85
CLS,2026-02-26,40706.43
CLS,2026-02-27,40080.39
CLS,2026-03-02,39406.93
CLS,2026-03-03,39571.84
CLS,2026-03-04,39062.75
CLS,2026-03-05,38638.69
CLS,2026-03-06,38962.05
CLS,2026-03-09,39122.7
CLS,2026-03-10,39016.94
CLS,2026-03-11,38889.76
CLS,2026-03-12,38774.78
CLS,2026-03-13,38128.21
CLS,2026-03-16,37477.86
CLS,2026-03-17,37532.12
CLS,2026-03-18,38979.89
CLS,2026-03-19,39713.98
CLS,2026-03-20,39863.84
CLS,2026-03-23,39940.43
CLS,2026-03-24,39948.14
CLS,2026-03-25,38603.45
CLS,2026-03-26,39302.57
CLS,2026-03-27,38889.88
CLS,2026-03-30,38232.74
CLS,2026-03-31,38197.74
CLS,2026-04-01,38716.35
CLS,2026-04-02,38454.42
CLS,2026-04-03,38834.7
CLS,2026-04-06,38516.66
CLS,2026-04-07,38555.46
CLS,2026-04-08,38037.18
CLS,2026-04-09,38169.17
CLS,2026-04-10,37878.08
CLS,2026-04-13,38431.86
CLS,2026-04-14,38629.44
CLS,2026-04-15,38491.57
CLS,2026-04-16,38528.35
CLS,2026-04-17,38533.09
CLS,2026-04-20,39093.5
CLS,2026-04-21,39836.25
CLS,2026-04-22,38840.12
CLS,2026-04-23,39493.29
CLS,2026-04-24,40314.41
CLS,2026-04-27,40770.84
CLS,2026-04-28,40326.28
CLS,2026-04-29,41007.09
CLS,2026-04-30,41747.32
CLS,2026-05-01,41429.42
CLS,2026-05-04,41760.1
CLS,2026-05-05,41114.07
CLS,2026-05-06,41447.53
CLS,2026-05-07,41455.34
CLS,2026-05-08,41799.65
CLS,2026-05-11,41157.14
CLS,2026-05-12,41956.02
CLS,2026-05-13,42604.33
CLS,2026-05-14,42979.95
CLS,2026-05-15,42048.25
CLS,2026-05-18,42582.32
CLS,2026-05-19,42232.88
CLS,2026-05-20,42036.07
CLS,2026-05-21,42723.06
CLS,2026-05-22,42069.22
CLS,2026-05-25,42301.46
CLS,2026-05-26,42478.67
CLS,2026-05-27,42360.43
CLS,2026-05-28,42164.8
CLS,2026-05-29,40958.45
CLS,2026-06-01,42021.14
CLS,2026-06-02,42756.25
CLS,2026-06-03,44472.3
CLS,2026-06-04,45254.56
CLS,2026-06-05,44727.11
CLS,2026-06-08,45700.68
CLS,2026-06-09,46504.6
CLS,2026-06-10,46239.09
CLS,2026-06-11,47231.02
CLS,2026-06-12,46930.28
CLS,2026-06-15,47771.02
CLS,2026-06-16,48353.21
CLS,2026-06-17,48064.46
CLS,2026-06-18,47945.72
CLS,2026-06-19,48095.12
CLS,2026-06-22,48632.28
CLS,2026-06-23,47684.52
CLS,2026-06-24,48402.92
CLS,2026-06-25,48398.94
CLS,2026-06-26,47759.31
CLS,2026-06-29,49697.37
CLS,2026-06-30,49324.84
CLS,2026-07-01,48744.53
CLS,2026-07-02,48473.95
CLS,2026-07-03,49872.18
CLS,2026-07-06,50524.06
CLS,2026-07-07,50670.83
CLS,2026-07-08,50783.56
CLS,2026-07-09,50144.39
CLS,2026-07-10,50135.13
CLS,2026-07-13,49365.62
CLS,2026-07-14,49772.38
CLS,2026-07-15,50602.11
CLS,2026-07-16,51321.31
CLS,2026-07-17,52448.39
CLS,2026-07-20,53547.22
CLS,2026-07-21,53745.44
CLS,2026-07-22,52199.57
CLS,2026-07-23,53473.12
CLS,2026-07-24,54738.11
CLS,2026-07-27,54866.65
CLS,2026-07-28,55173.02
CLS,2026-07-29,54011.6
CLS,2026-07-30,53200.71
CLS,2026-07-31,52705.64
TBS,2025-11-14,18120.35
TBS,2025-11-17,18376.18
TBS,2025-11-18,18672.15
TBS,2025-11-19,18395.23
TBS,2025-11-20,18272.62
TBS,2025-11-21,19412.4
TBS,2025-11-24,19126.62
TBS,2025-11-25,19132.67
TBS,2025-11-26,19038.58
TBS,2025-11-27,19043.27
TBS,2025-11-28,19393.74
TBS,2025-12-01,20006.82
TBS,2025-12-02,19925.94
TBS,2025-12-03,19060.83
TBS,2025-12-04,18855.21
TBS,2025-12-05,18598.13
TBS,2025-12-08,18081.19
TBS,2025-12-09,18153.4
TBS,2025-12-10,18378.55
TBS,2025-12-11,18336.29
TBS,2025-12-12,18578.47
TBS,2025-12-15,19149.45
TBS,2025-12-16,19236.08
TBS,2025-12-17,19341.69
TBS,2025-12-18,20344.03
TBS,2025-12-19,20282.86
TBS,2025-12-22,20446.32
TBS,2025-12-23,20968.56
TBS,2025-12-24,21426.58
TBS,2025-12-25,21445.34
TBS,2025-12-26,21607.91
TBS,2025-12-29,22429.35
TBS,2025-12-30,22048.25
TBS,2025-12-31,22023.68
TBS,2026-01-01,22349.46
TBS,2026-01-02,22143.39
TBS,2026-01-05,22457.19
TBS,2026-01-06,22074.16
TBS,2026-01-07,22498.2
TBS,2026-01-08,22693.73
TBS,2026-01-09,22633.9
TBS,2026-01-12,22544.08
TBS,2026-01-13,22100.85
TBS,2026-01-14,22196.83
TBS,2026-01-15,22129.73
TBS,2026-01-16,21784.59
TBS,2026-01-19,22208.29
TBS,2026-01-20,21811.27
TBS,2026-01-21,21173.21
TBS,2026-01-22,20947.18
TBS,2026-01-23,20006.88
TBS,2026-01-26,19839.68
TBS,2026-01-27,19869.73
TBS,2026-01-28,19912.17
TBS,2026-01-29,19386.54
TBS,2026-01-30,19363.13
TBS,2026-02-02,18897.22
TBS,2026-02-03,19070.75
TBS,2026-02-04,19203.64
TBS,2026-02-05,18822.69
TBS,2026-02-06,18772.57
TBS,2026-02-09,18800.31
TBS,2026-02-10,18527.87
TBS,2026-02-11,18858.78
TBS,2026-02-12,18695.35
TBS,2026-02-13,19153.43
TBS,2026-02-16,19856.38
TBS,2026-02-17,19440.75
TBS,2026-02-18,19020.59
TBS,2026-02-19,19155.52
TBS,2026-02-20,19169.55
TBS,2026-02-23,19107.14
TBS,2026-02-24,19352.19
TBS,2026-02-25,18904.28
TBS,2026-02-26,18929.28
TBS,2026-02-27,18913.26
TBS,2026-03-02,18570.5
TBS,2026-03-03,18462.64
TBS,2026-03-04,18996.54
TBS,2026-03-05,19125.29
TBS,2026-03-06,18853.36
TBS,2026-03-09,18790.27
TBS,2026-03-10,18988.19
TBS,2026-03-11,18260.67
TBS,2026-03-12,18526.72
TBS,2026-03-13,18569.69
TBS,2026-03-16,18492.44
TBS,2026-03-17,18833.55
TBS,2026-03-18,19120.36
TBS,2026-03-19,19881.64
TBS,2026-03-20,19717.52
TBS,2026-03-23,20082.59
TBS,2026-03-24,19716.86
TBS,2026-03-25,19280.05
TBS,2026-03-26,19626.01
TBS,2026-03-27,19915.42
TBS,2026-03-30,19890.4
TBS,2026-03-31,19661.52
TBS,2026-04-01,20147.83
TBS,2026-04-02,20044.43
TBS,2026-04-03,19782.63
TBS,2026-04-06,19428.19
TBS,2026-04-07,19571.35
TBS,2026-04-08,19603.36
TBS,2026-04-09,20016.72
TBS,2026-04-10,19977.1
TBS,2026-04-13,19888.21
TBS,2026-04-14,20064.05
TBS,2026-04-15,19982.42
TBS,2026-04-16,20015.2
TBS,2026-04-17,20191.29
TBS,2026-04-20,20603.93
TBS,2026-04-21,20511.43
TBS,2026-04-22,20636.38
TBS,2026-04-23,21387.72
TBS,2026-04-24,21351.76
TBS,2026-04-27,21508.57
TBS,2026-04-28,21341.13
TBS,2026-04-29,21296.82
TBS,2026-04-30,21717.96
TBS,2026-05-01,21863.25
TBS,2026-05-04,21686.55
TBS,2026-05-05,21242.99
TBS,2026-05-06,21361.87
TBS,2026-05-07,21470.8
TBS,2026-05-08,21377.96
TBS,2026-05-11,21607.89
TBS,2026-05-12,21585.69
TBS,2026-05-13,22128.65
TBS,2026-05-14,22634.22
TBS,2026-05-15,22424.22
TBS,2026-05-18,22527.91
TBS,2026-05-19,22649.75
TBS,2026-05-20,22206.08
TBS,2026-05-21,23008.69
TBS,2026-05-22,22588.6
TBS,2026-05-25,22679.13
TBS,2026-05-26,22723.74
TBS,2026-05-27,21833.62
TBS,2026-05-28,22277.65
TBS,2026-05-29,22325.77
TBS,2026-06-01,21731.92
TBS,2026-06-02,22047.45
TBS,2026-06-03,22510.11
TBS,2026-06-04,23092.37
TBS,2026-06-05,23267.05
TBS,2026-06-08,23630.99
TBS,2026-06-09,23089.91
TBS,2026-06-10,23308.49
TBS,2026-06-11,23378.52
TBS,2026-06-12,22802.34
TBS,2026-06-15,22933.71
TBS,2026-06-16,22673.05
TBS,2026-06-17,22236.53
TBS,2026-06-18,22321.37
TBS,2026-06-19,21948.04
TBS,2026-06-22,21695.94
TBS,2026-06-23,21282.69
TBS,2026-06-24,20713.56
TBS,2026-06-25,20806.03
TBS,2026-06-26,20505.25
TBS,2026-06-29,20810.39
TBS,2026-06-30,20740.93
TBS,2026-07-01,20373.38
TBS,2026-07-02,20378.36
TBS,2026-07-03,20089.44
TBS,2026-07-06,20066.5
TBS,2026-07-07,20647.49
TBS,2026-07-08,20182.75
TBS,2026-07-09,20529.21
TBS,2026-07-10,20274.79
TBS,2026-07-13,20090.6
TBS,2026-07-14,20297.57
TBS,2026-07-15,20179.74
TBS,2026-07-16,20205.64
TBS,2026-07-17,20271.48
TBS,2026-07-20,19958.73
TBS,2026-07-21,20057.79
TBS,2026-07-22,20059.53
TBS,2026-07-23,20422.14
TBS,2026-07-24,21174.19
TBS,2026-07-27,21763.06
TBS,2026-07-28,22635.22
TBS,2026-07-29,22653.95
TBS,2026-07-30,23156.88
TBS,2026-07-31,23682.29
CFR,2025-11-14,25898.78
CFR,2025-11-17,25811.95
CFR,2025-11-18,25651.95
CFR,2025-11-19,25774.0
CFR,2025-11-20,26050.8
CFR,2025-11-21,25685.86
CFR,2025-11-24,24996.34
CFR,2025-11-25,25687.21
CFR,2025-11-26,25465.79
CFR,2025-11-27,26136.23
CFR,2025-11-28,26873.63
CFR,2025-12-01,27143.99
CFR,2025-12-02,27055.23
CFR,2025-12-03,27290.61
CFR,2025-12-04,28176.59
CFR,2025-12-05,28041.9
CFR,2025-12-08,27549.0
CFR,2025-12-09,27307.4
CFR,2025-12-10,27606.97
CFR,2025-12-11,27940.7
CFR,2025-12-12,28622.17
CFR,2025-12-15,28388.24
CFR,2025-12-16,28832.89
CFR,2025-12-17,28311.51
CFR,2025-12-18,29032.68
CFR,2025-12-19,30356.28
CFR,2025-12-22,30225.46
CFR,2025-12-23,30795.81
CFR,2025-12-24,31241.37
CFR,2025-12-25,31785.27
CFR,2025-12-26,30960.2
CFR,2025-12-29,31044.7
CFR,2025-12-30,31218.69
CFR,2025-12-31,31436.21
CFR,2026-01-01,30512.08
CFR,2026-01-02,30186.28
CFR,2026-01-05,29928.33
CFR,2026-01-06,30063.71
CFR,2026-01-07,29953.16
CFR,2026-01-08,30301.55
CFR,2026-01-09,30414.21
CFR,2026-01-12,30225.99
CFR,2026-01-13,29728.7
CFR,2026-01-14,30538.0
CFR,2026-01-15,30307.31
CFR,2026-01-16,29633.82
CFR,2026-01-19,29122.62
CFR,2026-01-20,29357.95
CFR,2026-01-21,28622.35
CFR,2026-01-22,28547.88
CFR,2026-01-23,27718.07
CFR,2026-01-26,28057.74
CFR,2026-01-27,28650.52
CFR,2026-01-28,27477.22
CFR,2026-01-29,26168.55
CFR,2026-01-30,26498.85
CFR,2026-02-02,26781.91
CFR,2026-02-03,26899.13
CFR,2026-02-04,26999.72
CFR,2026-02-05,26887.84
CFR,2026-02-06,26992.82
CFR,2026-02-09,26824.89
CFR,2026-02-10,26094.69
CFR,2026-02-11,26348.16
CFR,2026-02-12,26430.02
CFR,2026-02-13,26804.93
CFR,2026-02-16,27102.64
CFR,2026-02-17,26961.73
CFR,2026-02-18,27358.63
CFR,2026-02-19,27061.46
CFR,2026-02-20,27602.67
CFR,2026-02-23,27902.21
CFR,2026-02-24,28803.16
CFR,2026-02-25,29437.84
CFR,2026-02-26,29671.01
CFR,2026-02-27,29359.27
CFR,2026-03-02,28237.96
CFR,2026-03-03,27681.1
CFR,2026-03-04,28357.9
CFR,2026-03-05,28783.51
CFR,2026-03-06,29537.18
CFR,2026-03-09,29513.25
CFR,2026-03-10,30583.11
CFR,2026-03-11,29543.63
CFR,2026-03-12,29421.3
CFR,2026-03-13,29233.05
CFR,2026-03-16,28968.7
CFR,2026-03-17,29002.74
CFR,2026-03-18,29248.47
CFR,2026-03-19,29539.03
CFR,2026-03-20,28697.13
CFR,2026-03-23,28882.12
CFR,2026-03-24,29218.25
CFR,2026-03-25,28737.02
CFR,2026-03-26,28559.5
CFR,2026-03-27,28307.54
CFR,2026-03-30,27663.67
CFR,2026-03-31,27150.06
CFR,2026-04-01,26690.81
CFR,2026-04-02,26305.52
CFR,2026-04-03,25841.47
CFR,2026-04-06,25899.95
CFR,2026-04-07,25288.73
CFR,2026-04-08,25785.12
CFR,2026-04-09,26067.76
CFR,2026-04-10,25653.68
CFR,2026-04-13,24996.32
CFR,2026-04-14,25124.62
CFR,2026-04-15,25646.52
CFR,2026-04-16,26152.73
CFR,2026-04-17,25875.53
CFR,2026-04-20,25227.1
CFR,2026-04-21,25871.07
CFR,2026-04-22,26042.96
CFR,2026-04-23,25222.95
CFR,2026-04-24,25927.45
CFR,2026-04-27,26052.19
CFR,2026-04-28,25914.18
CFR,2026-04-29,26118.6
CFR,2026-04-30,25951.12
CFR,2026-05-01,26241.36
CFR,2026-05-04,26103.81
CFR,2026-05-05,25087.72
CFR,2026-05-06,25716.06
CFR,2026-05-07,25458.18
CFR,2026-05-08,25830.49
CFR,2026-05-11,25541.23
CFR,2026-05-12,26021.31
CFR,2026-05-13,25722.9
CFR,2026-05-14,26242.98
CFR,2026-05-15,25735.28
CFR,2026-05-18,25297.91
CFR,2026-05-19,24231.06
CFR,2026-05-20,24014.99
CFR,2026-05-21,24112.7
CFR,2026-05-22,24408.68
CFR,2026-05-25,24538.0
CFR,2026-05-26,24995.78
CFR,2026-05-27,23989.08
CFR,2026-05-28,24118.43
CFR,2026-05-29,22813.67
CFR,2026-06-01,22212.92
CFR,2026-06-02,22113.34
CFR,2026-06-03,22980.42
CFR,2026-06-04,22868.34
CFR,2026-06-05,23169.45
CFR,2026-06-08,24142.76
CFR,2026-06-09,24141.59
CFR,2026-06-10,23860.65
CFR,2026-06-11,23712.34
CFR,2026-06-12,23058.15
CFR,2026-06-15,22968.05
CFR,2026-06-16,23277.64
CFR,2026-06-17,23121.22
CFR,2026-06-18,22942.0
CFR,2026-06-19,22820.61
CFR,2026-06-22,23280.68
CFR,2026-06-23,23316.45
CFR,2026-06-24,23684.68
CFR,2026-06-25,23947.22
CFR,2026-06-26,23405.12
CFR,2026-06-29,23342.26
CFR,2026-06-30,22755.11
CFR,2026-07-01,22660.7
CFR,2026-07-02,22895.13
CFR,2026-07-03,23212.53
CFR,2026-07-06,23577.03
CFR,2026-07-07,23660.46
CFR,2026-07-08,23598.81
CFR,2026-07-09,23255.42
CFR,2026-07-10,23805.13
CFR,2026-07-13,23316.08
CFR,2026-07-14,23468.08
CFR,2026-07-15,24294.62
CFR,2026-07-16,24617.12
CFR,2026-07-17,24421.31
CFR,2026-07-20,24412.46
CFR,2026-07-21,24456.11
CFR,2026-07-22,24274.99
CFR,2026-07-23,24659.88
CFR,2026-07-24,24726.3
CFR,2026-07-27,24467.18
CFR,2026-07-28,25029.73
CFR,2026-07-29,24580.13
CFR,2026-07-30,24918.81
CFR,2026-07-31,25322.59
GFI,2025-11-14,29659.61
GFI,2025-11-17,29900.06
GFI,2025-11-18,29779.66
GFI,2025-11-19,30078.19
GFI,2025-11-20,30588.6
GFI,2025-11-21,31009.08
GFI,2025-11-24,30371.66
GFI,2025-11-25,30926.95
GFI,2025-11-26,30656.13
GFI,2025-11-27,30547.72
GFI,2025-11-28,31260.99
GFI,2025-12-01,32078.89
GFI,2025-12-02,32118.21
GFI,2025-12-03,31676.99
GFI,2025-12-04,33140.03
GFI,2025-12-05,32856.7
GFI,2025-12-08,33116.64
GFI,2025-12-09,34582.78
GFI,2025-12-10,33112.53
GFI,2025-12-11,32182.23
GFI,2025-12-12,32271.13
GFI,2025-12-15,32320.54
GFI,2025-12-16,33003.47
GFI,2025-12-17,32487.24
GFI,2025-12-18,33316.55
GFI,2025-12-19,33610.38
GFI,2025-12-22,32975.96
GFI,2025-12-23,32732.24
GFI,2025-12-24,32286.86
GFI,2025-12-25,32727.52
GFI,2025-12-26,31876.73
GFI,2025-12-29,33421.75
GFI,2025-12-30,32359.79
GFI,2025-12-31,32002.5
GFI,2026-01-01,32263.26
GFI,2026-01-02,32286.61
GFI,2026-01-05,32426.52
GFI,2026-01-06,32944.04
GFI,2026-01-07,33747.25
GFI,2026-01-08,34709.64
GFI,2026-01-09,34638.82
GFI,2026-01-12,34170.72
GFI,2026-01-13,33671.47
GFI,2026-01-14,34086.93
GFI,2026-01-15,33098.25
GFI,2026-01-16,32555.82
GFI,2026-01-19,33122.76
GFI,2026-01-20,34363.78
GFI,2026-01-21,34046.27
GFI,2026-01-22,34526.71
GFI,2026-01-23,34414.06
GFI,2026-01-26,33836.07
GFI,2026-01-27,33960.92
GFI,2026-01-28,32648.42
GFI,2026-01-29,32784.94
GFI,2026-01-30,33558.07
GFI,2026-02-02,31932.3
GFI,2026-02-03,31856.8
GFI,2026-02-04,32199.9
GFI,2026-02-05,31168.57
GFI,2026-02-06,30669.14
GFI,2026-02-09,31015.35
GFI,2026-02-10,30813.73
GFI,2026-02-11,29843.96
GFI,2026-02-12,29762.02
GFI,2026-02-13,29903.34
GFI,2026-02-16,30050.52
GFI,2026-02-17,29088.58
GFI,2026-02-18,29771.92
GFI,2026-02-19,29734.31
GFI,2026-02-20,31341.87
GFI,2026-02-23,30530.12
GFI,2026-02-24,30179.19
GFI,2026-02-25,27673.62
GFI,2026-02-26,29209.3
GFI,2026-02-27,27435.86
GFI,2026-03-02,27457.55
GFI,2026-03-03,27503.56
GFI,2026-03-04,28643.19
GFI,2026-03-05,28537.55
GFI,2026-03-06,27903.76
GFI,2026-03-09,27674.65
GFI,2026-03-10,28472.41
GFI,2026-03-11,28384.61
GFI,2026-03-12,28904.27
GFI,2026-03-13,28307.32
GFI,2026-03-16,26606.97
GFI,2026-03-17,26573.63
GFI,2026-03-18,26260.21
GFI,2026-03-19,25700.65
GFI,2026-03-20,25957.18
GFI,2026-03-23,24495.43
GFI,2026-03-24,23206.93
GFI,2026-03-25,22849.05
GFI,2026-03-26,22226.36
GFI,2026-03-27,21836.8
GFI,2026-03-30,21904.07
GFI,2026-03-31,22706.55
GFI,2026-04-01,22632.06
GFI,2026-04-02,21771.94
GFI,2026-04-03,21482.47
GFI,2026-04-06,21677.28
GFI,2026-04-07,21049.91
GFI,2026-04-08,21247.45
GFI,2026-04-09,21412.75
GFI,2026-04-10,20454.93
GFI,2026-04-13,20751.42
GFI,2026-04-14,20337.47
GFI,2026-04-15,20720.18
GFI,2026-04-16,20656.82
GFI,2026-04-17,20506.93
GFI,2026-04-20,20455.9
GFI,2026-04-21,20259.9
GFI,2026-04-22,19885.75
GFI,2026-04-23,19622.96
GFI,2026-04-24,19353.97
GFI,2026-04-27,19901.07
GFI,2026-04-28,19974.9
GFI,2026-04-29,19415.34
GFI,2026-04-30,19481.77
GFI,2026-05-01,19838.1
GFI,2026-05-04,19589.31
GFI,2026-05-05,19152.13
GFI,2026-05-06,18948.88
GFI,2026-05-07,19213.72
GFI,2026-05-08,18466.25
GFI,2026-05-11,17810.56
GFI,2026-05-12,17891.29
GFI,2026-05-13,18173.77
GFI,2026-05-14,17832.83
GFI,2026-05-15,17042.79
GFI,2026-05-18,17440.08
GFI,2026-05-19,17562.59
GFI,2026-05-20,17904.74
GFI,2026-05-21,17969.19
GFI,2026-05-22,18314.68
GFI,2026-05-25,18543.9
GFI,2026-05-26,18637.98
GFI,2026-05-27,17993.09
GFI,2026-05-28,18185.01
GFI,2026-05-29,17626.97
GFI,2026-06-01,17906.04
GFI,2026-06-02,18810.71
GFI,2026-06-03,19578.47
GFI,2026-06-04,19790.12
GFI,2026-06-05,19990.47
GFI,2026-06-08,19849.89
GFI,2026-06-09,19462.3
GFI,2026-06-10,19291.93
GFI,2026-06-11,18430.79
GFI,2026-06-12,18418.17
GFI,2026-06-15,19243.76
GFI,2026-06-16,19292.82
GFI,2026-06-17,19559.06
GFI,2026-06-18,19219.56
GFI,2026-06-19,18938.01
GFI,2026-06-22,18189.16
GFI,2026-06-23,18449.45
GFI,2026-06-24,18236.04
GFI,2026-06-25,17064.5
GFI,2026-06-26,16927.05
GFI,2026-06-29,17173.38
GFI,2026-06-30,17336.29
GFI,2026-07-01,17059.09
GFI,2026-07-02,16812.85
GFI,2026-07-03,17118.47
GFI,2026-07-06,17328.99
GFI,2026-07-07,17256.6
GFI,2026-07-08,17652.81
GFI,2026-07-09,17087.98
GFI,2026-07-10,17488.66
GFI,2026-07-13,17370.52
GFI,2026-07-14,16913.58
GFI,2026-07-15,17423.39
GFI,2026-07-16,16718.91
GFI,2026-07-17,17101.12
GFI,2026-07-20,16298.61
GFI,2026-07-21,16306.61
GFI,2026-07-22,16457.54
GFI,2026-07-23,16581.16
GFI,2026-07-24,16441.38
GFI,2026-07-27,15892.56
GFI,2026-07-28,16323.08
GFI,2026-07-29,15499.12
GFI,2026-07-30,15875.34
GFI,2026-07-31,15709.96
ANG,2025-11-14,42537.34
ANG,2025-11-17,43099.02
ANG,2025-11-18,43590.84
ANG,2025-11-19,45251.58
ANG,2025-11-20,44737.77
ANG,2025-11-21,47941.43
ANG,2025-11-24,47148.0
ANG,2025-11-25,47301.97
ANG,2025-11-26,48506.89
ANG,2025-11-27,47421.82
ANG,2025-11-28,49178.57
ANG,2025-12-01,50171.13
ANG,2025-12-02,49760.68
ANG,2025-12-03,49152.9
ANG,2025-12-04,51151.0
ANG,2025-12-05,50760.81
ANG,2025-12-08,51026.54
ANG,2025-12-09,48823.09
ANG,2025-12-10,48558.09
ANG,2025-12-11,49738.02
ANG,2025-12-12,50520.54
ANG,2025-12-15,49304.73
ANG,2025-12-16,48851.12
ANG,2025-12-17,48285.6
ANG,2025-12-18,50870.44
ANG,2025-12-19,52339.71
ANG,2025-12-22,55277.29
ANG,2025-12-23,56204.15
ANG,2025-12-24,54857.13
ANG,2025-12-25,55816.3
ANG,2025-12-26,55061.85
ANG,2025-12-29,56027.95
ANG,2025-12-30,55355.86
ANG,2025-12-31,57387.04
ANG,2026-01-01,57810.89
ANG,2026-01-02,54617.91
ANG,2026-01-05,55755.6
ANG,2026-01-06,55054.92
ANG,2026-01-07,55412.61
ANG,2026-01-08,56674.31
ANG,2026-01-09,57022.18
ANG,2026-01-12,54263.17
ANG,2026-01-13,54623.51
ANG,2026-01-14,54539.55
ANG,2026-01-15,55798.61
ANG,2026-01-16,54446.3
ANG,2026-01-19,54114.29
ANG,2026-01-20,53141.32
ANG,2026-01-21,50755.29
ANG,2026-01-22,50906.85
ANG,2026-01-23,50150.8
ANG,2026-01-26,51340.14
ANG,2026-01-27,51163.96
ANG,2026-01-28,49108.98
ANG,2026-01-29,47992.35
ANG,2026-01-30,48401.58
ANG,2026-02-02,48547.54
ANG,2026-02-03,47386.42
ANG,2026-02-04,46598.95
ANG,2026-02-05,46453.79
ANG,2026-02-06,46298.97
ANG,2026-02-09,46947.97
ANG,2026-02-10,46585.54
ANG,2026-02-11,45995.39
ANG,2026-02-12,45605.59
ANG,2026-02-13,45095.95
ANG,2026-02-16,46088.11
ANG,2026-02-17,48614.11
ANG,2026-02-18,47656.61
ANG,2026-02-19,47415.05
ANG,2026-02-20,46320.61
ANG,2026-02-23,46574.62
ANG,2026-02-24,48662.32
ANG,2026-02-25,48379.09
ANG,2026-02-26,47953.51
ANG,2026-02-27,46506.91
ANG,2026-03-02,44958.79
ANG,2026-03-03,44708.97
ANG,2026-03-04,45973.51
ANG,2026-03-05,47635.73
ANG,2026-03-06,48227.42
ANG,2026-03-09,49264.16
ANG,2026-03-10,49217.45
ANG,2026-03-11,46619.17
ANG,2026-03-12,45813.88
ANG,2026-03-13,45330.32
ANG,2026-03-16,44482.68
ANG,2026-03-17,44622.08
ANG,2026-03-18,48156.29
ANG,2026-03-19,48622.39
ANG,2026-03-20,48216.53
ANG,2026-03-23,47574.71
ANG,2026-03-24,49316.31
ANG,2026-03-25,49301.85
ANG,2026-03-26,48700.04
ANG,2026-03-27,48177.1
ANG,2026-03-30,49535.72
ANG,2026-03-31,50427.56
ANG,2026-04-01,49290.78
ANG,2026-04-02,47932.62
ANG,2026-04-03,47805.19
ANG,2026-04-06,46812.46
ANG,2026-04-07,46022.48
ANG,2026-04-08,46146.69
ANG,2026-04-09,48495.76
ANG,2026-04-10,47901.13
ANG,2026-04-13,47519.53
ANG,2026-04-14,46064.52
ANG,2026-04-15,50341.62
ANG,2026-04-16,50134.48
ANG,2026-04-17,50369.36
ANG,2026-04-20,50753.37
ANG,2026-04-21,51704.56
ANG,2026-04-22,53818.18
ANG,2026-04-23,53067.1
ANG,2026-04-24,52295.41
ANG,2026-04-27,52739.08
ANG,2026-04-28,51970.77
ANG,2026-04-29,50584.57
ANG,2026-04-30,52631.49
ANG,2026-05-01,50584.81
ANG,2026-05-04,50008.02
ANG,2026-05-05,50312.42
ANG,2026-05-06,49876.06
ANG,2026-05-07,51117.65
ANG,2026-05-08,51311.46
ANG,2026-05-11,49930.92
ANG,2026-05-12,50339.35
ANG,2026-05-13,51499.43
ANG,2026-05-14,51471.6
ANG,2026-05-15,49509.02
ANG,2026-05-18,49463.52
ANG,2026-05-19,47031.42
ANG,2026-05-20,47906.07
ANG,2026-05-21,50179.92
ANG,2026-05-22,52953.78
ANG,2026-05-25,51996.88
ANG,2026-05-26,53544.79
ANG,2026-05-27,51699.22
ANG,2026-05-28,51833.45
ANG,2026-05-29,50065.27
ANG,2026-06-01,49214.46
ANG,2026-06-02,49513.49
ANG,2026-06-03,50467.53
ANG,2026-06-04,52384.87
ANG,2026-06-05,55873.12
ANG,2026-06-08,57495.36
ANG,2026-06-09,57598.32
ANG,2026-06-10,58621.6
ANG,2026-06-11,59348.35
ANG,2026-06-12,59374.33
ANG,2026-06-15,57421.08
ANG,2026-06-16,56570.48
ANG,2026-06-17,54763.6
ANG,2026-06-18,54765.24
ANG,2026-06-19,55464.78
ANG,2026-06-22,54640.13
ANG,2026-06-23,56362.92
ANG,2026-06-24,56795.55
ANG,2026-06-25,56872.78
ANG,2026-06-26,54780.03
ANG,2026-06-29,56520.71
ANG,2026-06-30,55784.46
ANG,2026-07-01,56559.86
ANG,2026-07-02,55866.43
ANG,2026-07-03,56064.24
ANG,2026-07-06,55243.33
ANG,2026-07-07,53922.76
ANG,2026-07-08,54302.28
ANG,2026-07-09,56242.84
ANG,2026-07-10,56735.18
ANG,2026-07-13,54512.92
ANG,2026-07-14,54795.0
ANG,2026-07-15,55830.87
ANG,2026-07-16,56500.33
ANG,2026-07-17,57051.57
ANG,2026-07-20,55655.83
ANG,2026-07-21,54593.41
ANG,2026-07-22,53470.19
ANG,2026-07-23,54440.31
ANG,2026-07-24,55520.82
ANG,2026-07-27,55033.04
ANG,2026-07-28,56315.88
ANG,2026-07-29,55816.95
ANG,2026-07-30,56578.78
ANG,2026-07-31,56307.51
SSW,2025-11-14,2175.11
SSW,2025-11-17,2144.3
SSW,2025-11-18,2063.68
SSW,2025-11-19,2010.32
SSW,2025-11-20,2000.22
SSW,2025-11-21,2044.72
SSW,2025-11-24,1920.7
SSW,2025-11-25,1881.77
SSW,2025-11-26,1803.03
SSW,2025-11-27,1836.58
SSW,2025-11-28,1848.73
SSW,2025-12-01,1926.1
SSW,2025-12-02,1993.83
SSW,2025-12-03,1941.62
SSW,2025-12-04,1934.62
SSW,2025-12-05,1999.59
SSW,2025-12-08,1996.52
SSW,2025-12-09,1944.9
SSW,2025-12-10,1955.44
SSW,2025-12-11,1920.38
SSW,2025-12-12,1917.93
SSW,2025-12-15,1871.83
SSW,2025-12-16,1929.09
SSW,2025-12-17,1955.0
SSW,2025-12-18,1936.92
SSW,2025-12-19,1933.1
SSW,2025-12-22,1886.54
SSW,2025-12-23,1848.09
SSW,2025-12-24,1855.6
SSW,2025-12-25,1890.6
SSW,2025-12-26,2035.7
SSW,2025-12-29,2087.63
SSW,2025-12-30,2077.8
SSW,2025-12-31,2050.69
SSW,2026-01-01,1983.81
SSW,2026-01-02,1964.44
SSW,2026-01-05,1946.74
SSW,2026-01-06,2013.22
SSW,2026-01-07,2063.63
SSW,2026-01-08,2137.55
SSW,2026-01-09,2148.46
SSW,2026-01-12,2144.49
SSW,2026-01-13,2161.34
SSW,2026-01-14,2076.89
SSW,2026-01-15,2077.83
SSW,2026-01-16,2028.61
SSW,2026-01-19,1988.57
SSW,2026-01-20,2006.83
SSW,2026-01-21,1889.28
SSW,2026-01-22,1998.44
SSW,2026-01-23,1910.27
SSW,2026-01-26,1876.91
SSW,2026-01-27,1708.78
SSW,2026-01-28,1672.23
SSW,2026-01-29,1721.4
SSW,2026-01-30,1861.66
SSW,2026-02-02,1844.22
SSW,2026-02-03,1876.68
SSW,2026-02-04,1931.22
SSW,2026-02-05,1891.88
SSW,2026-02-06,1932.79
SSW,2026-02-09,1912.07
SSW,2026-02-10,1911.53
SSW,2026-02-11,1933.32
SSW,2026-02-12,1872.81
SSW,2026-02-13,1908.53
SSW,2026-02-16,1941.72
SSW,2026-02-17,1915.11
SSW,2026-02-18,1851.79
SSW,2026-02-19,1813.75
SSW,2026-02-20,1841.87
SSW,2026-02-23,1946.03
SSW,2026-02-24,2062.73
SSW,2026-02-25,2046.28
SSW,2026-02-26,2084.81
SSW,2026-02-27,2090.0
SSW,2026-03-02,1996.52
SSW,2026-03-03,2007.37
SSW,2026-03-04,2084.66
SSW,2026-03-05,2050.65
SSW,2026-03-06,2068.98
SSW,2026-03-09,2100.44
SSW,2026-03-10,2190.43
SSW,2026-03-11,2196.24
SSW,2026-03-12,2209.39
SSW,2026-03-13,2268.42
SSW,2026-03-16,2296.5
SSW,2026-03-17,2223.72
SSW,2026-03-18,2219.45
SSW,2026-03-19,2313.9
SSW,2026-03-20,2209.61
SSW,2026-03-23,2114.18
SSW,2026-03-24,2149.48
SSW,2026-03-25,2152.19
SSW,2026-03-26,2206.08
SSW,2026-03-27,2308.24
SSW,2026-03-30,2249.98
SSW,2026-03-31,2284.96
SSW,2026-04-01,2355.68
SSW,2026-04-02,2344.49
SSW,2026-04-03,2297.2
SSW,2026-04-06,2310.13
SSW,2026-04-07,2212.34
SSW,2026-04-08,2281.92
SSW,2026-04-09,2371.68
SSW,2026-04-10,2353.28
SSW,2026-04-13,2405.84
SSW,2026-04-14,2450.06
SSW,2026-04-15,2384.93
SSW,2026-04-16,2333.65
SSW,2026-04-17,2400.29
SSW,2026-04-20,2531.54
SSW,2026-04-21,2518.58
SSW,2026-04-22,2453.02
SSW,2026-04-23,2677.15
SSW,2026-04-24,2778.47
SSW,2026-04-27,2944.35
SSW,2026-04-28,2983.84
SSW,2026-04-29,3048.58
SSW,2026-04-30,2973.87
SSW,2026-05-01,3096.13
SSW,2026-05-04,3174.15
SSW,2026-05-05,3114.26
SSW,2026-05-06,3225.19
SSW,2026-05-07,3253.25
SSW,2026-05-08,3500.39
SSW,2026-05-11,3527.15
SSW,2026-05-12,3469.84
SSW,2026-05-13,3771.84
SSW,2026-05-14,3740.88
SSW,2026-05-15,3950.35
SSW,2026-05-18,4104.48
SSW,2026-05-19,4082.19
SSW,2026-05-20,4109.08
SSW,2026-05-21,4042.38
SSW,2026-05-22,4041.05
SSW,2026-05-25,4159.13
SSW,2026-05-26,4117.24
SSW,2026-05-27,3876.1
SSW,2026-05-28,3798.84
SSW,2026-05-29,3776.05
SSW,2026-06-01,3661.6
SSW,2026-06-02,4009.54
SSW,2026-06-03,3954.99
SSW,2026-06-04,3848.16
SSW,2026-06-05,3813.27
SSW,2026-06-08,3974.23
SSW,2026-06-09,4025.35
SSW,2026-06-10,4013.99
SSW,2026-06-11,3952.06
SSW,2026-06-12,3827.02
SSW,2026-06-15,3685.44
SSW,2026-06-16,3745.16
SSW,2026-06-17,3683.81
SSW,2026-06-18,3630.71
SSW,2026-06-19,3633.07
SSW,2026-06-22,3691.4
SSW,2026-06-23,3532.91
SSW,2026-06-24,3406.03
SSW,2026-06-25,3362.11
SSW,2026-06-26,3357.4
SSW,2026-06-29,3351.08
SSW,2026-06-30,3325.32
SSW,2026-07-01,3213.57
SSW,2026-07-02,3260.05
SSW,2026-07-03,3218.05
SSW,2026-07-06,3123.59
SSW,2026-07-07,3136.53
SSW,2026-07-08,3076.34
SSW,2026-07-09,2893.47
SSW,2026-07-10,2819.15
SSW,2026-07-13,2900.49
SSW,2026-07-14,3030.04
SSW,2026-07-15,3059.19
SSW,2026-07-16,3046.93
SSW,2026-07-17,2945.76
SSW,2026-07-20,3044.73
SSW,2026-07-21,3131.91
SSW,2026-07-22,3117.28
SSW,2026-07-23,3014.14
SSW,2026-07-24,3059.32
SSW,2026-07-27,3084.3
SSW,2026-07-28,3102.94
SSW,2026-07-29,3269.54
SSW,2026-07-30,3456.11
SSW,2026-07-31,3350.29
EXX,2025-11-14,15968.73
EXX,2025-11-17,16039.63
EXX,2025-11-18,16560.09
EXX,2025-11-19,16950.89
EXX,2025-11-20,17186.96
EXX,2025-11-21,17796.35
EXX,2025-11-24,17865.1
EXX,2025-11-25,18257.82
EXX,2025-11-26,18130.34
EXX,2025-11-27,17649.95
EXX,2025-11-28,18300.12
EXX,2025-12-01,18283.78
EXX,2025-12-02,18800.79
EXX,2025-12-03,18690.4
EXX,2025-12-04,19262.35
EXX,2025-12-05,19007.56
EXX,2025-12-08,18888.44
EXX,2025-12-09,19315.06
EXX,2025-12-10,19636.52
EXX,2025-12-11,19372.05
EXX,2025-12-12,18882.78
EXX,2025-12-15,19311.33
EXX,2025-12-16,19583.81
EXX,2025-12-17,19077.87
EXX,2025-12-18,19753.19
EXX,2025-12-19,19944.11
EXX,2025-12-22,19770.32
EXX,2025-12-23,19741.27
EXX,2025-12-24,19519.62
EXX,2025-12-25,19845.75
EXX,2025-12-26,19802.84
EXX,2025-12-29,20339.39
EXX,2025-12-30,19789.62
EXX,2025-12-31,20118.86
EXX,2026-01-01,20027.11
EXX,2026-01-02,19837.65
EXX,2026-01-05,19203.22
EXX,2026-01-06,19390.64
EXX,2026-01-07,19574.57
EXX,2026-01-08,20047.3
EXX,2026-01-09,20222.32
EXX,2026-01-12,19906.87
EXX,2026-01-13,19092.84
EXX,2026-01-14,19432.91
EXX,2026-01-15,19738.32
EXX,2026-01-16,18973.8
EXX,2026-01-19,19607.11
EXX,2026-01-20,19112.52
EXX,2026-01-21,19022.34
EXX,2026-01-22,18811.44
EXX,2026-01-23,19020.82
EXX,2026-01-26,18669.61
EXX,2026-01-27,18565.88
EXX,2026-01-28,17973.29
EXX,2026-01-29,17338.98
EXX,2026-01-30,17508.99
EXX,2026-02-02,16894.13
EXX,2026-02-03,16980.2
EXX,2026-02-04,17593.68
EXX,2026-02-05,17971.96
EXX,2026-02-06,18413.32
EXX,2026-02-09,18205.96
EXX,2026-02-10,18279.79
EXX,2026-02-11,18360.75
EXX,2026-02-12,18245.07
EXX,2026-02-13,18104.58
EXX,2026-02-16,18692.99
EXX,2026-02-17,18735.21
EXX,2026-02-18,18754.17
EXX,2026-02-19,18682.17
EXX,2026-02-20,18629.71
EXX,2026-02-23,18759.54
EXX,2026-02-24,18390.54
EXX,2026-02-25,19068.62
EXX,2026-02-26,19318.6
EXX,2026-02-27,18546.25
EXX,2026-03-02,17976.85
EXX,2026-03-03,17042.83
EXX,2026-03-04,16777.55
EXX,2026-03-05,16993.82
EXX,2026-03-06,16994.69
EXX,2026-03-09,16887.43
EXX,2026-03-10,16672.18
EXX,2026-03-11,16046.08
EXX,2026-03-12,15580.33
EXX,2026-03-13,15737.76
EXX,2026-03-16,15734.19
EXX,2026-03-17,16013.62
EXX,2026-03-18,16192.02
EXX,2026-03-19,16160.46
EXX,2026-03-20,15800.66
EXX,2026-03-23,16106.91
EXX,2026-03-24,16253.96
EXX,2026-03-25,15992.0
EXX,2026-03-26,16433.07
EXX,2026-03-27,16194.25
EXX,2026-03-30,15828.31
EXX,2026-03-31,16149.45
EXX,2026-04-01,15402.38
EXX,2026-04-02,15411.28
EXX,2026-04-03,15071.55
EXX,2026-04-06,14929.63
EXX,2026-04-07,14630.51
EXX,2026-04-08,14872.16
EXX,2026-04-09,14675.16
EXX,2026-04-10,14642.27
EXX,2026-04-13,14923.86
EXX,2026-04-14,15186.71
EXX,2026-04-15,14844.1
EXX,2026-04-16,15235.0
EXX,2026-04-17,15246.85
EXX,2026-04-20,15700.53
EXX,2026-04-21,15840.9
EXX,2026-04-22,15758.49
EXX,2026-04-23,16455.98
EXX,2026-04-24,16774.76
EXX,2026-04-27,17156.83
EXX,2026-04-28,16895.25
EXX,2026-04-29,16879.46
EXX,2026-04-30,16943.4
EXX,2026-05-01,16869.12
EXX,2026-05-04,16317.45
EXX,2026-05-05,16436.46
EXX,2026-05-06,16138.67
EXX,2026-05-07,16754.34
EXX,2026-05-08,16735.14
EXX,2026-05-11,16658.38
EXX,2026-05-12,16967.94
EXX,2026-05-13,16662.22
EXX,2026-05-14,16505.78
EXX,2026-05-15,16611.64
EXX,2026-05-18,16966.49
EXX,2026-05-19,16857.86
EXX,2026-05-20,17013.61
EXX,2026-05-21,17357.06
EXX,2026-05-22,17230.9
EXX,2026-05-25,16815.6
EXX,2026-05-26,17518.79
EXX,2026-05-27,17032.44
EXX,2026-05-28,17051.98
EXX,2026-05-29,17279.05
EXX,2026-06-01,17539.8
EXX,2026-06-02,17599.38
EXX,2026-06-03,18452.79
EXX,2026-06-04,18650.4
EXX,2026-06-05,19176.39
EXX,2026-06-08,19225.6
EXX,2026-06-09,19554.46
EXX,2026-06-10,19009.0
EXX,2026-06-11,19328.5
EXX,2026-06-12,19299.72
EXX,2026-06-15,19923.17
EXX,2026-06-16,19459.61
EXX,2026-06-17,19684.33
EXX,2026-06-18,19758.43
EXX,2026-06-19,20262.59
EXX,2026-06-22,20421.3
EXX,2026-06-23,19579.15
EXX,2026-06-24,18817.0
EXX,2026-06-25,19244.07
EXX,2026-06-26,18500.93
EXX,2026-06-29,18132.92
EXX,2026-06-30,18128.5
EXX,2026-07-01,18751.4
EXX,2026-07-02,18313.75
EXX,2026-07-03,18434.34
EXX,2026-07-06,19396.89
EXX,2026-07-07,19547.03
EXX,2026-07-08,19529.88
EXX,2026-07-09,20209.01
EXX,2026-07-10,19707.72
EXX,2026-07-13,19689.28
EXX,2026-07-14,19266.05
EXX,2026-07-15,19456.21
EXX,2026-07-16,19743.49
EXX,2026-07-17,20490.12
EXX,2026-07-20,20817.24
EXX,2026-07-21,20612.85
EXX,2026-07-22,20334.75
EXX,2026-07-23,20346.53
EXX,2026-07-24,21320.33
EXX,2026-07-27,20477.27
EXX,2026-07-28,22003.73
EXX,2026-07-29,21752.28
EXX,2026-07-30,21770.95
EXX,2026-07-31,21952.49
BVT,2025-11-14,27107.43
BVT,2025-11-17,27204.96
BVT,2025-11-18,26745.7
BVT,2025-11-19,26739.42
BVT,2025-11-20,26437.36
BVT,2025-11-21,27240.28
BVT,2025-11-24,26493.45
BVT,2025-11-25,26984.91
BVT,2025-11-26,27187.41
BVT,2025-11-27,26895.53
BVT,2025-11-28,27901.49
BVT,2025-12-01,28071.31
BVT,2025-12-02,28585.74
BVT,2025-12-03,28721.9
BVT,2025-12-04,28806.41
BVT,2025-12-05,28735.72
BVT,2025-12-08,28610.06
BVT,2025-12-09,28232.95
BVT,2025-12-10,27765.16
BVT,2025-12-11,27808.15
BVT,2025-12-12,27553.53
BVT,2025-12-15,27131.49
BVT,2025-12-16,27307.23
BVT,2025-12-17,26977.81
BVT,2025-12-18,27611.3
BVT,2025-12-19,27530.25
BVT,2025-12-22,28430.59
BVT,2025-12-23,27247.92
BVT,2025-12-24,27232.66
BVT,2025-12-25,27022.82
BVT,2025-12-26,26567.58
BVT,2025-12-29,27031.11
BVT,2025-12-30,26492.89
BVT,2025-12-31,26417.04
BVT,2026-01-01,26344.22
BVT,2026-01-02,26345.99
BVT,2026-01-05,26395.15
BVT,2026-01-06,26208.38
BVT,2026-01-07,26602.36
BVT,2026-01-08,26975.8
BVT,2026-01-09,26403.45
BVT,2026-01-12,25867.91
BVT,2026-01-13,25987.67
BVT,2026-01-14,25954.48
BVT,2026-01-15,25875.95
BVT,2026-01-16,25044.14
BVT,2026-01-19,24887.03
BVT,2026-01-20,24837.08
BVT,2026-01-21,24052.26
BVT,2026-01-22,23846.32
BVT,2026-01-23,23706.17
BVT,2026-01-26,24033.82
BVT,2026-01-27,24140.94
BVT,2026-01-28,23677.56
BVT,2026-01-29,24159.72
BVT,2026-01-30,25019.03
BVT,2026-02-02,24903.77
BVT,2026-02-03,25375.24
BVT,2026-02-04,25970.75
BVT,2026-02-05,25902.3
BVT,2026-02-06,26044.23
BVT,2026-02-09,26445.01
BVT,2026-02-10,26389.89
BVT,2026-02-11,26347.79
BVT,2026-02-12,26357.14
BVT,2026-02-13,26101.27
BVT,2026-02-16,26654.04
BVT,2026-02-17,26057.39
BVT,2026-02-18,26066.47
BVT,2026-02-19,26817.06
BVT,2026-02-20,27173.7
BVT,2026-02-23,26837.39
BVT,2026-02-24,26928.4
BVT,2026-02-25,27319.41
BVT,2026-02-26,28382.42
BVT,2026-02-27,27999.62
BVT,2026-03-02,27308.0
BVT,2026-03-03,27249.77
BVT,2026-03-04,27875.94
BVT,2026-03-05,27868.94
BVT,2026-03-06,27550.36
BVT,2026-03-09,28031.55
BVT,2026-03-10,28189.18
BVT,2026-03-11,28334.03
BVT,2026-03-12,27332.08
BVT,2026-03-13,28249.57
BVT,2026-03-16,28087.9
BVT,2026-03-17,27964.02
BVT,2026-03-18,28412.93
BVT,2026-03-19,28716.85
BVT,2026-03-20,28640.4
BVT,2026-03-23,28732.49
BVT,2026-03-24,28734.24
BVT,2026-03-25,28643.86
BVT,2026-03-26,28093.91
BVT,2026-03-27,27502.54
BVT,2026-03-30,27065.36
BVT,2026-03-31,26948.59
BVT,2026-04-01,26808.13
BVT,2026-04-02,25879.36
BVT,2026-04-03,25879.18
BVT,2026-04-06,25062.73
BVT,2026-04-07,25094.53
BVT,2026-04-08,25293.7
BVT,2026-04-09,25370.23
BVT,2026-04-10,25176.31
BVT,2026-04-13,25074.09
BVT,2026-04-14,24676.84
BVT,2026-04-15,24449.98
BVT,2026-04-16,24563.51
BVT,2026-04-17,24337.97
BVT,2026-04-20,24816.74
BVT,2026-04-21,24656.83
BVT,2026-04-22,23943.46
BVT,2026-04-23,24123.19
BVT,2026-04-24,25242.38
BVT,2026-04-27,25608.32
BVT,2026-04-28,25616.6
BVT,2026-04-29,25262.32
BVT,2026-04-30,24855.66
BVT,2026-05-01,25284.17
BVT,2026-05-04,25008.64
BVT,2026-05-05,24790.18
BVT,2026-05-06,24474.95
BVT,2026-05-07,24450.85
BVT,2026-05-08,24713.35
BVT,2026-05-11,24677.3
BVT,2026-05-12,24471.51
BVT,2026-05-13,24857.01
BVT,2026-05-14,25114.28
BVT,2026-05-15,25342.15
BVT,2026-05-18,25364.94
BVT,2026-05-19,24806.56
BVT,2026-05-20,24728.92
BVT,2026-05-21,24975.65
BVT,2026-05-22,25134.52
BVT,2026-05-25,25473.47
BVT,2026-05-26,26227.0
BVT,2026-05-27,25049.17
BVT,2026-05-28,25338.67
BVT,2026-05-29,25255.18
BVT,2026-06-01,24785.26
BVT,2026-06-02,25172.57
BVT,2026-06-03,25835.9
BVT,2026-06-04,25912.45
BVT,2026-06-05,25913.03
BVT,2026-06-08,25861.71
BVT,2026-06-09,25969.12
BVT,2026-06-10,25806.91
BVT,2026-06-11,25425.02
BVT,2026-06-12,24841.5
BVT,2026-06-15,25163.83
BVT,2026-06-16,24710.15
BVT,2026-06-17,24282.18
BVT,2026-06-18,24422.83
BVT,2026-06-19,25163.2
BVT,2026-06-22,25090.56
BVT,2026-06-23,24995.38
BVT,2026-06-24,25383.04
BVT,2026-06-25,25377.06
BVT,2026-06-26,24391.89
BVT,2026-06-29,24802.67
BVT,2026-06-30,24469.68
BVT,2026-07-01,24802.31
BVT,2026-07-02,24420.52
BVT,2026-07-03,24770.64
BVT,2026-07-06,24595.57
BVT,2026-07-07,24603.15
BVT,2026-07-08,25097.95
BVT,2026-07-09,25000.74
BVT,2026-07-10,25385.14
BVT,2026-07-13,25578.08
BVT,2026-07-14,25919.29
BVT,2026-07-15,25757.92
BVT,2026-07-16,25430.94
BVT,2026-07-17,25917.19
BVT,2026-07-20,26077.41
BVT,2026-07-21,25793.97
BVT,2026-07-22,26224.61
BVT,2026-07-23,26331.69
BVT,2026-07-24,26986.73
BVT,2026-07-27,27158.3
BVT,2026-07-28,27760.46
BVT,2026-07-29,26665.96
BVT,2026-07-30,26552.39
BVT,2026-07-31,26627.01
REM,2025-11-14,14033.65
REM,2025-11-17,14031.35
REM,2025-11-18,14528.01
REM,2025-11-19,14505.3
REM,2025-11-20,14688.5
REM,2025-11-21,15256.91
REM,2025-11-24,15019.16
REM,2025-11-25,15206.91
REM,2025-11-26,14698.62
REM,2025-11-27,14421.68
REM,2025-11-28,15151.02
REM,2025-12-01,15082.93
REM,2025-12-02,15214.19
REM,2025-12-03,14953.29
REM,2025-12-04,14900.05
REM,2025-12-05,14811.32
REM,2025-12-08,14232.0
REM,2025-12-09,14130.22
REM,2025-12-10,13733.06
REM,2025-12-11,13647.92
REM,2025-12-12,13906.5
REM,2025-12-15,14088.63
REM,2025-12-16,14372.02
REM,2025-12-17,14191.81
REM,2025-12-18,14530.43
REM,2025-12-19,14366.55
REM,2025-12-22,14525.2
REM,2025-12-23,14569.01
REM,2025-12-24,14562.88
REM,2025-12-25,14726.62
REM,2025-12-26,14700.9
REM,2025-12-29,15025.02
REM,2025-12-30,14795.4
REM,2025-12-31,14616.22
REM,2026-01-01,14599.76
REM,2026-01-02,14078.48
REM,2026-01-05,14284.73
REM,2026-01-06,14555.23
REM,2026-01-07,14775.66
REM,2026-01-08,14753.63
REM,2026-01-09,14961.63
REM,2026-01-12,14802.0
REM,2026-01-13,14938.37
REM,2026-01-14,14904.58
REM,2026-01-15,14612.73
REM,2026-01-16,14233.28
REM,2026-01-19,14039.68
REM,2026-01-20,14123.78
REM,2026-01-21,13586.82
REM,2026-01-22,13424.96
REM,2026-01-23,13388.93
REM,2026-01-26,13527.61
REM,2026-01-27,13367.78
REM,2026-01-28,13269.29
REM,2026-01-29,13294.67
REM,2026-01-30,13216.48
REM,2026-02-02,13196.19
REM,2026-02-03,13176.81
REM,2026-02-04,13243.57
REM,2026-02-05,13053.62
REM,2026-02-06,13184.65
REM,2026-02-09,13544.25
REM,2026-02-10,13461.05
REM,2026-02-11,13615.58
REM,2026-02-12,13437.42
REM,2026-02-13,13620.26
REM,2026-02-16,13672.86
REM,2026-02-17,13721.89
REM,2026-02-18,13736.73
REM,2026-02-19,13710.57
REM,2026-02-20,13698.38
REM,2026-02-23,14021.26
REM,2026-02-24,14063.25
REM,2026-02-25,14218.34
REM,2026-02-26,14701.69
REM,2026-02-27,14596.31
REM,2026-03-02,14598.97
REM,2026-03-03,14391.72
REM,2026-03-04,14352.93
REM,2026-03-05,14450.46
REM,2026-03-06,14371.47
REM,2026-03-09,14490.0
REM,2026-03-10,14705.24
REM,2026-03-11,14764.72
REM,2026-03-12,14588.95
REM,2026-03-13,14851.13
REM,2026-03-16,15080.15
REM,2026-03-17,15283.65
REM,2026-03-18,15626.05
REM,2026-03-19,15615.45
REM,2026-03-20,15480.78
REM,2026-03-23,15621.39
REM,2026-03-24,15489.89
REM,2026-03-25,15152.3
REM,2026-03-26,15578.81
REM,2026-03-27,15488.59
REM,2026-03-30,15369.55
REM,2026-03-31,15632.65
REM,2026-04-01,16025.27
REM,2026-04-02,15709.0
REM,2026-04-03,15947.03
REM,2026-04-06,16097.99
REM,2026-04-07,15924.58
REM,2026-04-08,16027.91
REM,2026-04-09,16206.49
REM,2026-04-10,16063.46
REM,2026-04-13,15947.63
REM,2026-04-14,16070.52
REM,2026-04-15,16300.53
REM,2026-04-16,16069.02
REM,2026-04-17,16296.93
REM,2026-04-20,16227.38
REM,2026-04-21,16356.75
REM,2026-04-22,16353.69
REM,2026-04-23,16653.47
REM,2026-04-24,16935.13
REM,2026-04-27,16953.7
REM,2026-04-28,17226.93
REM,2026-04-29,16983.4
REM,2026-04-30,17284.97
REM,2026-05-01,17529.75
REM,2026-05-04,17473.44
REM,2026-05-05,16879.03
REM,2026-05-06,17190.17
REM,2026-05-07,17396.24
REM,2026-05-08,17610.55
REM,2026-05-11,17755.22
REM,2026-05-12,18085.2
REM,2026-05-13,18268.96
REM,2026-05-14,18214.3
REM,2026-05-15,18090.83
REM,2026-05-18,17948.27
REM,2026-05-19,17608.23
REM,2026-05-20,17535.63
REM,2026-05-21,18069.92
REM,2026-05-22,18215.36
REM,2026-05-25,18523.51
REM,2026-05-26,18920.28
REM,2026-05-27,18314.17
REM,2026-05-28,18808.92
REM,2026-05-29,18670.45
REM,2026-06-01,18761.44
REM,2026-06-02,18915.12
REM,2026-06-03,19719.26
REM,2026-06-04,19743.44
REM,2026-06-05,19666.64
REM,2026-06-08,19775.44
REM,2026-06-09,20084.33
REM,2026-06-10,19765.1
REM,2026-06-11,19564.17
REM,2026-06-12,19093.92
REM,2026-06-15,19540.48
REM,2026-06-16,19623.17
REM,2026-06-17,19680.26
REM,2026-06-18,20049.17
REM,2026-06-19,20047.81
REM,2026-06-22,19704.19
REM,2026-06-23,19499.72
REM,2026-06-24,19507.84
REM,2026-06-25,20008.76
REM,2026-06-26,19814.87
REM,2026-06-29,20106.34
REM,2026-06-30,20176.85
REM,2026-07-01,20241.32
REM,2026-07-02,20108.46
REM,2026-07-03,20224.51
REM,2026-07-06,20284.76
REM,2026-07-07,20356.24
REM,2026-07-08,20317.97
REM,2026-07-09,20656.5
REM,2026-07-10,20884.98
REM,2026-07-13,20833.52
REM,2026-07-14,21060.99
REM,2026-07-15,20907.11
REM,2026-07-16,20869.41
REM,2026-07-17,21342.12
REM,2026-07-20,21147.73
REM,2026-07-21,21064.92
REM,2026-07-22,20749.38
REM,2026-07-23,21124.51
REM,2026-07-24,21331.81
REM,2026-07-27,21090.19
REM,2026-07-28,21381.79
REM,2026-07-29,21273.21
REM,2026-07-30,21032.79
REM,2026-07-31,21071.22
DSY,2025-11-14,17134.78
DSY,2025-11-17,17201.9
DSY,2025-11-18,17587.12
DSY,2025-11-19,17394.59
DSY,2025-11-20,17825.6
DSY,2025-11-21,18096.51
DSY,2025-11-24,17409.58
DSY,2025-11-25,17401.01
DSY,2025-11-26,17224.1
DSY,2025-11-27,16432.6
DSY,2025-11-28,16111.44
DSY,2025-12-01,16314.41
DSY,2025-12-02,16305.92
DSY,2025-12-03,16288.47
DSY,2025-12-04,16417.11
DSY,2025-12-05,16341.25
DSY,2025-12-08,16255.46
DSY,2025-12-09,16180.38
DSY,2025-12-10,16193.96
DSY,2025-12-11,16046.88
DSY,2025-12-12,16063.83
DSY,2025-12-15,15848.1
DSY,2025-12-16,15981.27
DSY,2025-12-17,15985.88
DSY,2025-12-18,16010.38
DSY,2025-12-19,16039.93
DSY,2025-12-22,15926.36
DSY,2025-12-23,15891.78
DSY,2025-12-24,15988.31
DSY,2025-12-25,15906.02
DSY,2025-12-26,15820.6
DSY,2025-12-29,15890.64
DSY,2025-12-30,15631.6
DSY,2025-12-31,15056.61
DSY,2026-01-01,15342.88
DSY,2026-01-02,15377.07
DSY,2026-01-05,15338.75
DSY,2026-01-06,15243.82
DSY,2026-01-07,15107.44
DSY,2026-01-08,15065.29
DSY,2026-01-09,15164.65
DSY,2026-01-12,14837.15
DSY,2026-01-13,14330.5
DSY,2026-01-14,14616.34
DSY,2026-01-15,14465.38
DSY,2026-01-16,13928.65
DSY,2026-01-19,14073.23
DSY,2026-01-20,14435.92
DSY,2026-01-21,14176.72
DSY,2026-01-22,13927.06
DSY,2026-01-23,13643.11
DSY,2026-01-26,13831.31
DSY,2026-01-27,14545.99
DSY,2026-01-28,14392.61
DSY,2026-01-29,14136.85
DSY,2026-01-30,14327.38
DSY,2026-02-02,14593.73
DSY,2026-02-03,14720.66
DSY,2026-02-04,14953.7
DSY,2026-02-05,15025.85
DSY,2026-02-06,15187.31
DSY,2026-02-09,15047.98
DSY,2026-02-10,14994.33
DSY,2026-02-11,14442.66
DSY,2026-02-12,14587.58
DSY,2026-02-13,14780.96
DSY,2026-02-16,15509.53
DSY,2026-02-17,15460.97
DSY,2026-02-18,15724.25
DSY,2026-02-19,15838.73
DSY,2026-02-20,15240.1
DSY,2026-02-23,15549.93
DSY,2026-02-24,16146.84
DSY,2026-02-25,16379.38
DSY,2026-02-26,16470.85
DSY,2026-02-27,16581.97
DSY,2026-03-02,17096.3
DSY,2026-03-03,17190.15
DSY,2026-03-04,17569.7
DSY,2026-03-05,17940.57
DSY,2026-03-06,17779.17
DSY,2026-03-09,17839.16
DSY,2026-03-10,18132.48
DSY,2026-03-11,17666.64
DSY,2026-03-12,17195.56
DSY,2026-03-13,17350.62
DSY,2026-03-16,17353.27
DSY,2026-03-17,17076.07
DSY,2026-03-18,17539.53
DSY,2026-03-19,17626.9
DSY,2026-03-20,17451.76
DSY,2026-03-23,17427.61
DSY,2026-03-24,17351.58
DSY,2026-03-25,16770.16
DSY,2026-03-26,16478.9
DSY,2026-03-27,16632.69
DSY,2026-03-30,16224.39
DSY,2026-03-31,15808.48
DSY,2026-04-01,15796.92
DSY,2026-04-02,15794.01
DSY,2026-04-03,15712.55
DSY,2026-04-06,15705.89
DSY,2026-04-07,15950.36
DSY,2026-04-08,16004.31
DSY,2026-04-09,16039.15
DSY,2026-04-10,15561.35
DSY,2026-04-13,15898.26
DSY,2026-04-14,15926.26
DSY,2026-04-15,15776.67
DSY,2026-04-16,15654.45
DSY,2026-04-17,15497.28
DSY,2026-04-20,15730.89
DSY,2026-04-21,15750.82
DSY,2026-04-22,15426.34
DSY,2026-04-23,15335.39
DSY,2026-04-24,15632.41
DSY,2026-04-27,15771.77
DSY,2026-04-28,15647.6
DSY,2026-04-29,15353.2
DSY,2026-04-30,15060.93
DSY,2026-05-01,15132.8
DSY,2026-05-04,14810.1
DSY,2026-05-05,14755.71
DSY,2026-05-06,14914.91
DSY,2026-05-07,14804.83
DSY,2026-05-08,14959.63
DSY,2026-05-11,14841.61
DSY,2026-05-12,14930.66
DSY,2026-05-13,14781.28
DSY,2026-05-14,15066.01
DSY,2026-05-15,14779.47
DSY,2026-05-18,14981.29
DSY,2026-05-19,15092.22
DSY,2026-05-20,14646.65
DSY,2026-05-21,14984.94
DSY,2026-05-22,14986.7
DSY,2026-05-25,15505.97
DSY,2026-05-26,15273.74
DSY,2026-05-27,15092.6
DSY,2026-05-28,15227.62
DSY,2026-05-29,14967.47
DSY,2026-06-01,15381.99
DSY,2026-06-02,15453.11
DSY,2026-06-03,15273.33
DSY,2026-06-04,15102.45
DSY,2026-06-05,15822.81
DSY,2026-06-08,15990.56
DSY,2026-06-09,16240.86
DSY,2026-06-10,15896.43
DSY,2026-06-11,15676.95
DSY,2026-06-12,15555.67
DSY,2026-06-15,15899.21
DSY,2026-06-16,15845.15
DSY,2026-06-17,15603.67
DSY,2026-06-18,15279.09
DSY,2026-06-19,14949.42
DSY,2026-06-22,15097.75
DSY,2026-06-23,14683.86
DSY,2026-06-24,14681.24
DSY,2026-06-25,14601.63
DSY,2026-06-26,14672.38
DSY,2026-06-29,14800.13
DSY,2026-06-30,15029.48
DSY,2026-07-01,15183.02
DSY,2026-07-02,15002.9
DSY,2026-07-03,15221.39
DSY,2026-07-06,15175.41
DSY,2026-07-07,14791.93
DSY,2026-07-08,14680.1
DSY,2026-07-09,15166.53
DSY,2026-07-10,14874.42
DSY,2026-07-13,14986.04
DSY,2026-07-14,15196.74
DSY,2026-07-15,15389.96
DSY,2026-07-16,15423.37
DSY,2026-07-17,15765.04
DSY,2026-07-20,15717.77
DSY,2026-07-21,15241.83
DSY,2026-07-22,15147.42
DSY,2026-07-23,15488.84
DSY,2026-07-24,15779.58
DSY,2026-07-27,15883.02
DSY,2026-07-28,15743.17
DSY,2026-07-29,15815.9
DSY,2026-07-30,15783.6
DSY,2026-07-31,16065.56
SLM,2025-11-14,8326.93
SLM,2025-11-17,8416.56
SLM,2025-11-18,8341.07
SLM,2025-11-19,8493.71
SLM,2025-11-20,8428.1
SLM,2025-11-21,8498.91
SLM,2025-11-24,8429.24
SLM,2025-11-25,8570.98
SLM,2025-11-26,8386.02
SLM,2025-11-27,8463.78
SLM,2025-11-28,8863.87
SLM,2025-12-01,8982.11
SLM,2025-12-02,8810.87
SLM,2025-12-03,8780.72
SLM,2025-12-04,8740.1
SLM,2025-12-05,8806.82
SLM,2025-12-08,8727.46
SLM,2025-12-09,8633.48
SLM,2025-12-10,8583.42
SLM,2025-12-11,8495.76
SLM,2025-12-12,8270.67
SLM,2025-12-15,8281.17
SLM,2025-12-16,8260.3
SLM,2025-12-17,8204.48
SLM,2025-12-18,8224.69
SLM,2025-12-19,8340.53
SLM,2025-12-22,8400.43
SLM,2025-12-23,8443.58
SLM,2025-12-24,8341.64
SLM,2025-12-25,8450.28
SLM,2025-12-26,8248.91
SLM,2025-12-29,8370.44
SLM,2025-12-30,8330.6
SLM,2025-12-31,8210.1
SLM,2026-01-01,8282.44
SLM,2026-01-02,8315.29
SLM,2026-01-05,8436.09
SLM,2026-01-06,8407.62
SLM,2026-01-07,8513.45
SLM,2026-01-08,8591.19
SLM,2026-01-09,8682.27
SLM,2026-01-12,8546.39
SLM,2026-01-13,8616.33
SLM,2026-01-14,8634.47
SLM,2026-01-15,8506.39
SLM,2026-01-16,8110.88
SLM,2026-01-19,8345.93
SLM,2026-01-20,8280.11
SLM,2026-01-21,8041.41
SLM,2026-01-22,8019.51
SLM,2026-01-23,7990.48
SLM,2026-01-26,7884.81
SLM,2026-01-27,7887.66
SLM,2026-01-28,7749.16
SLM,2026-01-29,7841.39
SLM,2026-01-30,7919.2
SLM,2026-02-02,7858.0
SLM,2026-02-03,7906.06
SLM,2026-02-04,7787.83
SLM,2026-02-05,7712.32
SLM,2026-02-06,7706.82
SLM,2026-02-09,7760.5
SLM,2026-02-10,7760.17
SLM,2026-02-11,7748.79
SLM,2026-02-12,7673.74
SLM,2026-02-13,7596.63
SLM,2026-02-16,7601.12
SLM,2026-02-17,7664.98
SLM,2026-02-18,7563.17
SLM,2026-02-19,7734.5
SLM,2026-02-20,7659.11
SLM,2026-02-23,7618.87
SLM,2026-02-24,7622.35
SLM,2026-02-25,7574.89
SLM,2026-02-26,7687.89
SLM,2026-02-27,7493.73
SLM,2026-03-02,7470.51
SLM,2026-03-03,7307.32
SLM,2026-03-04,7468.19
SLM,2026-03-05,7520.39
SLM,2026-03-06,7467.67
SLM,2026-03-09,7567.08
SLM,2026-03-10,7658.99
SLM,2026-03-11,7507.05
SLM,2026-03-12,7292.97
SLM,2026-03-13,7277.15
SLM,2026-03-16,7350.56
SLM,2026-03-17,7443.28
SLM,2026-03-18,7557.76
SLM,2026-03-19,7643.01
SLM,2026-03-20,7565.67
SLM,2026-03-23,7444.1
SLM,2026-03-24,7497.32
SLM,2026-03-25,7283.26
SLM,2026-03-26,7258.55
SLM,2026-03-27,7110.94
SLM,2026-03-30,6997.22
SLM,2026-03-31,7187.08
SLM,2026-04-01,7344.06
SLM,2026-04-02,7299.18
SLM,2026-04-03,7385.02
SLM,2026-04-06,7344.04
SLM,2026-04-07,7368.75
SLM,2026-04-08,7412.17
SLM,2026-04-09,7574.34
SLM,2026-04-10,7586.39
SLM,2026-04-13,7709.85
SLM,2026-04-14,7745.97
SLM,2026-04-15,7681.02
SLM,2026-04-16,7562.7
SLM,2026-04-17,7635.67
SLM,2026-04-20,7739.99
SLM,2026-04-21,7799.47
SLM,2026-04-22,7798.42
SLM,2026-04-23,7752.2
SLM,2026-04-24,7835.75
SLM,2026-04-27,7759.96
SLM,2026-04-28,7794.72
SLM,2026-04-29,7827.1
SLM,2026-04-30,7938.88
SLM,2026-05-01,8003.08
SLM,2026-05-04,8127.42
SLM,2026-05-05,7997.57
SLM,2026-05-06,8190.36
SLM,2026-05-07,8269.03
SLM,2026-05-08,8373.66
SLM,2026-05-11,8254.39
SLM,2026-05-12,8156.06
SLM,2026-05-13,8152.31
SLM,2026-05-14,8307.44
SLM,2026-05-15,8331.58
SLM,2026-05-18,8453.29
SLM,2026-05-19,8435.1
SLM,2026-05-20,8484.32
SLM,2026-05-21,8704.39
SLM,2026-05-22,8695.95
SLM,2026-05-25,8676.48
SLM,2026-05-26,8838.3
SLM,2026-05-27,8628.73
SLM,2026-05-28,8864.23
SLM,2026-05-29,8800.36
SLM,2026-06-01,8586.98
SLM,2026-06-02,8705.91
SLM,2026-06-03,8882.99
SLM,2026-06-04,8863.17
SLM,2026-06-05,8804.86
SLM,2026-06-08,8986.43
SLM,2026-06-09,9007.99
SLM,2026-06-10,9141.04
SLM,2026-06-11,9007.68
SLM,2026-06-12,8805.92
SLM,2026-06-15,8913.81
SLM,2026-06-16,8982.44
SLM,2026-06-17,8886.68
SLM,2026-06-18,8876.37
SLM,2026-06-19,8854.97
SLM,2026-06-22,8890.64
SLM,2026-06-23,8783.29
SLM,2026-06-24,8914.97
SLM,2026-06-25,9083.69
SLM,2026-06-26,8933.71
SLM,2026-06-29,8907.85
SLM,2026-06-30,8997.29
SLM,2026-07-01,8951.01
SLM,2026-07-02,9020.02
SLM,2026-07-03,9003.29
SLM,2026-07-06,8846.08
SLM,2026-07-07,8884.62
SLM,2026-07-08,8940.71
SLM,2026-07-09,9009.57
SLM,2026-07-10,9057.39
SLM,2026-07-13,9044.67
SLM,2026-07-14,9314.01
SLM,2026-07-15,9159.86
SLM,2026-07-16,8979.69
SLM,2026-07-17,9139.06
SLM,2026-07-20,9138.68
SLM,2026-07-21,8902.31
SLM,2026-07-22,8644.23
SLM,2026-07-23,8689.02
SLM,2026-07-24,8575.24
SLM,2026-07-27,8430.01
SLM,2026-07-28,8891.25
SLM,2026-07-29,9043.17
SLM,2026-07-30,9196.08
SLM,2026-07-31,9455.43
OMU,2025-11-14,1234.94
OMU,2025-11-17,1279.91
OMU,2025-11-18,1282.75
OMU,2025-11-19,1307.26
OMU,2025-11-20,1277.73
OMU,2025-11-21,1284.67
OMU,2025-11-24,1270.22
OMU,2025-11-25,1273.12
OMU,2025-11-26,1270.46
OMU,2025-11-27,1268.68
OMU,2025-11-28,1340.65
OMU,2025-12-01,1342.59
OMU,2025-12-02,1343.33
OMU,2025-12-03,1334.31
OMU,2025-12-04,1364.87
OMU,2025-12-05,1327.9
OMU,2025-12-08,1285.69
OMU,2025-12-09,1268.67
OMU,2025-12-10,1252.47
OMU,2025-12-11,1231.92
OMU,2025-12-12,1192.97
OMU,2025-12-15,1163.84
OMU,2025-12-16,1179.79
OMU,2025-12-17,1166.89
OMU,2025-12-18,1162.24
OMU,2025-12-19,1164.71
OMU,2025-12-22,1185.35
OMU,2025-12-23,1194.9
OMU,2025-12-24,1203.84
OMU,2025-12-25,1219.75
OMU,2025-12-26,1243.41
OMU,2025-12-29,1273.72
OMU,2025-12-30,1264.87
OMU,2025-12-31,1220.43
OMU,2026-01-01,1213.51
OMU,2026-01-02,1212.62
OMU,2026-01-05,1218.17
OMU,2026-01-06,1207.24
OMU,2026-01-07,1218.01
OMU,2026-01-08,1230.75
OMU,2026-01-09,1234.32
OMU,2026-01-12,1269.93
OMU,2026-01-13,1239.71
OMU,2026-01-14,1225.55
OMU,2026-01-15,1202.79
OMU,2026-01-16,1178.63
OMU,2026-01-19,1190.05
OMU,2026-01-20,1164.54
OMU,2026-01-21,1150.98
OMU,2026-01-22,1150.64
OMU,2026-01-23,1143.03
OMU,2026-01-26,1150.84
OMU,2026-01-27,1183.13
OMU,2026-01-28,1171.72
OMU,2026-01-29,1159.63
OMU,2026-01-30,1162.38
OMU,2026-02-02,1115.95
OMU,2026-02-03,1142.82
OMU,2026-02-04,1145.65
OMU,2026-02-05,1123.64
OMU,2026-02-06,1169.52
OMU,2026-02-09,1192.86
OMU,2026-02-10,1188.89
OMU,2026-02-11,1149.81
OMU,2026-02-12,1150.19
OMU,2026-02-13,1130.88
OMU,2026-02-16,1135.32
OMU,2026-02-17,1162.15
OMU,2026-02-18,1147.7
OMU,2026-02-19,1173.77
OMU,2026-02-20,1138.7
OMU,2026-02-23,1143.43
OMU,2026-02-24,1155.0
OMU,2026-02-25,1147.51
OMU,2026-02-26,1158.96
OMU,2026-02-27,1150.32
OMU,2026-03-02,1142.12
OMU,2026-03-03,1132.82
OMU,2026-03-04,1141.17
OMU,2026-03-05,1148.01
OMU,2026-03-06,1154.3
OMU,2026-03-09,1173.02
OMU,2026-03-10,1174.71
OMU,2026-03-11,1164.79
OMU,2026-03-12,1151.54
OMU,2026-03-13,1157.55
OMU,2026-03-16,1138.34
OMU,2026-03-17,1127.84
OMU,2026-03-18,1171.24
OMU,2026-03-19,1156.81
OMU,2026-03-20,1157.59
OMU,2026-03-23,1144.12
OMU,2026-03-24,1131.0
OMU,2026-03-25,1117.84
OMU,2026-03-26,1135.23
OMU,2026-03-27,1135.89
OMU,2026-03-30,1145.51
OMU,2026-03-31,1146.54
OMU,2026-04-01,1156.19
OMU,2026-04-02,1125.6
OMU,2026-04-03,1119.77
OMU,2026-04-06,1095.13
OMU,2026-04-07,1094.13
OMU,2026-04-08,1113.66
OMU,2026-04-09,1126.28
OMU,2026-04-10,1121.47
OMU,2026-04-13,1124.0
OMU,2026-04-14,1145.74
OMU,2026-04-15,1144.29
OMU,2026-04-16,1143.0
OMU,2026-04-17,1146.24
OMU,2026-04-20,1161.16
OMU,2026-04-21,1197.6
OMU,2026-04-22,1201.8
OMU,2026-04-23,1196.18
OMU,2026-04-24,1214.89
OMU,2026-04-27,1235.59
OMU,2026-04-28,1218.93
OMU,2026-04-29,1233.35
OMU,2026-04-30,1234.6
OMU,2026-05-01,1252.16
OMU,2026-05-04,1268.7
OMU,2026-05-05,1256.51
OMU,2026-05-06,1271.02
OMU,2026-05-07,1291.76
OMU,2026-05-08,1292.11
OMU,2026-05-11,1275.99
OMU,2026-05-12,1301.85
OMU,2026-05-13,1340.9
OMU,2026-05-14,1358.48
OMU,2026-05-15,1385.68
OMU,2026-05-18,1358.66
OMU,2026-05-19,1355.47
OMU,2026-05-20,1361.78
OMU,2026-05-21,1359.2
OMU,2026-05-22,1369.7
OMU,2026-05-25,1343.07
OMU,2026-05-26,1386.89
OMU,2026-05-27,1352.83
OMU,2026-05-28,1340.75
OMU,2026-05-29,1312.79
OMU,2026-06-01,1308.6
OMU,2026-06-02,1279.17
OMU,2026-06-03,1303.83
OMU,2026-06-04,1283.44
OMU,2026-06-05,1279.12
OMU,2026-06-08,1304.14
OMU,2026-06-09,1298.61
OMU,2026-06-10,1306.71
OMU,2026-06-11,1306.97
OMU,2026-06-12,1323.11
OMU,2026-06-15,1338.12
OMU,2026-06-16,1353.9
OMU,2026-06-17,1353.89
OMU,2026-06-18,1359.11
OMU,2026-06-19,1324.78
OMU,2026-06-22,1307.21
OMU,2026-06-23,1266.7
OMU,2026-06-24,1299.61
OMU,2026-06-25,1276.35
OMU,2026-06-26,1281.08
OMU,2026-06-29,1321.16
OMU,2026-06-30,1311.18
OMU,2026-07-01,1288.56
OMU,2026-07-02,1308.21
OMU,2026-07-03,1314.54
OMU,2026-07-06,1335.08
OMU,2026-07-07,1363.63
OMU,2026-07-08,1359.82
OMU,2026-07-09,1372.7
OMU,2026-07-10,1377.3
OMU,2026-07-13,1369.43
OMU,2026-07-14,1382.11
OMU,2026-07-15,1405.51
OMU,2026-07-16,1423.5
OMU,2026-07-17,1432.61
OMU,2026-07-20,1438.64
OMU,2026-07-21,1402.05
OMU,2026-07-22,1397.6
OMU,2026-07-23,1426.47
OMU,2026-07-24,1462.32
OMU,2026-07-27,1483.65
OMU,2026-07-28,1518.94
OMU,2026-07-29,1552.33
OMU,2026-07-30,1535.35
OMU,2026-07-31,1573.35
GRT,2025-11-14,1347.17
GRT,2025-11-17,1354.29
GRT,2025-11-18,1342.7
GRT,2025-11-19,1364.6
GRT,2025-11-20,1364.91
GRT,2025-11-21,1367.46
GRT,2025-11-24,1353.28
GRT,2025-11-25,1372.36
GRT,2025-11-26,1347.19
GRT,2025-11-27,1365.52
GRT,2025-11-28,1397.56
GRT,2025-12-01,1444.93
GRT,2025-12-02,1418.38
GRT,2025-12-03,1419.44
GRT,2025-12-04,1413.01
GRT,2025-12-05,1405.86
GRT,2025-12-08,1374.13
GRT,2025-12-09,1340.49
GRT,2025-12-10,1308.67
GRT,2025-12-11,1289.63
GRT,2025-12-12,1303.51
GRT,2025-12-15,1316.95
GRT,2025-12-16,1321.07
GRT,2025-12-17,1312.68
GRT,2025-12-18,1354.5
GRT,2025-12-19,1367.56
GRT,2025-12-22,1361.84
GRT,2025-12-23,1341.28
GRT,2025-12-24,1328.53
GRT,2025-12-25,1353.22
GRT,2025-12-26,1354.35
GRT,2025-12-29,1393.65
GRT,2025-12-30,1382.58
GRT,2025-12-31,1395.82
GRT,2026-01-01,1398.1
GRT,2026-01-02,1404.18
GRT,2026-01-05,1421.79
GRT,2026-01-06,1402.65
GRT,2026-01-07,1380.8
GRT,2026-01-08,1409.49
GRT,2026-01-09,1414.84
GRT,2026-01-12,1414.85
GRT,2026-01-13,1400.77
GRT,2026-01-14,1385.13
GRT,2026-01-15,1370.49
GRT,2026-01-16,1400.32
GRT,2026-01-19,1394.44
GRT,2026-01-20,1364.17
GRT,2026-01-21,1332.79
GRT,2026-01-22,1331.59
GRT,2026-01-23,1326.0
GRT,2026-01-26,1309.87
GRT,2026-01-27,1323.61
GRT,2026-01-28,1295.44
GRT,2026-01-29,1316.6
GRT,2026-01-30,1327.43
GRT,2026-02-02,1324.85
GRT,2026-02-03,1326.05
GRT,2026-02-04,1339.6
GRT,2026-02-05,1322.86
GRT,2026-02-06,1353.79
GRT,2026-02-09,1339.11
GRT,2026-02-10,1346.73
GRT,2026-02-11,1322.27
GRT,2026-02-12,1332.2
GRT,2026-02-13,1360.44
GRT,2026-02-16,1357.79
GRT,2026-02-17,1335.84
GRT,2026-02-18,1337.72
GRT,2026-02-19,1340.53
GRT,2026-02-20,1350.37
GRT,2026-02-23,1389.9
GRT,2026-02-24,1392.52
GRT,2026-02-25,1414.46
GRT,2026-02-26,1420.87
GRT,2026-02-27,1409.24
GRT,2026-03-02,1384.19
GRT,2026-03-03,1335.91
GRT,2026-03-04,1380.82
GRT,2026-03-05,1387.06
GRT,2026-03-06,1400.2
GRT,2026-03-09,1407.5
GRT,2026-03-10,1429.99
GRT,2026-03-11,1437.93
GRT,2026-03-12,1417.27
GRT,2026-03-13,1430.77
GRT,2026-03-16,1397.16
GRT,2026-03-17,1374.22
GRT,2026-03-18,1387.77
GRT,2026-03-19,1414.15
GRT,2026-03-20,1429.92
GRT,2026-03-23,1417.66
GRT,2026-03-24,1420.47
GRT,2026-03-25,1416.23
GRT,2026-03-26,1424.78
GRT,2026-03-27,1416.79
GRT,2026-03-30,1437.19
GRT,2026-03-31,1425.43
GRT,2026-04-01,1444.47
GRT,2026-04-02,1452.01
GRT,2026-04-03,1456.95
GRT,2026-04-06,1437.1
GRT,2026-04-07,1452.72
GRT,2026-04-08,1478.49
GRT,2026-04-09,1491.44
GRT,2026-04-10,1467.93
GRT,2026-04-13,1453.8
GRT,2026-04-14,1471.7
GRT,2026-04-15,1460.28
GRT,2026-04-16,1452.49
GRT,2026-04-17,1471.09
GRT,2026-04-20,1488.29
GRT,2026-04-21,1511.15
GRT,2026-04-22,1515.35
GRT,2026-04-23,1544.57
GRT,2026-04-24,1576.96
GRT,2026-04-27,1588.17
GRT,2026-04-28,1590.7
GRT,2026-04-29,1548.78
GRT,2026-04-30,1560.45
GRT,2026-05-01,1553.11
GRT,2026-05-04,1571.6
GRT,2026-05-05,1544.21
GRT,2026-05-06,1546.18
GRT,2026-05-07,1533.8
GRT,2026-05-08,1534.48
GRT,2026-05-11,1527.72
GRT,2026-05-12,1526.4
GRT,2026-05-13,1542.21
GRT,2026-05-14,1523.46
GRT,2026-05-15,1504.46
GRT,2026-05-18,1477.86
GRT,2026-05-19,1473.79
GRT,2026-05-20,1457.7
GRT,2026-05-21,1492.77
GRT,2026-05-22,1482.33
GRT,2026-05-25,1490.9
GRT,2026-05-26,1496.15
GRT,2026-05-27,1454.4
GRT,2026-05-28,1447.47
GRT,2026-05-29,1428.63
GRT,2026-06-01,1446.91
GRT,2026-06-02,1487.4
GRT,2026-06-03,1529.83
GRT,2026-06-04,1527.97
GRT,2026-06-05,1536.68
GRT,2026-06-08,1550.13
GRT,2026-06-09,1564.23
GRT,2026-06-10,1570.38
GRT,2026-06-11,1606.16
GRT,2026-06-12,1615.24
GRT,2026-06-15,1637.43
GRT,2026-06-16,1663.39
GRT,2026-06-17,1648.86
GRT,2026-06-18,1659.6
GRT,2026-06-19,1647.22
GRT,2026-06-22,1655.87
GRT,2026-06-23,1656.38
GRT,2026-06-24,1675.8
GRT,2026-06-25,1704.38
GRT,2026-06-26,1712.23
GRT,2026-06-29,1705.47
GRT,2026-06-30,1660.01
GRT,2026-07-01,1642.52
GRT,2026-07-02,1651.74
GRT,2026-07-03,1681.85
GRT,2026-07-06,1722.19
GRT,2026-07-07,1747.09
GRT,2026-07-08,1752.08
GRT,2026-07-09,1743.08
GRT,2026-07-10,1759.85
GRT,2026-07-13,1750.28
GRT,2026-07-14,1740.34
GRT,2026-07-15,1738.63
GRT,2026-07-16,1736.73
GRT,2026-07-17,1757.65
GRT,2026-07-20,1766.11
GRT,2026-07-21,1791.45
GRT,2026-07-22,1793.69
GRT,2026-07-23,1744.36
GRT,2026-07-24,1745.35
GRT,2026-07-27,1759.27
GRT,2026-07-28,1775.72
GRT,2026-07-29,1785.65
GRT,2026-07-30,1781.96
GRT,2026-07-31,1796.04
RDF,2025-11-14,460.47
RDF,2025-11-17,459.28
RDF,2025-11-18,462.59
RDF,2025-11-19,465.7
RDF,2025-11-20,469.81
RDF,2025-11-21,475.6
RDF,2025-11-24,469.66
RDF,2025-11-25,466.8
RDF,2025-11-26,456.96
RDF,2025-11-27,453.8
RDF,2025-11-28,470.45
RDF,2025-12-01,459.77
RDF,2025-12-02,458.68
RDF,2025-12-03,453.32
RDF,2025-12-04,463.23
RDF,2025-12-05,464.19
RDF,2025-12-08,455.03
RDF,2025-12-09,454.86
RDF,2025-12-10,451.15
RDF,2025-12-11,450.59
RDF,2025-12-12,450.15
RDF,2025-12-15,446.99
RDF,2025-12-16,456.65
RDF,2025-12-17,453.62
RDF,2025-12-18,460.44
RDF,2025-12-19,458.02
RDF,2025-12-22,454.43
RDF,2025-12-23,458.46
RDF,2025-12-24,467.19
RDF,2025-12-25,479.5
RDF,2025-12-26,477.04
RDF,2025-12-29,487.07
RDF,2025-12-30,477.67
RDF,2025-12-31,486.07
RDF,2026-01-01,471.47
RDF,2026-01-02,474.21
RDF,2026-01-05,477.51
RDF,2026-01-06,483.13
RDF,2026-01-07,497.49
RDF,2026-01-08,511.46
RDF,2026-01-09,507.19
RDF,2026-01-12,495.32
RDF,2026-01-13,498.33
RDF,2026-01-14,492.22
RDF,2026-01-15,485.95
RDF,2026-01-16,471.55
RDF,2026-01-19,474.93
RDF,2026-01-20,471.76
RDF,2026-01-21,466.32
RDF,2026-01-22,467.32
RDF,2026-01-23,459.53
RDF,2026-01-26,449.07
RDF,2026-01-27,454.11
RDF,2026-01-28,447.31
RDF,2026-01-29,457.07
RDF,2026-01-30,459.66
RDF,2026-02-02,466.99
RDF,2026-02-03,478.9
RDF,2026-02-04,490.47
RDF,2026-02-05,483.45
RDF,2026-02-06,481.69
RDF,2026-02-09,485.8
RDF,2026-02-10,490.96
RDF,2026-02-11,490.41
RDF,2026-02-12,493.82
RDF,2026-02-13,488.79
RDF,2026-02-16,476.32
RDF,2026-02-17,484.44
RDF,2026-02-18,490.08
RDF,2026-02-19,501.44
RDF,2026-02-20,509.76
RDF,2026-02-23,520.56
RDF,2026-02-24,522.51
RDF,2026-02-25,516.82
RDF,2026-02-26,520.79
RDF,2026-02-27,506.95
RDF,2026-03-02,492.96
RDF,2026-03-03,484.61
RDF,2026-03-04,497.57
RDF,2026-03-05,489.85
RDF,2026-03-06,480.0
RDF,2026-03-09,483.69
RDF,2026-03-10,493.37
RDF,2026-03-11,496.56
RDF,2026-03-12,493.57
RDF,2026-03-13,492.82
RDF,2026-03-16,493.46
RDF,2026-03-17,495.38
RDF,2026-03-18,491.13
RDF,2026-03-19,490.47
RDF,2026-03-20,478.9
RDF,2026-03-23,474.05
RDF,2026-03-24,484.26
RDF,2026-03-25,473.39
RDF,2026-03-26,475.44
RDF,2026-03-27,484.34
RDF,2026-03-30,483.95
RDF,2026-03-31,485.75
RDF,2026-04-01,496.83
RDF,2026-04-02,491.87
RDF,2026-04-03,498.29
RDF,2026-04-06,488.11
RDF,2026-04-07,474.97
RDF,2026-04-08,476.91
RDF,2026-04-09,488.2
RDF,2026-04-10,491.57
RDF,2026-04-13,496.55
RDF,2026-04-14,499.42
RDF,2026-04-15,481.66
RDF,2026-04-16,484.48
RDF,2026-04-17,487.07
RDF,2026-04-20,496.22
RDF,2026-04-21,496.08
RDF,2026-04-22,491.94
RDF,2026-04-23,492.3
RDF,2026-04-24,493.1
RDF,2026-04-27,499.94
RDF,2026-04-28,501.31
RDF,2026-04-29,498.97
RDF,2026-04-30,502.7
RDF,2026-05-01,506.73
RDF,2026-05-04,507.48
RDF,2026-05-05,511.83
RDF,2026-05-06,524.32
RDF,2026-05-07,520.36
RDF,2026-05-08,522.36
RDF,2026-05-11,525.96
RDF,2026-05-12,535.86
RDF,2026-05-13,541.44
RDF,2026-05-14,548.75
RDF,2026-05-15,549.8
RDF,2026-05-18,551.32
RDF,2026-05-19,551.62
RDF,2026-05-20,534.97
RDF,2026-05-21,540.12
RDF,2026-05-22,528.25
RDF,2026-05-25,533.1
RDF,2026-05-26,539.03
RDF,2026-05-27,537.67
RDF,2026-05-28,543.81
RDF,2026-05-29,535.17
RDF,2026-06-01,524.99
RDF,2026-06-02,508.6
RDF,2026-06-03,525.16
RDF,2026-06-04,526.64
RDF,2026-06-05,537.29
RDF,2026-06-08,542.46
RDF,2026-06-09,550.78
RDF,2026-06-10,553.16
RDF,2026-06-11,548.88
RDF,2026-06-12,545.97
RDF,2026-06-15,569.35
RDF,2026-06-16,569.02
RDF,2026-06-17,569.44
RDF,2026-06-18,573.09
RDF,2026-06-19,565.0
RDF,2026-06-22,565.36
RDF,2026-06-23,569.69
RDF,2026-06-24,576.12
RDF,2026-06-25,578.45
RDF,2026-06-26,584.17
RDF,2026-06-29,579.26
RDF,2026-06-30,574.82
RDF,2026-07-01,583.39
RDF,2026-07-02,589.71
RDF,2026-07-03,576.14
RDF,2026-07-06,585.91
RDF,2026-07-07,582.25
RDF,2026-07-08,577.94
RDF,2026-07-09,590.31
RDF,2026-07-10,598.83
RDF,2026-07-13,587.47
RDF,2026-07-14,588.38
RDF,2026-07-15,599.27
RDF,2026-07-16,586.94
RDF,2026-07-17,599.13
RDF,2026-07-20,603.88
RDF,2026-07-21,599.15
RDF,2026-07-22,597.37
RDF,2026-07-23,594.03
RDF,2026-07-24,608.6
RDF,2026-07-27,606.65
RDF,2026-07-28,613.51
RDF,2026-07-29,611.02
RDF,2026-07-30,610.84
RDF,2026-07-31,611.54
APN,2025-11-14,19591.53
APN,2025-11-17,19712.45
APN,2025-11-18,20251.81
APN,2025-11-19,20512.41
APN,2025-11-20,20707.91
APN,2025-11-21,20581.36
APN,2025-11-24,19393.97
APN,2025-11-25,19398.89
APN,2025-11-26,18944.93
APN,2025-11-27,19132.58
APN,2025-11-28,19583.88
APN,2025-12-01,19855.64
APN,2025-12-02,19711.61
APN,2025-12-03,19556.46
APN,2025-12-04,19518.9
APN,2025-12-05,19890.05
APN,2025-12-08,19192.21
APN,2025-12-09,18766.21
APN,2025-12-10,18078.37
APN,2025-12-11,17875.7
APN,2025-12-12,17606.85
APN,2025-12-15,17840.12
APN,2025-12-16,18256.88
APN,2025-12-17,18112.79
APN,2025-12-18,18365.58
APN,2025-12-19,18669.8
APN,2025-12-22,18506.57
APN,2025-12-23,18131.82
APN,2025-12-24,17995.52
APN,2025-12-25,18258.83
APN,2025-12-26,18221.23
APN,2025-12-29,18643.28
APN,2025-12-30,18960.33
APN,2025-12-31,18883.64
APN,2026-01-01,18780.23
APN,2026-01-02,18872.98
APN,2026-01-05,18569.91
APN,2026-01-06,18260.01
APN,2026-01-07,18402.73
APN,2026-01-08,18668.43
APN,2026-01-09,18641.82
APN,2026-01-12,18572.32
APN,2026-01-13,18610.82
APN,2026-01-14,18754.37
APN,2026-01-15,18969.5
APN,2026-01-16,19042.51
APN,2026-01-19,19147.56
APN,2026-01-20,19450.89
APN,2026-01-21,19110.11
APN,2026-01-22,18313.1
APN,2026-01-23,18525.2
APN,2026-01-26,18151.42
APN,2026-01-27,18741.15
APN,2026-01-28,18070.46
APN,2026-01-29,17672.21
APN,2026-01-30,17928.75
APN,2026-02-02,17880.59
APN,2026-02-03,18542.22
APN,2026-02-04,19005.2
APN,2026-02-05,18832.0
APN,2026-02-06,18736.46
APN,2026-02-09,18905.23
APN,2026-02-10,18713.13
APN,2026-02-11,18612.32
APN,2026-02-12,18265.73
APN,2026-02-13,18821.33
APN,2026-02-16,18825.95
APN,2026-02-17,18654.19
APN,2026-02-18,18569.64
APN,2026-02-19,18890.98
APN,2026-02-20,19273.22
APN,2026-02-23,19374.72
APN,2026-02-24,19361.15
APN,2026-02-25,19233.24
APN,2026-02-26,19526.65
APN,2026-02-27,19580.59
APN,2026-03-02,19122.93
APN,2026-03-03,18849.44
APN,2026-03-04,18769.05
APN,2026-03-05,18369.42
APN,2026-03-06,18682.71
APN,2026-03-09,18345.44
APN,2026-03-10,18153.68
APN,2026-03-11,18360.78
APN,2026-03-12,17705.75
APN,2026-03-13,17810.48
APN,2026-03-16,17565.01
APN,2026-03-17,17746.53
APN,2026-03-18,18134.24
APN,2026-03-19,17817.84
APN,2026-03-20,17179.0
APN,2026-03-23,16892.47
APN,2026-03-24,16919.44
APN,2026-03-25,16348.85
APN,2026-03-26,16391.39
APN,2026-03-27,16051.09
APN,2026-03-30,16155.54
APN,2026-03-31,16566.06
APN,2026-04-01,16952.08
APN,2026-04-02,17339.16
APN,2026-04-03,16990.54
APN,2026-04-06,17188.44
APN,2026-04-07,16303.5
APN,2026-04-08,16365.27
APN,2026-04-09,16388.3
APN,2026-04-10,16196.22
APN,2026-04-13,16789.16
APN,2026-04-14,16869.93
APN,2026-04-15,16909.91
APN,2026-04-16,17107.32
APN,2026-04-17,17054.74
APN,2026-04-20,17231.93
APN,2026-04-21,17969.92
APN,2026-04-22,17909.25
APN,2026-04-23,17323.29
APN,2026-04-24,17249.29
APN,2026-04-27,17930.0
APN,2026-04-28,17884.89
APN,2026-04-29,17797.23
APN,2026-04-30,17270.79
APN,2026-05-01,17355.1
APN,2026-05-04,17676.95
APN,2026-05-05,17376.52
APN,2026-05-06,18093.27
APN,2026-05-07,18233.91
APN,2026-05-08,18789.8
APN,2026-05-11,18810.44
APN,2026-05-12,19258.34
APN,2026-05-13,19038.29
APN,2026-05-14,18927.74
APN,2026-05-15,18908.26
APN,2026-05-18,18908.11
APN,2026-05-19,18323.21
APN,2026-05-20,17850.16
APN,2026-05-21,17739.31
APN,2026-05-22,17708.49
APN,2026-05-25,17686.33
APN,2026-05-26,17554.09
APN,2026-05-27,16447.8
APN,2026-05-28,16495.18
APN,2026-05-29,16558.28
APN,2026-06-01,16534.37
APN,2026-06-02,16520.49
APN,2026-06-03,17127.75
APN,2026-06-04,17388.63
APN,2026-06-05,17748.88
APN,2026-06-08,17205.35
APN,2026-06-09,17318.26
APN,2026-06-10,17403.74
APN,2026-06-11,18068.44
APN,2026-06-12,17810.29
APN,2026-06-15,17886.12
APN,2026-06-16,18303.32
APN,2026-06-17,18894.45
APN,2026-06-18,19008.46
APN,2026-06-19,18653.71
APN,2026-06-22,18183.5
APN,2026-06-23,18494.06
APN,2026-06-24,19007.74
APN,2026-06-25,19200.97
APN,2026-06-26,19170.81
APN,2026-06-29,19930.47
APN,2026-06-30,19598.47
APN,2026-07-01,19763.28
APN,2026-07-02,19573.05
APN,2026-07-03,19434.82
APN,2026-07-06,20252.48
APN,2026-07-07,20014.87
APN,2026-07-08,20048.39
APN,2026-07-09,20005.0
APN,2026-07-10,19843.67
APN,2026-07-13,20150.54
APN,2026-07-14,20556.88
APN,2026-07-15,20338.35
APN,2026-07-16,21085.62
APN,2026-07-17,20626.16
APN,2026-07-20,21169.61
APN,2026-07-21,20966.4
APN,2026-07-22,20405.34
APN,2026-07-23,20494.1
APN,2026-07-24,20832.9
APN,2026-07-27,21130.31
APN,2026-07-28,21387.38
APN,2026-07-29,21647.83
APN,2026-07-30,21962.01
APN,2026-07-31,22726.43
R186,2025-11-14,10815.32
R186,2025-11-17,10795.13
R186,2025-11-18,10765.58
R186,2025-11-19,10729.06
R186,2025-11-20,10676.97
R186,2025-11-21,10695.29
R186,2025-11-24,10658.38
R186,2025-11-25,10639.11
R186,2025-11-26,10623.83
R186,2025-11-27,10653.49
R186,2025-11-28,10678.58
R186,2025-12-01,10684.91
R186,2025-12-02,10661.01
R186,2025-12-03,10641.68
R186,2025-12-04,10631.19
R186,2025-12-05,10662.33
R186,2025-12-08,10697.35
R186,2025-12-09,10650.07
R186,2025-12-10,10552.92
R186,2025-12-11,10557.44
R186,2025-12-12,10534.75
R186,2025-12-15,10583.83
R186,2025-12-16,10649.44
R186,2025-12-17,10665.71
R186,2025-12-18,10656.23
R186,2025-12-19,10605.61
R186,2025-12-22,10609.35
R186,2025-12-23,10611.52
R186,2025-12-24,10618.58
R186,2025-12-25,10636.37
R186,2025-12-26,10678.3
R186,2025-12-29,10682.32
R186,2025-12-30,10606.42
R186,2025-12-31,10573.12
R186,2026-01-01,10531.43
R186,2026-01-02,10544.01
R186,2026-01-05,10547.01
R186,2026-01-06,10541.1
R186,2026-01-07,10593.85
R186,2026-01-08,10601.34
R186,2026-01-09,10588.49
R186,2026-01-12,10533.78
R186,2026-01-13,10534.05
R186,2026-01-14,10506.54
R186,2026-01-15,10471.52
R186,2026-01-16,10431.64
R186,2026-01-19,10472.4
R186,2026-01-20,10432.54
R186,2026-01-21,10391.5
R186,2026-01-22,10330.54
R186,2026-01-23,10332.81
R186,2026-01-26,10296.51
R186,2026-01-27,10338.12
R186,2026-01-28,10352.04
R186,2026-01-29,10348.15
R186,2026-01-30,10379.15
R186,2026-02-02,10390.1
R186,2026-02-03,10440.67
R186,2026-02-04,10403.44
R186,2026-02-05,10416.97
R186,2026-02-06,10468.42
R186,2026-02-09,10476.0
R186,2026-02-10,10449.83
R186,2026-02-11,10500.34
R186,2026-02-12,10447.77
R186,2026-02-13,10450.33
R186,2026-02-16,10451.94
R186,2026-02-17,10471.78
R186,2026-02-18,10488.07
R186,2026-02-19,10473.33
R186,2026-02-20,10497.43
R186,2026-02-23,10508.28
R186,2026-02-24,10525.11
R186,2026-02-25,10536.14
R186,2026-02-26,10553.18
R186,2026-02-27,10524.55
R186,2026-03-02,10490.37
R186,2026-03-03,10480.21
R186,2026-03-04,10461.82
R186,2026-03-05,10433.14
R186,2026-03-06,10439.01
R186,2026-03-09,10354.39
R186,2026-03-10,10385.8
R186,2026-03-11,10387.32
R186,2026-03-12,10340.41
R186,2026-03-13,10302.98
R186,2026-03-16,10364.46
R186,2026-03-17,10361.78
R186,2026-03-18,10394.73
R186,2026-03-19,10357.5
R186,2026-03-20,10331.1
R186,2026-03-23,10313.3
R186,2026-03-24,10275.77
R186,2026-03-25,10272.67
R186,2026-03-26,10289.06
R186,2026-03-27,10267.68
R186,2026-03-30,10226.41
R186,2026-03-31,10250.17
R186,2026-04-01,10229.81
R186,2026-04-02,10239.97
R186,2026-04-03,10231.8
R186,2026-04-06,10188.84
R186,2026-04-07,10181.2
R186,2026-04-08,10189.97
R186,2026-04-09,10198.77
R186,2026-04-10,10215.12
R186,2026-04-13,10261.85
R186,2026-04-14,10250.51
R186,2026-04-15,10321.06
R186,2026-04-16,10363.73
R186,2026-04-17,10400.33
R186,2026-04-20,10441.49
R186,2026-04-21,10415.78
R186,2026-04-22,10468.95
R186,2026-04-23,10487.62
R186,2026-04-24,10458.91
R186,2026-04-27,10528.19
R186,2026-04-28,10538.03
R186,2026-04-29,10528.14
R186,2026-04-30,10544.89
R186,2026-05-01,10548.02
R186,2026-05-04,10626.68
R186,2026-05-05,10664.45
R186,2026-05-06,10717.4
R186,2026-05-07,10714.17
R186,2026-05-08,10670.81
R186,2026-05-11,10687.61
R186,2026-05-12,10721.41
R186,2026-05-13,10770.23
R186,2026-05-14,10811.69
R186,2026-05-15,10864.55
R186,2026-05-18,10856.91
R186,2026-05-19,10916.62
R186,2026-05-20,10935.35
R186,2026-05-21,10969.89
R186,2026-05-22,11000.59
R186,2026-05-25,11039.14
R186,2026-05-26,11110.95
R186,2026-05-27,11029.71
R186,2026-05-28,11107.99
R186,2026-05-29,11091.2
R186,2026-06-01,11101.32
R186,2026-06-02,11089.34
R186,2026-06-03,11044.86
R186,2026-06-04,11046.89
R186,2026-06-05,11024.62
R186,2026-06-08,11021.55
R186,2026-06-09,11028.94
R186,2026-06-10,11038.46
R186,2026-06-11,11024.05
R186,2026-06-12,10989.89
R186,2026-06-15,11013.36
R186,2026-06-16,11006.42
R186,2026-06-17,10980.79
R186,2026-06-18,10962.12
R186,2026-06-19,10961.47
R186,2026-06-22,10931.59
R186,2026-06-23,10899.34
R186,2026-06-24,10915.99
R186,2026-06-25,10927.66
R186,2026-06-26,10902.33
R186,2026-06-29,10923.11
R186,2026-06-30,10938.72
R186,2026-07-01,10938.86
R186,2026-07-02,10995.81
R186,2026-07-03,11016.38
R186,2026-07-06,11008.32
R186,2026-07-07,11033.57
R186,2026-07-08,11109.83
R186,2026-07-09,11102.6
R186,2026-07-10,11100.25
R186,2026-07-13,11138.8
R186,2026-07-14,11128.09
R186,2026-07-15,11145.37
R186,2026-07-16,11098.22
R186,2026-07-17,11163.94
R186,2026-07-20,11167.38
R186,2026-07-21,11162.24
R186,2026-07-22,11162.59
R186,2026-07-23,11138.86
R186,2026-07-24,11208.4
R186,2026-07-27,11198.11
R186,2026-07-28,11205.24
R186,2026-07-29,11176.22
R186,2026-07-30,11100.62
R186,2026-07-31,11088.39
R2030,2025-11-14,9431.05
R2030,2025-11-17,9495.11
R2030,2025-11-18,9505.52
R2030,2025-11-19,9567.6
R2030,2025-11-20,9619.41
R2030,2025-11-21,9667.96
R2030,2025-11-24,9562.86
R2030,2025-11-25,9551.58
R2030,2025-11-26,9635.5
R2030,2025-11-27,9648.31
R2030,2025-11-28,9646.11
R2030,2025-12-01,9661.7
R2030,2025-12-02,9713.73
R2030,2025-12-03,9701.34
R2030,2025-12-04,9729.62
R2030,2025-12-05,9713.53
R2030,2025-12-08,9668.81
R2030,2025-12-09,9726.0
R2030,2025-12-10,9726.75
R2030,2025-12-11,9716.19
R2030,2025-12-12,9724.25
R2030,2025-12-15,9765.01
R2030,2025-12-16,9793.96
R2030,2025-12-17,9798.11
R2030,2025-12-18,9808.58
R2030,2025-12-19,9773.19
R2030,2025-12-22,9806.82
R2030,2025-12-23,9829.28
R2030,2025-12-24,9772.67
R2030,2025-12-25,9744.79
R2030,2025-12-26,9824.81
R2030,2025-12-29,9883.92
R2030,2025-12-30,9933.22
R2030,2025-12-31,9895.67
R2030,2026-01-01,9944.36
R2030,2026-01-02,9912.91
R2030,2026-01-05,9837.6
R2030,2026-01-06,9850.73
R2030,2026-01-07,9847.68
R2030,2026-01-08,9942.05
R2030,2026-01-09,9931.56
R2030,2026-01-12,9901.67
R2030,2026-01-13,9925.75
R2030,2026-01-14,9903.05
R2030,2026-01-15,9877.3
R2030,2026-01-16,9922.9
R2030,2026-01-19,9942.5
R2030,2026-01-20,9955.88
R2030,2026-01-21,9888.58
R2030,2026-01-22,9920.55
R2030,2026-01-23,9939.96
R2030,2026-01-26,9991.52
R2030,2026-01-27,10027.71
R2030,2026-01-28,10041.31
R2030,2026-01-29,10009.25
R2030,2026-01-30,9988.68
R2030,2026-02-02,10038.41
R2030,2026-02-03,10012.3
R2030,2026-02-04,10092.41
R2030,2026-02-05,10107.18
R2030,2026-02-06,10091.26
R2030,2026-02-09,10146.68
R2030,2026-02-10,10105.56
R2030,2026-02-11,10083.14
R2030,2026-02-12,10025.64
R2030,2026-02-13,10084.38
R2030,2026-02-16,10146.35
R2030,2026-02-17,10125.18
R2030,2026-02-18,10217.24
R2030,2026-02-19,10200.89
R2030,2026-02-20,10199.59
R2030,2026-02-23,10197.99
R2030,2026-02-24,10316.3
R2030,2026-02-25,10230.54
R2030,2026-02-26,10339.99
R2030,2026-02-27,10288.62
R2030,2026-03-02,10208.44
R2030,2026-03-03,10123.67
R2030,2026-03-04,10185.04
R2030,2026-03-05,10122.6
R2030,2026-03-06,10077.07
R2030,2026-03-09,10089.12
R2030,2026-03-10,10140.89
R2030,2026-03-11,10197.47
R2030,2026-03-12,10190.45
R2030,2026-03-13,10213.43
R2030,2026-03-16,10200.86
R2030,2026-03-17,10199.84
R2030,2026-03-18,10260.98
R2030,2026-03-19,10307.25
R2030,2026-03-20,10293.32
R2030,2026-03-23,10243.45
R2030,2026-03-24,10292.02
R2030,2026-03-25,10289.05
R2030,2026-03-26,10329.68
R2030,2026-03-27,10394.32
R2030,2026-03-30,10376.69
R2030,2026-03-31,10426.85
R2030,2026-04-01,10424.85
R2030,2026-04-02,10411.04
R2030,2026-04-03,10384.07
R2030,2026-04-06,10331.6
R2030,2026-04-07,10384.63
R2030,2026-04-08,10523.28
R2030,2026-04-09,10465.76
R2030,2026-04-10,10395.8
R2030,2026-04-13,10508.53
R2030,2026-04-14,10495.91
R2030,2026-04-15,10552.48
R2030,2026-04-16,10608.82
R2030,2026-04-17,10588.92
R2030,2026-04-20,10589.73
R2030,2026-04-21,10606.02
R2030,2026-04-22,10625.27
R2030,2026-04-23,10638.82
R2030,2026-04-24,10692.95
R2030,2026-04-27,10768.14
R2030,2026-04-28,10775.21
R2030,2026-04-29,10774.19
R2030,2026-04-30,10769.8
R2030,2026-05-01,10713.85
R2030,2026-05-04,10792.56
R2030,2026-05-05,10765.74
R2030,2026-05-06,10792.21
R2030,2026-05-07,10775.8
R2030,2026-05-08,10827.53
R2030,2026-05-11,10800.39
R2030,2026-05-12,10910.24
R2030,2026-05-13,10943.39
R2030,2026-05-14,11026.88
R2030,2026-05-15,11069.34
R2030,2026-05-18,11041.39
R2030,2026-05-19,10975.66
R2030,2026-05-20,10973.93
R2030,2026-05-21,10882.25
R2030,2026-05-22,10831.38
R2030,2026-05-25,10851.22
R2030,2026-05-26,10816.78
R2030,2026-05-27,10744.48
R2030,2026-05-28,10732.6
R2030,2026-05-29,10813.98
R2030,2026-06-01,10835.74
R2030,2026-06-02,10826.22
R2030,2026-06-03,10850.58
R2030,2026-06-04,10941.3
R2030,2026-06-05,10875.62
R2030,2026-06-08,10787.61
R2030,2026-06-09,10698.21
R2030,2026-06-10,10684.84
R2030,2026-06-11,10704.77
R2030,2026-06-12,10749.94
R2030,2026-06-15,10804.95
R2030,2026-06-16,10819.06
R2030,2026-06-17,10810.04
R2030,2026-06-18,10803.1
R2030,2026-06-19,10822.41
R2030,2026-06-22,10816.96
R2030,2026-06-23,10803.08
R2030,2026-06-24,10761.96
R2030,2026-06-25,10838.86
R2030,2026-06-26,10844.56
R2030,2026-06-29,10805.81
R2030,2026-06-30,10765.39
R2030,2026-07-01,10754.33
R2030,2026-07-02,10748.81
R2030,2026-07-03,10711.39
R2030,2026-07-06,10778.69
R2030,2026-07-07,10815.33
R2030,2026-07-08,10857.27
R2030,2026-07-09,10825.27
R2030,2026-07-10,10840.26
R2030,2026-07-13,10809.76
R2030,2026-07-14,10824.26
R2030,2026-07-15,10836.72
R2030,2026-07-16,10819.42
R2030,2026-07-17,10867.41
R2030,2026-07-20,10888.24
R2030,2026-07-21,10924.77
R2030,2026-07-22,10882.53
R2030,2026-07-23,10889.24
R2030,2026-07-24,10995.08
R2030,2026-07-27,10878.58
R2030,2026-07-28,10889.9
R2030,2026-07-29,10910.92
R2030,2026-07-30,10836.6
R2030,2026-07-31,10784.05
R2032,2025-11-14,9138.12
R2032,2025-11-17,9143.15
R2032,2025-11-18,9165.72
R2032,2025-11-19,9163.16
R2032,2025-11-20,9159.36
R2032,2025-11-21,9135.48
R2032,2025-11-24,9114.35
R2032,2025-11-25,9134.97
R2032,2025-11-26,9103.28
R2032,2025-11-27,9097.27
R2032,2025-11-28,9106.71
R2032,2025-12-01,9100.44
R2032,2025-12-02,9151.46
R2032,2025-12-03,9084.77
R2032,2025-12-04,9147.13
R2032,2025-12-05,9138.54
R2032,2025-12-08,9119.24
R2032,2025-12-09,9169.02
R2032,2025-12-10,9139.26
R2032,2025-12-11,9167.16
R2032,2025-12-12,9117.78
R2032,2025-12-15,9060.65
R2032,2025-12-16,9093.33
R2032,2025-12-17,9043.13
R2032,2025-12-18,9022.43
R2032,2025-12-19,8968.73
R2032,2025-12-22,8953.95
R2032,2025-12-23,8895.34
R2032,2025-12-24,8868.77
R2032,2025-12-25,8931.66
R2032,2025-12-26,8970.42
R2032,2025-12-29,8963.31
R2032,2025-12-30,8995.59
R2032,2025-12-31,8895.41
R2032,2026-01-01,8997.81
R2032,2026-01-02,9020.23
R2032,2026-01-05,9065.58
R2032,2026-01-06,9107.79
R2032,2026-01-07,9115.61
R2032,2026-01-08,9109.59
R2032,2026-01-09,9088.45
R2032,2026-01-12,9123.28
R2032,2026-01-13,9211.13
R2032,2026-01-14,9203.87
R2032,2026-01-15,9109.36
R2032,2026-01-16,9048.93
R2032,2026-01-19,9102.7
R2032,2026-01-20,9119.62
R2032,2026-01-21,9159.79
R2032,2026-01-22,9177.31
R2032,2026-01-23,9161.14
R2032,2026-01-26,9112.07
R2032,2026-01-27,9144.94
R2032,2026-01-28,9132.34
R2032,2026-01-29,9134.56
R2032,2026-01-30,9033.75
R2032,2026-02-02,8962.12
R2032,2026-02-03,8972.95
R2032,2026-02-04,9017.17
R2032,2026-02-05,8996.48
R2032,2026-02-06,9058.36
R2032,2026-02-09,9027.32
R2032,2026-02-10,9088.48
R2032,2026-02-11,9141.68
R2032,2026-02-12,9192.55
R2032,2026-02-13,9120.65
R2032,2026-02-16,9107.58
R2032,2026-02-17,9025.69
R2032,2026-02-18,9047.39
R2032,2026-02-19,9075.83
R2032,2026-02-20,9048.34
R2032,2026-02-23,9115.11
R2032,2026-02-24,9110.17
R2032,2026-02-25,9104.99
R2032,2026-02-26,9105.44
R2032,2026-02-27,9143.97
R2032,2026-03-02,9108.47
R2032,2026-03-03,9155.79
R2032,2026-03-04,9212.35
R2032,2026-03-05,9240.3
R2032,2026-03-06,9226.89
R2032,2026-03-09,9247.06
R2032,2026-03-10,9314.8
R2032,2026-03-11,9381.03
R2032,2026-03-12,9411.59
R2032,2026-03-13,9412.5
R2032,2026-03-16,9395.46
R2032,2026-03-17,9382.46
R2032,2026-03-18,9391.51
R2032,2026-03-19,9298.59
R2032,2026-03-20,9219.76
R2032,2026-03-23,9189.67
R2032,2026-03-24,9230.42
R2032,2026-03-25,9198.6
R2032,2026-03-26,9149.19
R2032,2026-03-27,9142.42
R2032,2026-03-30,9148.56
R2032,2026-03-31,9095.71
R2032,2026-04-01,9126.97
R2032,2026-04-02,9160.37
R2032,2026-04-03,9061.49
R2032,2026-04-06,8978.16
R2032,2026-04-07,9017.28
R2032,2026-04-08,9035.08
R2032,2026-04-09,9089.03
R2032,2026-04-10,9089.63
R2032,2026-04-13,9030.17
R2032,2026-04-14,9039.75
R2032,2026-04-15,9025.13
R2032,2026-04-16,9026.97
R2032,2026-04-17,9031.91
R2032,2026-04-20,9063.25
R2032,2026-04-21,9023.28
R2032,2026-04-22,9023.07
R2032,2026-04-23,9079.1
R2032,2026-04-24,9043.1
R2032,2026-04-27,9098.87
R2032,2026-04-28,9119.29
R2032,2026-04-29,9152.47
R2032,2026-04-30,9229.95
R2032,2026-05-01,9220.7
R2032,2026-05-04,9232.3
R2032,2026-05-05,9186.01
R2032,2026-05-06,9220.04
R2032,2026-05-07,9250.21
R2032,2026-05-08,9287.31
R2032,2026-05-11,9318.34
R2032,2026-05-12,9331.36
R2032,2026-05-13,9289.68
R2032,2026-05-14,9412.94
R2032,2026-05-15,9439.24
R2032,2026-05-18,9485.98
R2032,2026-05-19,9526.98
R2032,2026-05-20,9581.4
R2032,2026-05-21,9511.95
R2032,2026-05-22,9569.33
R2032,2026-05-25,9566.79
R2032,2026-05-26,9594.76
R2032,2026-05-27,9596.91
R2032,2026-05-28,9548.29
R2032,2026-05-29,9525.61
R2032,2026-06-01,9521.38
R2032,2026-06-02,9547.86
R2032,2026-06-03,9744.32
R2032,2026-06-04,9742.41
R2032,2026-06-05,9737.63
R2032,2026-06-08,9742.77
R2032,2026-06-09,9754.5
R2032,2026-06-10,9783.83
R2032,2026-06-11,9777.22
R2032,2026-06-12,9730.43
R2032,2026-06-15,9757.15
R2032,2026-06-16,9732.36
R2032,2026-06-17,9773.18
R2032,2026-06-18,9764.14
R2032,2026-06-19,9711.61
R2032,2026-06-22,9617.94
R2032,2026-06-23,9632.62
R2032,2026-06-24,9664.49
R2032,2026-06-25,9661.1
R2032,2026-06-26,9652.62
R2032,2026-06-29,9681.1
R2032,2026-06-30,9681.66
R2032,2026-07-01,9665.47
R2032,2026-07-02,9623.69
R2032,2026-07-03,9664.29
R2032,2026-07-06,9712.16
R2032,2026-07-07,9754.6
R2032,2026-07-08,9723.54
R2032,2026-07-09,9590.05
R2032,2026-07-10,9591.97
R2032,2026-07-13,9631.9
R2032,2026-07-14,9696.71
R2032,2026-07-15,9672.97
R2032,2026-07-16,9820.81
R2032,2026-07-17,9783.86
R2032,2026-07-20,9786.84
R2032,2026-07-21,9853.61
R2032,2026-07-22,9763.13
R2032,2026-07-23,9835.8
R2032,2026-07-24,9913.74
R2032,2026-07-27,9913.99
R2032,2026-07-28,10025.35
R2032,2026-07-29,10055.82
R2032,2026-07-30,10065.17
R2032,2026-07-31,10184.61
R2035,2025-11-14,8694.78
R2035,2025-11-17,8663.92
R2035,2025-11-18,8638.56
R2035,2025-11-19,8667.35
R2035,2025-11-20,8664.68
R2035,2025-11-21,8802.6
R2035,2025-11-24,8752.44
R2035,2025-11-25,8799.52
R2035,2025-11-26,8760.96
R2035,2025-11-27,8708.48
R2035,2025-11-28,8663.35
R2035,2025-12-01,8690.23
R2035,2025-12-02,8681.53
R2035,2025-12-03,8736.44
R2035,2025-12-04,8816.83
R2035,2025-12-05,8715.65
R2035,2025-12-08,8686.24
R2035,2025-12-09,8693.42
R2035,2025-12-10,8691.41
R2035,2025-12-11,8670.59
R2035,2025-12-12,8642.84
R2035,2025-12-15,8631.59
R2035,2025-12-16,8660.82
R2035,2025-12-17,8625.51
R2035,2025-12-18,8535.24
R2035,2025-12-19,8506.03
R2035,2025-12-22,8556.17
R2035,2025-12-23,8503.79
R2035,2025-12-24,8468.78
R2035,2025-12-25,8454.16
R2035,2025-12-26,8463.97
R2035,2025-12-29,8505.38
R2035,2025-12-30,8473.04
R2035,2025-12-31,8495.44
R2035,2026-01-01,8481.15
R2035,2026-01-02,8523.54
R2035,2026-01-05,8616.1
R2035,2026-01-06,8627.92
R2035,2026-01-07,8705.04
R2035,2026-01-08,8718.49
R2035,2026-01-09,8738.05
R2035,2026-01-12,8724.12
R2035,2026-01-13,8679.96
R2035,2026-01-14,8747.04
R2035,2026-01-15,8743.71
R2035,2026-01-16,8754.79
R2035,2026-01-19,8730.99
R2035,2026-01-20,8746.47
R2035,2026-01-21,8732.81
R2035,2026-01-22,8649.2
R2035,2026-01-23,8653.96
R2035,2026-01-26,8689.85
R2035,2026-01-27,8702.44
R2035,2026-01-28,8691.94
R2035,2026-01-29,8590.05
R2035,2026-01-30,8640.01
R2035,2026-02-02,8694.62
R2035,2026-02-03,8680.83
R2035,2026-02-04,8720.57
R2035,2026-02-05,8687.86
R2035,2026-02-06,8690.73
R2035,2026-02-09,8678.89
R2035,2026-02-10,8581.11
R2035,2026-02-11,8585.85
R2035,2026-02-12,8588.6
R2035,2026-02-13,8542.25
R2035,2026-02-16,8605.65
R2035,2026-02-17,8663.37
R2035,2026-02-18,8622.6
R2035,2026-02-19,8582.24
R2035,2026-02-20,8593.91
R2035,2026-02-23,8640.84
R2035,2026-02-24,8606.61
R2035,2026-02-25,8663.41
R2035,2026-02-26,8710.09
R2035,2026-02-27,8655.55
R2035,2026-03-02,8649.01
R2035,2026-03-03,8512.69
R2035,2026-03-04,8496.69
R2035,2026-03-05,8555.44
R2035,2026-03-06,8471.42
R2035,2026-03-09,8474.07
R2035,2026-03-10,8472.41
R2035,2026-03-11,8408.09
R2035,2026-03-12,8312.37
R2035,2026-03-13,8257.56
R2035,2026-03-16,8277.0
R2035,2026-03-17,8363.88
R2035,2026-03-18,8396.37
R2035,2026-03-19,8411.99
R2035,2026-03-20,8400.22
R2035,2026-03-23,8370.78
R2035,2026-03-24,8440.2
R2035,2026-03-25,8367.15
R2035,2026-03-26,8387.07
R2035,2026-03-27,8366.65
R2035,2026-03-30,8368.91
R2035,2026-03-31,8302.04
R2035,2026-04-01,8330.95
R2035,2026-04-02,8371.39
R2035,2026-04-03,8341.51
R2035,2026-04-06,8338.1
R2035,2026-04-07,8329.08
R2035,2026-04-08,8275.73
R2035,2026-04-09,8276.6
R2035,2026-04-10,8349.57
R2035,2026-04-13,8339.57
R2035,2026-04-14,8430.44
R2035,2026-04-15,8374.1
R2035,2026-04-16,8325.9
R2035,2026-04-17,8260.68
R2035,2026-04-20,8250.23
R2035,2026-04-21,8253.09
R2035,2026-04-22,8251.56
R2035,2026-04-23,8262.77
R2035,2026-04-24,8296.1
R2035,2026-04-27,8320.78
R2035,2026-04-28,8323.13
R2035,2026-04-29,8336.61
R2035,2026-04-30,8356.2
R2035,2026-05-01,8345.97
R2035,2026-05-04,8378.07
R2035,2026-05-05,8279.96
R2035,2026-05-06,8410.91
R2035,2026-05-07,8407.15
R2035,2026-05-08,8385.88
R2035,2026-05-11,8368.0
R2035,2026-05-12,8374.03
R2035,2026-05-13,8319.11
R2035,2026-05-14,8394.76
R2035,2026-05-15,8358.87
R2035,2026-05-18,8312.21
R2035,2026-05-19,8357.88
R2035,2026-05-20,8345.45
R2035,2026-05-21,8375.89
R2035,2026-05-22,8388.17
R2035,2026-05-25,8476.78
R2035,2026-05-26,8472.3
R2035,2026-05-27,8421.19
R2035,2026-05-28,8399.08
R2035,2026-05-29,8394.47
R2035,2026-06-01,8426.67
R2035,2026-06-02,8392.33
R2035,2026-06-03,8484.73
R2035,2026-06-04,8578.42
R2035,2026-06-05,8637.93
R2035,2026-06-08,8704.09
R2035,2026-06-09,8641.42
R2035,2026-06-10,8624.28
R2035,2026-06-11,8618.27
R2035,2026-06-12,8588.45
R2035,2026-06-15,8572.1
R2035,2026-06-16,8613.13
R2035,2026-06-17,8572.99
R2035,2026-06-18,8598.47
R2035,2026-06-19,8568.87
R2035,2026-06-22,8544.92
R2035,2026-06-23,8555.33
R2035,2026-06-24,8560.82
R2035,2026-06-25,8639.68
R2035,2026-06-26,8672.33
R2035,2026-06-29,8590.21
R2035,2026-06-30,8518.33
R2035,2026-07-01,8534.96
R2035,2026-07-02,8525.93
R2035,2026-07-03,8601.12
R2035,2026-07-06,8676.88
R2035,2026-07-07,8682.45
R2035,2026-07-08,8670.0
R2035,2026-07-09,8597.1
R2035,2026-07-10,8569.26
R2035,2026-07-13,8583.36
R2035,2026-07-14,8619.09
R2035,2026-07-15,8606.11
R2035,2026-07-16,8669.55
R2035,2026-07-17,8663.27
R2035,2026-07-20,8708.48
R2035,2026-07-21,8702.97
R2035,2026-07-22,8699.82
R2035,2026-07-23,8643.89
R2035,2026-07-24,8697.75
R2035,2026-07-27,8771.05
R2035,2026-07-28,8793.3
R2035,2026-07-29,8756.35
R2035,2026-07-30,8759.04
R2035,2026-07-31,8746.3
R2040,2025-11-14,8277.83
R2040,2025-11-17,8368.24
R2040,2025-11-18,8317.43
R2040,2025-11-19,8346.83
R2040,2025-11-20,8304.53
R2040,2025-11-21,8258.56
R2040,2025-11-24,8267.99
R2040,2025-11-25,8317.95
R2040,2025-11-26,8458.45
R2040,2025-11-27,8398.91
R2040,2025-11-28,8445.85
R2040,2025-12-01,8416.26
R2040,2025-12-02,8359.61
R2040,2025-12-03,8348.28
R2040,2025-12-04,8342.77
R2040,2025-12-05,8299.67
R2040,2025-12-08,8331.64
R2040,2025-12-09,8249.1
R2040,2025-12-10,8102.92
R2040,2025-12-11,8117.26
R2040,2025-12-12,8097.18
R2040,2025-12-15,8185.62
R2040,2025-12-16,8320.36
R2040,2025-12-17,8401.64
R2040,2025-12-18,8499.24
R2040,2025-12-19,8535.03
R2040,2025-12-22,8657.89
R2040,2025-12-23,8614.44
R2040,2025-12-24,8557.16
R2040,2025-12-25,8545.47
R2040,2025-12-26,8577.05
R2040,2025-12-29,8485.06
R2040,2025-12-30,8452.75
R2040,2025-12-31,8571.2
R2040,2026-01-01,8621.22
R2040,2026-01-02,8676.09
R2040,2026-01-05,8706.1
R2040,2026-01-06,8681.57
R2040,2026-01-07,8544.76
R2040,2026-01-08,8568.67
R2040,2026-01-09,8539.87
R2040,2026-01-12,8639.67
R2040,2026-01-13,8511.45
R2040,2026-01-14,8591.96
R2040,2026-01-15,8551.49
R2040,2026-01-16,8555.18
R2040,2026-01-19,8610.49
R2040,2026-01-20,8506.18
R2040,2026-01-21,8462.83
R2040,2026-01-22,8515.98
R2040,2026-01-23,8496.98
R2040,2026-01-26,8436.79
R2040,2026-01-27,8426.3
R2040,2026-01-28,8441.68
R2040,2026-01-29,8327.22
R2040,2026-01-30,8424.82
R2040,2026-02-02,8423.48
R2040,2026-02-03,8492.38
R2040,2026-02-04,8492.27
R2040,2026-02-05,8514.43
R2040,2026-02-06,8374.21
R2040,2026-02-09,8445.59
R2040,2026-02-10,8468.56
R2040,2026-02-11,8416.54
R2040,2026-02-12,8446.61
R2040,2026-02-13,8469.19
R2040,2026-02-16,8515.48
R2040,2026-02-17,8546.29
R2040,2026-02-18,8577.2
R2040,2026-02-19,8527.32
R2040,2026-02-20,8484.99
R2040,2026-02-23,8521.86
R2040,2026-02-24,8442.51
R2040,2026-02-25,8343.5
R2040,2026-02-26,8243.56
R2040,2026-02-27,8255.87
R2040,2026-03-02,8316.74
R2040,2026-03-03,8401.32
R2040,2026-03-04,8471.76
R2040,2026-03-05,8446.05
R2040,2026-03-06,8475.69
R2040,2026-03-09,8440.31
R2040,2026-03-10,8412.21
R2040,2026-03-11,8332.06
R2040,2026-03-12,8236.75
R2040,2026-03-13,8227.94
R2040,2026-03-16,8263.5
R2040,2026-03-17,8343.81
R2040,2026-03-18,8450.56
R2040,2026-03-19,8326.62
R2040,2026-03-20,8237.74
R2040,2026-03-23,8361.68
R2040,2026-03-24,8434.21
R2040,2026-03-25,8453.6
R2040,2026-03-26,8496.73
R2040,2026-03-27,8465.22
R2040,2026-03-30,8521.97
R2040,2026-03-31,8536.31
R2040,2026-04-01,8445.51
R2040,2026-04-02,8394.0
R2040,2026-04-03,8348.02
R2040,2026-04-06,8341.32
R2040,2026-04-07,8353.32
R2040,2026-04-08,8311.36
R2040,2026-04-09,8391.26
R2040,2026-04-10,8504.94
R2040,2026-04-13,8505.8
R2040,2026-04-14,8336.38
R2040,2026-04-15,8330.66
R2040,2026-04-16,8494.83
R2040,2026-04-17,8441.09
R2040,2026-04-20,8560.05
R2040,2026-04-21,8505.93
R2040,2026-04-22,8491.66
R2040,2026-04-23,8543.74
R2040,2026-04-24,8656.5
R2040,2026-04-27,8658.08
R2040,2026-04-28,8661.19
R2040,2026-04-29,8722.0
R2040,2026-04-30,8665.02
R2040,2026-05-01,8558.34
R2040,2026-05-04,8623.18
R2040,2026-05-05,8592.62
R2040,2026-05-06,8545.21
R2040,2026-05-07,8592.54
R2040,2026-05-08,8586.42
R2040,2026-05-11,8690.09
R2040,2026-05-12,8693.45
R2040,2026-05-13,8658.1
R2040,2026-05-14,8616.86
R2040,2026-05-15,8643.28
R2040,2026-05-18,8636.23
R2040,2026-05-19,8680.32
R2040,2026-05-20,8604.15
R2040,2026-05-21,8578.16
R2040,2026-05-22,8480.41
R2040,2026-05-25,8438.49
R2040,2026-05-26,8450.36
R2040,2026-05-27,8431.19
R2040,2026-05-28,8327.56
R2040,2026-05-29,8308.81
R2040,2026-06-01,8340.69
R2040,2026-06-02,8475.63
R2040,2026-06-03,8620.6
R2040,2026-06-04,8534.41
R2040,2026-06-05,8458.38
R2040,2026-06-08,8414.44
R2040,2026-06-09,8395.14
R2040,2026-06-10,8341.65
R2040,2026-06-11,8328.92
R2040,2026-06-12,8357.31
R2040,2026-06-15,8389.16
R2040,2026-06-16,8404.14
R2040,2026-06-17,8435.94
R2040,2026-06-18,8403.43
R2040,2026-06-19,8386.16
R2040,2026-06-22,8370.16
R2040,2026-06-23,8399.3
R2040,2026-06-24,8421.28
R2040,2026-06-25,8499.98
R2040,2026-06-26,8446.96
R2040,2026-06-29,8525.29
R2040,2026-06-30,8493.22
R2040,2026-07-01,8477.45
R2040,2026-07-02,8449.05
R2040,2026-07-03,8505.35
R2040,2026-07-06,8532.07
R2040,2026-07-07,8476.63
R2040,2026-07-08,8502.45
R2040,2026-07-09,8533.94
R2040,2026-07-10,8423.67
R2040,2026-07-13,8361.72
R2040,2026-07-14,8445.25
R2040,2026-07-15,8486.13
R2040,2026-07-16,8544.19
R2040,2026-07-17,8582.26
R2040,2026-07-20,8604.22
R2040,2026-07-21,8734.51
R2040,2026-07-22,8744.58
R2040,2026-07-23,8826.24
R2040,2026-07-24,8753.9
R2040,2026-07-27,8756.17
R2040,2026-07-28,8853.22
R2040,2026-07-29,8891.12
R2040,2026-07-30,8914.06
R2040,2026-07-31,9013.75
STX40,2025-11-14,8620.53
STX40,2025-11-17,8764.27
STX40,2025-11-18,8810.8
STX40,2025-11-19,9080.54
STX40,2025-11-20,9139.61
STX40,2025-11-21,9397.06
STX40,2025-11-24,9290.97
STX40,2025-11-25,9202.26
STX40,2025-11-26,9238.75
STX40,2025-11-27,9090.83
STX40,2025-11-28,9088.46
STX40,2025-12-01,9090.43
STX40,2025-12-02,9108.4
STX40,2025-12-03,9257.53
STX40,2025-12-04,9324.79
STX40,2025-12-05,9294.46
STX40,2025-12-08,9255.95
STX40,2025-12-09,9306.96
STX40,2025-12-10,9148.92
STX40,2025-12-11,8966.29
STX40,2025-12-12,8978.08
STX40,2025-12-15,8957.93
STX40,2025-12-16,9055.7
STX40,2025-12-17,8972.93
STX40,2025-12-18,8934.22
STX40,2025-12-19,8947.01
STX40,2025-12-22,8921.82
STX40,2025-12-23,8886.66
STX40,2025-12-24,8848.52
STX40,2025-12-25,9042.18
STX40,2025-12-26,9065.76
STX40,2025-12-29,9146.16
STX40,2025-12-30,9031.08
STX40,2025-12-31,8990.29
STX40,2026-01-01,8928.66
STX40,2026-01-02,8965.43
STX40,2026-01-05,9189.16
STX40,2026-01-06,9109.38
STX40,2026-01-07,9032.21
STX40,2026-01-08,9212.32
STX40,2026-01-09,9142.04
STX40,2026-01-12,9081.14
STX40,2026-01-13,8974.45
STX40,2026-01-14,9076.98
STX40,2026-01-15,9021.48
STX40,2026-01-16,8848.71
STX40,2026-01-19,8867.52
STX40,2026-01-20,8974.8
STX40,2026-01-21,8888.63
STX40,2026-01-22,8967.52
STX40,2026-01-23,8832.51
STX40,2026-01-26,8732.76
STX40,2026-01-27,8926.0
STX40,2026-01-28,8720.08
STX40,2026-01-29,8662.56
STX40,2026-01-30,8890.81
STX40,2026-02-02,8697.69
STX40,2026-02-03,8744.72
STX40,2026-02-04,8935.43
STX40,2026-02-05,9009.28
STX40,2026-02-06,9212.61
STX40,2026-02-09,9482.89
STX40,2026-02-10,9429.32
STX40,2026-02-11,9308.74
STX40,2026-02-12,9270.83
STX40,2026-02-13,9139.0
STX40,2026-02-16,9469.54
STX40,2026-02-17,9519.4
STX40,2026-02-18,9560.55
STX40,2026-02-19,9741.89
STX40,2026-02-20,9747.0
STX40,2026-02-23,9895.57
STX40,2026-02-24,9916.09
STX40,2026-02-25,10072.23
STX40,2026-02-26,10240.76
STX40,2026-02-27,9971.61
STX40,2026-03-02,9770.13
STX40,2026-03-03,9593.45
STX40,2026-03-04,9775.04
STX40,2026-03-05,9585.52
STX40,2026-03-06,9515.23
STX40,2026-03-09,9393.5
STX40,2026-03-10,9547.5
STX40,2026-03-11,9554.66
STX40,2026-03-12,9473.56
STX40,2026-03-13,9603.29
STX40,2026-03-16,9418.29
STX40,2026-03-17,9340.93
STX40,2026-03-18,9488.98
STX40,2026-03-19,9637.74
STX40,2026-03-20,9573.14
STX40,2026-03-23,9503.15
STX40,2026-03-24,9682.09
STX40,2026-03-25,9745.19
STX40,2026-03-26,9907.85
STX40,2026-03-27,9666.81
STX40,2026-03-30,9729.78
STX40,2026-03-31,9641.86
STX40,2026-04-01,9573.24
STX40,2026-04-02,9361.58
STX40,2026-04-03,9092.44
STX40,2026-04-06,8920.91
STX40,2026-04-07,8956.7
STX40,2026-04-08,8886.52
STX40,2026-04-09,9050.83
STX40,2026-04-10,9150.81
STX40,2026-04-13,9123.42
STX40,2026-04-14,9080.64
STX40,2026-04-15,9112.98
STX40,2026-04-16,9033.08
STX40,2026-04-17,8960.56
STX40,2026-04-20,8965.08
STX40,2026-04-21,9037.29
STX40,2026-04-22,8888.78
STX40,2026-04-23,8968.04
STX40,2026-04-24,9101.11
STX40,2026-04-27,8801.08
STX40,2026-04-28,8750.39
STX40,2026-04-29,8755.35
STX40,2026-04-30,8866.08
STX40,2026-05-01,8766.25
STX40,2026-05-04,8722.33
STX40,2026-05-05,8743.57
STX40,2026-05-06,8834.27
STX40,2026-05-07,8710.4
STX40,2026-05-08,8716.91
STX40,2026-05-11,8656.69
STX40,2026-05-12,8945.75
STX40,2026-05-13,9109.19
STX40,2026-05-14,9160.83
STX40,2026-05-15,9231.19
STX40,2026-05-18,9463.79
STX40,2026-05-19,9322.63
STX40,2026-05-20,9089.44
STX40,2026-05-21,9261.99
STX40,2026-05-22,9264.12
STX40,2026-05-25,9557.35
STX40,2026-05-26,9534.68
STX40,2026-05-27,9177.73
STX40,2026-05-28,9093.06
STX40,2026-05-29,8897.95
STX40,2026-06-01,8715.39
STX40,2026-06-02,8891.2
STX40,2026-06-03,9178.29
STX40,2026-06-04,9337.64
STX40,2026-06-05,9567.92
STX40,2026-06-08,9768.02
STX40,2026-06-09,9770.52
STX40,2026-06-10,9827.11
STX40,2026-06-11,9604.59
STX40,2026-06-12,9515.36
STX40,2026-06-15,9517.32
STX40,2026-06-16,9586.63
STX40,2026-06-17,9551.24
STX40,2026-06-18,9544.07
STX40,2026-06-19,9385.75
STX40,2026-06-22,9264.17
STX40,2026-06-23,9112.14
STX40,2026-06-24,8956.24
STX40,2026-06-25,8996.1
STX40,2026-06-26,8836.47
STX40,2026-06-29,9009.94
STX40,2026-06-30,8981.68
STX40,2026-07-01,9088.67
STX40,2026-07-02,9037.73
STX40,2026-07-03,9207.75
STX40,2026-07-06,9321.54
STX40,2026-07-07,9296.97
STX40,2026-07-08,9394.24
STX40,2026-07-09,9582.02
STX40,2026-07-10,9578.38
STX40,2026-07-13,9634.54
STX40,2026-07-14,9736.03
STX40,2026-07-15,9927.68
STX40,2026-07-16,10000.69
STX40,2026-07-17,10239.3
STX40,2026-07-20,10193.23
STX40,2026-07-21,10104.6
STX40,2026-07-22,9925.08
STX40,2026-07-23,9883.93
STX40,2026-07-24,9971.69
STX40,2026-07-27,10071.85
STX40,2026-07-28,10127.7
STX40,2026-07-29,10055.64
STX40,2026-07-30,9997.97
STX40,2026-07-31,10102.33
STXWDM,2025-11-14,9827.33
STXWDM,2025-11-17,9936.94
STXWDM,2025-11-18,10005.13
STXWDM,2025-11-19,10147.27
STXWDM,2025-11-20,10079.2
STXWDM,2025-11-21,10120.19
STXWDM,2025-11-24,9890.33
STXWDM,2025-11-25,9954.11
STXWDM,2025-11-26,9917.36
STXWDM,2025-11-27,9962.06
STXWDM,2025-11-28,10128.98
STXWDM,2025-12-01,10311.68
STXWDM,2025-12-02,10247.91
STXWDM,2025-12-03,10166.56
STXWDM,2025-12-04,10165.02
STXWDM,2025-12-05,9983.6
STXWDM,2025-12-08,9941.75
STXWDM,2025-12-09,9948.44
STXWDM,2025-12-10,10002.31
STXWDM,2025-12-11,9936.47
STXWDM,2025-12-12,10100.08
STXWDM,2025-12-15,10057.78
STXWDM,2025-12-16,10113.78
STXWDM,2025-12-17,10119.27
STXWDM,2025-12-18,10186.86
STXWDM,2025-12-19,10364.02
STXWDM,2025-12-22,10366.94
STXWDM,2025-12-23,10578.97
STXWDM,2025-12-24,10673.87
STXWDM,2025-12-25,10795.55
STXWDM,2025-12-26,10626.73
STXWDM,2025-12-29,10787.91
STXWDM,2025-12-30,10889.25
STXWDM,2025-12-31,11107.7
STXWDM,2026-01-01,10929.73
STXWDM,2026-01-02,10984.0
STXWDM,2026-01-05,10928.69
STXWDM,2026-01-06,10838.91
STXWDM,2026-01-07,11094.7
STXWDM,2026-01-08,11132.97
STXWDM,2026-01-09,11018.05
STXWDM,2026-01-12,10844.19
STXWDM,2026-01-13,10744.2
STXWDM,2026-01-14,10717.97
STXWDM,2026-01-15,10452.97
STXWDM,2026-01-16,10399.03
STXWDM,2026-01-19,10402.9
STXWDM,2026-01-20,10302.23
STXWDM,2026-01-21,10392.65
STXWDM,2026-01-22,10494.65
STXWDM,2026-01-23,10680.54
STXWDM,2026-01-26,10669.94
STXWDM,2026-01-27,10792.04
STXWDM,2026-01-28,10582.91
STXWDM,2026-01-29,10602.49
STXWDM,2026-01-30,10769.81
STXWDM,2026-02-02,10885.22
STXWDM,2026-02-03,10899.35
STXWDM,2026-02-04,11101.15
STXWDM,2026-02-05,11165.34
STXWDM,2026-02-06,11125.01
STXWDM,2026-02-09,11070.02
STXWDM,2026-02-10,11048.92
STXWDM,2026-02-11,11221.1
STXWDM,2026-02-12,11039.47
STXWDM,2026-02-13,11194.92
STXWDM,2026-02-16,11071.61
STXWDM,2026-02-17,10993.49
STXWDM,2026-02-18,11210.27
STXWDM,2026-02-19,11289.3
STXWDM,2026-02-20,11484.46
STXWDM,2026-02-23,11593.02
STXWDM,2026-02-24,11404.71
STXWDM,2026-02-25,11676.21
STXWDM,2026-02-26,11689.79
STXWDM,2026-02-27,11614.72
STXWDM,2026-03-02,11437.43
STXWDM,2026-03-03,11221.29
STXWDM,2026-03-04,11450.18
STXWDM,2026-03-05,11498.1
STXWDM,2026-03-06,11481.07
STXWDM,2026-03-09,11291.55
STXWDM,2026-03-10,11417.46
STXWDM,2026-03-11,11025.69
STXWDM,2026-03-12,10956.17
STXWDM,2026-03-13,10931.41
STXWDM,2026-03-16,10861.15
STXWDM,2026-03-17,10939.48
STXWDM,2026-03-18,11106.73
STXWDM,2026-03-19,11154.25
STXWDM,2026-03-20,11153.53
STXWDM,2026-03-23,11273.78
STXWDM,2026-03-24,11184.34
STXWDM,2026-03-25,11021.63
STXWDM,2026-03-26,11026.11
STXWDM,2026-03-27,11214.45
STXWDM,2026-03-30,11188.12
STXWDM,2026-03-31,11181.9
STXWDM,2026-04-01,11103.73
STXWDM,2026-04-02,11231.34
STXWDM,2026-04-03,11094.32
STXWDM,2026-04-06,11068.43
STXWDM,2026-04-07,10973.58
STXWDM,2026-04-08,10963.42
STXWDM,2026-04-09,11109.21
STXWDM,2026-04-10,10876.3
STXWDM,2026-04-13,10878.38
STXWDM,2026-04-14,10996.65
STXWDM,2026-04-15,10988.93
STXWDM,2026-04-16,10904.47
STXWDM,2026-04-17,10844.0
STXWDM,2026-04-20,10898.56
STXWDM,2026-04-21,10789.66
STXWDM,2026-04-22,10925.74
STXWDM,2026-04-23,11001.73
STXWDM,2026-04-24,10794.63
STXWDM,2026-04-27,10777.82
STXWDM,2026-04-28,10971.64
STXWDM,2026-04-29,10940.01
STXWDM,2026-04-30,11020.82
STXWDM,2026-05-01,11099.75
STXWDM,2026-05-04,10979.68
STXWDM,2026-05-05,11060.36
STXWDM,2026-05-06,11212.38
STXWDM,2026-05-07,11466.14
STXWDM,2026-05-08,11309.64
STXWDM,2026-05-11,11391.37
STXWDM,2026-05-12,11549.83
STXWDM,2026-05-13,11636.83
STXWDM,2026-05-14,11581.65
STXWDM,2026-05-15,11573.81
STXWDM,2026-05-18,11437.25
STXWDM,2026-05-19,11521.21
STXWDM,2026-05-20,11398.84
STXWDM,2026-05-21,11403.52
STXWDM,2026-05-22,11604.33
STXWDM,2026-05-25,11548.67
STXWDM,2026-05-26,11658.78
STXWDM,2026-05-27,11551.33
STXWDM,2026-05-28,11864.23
STXWDM,2026-05-29,11838.62
STXWDM,2026-06-01,11929.54
STXWDM,2026-06-02,11971.57
STXWDM,2026-06-03,12006.16
STXWDM,2026-06-04,11965.44
STXWDM,2026-06-05,12041.57
STXWDM,2026-06-08,12075.82
STXWDM,2026-06-09,12053.58
STXWDM,2026-06-10,11959.02
STXWDM,2026-06-11,11869.67
STXWDM,2026-06-12,11734.59
STXWDM,2026-06-15,12210.61
STXWDM,2026-06-16,12407.78
STXWDM,2026-06-17,12403.37
STXWDM,2026-06-18,12461.56
STXWDM,2026-06-19,12504.55
STXWDM,2026-06-22,12443.45
STXWDM,2026-06-23,12254.72
STXWDM,2026-06-24,11931.0
STXWDM,2026-06-25,11869.71
STXWDM,2026-06-26,11960.12
STXWDM,2026-06-29,12023.18
STXWDM,2026-06-30,11862.31
STXWDM,2026-07-01,11775.05
STXWDM,2026-07-02,11805.39
STXWDM,2026-07-03,11982.08
STXWDM,2026-07-06,12121.32
STXWDM,2026-07-07,12060.06
STXWDM,2026-07-08,11811.8
STXWDM,2026-07-09,11805.5
STXWDM,2026-07-10,11858.84
STXWDM,2026-07-13,11752.58
STXWDM,2026-07-14,11750.47
STXWDM,2026-07-15,11922.68
STXWDM,2026-07-16,11859.23
STXWDM,2026-07-17,12140.4
STXWDM,2026-07-20,12146.81
STXWDM,2026-07-21,11929.8
STXWDM,2026-07-22,11935.42
STXWDM,2026-07-23,12055.98
STXWDM,2026-07-24,12182.88
STXWDM,2026-07-27,12246.58
STXWDM,2026-07-28,12498.67
STXWDM,2026-07-29,12498.87
STXWDM,2026-07-30,12401.7
STXWDM,2026-07-31,12426.7
STX500,2025-11-14,12326.35
STX500,2025-11-17,12397.87
STX500,2025-11-18,12304.88
STX500,2025-11-19,12389.83
STX500,2025-11-20,12292.92
STX500,2025-11-21,12196.64
STX500,2025-11-24,11941.15
STX500,2025-11-25,12087.16
STX500,2025-11-26,12008.76
STX500,2025-11-27,11965.02
STX500,2025-11-28,12269.89
STX500,2025-12-01,12606.37
STX500,2025-12-02,12849.34
STX500,2025-12-03,13077.46
STX500,2025-12-04,13221.76
STX500,2025-12-05,13153.82
STX500,2025-12-08,13265.82
STX500,2025-12-09,13161.46
STX500,2025-12-10,13218.13
STX500,2025-12-11,13253.49
STX500,2025-12-12,13238.13
STX500,2025-12-15,13361.04
STX500,2025-12-16,13356.17
STX500,2025-12-17,13210.25
STX500,2025-12-18,13285.19
STX500,2025-12-19,13322.07
STX500,2025-12-22,13469.29
STX500,2025-12-23,13335.5
STX500,2025-12-24,13453.09
STX500,2025-12-25,13395.49
STX500,2025-12-26,13628.89
STX500,2025-12-29,13820.69
STX500,2025-12-30,13762.28
STX500,2025-12-31,13945.19
STX500,2026-01-01,13964.2
STX500,2026-01-02,14314.82
STX500,2026-01-05,14058.66
STX500,2026-01-06,14084.18
STX500,2026-01-07,14286.2
STX500,2026-01-08,14384.42
STX500,2026-01-09,14505.05
STX500,2026-01-12,14437.85
STX500,2026-01-13,14234.25
STX500,2026-01-14,14320.69
STX500,2026-01-15,14418.25
STX500,2026-01-16,13886.48
STX500,2026-01-19,13602.01
STX500,2026-01-20,13380.12
STX500,2026-01-21,13189.4
STX500,2026-01-22,13045.36
STX500,2026-01-23,13057.06
STX500,2026-01-26,12899.37
STX500,2026-01-27,12846.88
STX500,2026-01-28,12986.53
STX500,2026-01-29,13062.27
STX500,2026-01-30,13193.89
STX500,2026-02-02,13446.73
STX500,2026-02-03,13252.67
STX500,2026-02-04,13381.16
STX500,2026-02-05,13479.3
STX500,2026-02-06,13634.5
STX500,2026-02-09,14010.93
STX500,2026-02-10,13835.66
STX500,2026-02-11,13812.88
STX500,2026-02-12,13782.61
STX500,2026-02-13,13912.76
STX500,2026-02-16,13904.84
STX500,2026-02-17,13805.55
STX500,2026-02-18,13694.55
STX500,2026-02-19,13660.08
STX500,2026-02-20,13741.4
STX500,2026-02-23,13640.36
STX500,2026-02-24,13887.28
STX500,2026-02-25,13765.94
STX500,2026-02-26,14008.29
STX500,2026-02-27,13563.83
STX500,2026-03-02,13401.38
STX500,2026-03-03,13310.0
STX500,2026-03-04,13030.35
STX500,2026-03-05,13233.16
STX500,2026-03-06,13333.15
STX500,2026-03-09,13124.29
STX500,2026-03-10,12994.9
STX500,2026-03-11,12669.25
STX500,2026-03-12,12371.82
STX500,2026-03-13,12422.28
STX500,2026-03-16,12411.14
STX500,2026-03-17,12462.23
STX500,2026-03-18,12350.64
STX500,2026-03-19,12546.88
STX500,2026-03-20,12471.86
STX500,2026-03-23,12235.16
STX500,2026-03-24,12256.0
STX500,2026-03-25,12230.43
STX500,2026-03-26,12197.47
STX500,2026-03-27,12020.34
STX500,2026-03-30,11983.49
STX500,2026-03-31,11946.03
STX500,2026-04-01,12027.21
STX500,2026-04-02,12042.09
STX500,2026-04-03,12136.87
STX500,2026-04-06,11876.81
STX500,2026-04-07,11897.89
STX500,2026-04-08,11792.9
STX500,2026-04-09,11797.13
STX500,2026-04-10,12015.0
STX500,2026-04-13,12152.55
STX500,2026-04-14,12166.36
STX500,2026-04-15,12122.16
STX500,2026-04-16,12134.77
STX500,2026-04-17,12124.95
STX500,2026-04-20,12063.97
STX500,2026-04-21,12306.76
STX500,2026-04-22,12445.8
STX500,2026-04-23,12434.09
STX500,2026-04-24,12567.48
STX500,2026-04-27,12554.04
STX500,2026-04-28,12539.78
STX500,2026-04-29,12406.05
STX500,2026-04-30,12330.17
STX500,2026-05-01,12367.92
STX500,2026-05-04,12524.35
STX500,2026-05-05,12273.43
STX500,2026-05-06,12519.37
STX500,2026-05-07,12312.87
STX500,2026-05-08,12441.43
STX500,2026-05-11,12507.46
STX500,2026-05-12,12416.14
STX500,2026-05-13,12434.33
STX500,2026-05-14,12346.22
STX500,2026-05-15,12449.6
STX500,2026-05-18,12350.46
STX500,2026-05-19,12232.35
STX500,2026-05-20,12365.9
STX500,2026-05-21,12452.36
STX500,2026-05-22,12521.67
STX500,2026-05-25,12566.17
STX500,2026-05-26,12632.02
STX500,2026-05-27,12433.61
STX500,2026-05-28,12542.92
STX500,2026-05-29,12481.11
STX500,2026-06-01,12482.23
STX500,2026-06-02,12660.68
STX500,2026-06-03,12692.65
STX500,2026-06-04,12686.74
STX500,2026-06-05,12871.49
STX500,2026-06-08,12917.82
STX500,2026-06-09,12926.65
STX500,2026-06-10,13111.1
STX500,2026-06-11,12800.53
STX500,2026-06-12,12792.04
STX500,2026-06-15,12555.06
STX500,2026-06-16,12543.79
STX500,2026-06-17,12523.29
STX500,2026-06-18,12331.04
STX500,2026-06-19,12477.24
STX500,2026-06-22,12578.84
STX500,2026-06-23,12466.29
STX500,2026-06-24,12439.89
STX500,2026-06-25,12675.22
STX500,2026-06-26,12659.12
STX500,2026-06-29,12712.47
STX500,2026-06-30,13016.64
STX500,2026-07-01,12930.02
STX500,2026-07-02,12909.54
STX500,2026-07-03,12996.15
STX500,2026-07-06,13079.41
STX500,2026-07-07,12804.69
STX500,2026-07-08,12765.28
STX500,2026-07-09,12801.83
STX500,2026-07-10,12853.76
STX500,2026-07-13,13119.07
STX500,2026-07-14,13048.95
STX500,2026-07-15,13212.71
STX500,2026-07-16,13377.82
STX500,2026-07-17,13664.41
STX500,2026-07-20,13551.32
STX500,2026-07-21,13633.62
STX500,2026-07-22,13777.54
STX500,2026-07-23,14074.4
STX500,2026-07-24,14193.25
STX500,2026-07-27,14024.75
STX500,2026-07-28,14321.24
STX500,2026-07-29,14416.53
STX500,2026-07-30,14615.24
STX500,2026-07-31,14391.01
ASHGEQ,2025-11-14,7372.81
ASHGEQ,2025-11-17,7366.84
ASHGEQ,2025-11-18,7448.58
ASHGEQ,2025-11-19,7522.12
ASHGEQ,2025-11-20,7498.19
ASHGEQ,2025-11-21,7567.05
ASHGEQ,2025-11-24,7418.29
ASHGEQ,2025-11-25,7627.45
ASHGEQ,2025-11-26,7545.3
ASHGEQ,2025-11-27,7477.26
ASHGEQ,2025-11-28,7495.92
ASHGEQ,2025-12-01,7430.62
ASHGEQ,2025-12-02,7572.16
ASHGEQ,2025-12-03,7659.37
ASHGEQ,2025-12-04,7807.74
ASHGEQ,2025-12-05,7789.03
ASHGEQ,2025-12-08,7598.85
ASHGEQ,2025-12-09,7541.16
ASHGEQ,2025-12-10,7406.72
ASHGEQ,2025-12-11,7401.43
ASHGEQ,2025-12-12,7413.28
ASHGEQ,2025-12-15,7414.03
ASHGEQ,2025-12-16,7298.41
ASHGEQ,2025-12-17,7262.15
ASHGEQ,2025-12-18,7397.3
ASHGEQ,2025-12-19,7435.87
ASHGEQ,2025-12-22,7388.36
ASHGEQ,2025-12-23,7554.87
ASHGEQ,2025-12-24,7539.83
ASHGEQ,2025-12-25,7514.11
ASHGEQ,2025-12-26,7585.71
ASHGEQ,2025-12-29,7684.92
ASHGEQ,2025-12-30,7583.25
ASHGEQ,2025-12-31,7661.07
ASHGEQ,2026-01-01,7563.49
ASHGEQ,2026-01-02,7569.43
ASHGEQ,2026-01-05,7466.96
ASHGEQ,2026-01-06,7543.29
ASHGEQ,2026-01-07,7630.66
ASHGEQ,2026-01-08,7698.58
ASHGEQ,2026-01-09,7760.2
ASHGEQ,2026-01-12,7648.94
ASHGEQ,2026-01-13,7693.78
ASHGEQ,2026-01-14,7535.12
ASHGEQ,2026-01-15,7486.37
ASHGEQ,2026-01-16,7588.09
ASHGEQ,2026-01-19,7645.26
ASHGEQ,2026-01-20,7625.8
ASHGEQ,2026-01-21,7466.32
ASHGEQ,2026-01-22,7490.49
ASHGEQ,2026-01-23,7498.89
ASHGEQ,2026-01-26,7429.19
ASHGEQ,2026-01-27,7498.13
ASHGEQ,2026-01-28,7455.86
ASHGEQ,2026-01-29,7357.75
ASHGEQ,2026-01-30,7302.22
ASHGEQ,2026-02-02,7124.49
ASHGEQ,2026-02-03,7054.22
ASHGEQ,2026-02-04,7053.97
ASHGEQ,2026-02-05,7049.67
ASHGEQ,2026-02-06,7057.55
ASHGEQ,2026-02-09,7025.21
ASHGEQ,2026-02-10,6918.28
ASHGEQ,2026-02-11,6930.52
ASHGEQ,2026-02-12,6894.45
ASHGEQ,2026-02-13,6899.43
ASHGEQ,2026-02-16,7161.23
ASHGEQ,2026-02-17,7242.79
ASHGEQ,2026-02-18,7171.06
ASHGEQ,2026-02-19,7207.7
ASHGEQ,2026-02-20,7081.95
ASHGEQ,2026-02-23,6989.68
ASHGEQ,2026-02-24,6972.48
ASHGEQ,2026-02-25,6988.85
ASHGEQ,2026-02-26,7002.32
ASHGEQ,2026-02-27,7052.48
ASHGEQ,2026-03-02,6953.42
ASHGEQ,2026-03-03,6883.79
ASHGEQ,2026-03-04,6938.9
ASHGEQ,2026-03-05,6971.94
ASHGEQ,2026-03-06,6969.18
ASHGEQ,2026-03-09,7155.33
ASHGEQ,2026-03-10,7228.0
ASHGEQ,2026-03-11,7400.06
ASHGEQ,2026-03-12,7296.71
ASHGEQ,2026-03-13,7231.56
ASHGEQ,2026-03-16,7202.47
ASHGEQ,2026-03-17,7268.26
ASHGEQ,2026-03-18,7434.82
ASHGEQ,2026-03-19,7430.85
ASHGEQ,2026-03-20,7382.08
ASHGEQ,2026-03-23,7328.55
ASHGEQ,2026-03-24,7254.2
ASHGEQ,2026-03-25,7171.79
ASHGEQ,2026-03-26,7245.13
ASHGEQ,2026-03-27,7259.05
ASHGEQ,2026-03-30,7155.57
ASHGEQ,2026-03-31,7163.51
ASHGEQ,2026-04-01,7151.08
ASHGEQ,2026-04-02,7189.89
ASHGEQ,2026-04-03,7210.19
ASHGEQ,2026-04-06,7198.48
ASHGEQ,2026-04-07,7116.37
ASHGEQ,2026-04-08,7152.39
ASHGEQ,2026-04-09,7311.58
ASHGEQ,2026-04-10,7341.59
ASHGEQ,2026-04-13,7368.53
ASHGEQ,2026-04-14,7402.62
ASHGEQ,2026-04-15,7430.64
ASHGEQ,2026-04-16,7440.36
ASHGEQ,2026-04-17,7462.86
ASHGEQ,2026-04-20,7577.74
ASHGEQ,2026-04-21,7636.31
ASHGEQ,2026-04-22,7632.24
ASHGEQ,2026-04-23,7623.85
ASHGEQ,2026-04-24,7788.86
ASHGEQ,2026-04-27,7811.67
ASHGEQ,2026-04-28,7738.2
ASHGEQ,2026-04-29,7812.58
ASHGEQ,2026-04-30,7963.06
ASHGEQ,2026-05-01,7820.83
ASHGEQ,2026-05-04,7793.76
ASHGEQ,2026-05-05,7712.11
ASHGEQ,2026-05-06,7918.28
ASHGEQ,2026-05-07,8130.53
ASHGEQ,2026-05-08,8133.65
ASHGEQ,2026-05-11,8015.75
ASHGEQ,2026-05-12,8050.7
ASHGEQ,2026-05-13,8057.59
ASHGEQ,2026-05-14,8006.97
ASHGEQ,2026-05-15,8104.08
ASHGEQ,2026-05-18,8077.39
ASHGEQ,2026-05-19,8102.14
ASHGEQ,2026-05-20,8073.69
ASHGEQ,2026-05-21,8124.34
ASHGEQ,2026-05-22,7963.78
ASHGEQ,2026-05-25,8010.93
ASHGEQ,2026-05-26,8009.23
ASHGEQ,2026-05-27,7951.92
ASHGEQ,2026-05-28,7859.23
ASHGEQ,2026-05-29,7814.56
ASHGEQ,2026-06-01,7931.95
ASHGEQ,2026-06-02,7968.96
ASHGEQ,2026-06-03,8087.53
ASHGEQ,2026-06-04,7992.14
ASHGEQ,2026-06-05,8137.04
ASHGEQ,2026-06-08,8243.64
ASHGEQ,2026-06-09,8409.35
ASHGEQ,2026-06-10,8500.85
ASHGEQ,2026-06-11,8579.23
ASHGEQ,2026-06-12,8666.24
ASHGEQ,2026-06-15,9009.62
ASHGEQ,2026-06-16,8946.64
ASHGEQ,2026-06-17,9065.55
ASHGEQ,2026-06-18,9318.79
ASHGEQ,2026-06-19,9296.89
ASHGEQ,2026-06-22,9260.61
ASHGEQ,2026-06-23,9117.5
ASHGEQ,2026-06-24,9138.64
ASHGEQ,2026-06-25,9203.96
ASHGEQ,2026-06-26,9171.06
ASHGEQ,2026-06-29,9264.82
ASHGEQ,2026-06-30,9301.4
ASHGEQ,2026-07-01,9461.23
ASHGEQ,2026-07-02,9392.4
ASHGEQ,2026-07-03,9185.01
ASHGEQ,2026-07-06,9143.58
ASHGEQ,2026-07-07,9307.21
ASHGEQ,2026-07-08,9581.97
ASHGEQ,2026-07-09,9481.5
ASHGEQ,2026-07-10,9750.91
ASHGEQ,2026-07-13,9689.42
ASHGEQ,2026-07-14,9768.07
ASHGEQ,2026-07-15,9713.45
ASHGEQ,2026-07-16,9545.47
ASHGEQ,2026-07-17,9544.98
ASHGEQ,2026-07-20,9711.25
ASHGEQ,2026-07-21,9751.09
ASHGEQ,2026-07-22,9601.97
ASHGEQ,2026-07-23,9594.69
ASHGEQ,2026-07-24,9530.51
ASHGEQ,2026-07-27,9605.12
ASHGEQ,2026-07-28,9720.64
ASHGEQ,2026-07-29,9666.79
ASHGEQ,2026-07-30,9580.57
ASHGEQ,2026-07-31,9654.93
STXCLR,2025-11-14,5657.93
STXCLR,2025-11-17,5666.05
STXCLR,2025-11-18,5697.66
STXCLR,2025-11-19,5709.45
STXCLR,2025-11-20,5683.25
STXCLR,2025-11-21,5689.84
STXCLR,2025-11-24,5666.73
STXCLR,2025-11-25,5654.73
STXCLR,2025-11-26,5657.94
STXCLR,2025-11-27,5665.66
STXCLR,2025-11-28,5718.21
STXCLR,2025-12-01,5721.69
STXCLR,2025-12-02,5690.71
STXCLR,2025-12-03,5660.59
STXCLR,2025-12-04,5686.46
STXCLR,2025-12-05,5691.32
STXCLR,2025-12-08,5673.5
STXCLR,2025-12-09,5642.97
STXCLR,2025-12-10,5653.7
STXCLR,2025-12-11,5618.72
STXCLR,2025-12-12,5598.94
STXCLR,2025-12-15,5616.08
STXCLR,2025-12-16,5604.46
STXCLR,2025-12-17,5604.09
STXCLR,2025-12-18,5607.53
STXCLR,2025-12-19,5631.51
STXCLR,2025-12-22,5645.13
STXCLR,2025-12-23,5613.64
STXCLR,2025-12-24,5599.81
STXCLR,2025-12-25,5617.38
STXCLR,2025-12-26,5638.88
STXCLR,2025-12-29,5698.55
STXCLR,2025-12-30,5705.87
STXCLR,2025-12-31,5678.41
STXCLR,2026-01-01,5660.02
STXCLR,2026-01-02,5708.77
STXCLR,2026-01-05,5706.07
STXCLR,2026-01-06,5708.54
STXCLR,2026-01-07,5681.88
STXCLR,2026-01-08,5701.75
STXCLR,2026-01-09,5700.24
STXCLR,2026-01-12,5701.18
STXCLR,2026-01-13,5691.04
STXCLR,2026-01-14,5727.1
STXCLR,2026-01-15,5685.54
STXCLR,2026-01-16,5680.93
STXCLR,2026-01-19,5688.51
STXCLR,2026-01-20,5666.96
STXCLR,2026-01-21,5663.86
STXCLR,2026-01-22,5682.46
STXCLR,2026-01-23,5688.88
STXCLR,2026-01-26,5680.87
STXCLR,2026-01-27,5691.51
STXCLR,2026-01-28,5673.47
STXCLR,2026-01-29,5654.17
STXCLR,2026-01-30,5660.04
STXCLR,2026-02-02,5648.68
STXCLR,2026-02-03,5684.41
STXCLR,2026-02-04,5712.82
STXCLR,2026-02-05,5748.24
STXCLR,2026-02-06,5788.48
STXCLR,2026-02-09,5794.26
STXCLR,2026-02-10,5781.83
STXCLR,2026-02-11,5777.91
STXCLR,2026-02-12,5784.31
STXCLR,2026-02-13,5749.52
STXCLR,2026-02-16,5759.0
STXCLR,2026-02-17,5759.13
STXCLR,2026-02-18,5752.28
STXCLR,2026-02-19,5729.53
STXCLR,2026-02-20,5734.07
STXCLR,2026-02-23,5755.2
STXCLR,2026-02-24,5756.91
STXCLR,2026-02-25,5779.07
STXCLR,2026-02-26,5743.99
STXCLR,2026-02-27,5725.16
STXCLR,2026-03-02,5715.78
STXCLR,2026-03-03,5751.29
STXCLR,2026-03-04,5770.93
STXCLR,2026-03-05,5748.4
STXCLR,2026-03-06,5744.17
STXCLR,2026-03-09,5756.8
STXCLR,2026-03-10,5774.78
STXCLR,2026-03-11,5814.31
STXCLR,2026-03-12,5820.62
STXCLR,2026-03-13,5810.21
STXCLR,2026-03-16,5785.38
STXCLR,2026-03-17,5765.96
STXCLR,2026-03-18,5792.16
STXCLR,2026-03-19,5772.82
STXCLR,2026-03-20,5755.25
STXCLR,2026-03-23,5750.22
STXCLR,2026-03-24,5805.32
STXCLR,2026-03-25,5806.84
STXCLR,2026-03-26,5821.17
STXCLR,2026-03-27,5821.52
STXCLR,2026-03-30,5803.59
STXCLR,2026-03-31,5815.28
STXCLR,2026-04-01,5794.02
STXCLR,2026-04-02,5772.1
STXCLR,2026-04-03,5774.13
STXCLR,2026-04-06,5781.62
STXCLR,2026-04-07,5749.86
STXCLR,2026-04-08,5760.59
STXCLR,2026-04-09,5769.1
STXCLR,2026-04-10,5769.6
STXCLR,2026-04-13,5768.12
STXCLR,2026-04-14,5767.38
STXCLR,2026-04-15,5779.1
STXCLR,2026-04-16,5801.8
STXCLR,2026-04-17,5811.79
STXCLR,2026-04-20,5835.27
STXCLR,2026-04-21,5826.38
STXCLR,2026-04-22,5790.59
STXCLR,2026-04-23,5795.59
STXCLR,2026-04-24,5806.88
STXCLR,2026-04-27,5813.58
STXCLR,2026-04-28,5825.58
STXCLR,2026-04-29,5837.47
STXCLR,2026-04-30,5856.1
STXCLR,2026-05-01,5820.56
STXCLR,2026-05-04,5842.59
STXCLR,2026-05-05,5858.76
STXCLR,2026-05-06,5857.39
STXCLR,2026-05-07,5861.48
STXCLR,2026-05-08,5856.78
STXCLR,2026-05-11,5808.83
STXCLR,2026-05-12,5833.76
STXCLR,2026-05-13,5846.91
STXCLR,2026-05-14,5876.33
STXCLR,2026-05-15,5901.54
STXCLR,2026-05-18,5891.37
STXCLR,2026-05-19,5872.57
STXCLR,2026-05-20,5849.97
STXCLR,2026-05-21,5839.29
STXCLR,2026-05-22,5828.88
STXCLR,2026-05-25,5849.35
STXCLR,2026-05-26,5837.95
STXCLR,2026-05-27,5747.85
STXCLR,2026-05-28,5757.19
STXCLR,2026-05-29,5699.6
STXCLR,2026-06-01,5701.09
STXCLR,2026-06-02,5700.5
STXCLR,2026-06-03,5757.93
STXCLR,2026-06-04,5766.01
STXCLR,2026-06-05,5792.17
STXCLR,2026-06-08,5815.02
STXCLR,2026-06-09,5829.07
STXCLR,2026-06-10,5813.99
STXCLR,2026-06-11,5797.41
STXCLR,2026-06-12,5827.52
STXCLR,2026-06-15,5825.31
STXCLR,2026-06-16,5803.12
STXCLR,2026-06-17,5724.45
STXCLR,2026-06-18,5707.51
STXCLR,2026-06-19,5722.33
STXCLR,2026-06-22,5728.5
STXCLR,2026-06-23,5680.62
STXCLR,2026-06-24,5704.84
STXCLR,2026-06-25,5709.96
STXCLR,2026-06-26,5651.12
STXCLR,2026-06-29,5665.24
STXCLR,2026-06-30,5658.08
STXCLR,2026-07-01,5658.98
STXCLR,2026-07-02,5653.79
STXCLR,2026-07-03,5680.3
STXCLR,2026-07-06,5662.16
STXCLR,2026-07-07,5659.58
STXCLR,2026-07-08,5637.96
STXCLR,2026-07-09,5668.59
STXCLR,2026-07-10,5706.47
STXCLR,2026-07-13,5689.58
STXCLR,2026-07-14,5694.49
STXCLR,2026-07-15,5697.81
STXCLR,2026-07-16,5682.48
STXCLR,2026-07-17,5642.32
STXCLR,2026-07-20,5654.62
STXCLR,2026-07-21,5615.63
STXCLR,2026-07-22,5650.51
STXCLR,2026-07-23,5655.4
STXCLR,2026-07-24,5678.58
STXCLR,2026-07-27,5690.2
STXCLR,2026-07-28,5697.69
STXCLR,2026-07-29,5696.76
STXCLR,2026-07-30,5686.5
STXCLR,2026-07-31,5663.24
MMKT,2025-11-14,100.06
MMKT,2025-11-17,100.13
MMKT,2025-11-18,100.15
MMKT,2025-11-19,100.12
MMKT,2025-11-20,100.18
MMKT,2025-11-21,100.21
MMKT,2025-11-24,100.25
MMKT,2025-11-25,100.25
MMKT,2025-11-26,100.26
MMKT,2025-11-27,100.25
MMKT,2025-11-28,100.26
MMKT,2025-12-01,100.29
MMKT,2025-12-02,100.32
MMKT,2025-12-03,100.34
MMKT,2025-12-04,100.34
MMKT,2025-12-05,100.35
MMKT,2025-12-08,100.4
MMKT,2025-12-09,100.39
MMKT,2025-12-10,100.44
MMKT,2025-12-11,100.49
MMKT,2025-12-12,100.55
MMKT,2025-12-15,100.56
MMKT,2025-12-16,100.59
MMKT,2025-12-17,100.63
MMKT,2025-12-18,100.69
MMKT,2025-12-19,100.7
MMKT,2025-12-22,100.73
MMKT,2025-12-23,100.78
MMKT,2025-12-24,100.83
MMKT,2025-12-25,100.88
MMKT,2025-12-26,100.89
MMKT,2025-12-29,100.94
MMKT,2025-12-30,101.01
MMKT,2025-12-31,100.99
MMKT,2026-01-01,101.02
MMKT,2026-01-02,101.04
MMKT,2026-01-05,101.03
MMKT,2026-01-06,101.04
MMKT,2026-01-07,101.04
MMKT,2026-01-08,101.07
MMKT,2026-01-09,101.1
MMKT,2026-01-12,101.12
MMKT,2026-01-13,101.15
MMKT,2026-01-14,101.17
MMKT,2026-01-15,101.16
MMKT,2026-01-16,101.18
MMKT,2026-01-19,101.23
MMKT,2026-01-20,101.23
MMKT,2026-01-21,101.27
MMKT,2026-01-22,101.29
MMKT,2026-01-23,101.33
MMKT,2026-01-26,101.38
MMKT,2026-01-27,101.43
MMKT,2026-01-28,101.48
MMKT,2026-01-29,101.5
MMKT,2026-01-30,101.54
MMKT,2026-02-02,101.62
MMKT,2026-02-03,101.65
MMKT,2026-02-04,101.62
MMKT,2026-02-05,101.62
MMKT,2026-02-06,101.64
MMKT,2026-02-09,101.65
MMKT,2026-02-10,101.67
MMKT,2026-02-11,101.68
MMKT,2026-02-12,101.71
MMKT,2026-02-13,101.74
MMKT,2026-02-16,101.75
MMKT,2026-02-17,101.79
MMKT,2026-02-18,101.81
MMKT,2026-02-19,101.84
MMKT,2026-02-20,101.87
MMKT,2026-02-23,101.9
MMKT,2026-02-24,101.94
MMKT,2026-02-25,101.95
MMKT,2026-02-26,101.98
MMKT,2026-02-27,102.04
MMKT,2026-03-02,102.05
MMKT,2026-03-03,102.03
MMKT,2026-03-04,102.1
MMKT,2026-03-05,102.13
MMKT,2026-03-06,102.2
MMKT,2026-03-09,102.21
MMKT,2026-03-10,102.27
MMKT,2026-03-11,102.32
MMKT,2026-03-12,102.38
MMKT,2026-03-13,102.4
MMKT,2026-03-16,102.43
MMKT,2026-03-17,102.47
MMKT,2026-03-18,102.5
MMKT,2026-03-19,102.56
MMKT,2026-03-20,102.58
MMKT,2026-03-23,102.61
MMKT,2026-03-24,102.65
MMKT,2026-03-25,102.71
MMKT,2026-03-26,102.74
MMKT,2026-03-27,102.78
MMKT,2026-03-30,102.82
MMKT,2026-03-31,102.85
MMKT,2026-04-01,102.87
MMKT,2026-04-02,102.89
MMKT,2026-04-03,102.9
MMKT,2026-04-06,102.95
MMKT,2026-04-07,102.96
MMKT,2026-04-08,102.99
MMKT,2026-04-09,103.01
MMKT,2026-04-10,103.08
MMKT,2026-04-13,103.13
MMKT,2026-04-14,103.12
MMKT,2026-04-15,103.16
MMKT,2026-04-16,103.19
MMKT,2026-04-17,103.24
MMKT,2026-04-20,103.28
MMKT,2026-04-21,103.28
MMKT,2026-04-22,103.29
MMKT,2026-04-23,103.31
MMKT,2026-04-24,103.33
MMKT,2026-04-27,103.38
MMKT,2026-04-28,103.4
MMKT,2026-04-29,103.42
MMKT,2026-04-30,103.47
MMKT,2026-05-01,103.51
MMKT,2026-05-04,103.58
MMKT,2026-05-05,103.61
MMKT,2026-05-06,103.71
MMKT,2026-05-07,103.78
MMKT,2026-05-08,103.82
MMKT,2026-05-11,103.85
MMKT,2026-05-12,103.86
MMKT,2026-05-13,103.96
MMKT,2026-05-14,103.96
MMKT,2026-05-15,103.98
MMKT,2026-05-18,104.02
MMKT,2026-05-19,104.02
MMKT,2026-05-20,104.06
MMKT,2026-05-21,104.1
MMKT,2026-05-22,104.21
MMKT,2026-05-25,104.2
MMKT,2026-05-26,104.26
MMKT,2026-05-27,104.28
MMKT,2026-05-28,104.38
MMKT,2026-05-29,104.42
MMKT,2026-06-01,104.46
MMKT,2026-06-02,104.53
MMKT,2026-06-03,104.58
MMKT,2026-06-04,104.63
MMKT,2026-06-05,104.68
MMKT,2026-06-08,104.69
MMKT,2026-06-09,104.71
MMKT,2026-06-10,104.75
MMKT,2026-06-11,104.8
MMKT,2026-06-12,104.79
MMKT,2026-06-15,104.84
MMKT,2026-06-16,104.85
MMKT,2026-06-17,104.91
MMKT,2026-06-18,104.94
MMKT,2026-06-19,104.93
MMKT,2026-06-22,104.98
MMKT,2026-06-23,105.0
MMKT,2026-06-24,105.05
MMKT,2026-06-25,105.11
MMKT,2026-06-26,105.15
MMKT,2026-06-29,105.16
MMKT,2026-06-30,105.2
MMKT,2026-07-01,105.23
MMKT,2026-07-02,105.31
MMKT,2026-07-03,105.37
MMKT,2026-07-06,105.41
MMKT,2026-07-07,105.41
MMKT,2026-07-08,105.42
MMKT,2026-07-09,105.37
MMKT,2026-07-10,105.4
MMKT,2026-07-13,105.44
MMKT,2026-07-14,105.47
MMKT,2026-07-15,105.5
MMKT,2026-07-16,105.57
MMKT,2026-07-17,105.59
MMKT,2026-07-20,105.63
MMKT,2026-07-21,105.68
MMKT,2026-07-22,105.71
MMKT,2026-07-23,105.71
MMKT,2026-07-24,105.72
MMKT,2026-07-27,105.76
MMKT,2026-07-28,105.82
MMKT,2026-07-29,105.82
MMKT,2026-07-30,105.89
MMKT,2026-07-31,105.93
